scan_record_id,raw_scan_id,sequence_index,acquisition_state_id,acquisition_state_status,instrument_config_id,instrument_config_status,count_control_mode,lattice_state_id,UB_state_id,normalization_epoch_id,critical_unknown_fields,relevant_unknown_fields,normalization_compatibility_status,normalization_compatibility_group_id,classification_notes
SCAN-02R-022f7aa0bc71f84f,104040,0,ACQSTATE-02R-e4276bdea8e15cd5,recorded_v1_equivalence,INSTCFG-02R-d3a276575fd49dd8,recorded_verified_configuration_equivalence_only,time_controlled,LAT-02R-ae4c74e47a033f66,UB-02R-55ac4333b2057246,NORMEPOCH-02R-0001,filter_state;higher_order_suppression_state;attenuation_state;monochromator_reflection;analyzer_reflection;detector_hardware_identity;monitor_hardware_identity,monochromator_mosaic;analyzer_mosaic;unresolved_focusing_aperture_configuration_fields;other_unresolved_beam_path_configuration_fields,conditionally_supported,NORMCOMP-02R-bc7c0a966a7cf80b,Metadata-only; no normalization; acquisition state is not hardware identity.
SCAN-02R-03ed38ed92271694,104087,47,ACQSTATE-02R-be6ac2534d3a03ee,recorded_v1_equivalence,INSTCFG-02R-d3a276575fd49dd8,recorded_verified_configuration_equivalence_only,time_controlled,LAT-02R-ae4c74e47a033f66,UB-02R-1d710a6baa059bbb,NORMEPOCH-02R-0001,filter_state;higher_order_suppression_state;attenuation_state;monochromator_reflection;analyzer_reflection;detector_hardware_identity;monitor_hardware_identity,monochromator_mosaic;analyzer_mosaic;unresolved_focusing_aperture_configuration_fields;other_unresolved_beam_path_configuration_fields,conditionally_supported,NORMCOMP-02R-bc7c0a966a7cf80b,Metadata-only; no normalization; acquisition state is not hardware identity.
SCAN-02R-059bd02c78268a2b,104236,196,ACQSTATE-02R-896f06c2a7c231ec,recorded_v1_equivalence,INSTCFG-02R-d3a276575fd49dd8,recorded_verified_configuration_equivalence_only,monitor_controlled,LAT-02R-517a9644e4f59287,UB-02R-c7cdba07fed2dfd7,NORMEPOCH-02R-0001,filter_state;higher_order_suppression_state;attenuation_state;monochromator_reflection;analyzer_reflection;detector_hardware_identity;monitor_hardware_identity,monochromator_mosaic;analyzer_mosaic;unresolved_focusing_aperture_configuration_fields;other_unresolved_beam_path_configuration_fields,conditionally_supported,NORMCOMP-02R-26ed32e42105dda7,Metadata-only; no normalization; acquisition state is not hardware identity.
SCAN-02R-05cdcdc49c83bec6,104133,93,ACQSTATE-02R-9ab3f10f56634512,recorded_v1_equivalence,INSTCFG-02R-d3a276575fd49dd8,recorded_verified_configuration_equivalence_only,time_controlled,LAT-02R-517a9644e4f59287,UB-02R-c7cdba07fed2dfd7,NORMEPOCH-02R-0001,filter_state;higher_order_suppression_state;attenuation_state;monochromator_reflection;analyzer_reflection;detector_hardware_identity;monitor_hardware_identity,monochromator_mosaic;analyzer_mosaic;unresolved_focusing_aperture_configuration_fields;other_unresolved_beam_path_configuration_fields,conditionally_supported,NORMCOMP-02R-bc7c0a966a7cf80b,Metadata-only; no normalization; acquisition state is not hardware identity.
SCAN-02R-072b13029deb0fba,104108,68,ACQSTATE-02R-d8bd77a44fe00800,recorded_v1_equivalence,INSTCFG-02R-d3a276575fd49dd8,recorded_verified_configuration_equivalence_only,time_controlled,LAT-02R-ae4c74e47a033f66,UB-02R-1d710a6baa059bbb,NORMEPOCH-02R-0001,filter_state;higher_order_suppression_state;attenuation_state;monochromator_reflection;analyzer_reflection;detector_hardware_identity;monitor_hardware_identity,monochromator_mosaic;analyzer_mosaic;unresolved_focusing_aperture_configuration_fields;other_unresolved_beam_path_configuration_fields,conditionally_supported,NORMCOMP-02R-bc7c0a966a7cf80b,Metadata-only; no normalization; acquisition state is not hardware identity.
SCAN-02R-074afad5a6b92ea4,104163,123,ACQSTATE-02R-896f06c2a7c231ec,recorded_v1_equivalence,INSTCFG-02R-d3a276575fd49dd8,recorded_verified_configuration_equivalence_only,monitor_controlled,LAT-02R-517a9644e4f59287,UB-02R-c7cdba07fed2dfd7,NORMEPOCH-02R-0001,filter_state;higher_order_suppression_state;attenuation_state;monochromator_reflection;analyzer_reflection;detector_hardware_identity;monitor_hardware_identity,monochromator_mosaic;analyzer_mosaic;unresolved_focusing_aperture_configuration_fields;other_unresolved_beam_path_configuration_fields,conditionally_supported,NORMCOMP-02R-26ed32e42105dda7,Metadata-only; no normalization; acquisition state is not hardware identity.
SCAN-02R-076c78acdde2d2d0,104113,73,ACQSTATE-02R-76dbf689e6cbf1b2,recorded_v1_equivalence,INSTCFG-02R-d3a276575fd49dd8,recorded_verified_configuration_equivalence_only,time_controlled,LAT-02R-ae4c74e47a033f66,UB-02R-1d710a6baa059bbb,NORMEPOCH-02R-0001,filter_state;higher_order_suppression_state;attenuation_state;monochromator_reflection;analyzer_reflection;detector_hardware_identity;monitor_hardware_identity,monochromator_mosaic;analyzer_mosaic;unresolved_focusing_aperture_configuration_fields;other_unresolved_beam_path_configuration_fields,conditionally_supported,NORMCOMP-02R-bc7c0a966a7cf80b,Metadata-only; no normalization; acquisition state is not hardware identity.
SCAN-02R-097d0c674875ad7d,104047,7,ACQSTATE-02R-03c418e03bbff8ef,recorded_v1_equivalence,INSTCFG-02R-d3a276575fd49dd8,recorded_verified_configuration_equivalence_only,time_controlled,LAT-02R-ae4c74e47a033f66,UB-02R-397acad65dd9e384,NORMEPOCH-02R-0001,filter_state;higher_order_suppression_state;attenuation_state;monochromator_reflection;analyzer_reflection;detector_hardware_identity;monitor_hardware_identity,monochromator_mosaic;analyzer_mosaic;unresolved_focusing_aperture_configuration_fields;other_unresolved_beam_path_configuration_fields,conditionally_supported,NORMCOMP-02R-bc7c0a966a7cf80b,Metadata-only; no normalization; acquisition state is not hardware identity.
SCAN-02R-0e6d00a831c04e8d,104227,187,ACQSTATE-02R-896f06c2a7c231ec,recorded_v1_equivalence,INSTCFG-02R-d3a276575fd49dd8,recorded_verified_configuration_equivalence_only,monitor_controlled,LAT-02R-517a9644e4f59287,UB-02R-c7cdba07fed2dfd7,NORMEPOCH-02R-0001,filter_state;higher_order_suppression_state;attenuation_state;monochromator_reflection;analyzer_reflection;detector_hardware_identity;monitor_hardware_identity,monochromator_mosaic;analyzer_mosaic;unresolved_focusing_aperture_configuration_fields;other_unresolved_beam_path_configuration_fields,conditionally_supported,NORMCOMP-02R-26ed32e42105dda7,Metadata-only; no normalization; acquisition state is not hardware identity.
SCAN-02R-0f8fb12fa9acc5a9,104128,88,ACQSTATE-02R-6c0bdd080b2c5a8d,recorded_v1_equivalence,INSTCFG-02R-d3a276575fd49dd8,recorded_verified_configuration_equivalence_only,time_controlled,LAT-02R-517a9644e4f59287,UB-02R-c7cdba07fed2dfd7,NORMEPOCH-02R-0001,filter_state;higher_order_suppression_state;attenuation_state;monochromator_reflection;analyzer_reflection;detector_hardware_identity;monitor_hardware_identity,monochromator_mosaic;analyzer_mosaic;unresolved_focusing_aperture_configuration_fields;other_unresolved_beam_path_configuration_fields,conditionally_supported,NORMCOMP-02R-bc7c0a966a7cf80b,Metadata-only; no normalization; acquisition state is not hardware identity.
SCAN-02R-113d971bbff5b0fe,104144,104,ACQSTATE-02R-6adc9825d6f4cc64,recorded_v1_equivalence,INSTCFG-02R-d3a276575fd49dd8,recorded_verified_configuration_equivalence_only,time_controlled,LAT-02R-517a9644e4f59287,UB-02R-c7cdba07fed2dfd7,NORMEPOCH-02R-0001,filter_state;higher_order_suppression_state;attenuation_state;monochromator_reflection;analyzer_reflection;detector_hardware_identity;monitor_hardware_identity,monochromator_mosaic;analyzer_mosaic;unresolved_focusing_aperture_configuration_fields;other_unresolved_beam_path_configuration_fields,conditionally_supported,NORMCOMP-02R-bc7c0a966a7cf80b,Metadata-only; no normalization; acquisition state is not hardware identity.
SCAN-02R-118b7f0b82f35923,104129,89,ACQSTATE-02R-6c0bdd080b2c5a8d,recorded_v1_equivalence,INSTCFG-02R-d3a276575fd49dd8,recorded_verified_configuration_equivalence_only,time_controlled,LAT-02R-517a9644e4f59287,UB-02R-c7cdba07fed2dfd7,NORMEPOCH-02R-0001,filter_state;higher_order_suppression_state;attenuation_state;monochromator_reflection;analyzer_reflection;detector_hardware_identity;monitor_hardware_identity,monochromator_mosaic;analyzer_mosaic;unresolved_focusing_aperture_configuration_fields;other_unresolved_beam_path_configuration_fields,conditionally_supported,NORMCOMP-02R-bc7c0a966a7cf80b,Metadata-only; no normalization; acquisition state is not hardware identity.
SCAN-02R-11f9a7978abc2be1,104183,143,ACQSTATE-02R-2db5d7be3b4beb37,recorded_v1_equivalence,INSTCFG-02R-d3a276575fd49dd8,recorded_verified_configuration_equivalence_only,monitor_controlled,LAT-02R-517a9644e4f59287,UB-02R-c7cdba07fed2dfd7,NORMEPOCH-02R-0001,filter_state;higher_order_suppression_state;attenuation_state;monochromator_reflection;analyzer_reflection;detector_hardware_identity;monitor_hardware_identity,monochromator_mosaic;analyzer_mosaic;unresolved_focusing_aperture_configuration_fields;other_unresolved_beam_path_configuration_fields,conditionally_supported,NORMCOMP-02R-26ed32e42105dda7,Metadata-only; no normalization; acquisition state is not hardware identity.
SCAN-02R-183e2f7a146cbdf6,104182,142,ACQSTATE-02R-0393fd8a12137f3f,recorded_v1_equivalence,INSTCFG-02R-d3a276575fd49dd8,recorded_verified_configuration_equivalence_only,monitor_controlled,LAT-02R-517a9644e4f59287,UB-02R-c7cdba07fed2dfd7,NORMEPOCH-02R-0001,filter_state;higher_order_suppression_state;attenuation_state;monochromator_reflection;analyzer_reflection;detector_hardware_identity;monitor_hardware_identity,monochromator_mosaic;analyzer_mosaic;unresolved_focusing_aperture_configuration_fields;other_unresolved_beam_path_configuration_fields,conditionally_supported,NORMCOMP-02R-26ed32e42105dda7,Metadata-only; no normalization; acquisition state is not hardware identity.
SCAN-02R-1c3a8acc71d9e5bd,104193,153,ACQSTATE-02R-72bc31d155544226,recorded_v1_equivalence,INSTCFG-02R-d3a276575fd49dd8,recorded_verified_configuration_equivalence_only,monitor_controlled,LAT-02R-517a9644e4f59287,UB-02R-c7cdba07fed2dfd7,NORMEPOCH-02R-0001,filter_state;higher_order_suppression_state;attenuation_state;monochromator_reflection;analyzer_reflection;detector_hardware_identity;monitor_hardware_identity,monochromator_mosaic;analyzer_mosaic;unresolved_focusing_aperture_configuration_fields;other_unresolved_beam_path_configuration_fields,conditionally_supported,NORMCOMP-02R-26ed32e42105dda7,Metadata-only; no normalization; acquisition state is not hardware identity.
SCAN-02R-1d86949e1fdc12c8,104125,85,ACQSTATE-02R-6c0bdd080b2c5a8d,recorded_v1_equivalence,INSTCFG-02R-d3a276575fd49dd8,recorded_verified_configuration_equivalence_only,time_controlled,LAT-02R-517a9644e4f59287,UB-02R-c7cdba07fed2dfd7,NORMEPOCH-02R-0001,filter_state;higher_order_suppression_state;attenuation_state;monochromator_reflection;analyzer_reflection;detector_hardware_identity;monitor_hardware_identity,monochromator_mosaic;analyzer_mosaic;unresolved_focusing_aperture_configuration_fields;other_unresolved_beam_path_configuration_fields,conditionally_supported,NORMCOMP-02R-bc7c0a966a7cf80b,Metadata-only; no normalization; acquisition state is not hardware identity.
SCAN-02R-1dda1db143c363ba,104041,1,ACQSTATE-02R-e0b6de9c98c0c6b7,recorded_v1_equivalence,INSTCFG-02R-d3a276575fd49dd8,recorded_verified_configuration_equivalence_only,time_controlled,LAT-02R-ae4c74e47a033f66,UB-02R-55ac4333b2057246,NORMEPOCH-02R-0001,filter_state;higher_order_suppression_state;attenuation_state;monochromator_reflection;analyzer_reflection;detector_hardware_identity;monitor_hardware_identity,monochromator_mosaic;analyzer_mosaic;unresolved_focusing_aperture_configuration_fields;other_unresolved_beam_path_configuration_fields,conditionally_supported,NORMCOMP-02R-bc7c0a966a7cf80b,Metadata-only; no normalization; acquisition state is not hardware identity.
SCAN-02R-1e5b02c69224108d,104151,111,ACQSTATE-02R-896f06c2a7c231ec,recorded_v1_equivalence,INSTCFG-02R-d3a276575fd49dd8,recorded_verified_configuration_equivalence_only,monitor_controlled,LAT-02R-517a9644e4f59287,UB-02R-c7cdba07fed2dfd7,NORMEPOCH-02R-0001,filter_state;higher_order_suppression_state;attenuation_state;monochromator_reflection;analyzer_reflection;detector_hardware_identity;monitor_hardware_identity,monochromator_mosaic;analyzer_mosaic;unresolved_focusing_aperture_configuration_fields;other_unresolved_beam_path_configuration_fields,conditionally_supported,NORMCOMP-02R-26ed32e42105dda7,Metadata-only; no normalization; acquisition state is not hardware identity.
SCAN-02R-20b2aca534749eb8,104045,5,ACQSTATE-02R-b75f4d6045c9a350,recorded_v1_equivalence,INSTCFG-02R-d3a276575fd49dd8,recorded_verified_configuration_equivalence_only,time_controlled,LAT-02R-ae4c74e47a033f66,UB-02R-397acad65dd9e384,NORMEPOCH-02R-0001,filter_state;higher_order_suppression_state;attenuation_state;monochromator_reflection;analyzer_reflection;detector_hardware_identity;monitor_hardware_identity,monochromator_mosaic;analyzer_mosaic;unresolved_focusing_aperture_configuration_fields;other_unresolved_beam_path_configuration_fields,conditionally_supported,NORMCOMP-02R-bc7c0a966a7cf80b,Metadata-only; no normalization; acquisition state is not hardware identity.
SCAN-02R-211255ce1a05d229,104103,63,ACQSTATE-02R-76dbf689e6cbf1b2,recorded_v1_equivalence,INSTCFG-02R-d3a276575fd49dd8,recorded_verified_configuration_equivalence_only,time_controlled,LAT-02R-ae4c74e47a033f66,UB-02R-1d710a6baa059bbb,NORMEPOCH-02R-0001,filter_state;higher_order_suppression_state;attenuation_state;monochromator_reflection;analyzer_reflection;detector_hardware_identity;monitor_hardware_identity,monochromator_mosaic;analyzer_mosaic;unresolved_focusing_aperture_configuration_fields;other_unresolved_beam_path_configuration_fields,conditionally_supported,NORMCOMP-02R-bc7c0a966a7cf80b,Metadata-only; no normalization; acquisition state is not hardware identity.
SCAN-02R-2161de9a5edbe1bf,104071,31,ACQSTATE-02R-c3afc250a187b5a4,recorded_v1_equivalence,INSTCFG-02R-d3a276575fd49dd8,recorded_verified_configuration_equivalence_only,time_controlled,LAT-02R-ae4c74e47a033f66,UB-02R-397acad65dd9e384,NORMEPOCH-02R-0001,filter_state;higher_order_suppression_state;attenuation_state;monochromator_reflection;analyzer_reflection;detector_hardware_identity;monitor_hardware_identity,monochromator_mosaic;analyzer_mosaic;unresolved_focusing_aperture_configuration_fields;other_unresolved_beam_path_configuration_fields,conditionally_supported,NORMCOMP-02R-bc7c0a966a7cf80b,Metadata-only; no normalization; acquisition state is not hardware identity.
SCAN-02R-22608464dd5aff80,104090,50,ACQSTATE-02R-361a3ee8046c2cc4,recorded_v1_equivalence,INSTCFG-02R-d3a276575fd49dd8,recorded_verified_configuration_equivalence_only,time_controlled,LAT-02R-ae4c74e47a033f66,UB-02R-1d710a6baa059bbb,NORMEPOCH-02R-0001,filter_state;higher_order_suppression_state;attenuation_state;monochromator_reflection;analyzer_reflection;detector_hardware_identity;monitor_hardware_identity,monochromator_mosaic;analyzer_mosaic;unresolved_focusing_aperture_configuration_fields;other_unresolved_beam_path_configuration_fields,conditionally_supported,NORMCOMP-02R-bc7c0a966a7cf80b,Metadata-only; no normalization; acquisition state is not hardware identity.
SCAN-02R-251028aabdf3c3e7,104105,65,ACQSTATE-02R-108dfc3a3c6afd9c,recorded_v1_equivalence,INSTCFG-02R-d3a276575fd49dd8,recorded_verified_configuration_equivalence_only,time_controlled,LAT-02R-ae4c74e47a033f66,UB-02R-1d710a6baa059bbb,NORMEPOCH-02R-0001,filter_state;higher_order_suppression_state;attenuation_state;monochromator_reflection;analyzer_reflection;detector_hardware_identity;monitor_hardware_identity,monochromator_mosaic;analyzer_mosaic;unresolved_focusing_aperture_configuration_fields;other_unresolved_beam_path_configuration_fields,conditionally_supported,NORMCOMP-02R-bc7c0a966a7cf80b,Metadata-only; no normalization; acquisition state is not hardware identity.
SCAN-02R-26c5588a4a75efc2,104201,161,ACQSTATE-02R-896f06c2a7c231ec,recorded_v1_equivalence,INSTCFG-02R-d3a276575fd49dd8,recorded_verified_configuration_equivalence_only,monitor_controlled,LAT-02R-517a9644e4f59287,UB-02R-c7cdba07fed2dfd7,NORMEPOCH-02R-0001,filter_state;higher_order_suppression_state;attenuation_state;monochromator_reflection;analyzer_reflection;detector_hardware_identity;monitor_hardware_identity,monochromator_mosaic;analyzer_mosaic;unresolved_focusing_aperture_configuration_fields;other_unresolved_beam_path_configuration_fields,conditionally_supported,NORMCOMP-02R-26ed32e42105dda7,Metadata-only; no normalization; acquisition state is not hardware identity.
SCAN-02R-26cdfd757f62fb5b,104169,129,ACQSTATE-02R-896f06c2a7c231ec,recorded_v1_equivalence,INSTCFG-02R-d3a276575fd49dd8,recorded_verified_configuration_equivalence_only,monitor_controlled,LAT-02R-517a9644e4f59287,UB-02R-c7cdba07fed2dfd7,NORMEPOCH-02R-0001,filter_state;higher_order_suppression_state;attenuation_state;monochromator_reflection;analyzer_reflection;detector_hardware_identity;monitor_hardware_identity,monochromator_mosaic;analyzer_mosaic;unresolved_focusing_aperture_configuration_fields;other_unresolved_beam_path_configuration_fields,conditionally_supported,NORMCOMP-02R-26ed32e42105dda7,Metadata-only; no normalization; acquisition state is not hardware identity.
SCAN-02R-291dabeaaa79ad80,104054,14,ACQSTATE-02R-28209d72681aed75,recorded_v1_equivalence,INSTCFG-02R-d3a276575fd49dd8,recorded_verified_configuration_equivalence_only,time_controlled,LAT-02R-ae4c74e47a033f66,UB-02R-397acad65dd9e384,NORMEPOCH-02R-0001,filter_state;higher_order_suppression_state;attenuation_state;monochromator_reflection;analyzer_reflection;detector_hardware_identity;monitor_hardware_identity,monochromator_mosaic;analyzer_mosaic;unresolved_focusing_aperture_configuration_fields;other_unresolved_beam_path_configuration_fields,conditionally_supported,NORMCOMP-02R-bc7c0a966a7cf80b,Metadata-only; no normalization; acquisition state is not hardware identity.
SCAN-02R-2a0e91f43e0fe127,104152,112,ACQSTATE-02R-896f06c2a7c231ec,recorded_v1_equivalence,INSTCFG-02R-d3a276575fd49dd8,recorded_verified_configuration_equivalence_only,monitor_controlled,LAT-02R-517a9644e4f59287,UB-02R-c7cdba07fed2dfd7,NORMEPOCH-02R-0001,filter_state;higher_order_suppression_state;attenuation_state;monochromator_reflection;analyzer_reflection;detector_hardware_identity;monitor_hardware_identity,monochromator_mosaic;analyzer_mosaic;unresolved_focusing_aperture_configuration_fields;other_unresolved_beam_path_configuration_fields,conditionally_supported,NORMCOMP-02R-26ed32e42105dda7,Metadata-only; no normalization; acquisition state is not hardware identity.
SCAN-02R-2af7f44831b57311,104076,36,ACQSTATE-02R-c3afc250a187b5a4,recorded_v1_equivalence,INSTCFG-02R-d3a276575fd49dd8,recorded_verified_configuration_equivalence_only,time_controlled,LAT-02R-ae4c74e47a033f66,UB-02R-397acad65dd9e384,NORMEPOCH-02R-0001,filter_state;higher_order_suppression_state;attenuation_state;monochromator_reflection;analyzer_reflection;detector_hardware_identity;monitor_hardware_identity,monochromator_mosaic;analyzer_mosaic;unresolved_focusing_aperture_configuration_fields;other_unresolved_beam_path_configuration_fields,conditionally_supported,NORMCOMP-02R-bc7c0a966a7cf80b,Metadata-only; no normalization; acquisition state is not hardware identity.
SCAN-02R-2c07251df8824bce,104049,9,ACQSTATE-02R-28209d72681aed75,recorded_v1_equivalence,INSTCFG-02R-d3a276575fd49dd8,recorded_verified_configuration_equivalence_only,time_controlled,LAT-02R-ae4c74e47a033f66,UB-02R-397acad65dd9e384,NORMEPOCH-02R-0001,filter_state;higher_order_suppression_state;attenuation_state;monochromator_reflection;analyzer_reflection;detector_hardware_identity;monitor_hardware_identity,monochromator_mosaic;analyzer_mosaic;unresolved_focusing_aperture_configuration_fields;other_unresolved_beam_path_configuration_fields,conditionally_supported,NORMCOMP-02R-bc7c0a966a7cf80b,Metadata-only; no normalization; acquisition state is not hardware identity.
SCAN-02R-2c38778fb264b3af,104055,15,ACQSTATE-02R-28209d72681aed75,recorded_v1_equivalence,INSTCFG-02R-d3a276575fd49dd8,recorded_verified_configuration_equivalence_only,time_controlled,LAT-02R-ae4c74e47a033f66,UB-02R-397acad65dd9e384,NORMEPOCH-02R-0001,filter_state;higher_order_suppression_state;attenuation_state;monochromator_reflection;analyzer_reflection;detector_hardware_identity;monitor_hardware_identity,monochromator_mosaic;analyzer_mosaic;unresolved_focusing_aperture_configuration_fields;other_unresolved_beam_path_configuration_fields,conditionally_supported,NORMCOMP-02R-bc7c0a966a7cf80b,Metadata-only; no normalization; acquisition state is not hardware identity.
SCAN-02R-2f690557cfd20bec,104240,200,ACQSTATE-02R-896f06c2a7c231ec,recorded_v1_equivalence,INSTCFG-02R-d3a276575fd49dd8,recorded_verified_configuration_equivalence_only,monitor_controlled,LAT-02R-517a9644e4f59287,UB-02R-c7cdba07fed2dfd7,NORMEPOCH-02R-0001,filter_state;higher_order_suppression_state;attenuation_state;monochromator_reflection;analyzer_reflection;detector_hardware_identity;monitor_hardware_identity,monochromator_mosaic;analyzer_mosaic;unresolved_focusing_aperture_configuration_fields;other_unresolved_beam_path_configuration_fields,conditionally_supported,NORMCOMP-02R-26ed32e42105dda7,Metadata-only; no normalization; acquisition state is not hardware identity.
SCAN-02R-306a96179bd778b6,104206,166,ACQSTATE-02R-896f06c2a7c231ec,recorded_v1_equivalence,INSTCFG-02R-d3a276575fd49dd8,recorded_verified_configuration_equivalence_only,monitor_controlled,LAT-02R-517a9644e4f59287,UB-02R-c7cdba07fed2dfd7,NORMEPOCH-02R-0001,filter_state;higher_order_suppression_state;attenuation_state;monochromator_reflection;analyzer_reflection;detector_hardware_identity;monitor_hardware_identity,monochromator_mosaic;analyzer_mosaic;unresolved_focusing_aperture_configuration_fields;other_unresolved_beam_path_configuration_fields,conditionally_supported,NORMCOMP-02R-26ed32e42105dda7,Metadata-only; no normalization; acquisition state is not hardware identity.
SCAN-02R-31bc005deb88d4e2,104089,49,ACQSTATE-02R-be28a48a7631be59,recorded_v1_equivalence,INSTCFG-02R-d3a276575fd49dd8,recorded_verified_configuration_equivalence_only,time_controlled,LAT-02R-ae4c74e47a033f66,UB-02R-1d710a6baa059bbb,NORMEPOCH-02R-0001,filter_state;higher_order_suppression_state;attenuation_state;monochromator_reflection;analyzer_reflection;detector_hardware_identity;monitor_hardware_identity,monochromator_mosaic;analyzer_mosaic;unresolved_focusing_aperture_configuration_fields;other_unresolved_beam_path_configuration_fields,conditionally_supported,NORMCOMP-02R-bc7c0a966a7cf80b,Metadata-only; no normalization; acquisition state is not hardware identity.
SCAN-02R-325ad9a57ee92673,104134,94,ACQSTATE-02R-9ab3f10f56634512,recorded_v1_equivalence,INSTCFG-02R-d3a276575fd49dd8,recorded_verified_configuration_equivalence_only,time_controlled,LAT-02R-517a9644e4f59287,UB-02R-c7cdba07fed2dfd7,NORMEPOCH-02R-0001,filter_state;higher_order_suppression_state;attenuation_state;monochromator_reflection;analyzer_reflection;detector_hardware_identity;monitor_hardware_identity,monochromator_mosaic;analyzer_mosaic;unresolved_focusing_aperture_configuration_fields;other_unresolved_beam_path_configuration_fields,conditionally_supported,NORMCOMP-02R-bc7c0a966a7cf80b,Metadata-only; no normalization; acquisition state is not hardware identity.
SCAN-02R-32cf60066cdcd074,104075,35,ACQSTATE-02R-c3afc250a187b5a4,recorded_v1_equivalence,INSTCFG-02R-d3a276575fd49dd8,recorded_verified_configuration_equivalence_only,time_controlled,LAT-02R-ae4c74e47a033f66,UB-02R-397acad65dd9e384,NORMEPOCH-02R-0001,filter_state;higher_order_suppression_state;attenuation_state;monochromator_reflection;analyzer_reflection;detector_hardware_identity;monitor_hardware_identity,monochromator_mosaic;analyzer_mosaic;unresolved_focusing_aperture_configuration_fields;other_unresolved_beam_path_configuration_fields,conditionally_supported,NORMCOMP-02R-bc7c0a966a7cf80b,Metadata-only; no normalization; acquisition state is not hardware identity.
SCAN-02R-33c7ae4485edcd17,104114,74,ACQSTATE-02R-76dbf689e6cbf1b2,recorded_v1_equivalence,INSTCFG-02R-d3a276575fd49dd8,recorded_verified_configuration_equivalence_only,time_controlled,LAT-02R-ae4c74e47a033f66,UB-02R-1d710a6baa059bbb,NORMEPOCH-02R-0001,filter_state;higher_order_suppression_state;attenuation_state;monochromator_reflection;analyzer_reflection;detector_hardware_identity;monitor_hardware_identity,monochromator_mosaic;analyzer_mosaic;unresolved_focusing_aperture_configuration_fields;other_unresolved_beam_path_configuration_fields,conditionally_supported,NORMCOMP-02R-bc7c0a966a7cf80b,Metadata-only; no normalization; acquisition state is not hardware identity.
SCAN-02R-35c1a2ccd5e9e62e,104069,29,ACQSTATE-02R-92658811a43cf789,recorded_v1_equivalence,INSTCFG-02R-d3a276575fd49dd8,recorded_verified_configuration_equivalence_only,time_controlled,LAT-02R-ae4c74e47a033f66,UB-02R-397acad65dd9e384,NORMEPOCH-02R-0001,filter_state;higher_order_suppression_state;attenuation_state;monochromator_reflection;analyzer_reflection;detector_hardware_identity;monitor_hardware_identity,monochromator_mosaic;analyzer_mosaic;unresolved_focusing_aperture_configuration_fields;other_unresolved_beam_path_configuration_fields,conditionally_supported,NORMCOMP-02R-bc7c0a966a7cf80b,Metadata-only; no normalization; acquisition state is not hardware identity.
SCAN-02R-3796d374ac11519e,104187,147,ACQSTATE-02R-72bc31d155544226,recorded_v1_equivalence,INSTCFG-02R-d3a276575fd49dd8,recorded_verified_configuration_equivalence_only,monitor_controlled,LAT-02R-517a9644e4f59287,UB-02R-c7cdba07fed2dfd7,NORMEPOCH-02R-0001,filter_state;higher_order_suppression_state;attenuation_state;monochromator_reflection;analyzer_reflection;detector_hardware_identity;monitor_hardware_identity,monochromator_mosaic;analyzer_mosaic;unresolved_focusing_aperture_configuration_fields;other_unresolved_beam_path_configuration_fields,conditionally_supported,NORMCOMP-02R-26ed32e42105dda7,Metadata-only; no normalization; acquisition state is not hardware identity.
SCAN-02R-379ac295ed92a194,104117,77,ACQSTATE-02R-cbc3f2d268d2ba2a,recorded_v1_equivalence,INSTCFG-02R-d3a276575fd49dd8,recorded_verified_configuration_equivalence_only,time_controlled,LAT-02R-ae4c74e47a033f66,UB-02R-1d710a6baa059bbb,NORMEPOCH-02R-0001,filter_state;higher_order_suppression_state;attenuation_state;monochromator_reflection;analyzer_reflection;detector_hardware_identity;monitor_hardware_identity,monochromator_mosaic;analyzer_mosaic;unresolved_focusing_aperture_configuration_fields;other_unresolved_beam_path_configuration_fields,conditionally_supported,NORMCOMP-02R-bc7c0a966a7cf80b,Metadata-only; no normalization; acquisition state is not hardware identity.
SCAN-02R-391364dde623200d,104124,84,ACQSTATE-02R-763c392f103059d4,recorded_v1_equivalence,INSTCFG-02R-d3a276575fd49dd8,recorded_verified_configuration_equivalence_only,time_controlled,LAT-02R-517a9644e4f59287,UB-02R-c7cdba07fed2dfd7,NORMEPOCH-02R-0001,filter_state;higher_order_suppression_state;attenuation_state;monochromator_reflection;analyzer_reflection;detector_hardware_identity;monitor_hardware_identity,monochromator_mosaic;analyzer_mosaic;unresolved_focusing_aperture_configuration_fields;other_unresolved_beam_path_configuration_fields,conditionally_supported,NORMCOMP-02R-bc7c0a966a7cf80b,Metadata-only; no normalization; acquisition state is not hardware identity.
SCAN-02R-3d7ecf2f3c542662,104043,3,ACQSTATE-02R-7948f6139a5d7c87,recorded_v1_equivalence,INSTCFG-02R-d3a276575fd49dd8,recorded_verified_configuration_equivalence_only,time_controlled,LAT-02R-ae4c74e47a033f66,UB-02R-55ac4333b2057246,NORMEPOCH-02R-0001,filter_state;higher_order_suppression_state;attenuation_state;monochromator_reflection;analyzer_reflection;detector_hardware_identity;monitor_hardware_identity,monochromator_mosaic;analyzer_mosaic;unresolved_focusing_aperture_configuration_fields;other_unresolved_beam_path_configuration_fields,conditionally_supported,NORMCOMP-02R-bc7c0a966a7cf80b,Metadata-only; no normalization; acquisition state is not hardware identity.
SCAN-02R-3f903a520f921d83,104229,189,ACQSTATE-02R-896f06c2a7c231ec,recorded_v1_equivalence,INSTCFG-02R-d3a276575fd49dd8,recorded_verified_configuration_equivalence_only,monitor_controlled,LAT-02R-517a9644e4f59287,UB-02R-c7cdba07fed2dfd7,NORMEPOCH-02R-0001,filter_state;higher_order_suppression_state;attenuation_state;monochromator_reflection;analyzer_reflection;detector_hardware_identity;monitor_hardware_identity,monochromator_mosaic;analyzer_mosaic;unresolved_focusing_aperture_configuration_fields;other_unresolved_beam_path_configuration_fields,conditionally_supported,NORMCOMP-02R-26ed32e42105dda7,Metadata-only; no normalization; acquisition state is not hardware identity.
SCAN-02R-403532c05321d7d2,104155,115,ACQSTATE-02R-896f06c2a7c231ec,recorded_v1_equivalence,INSTCFG-02R-d3a276575fd49dd8,recorded_verified_configuration_equivalence_only,monitor_controlled,LAT-02R-517a9644e4f59287,UB-02R-c7cdba07fed2dfd7,NORMEPOCH-02R-0001,filter_state;higher_order_suppression_state;attenuation_state;monochromator_reflection;analyzer_reflection;detector_hardware_identity;monitor_hardware_identity,monochromator_mosaic;analyzer_mosaic;unresolved_focusing_aperture_configuration_fields;other_unresolved_beam_path_configuration_fields,conditionally_supported,NORMCOMP-02R-26ed32e42105dda7,Metadata-only; no normalization; acquisition state is not hardware identity.
SCAN-02R-41d12941c2dac178,104165,125,ACQSTATE-02R-896f06c2a7c231ec,recorded_v1_equivalence,INSTCFG-02R-d3a276575fd49dd8,recorded_verified_configuration_equivalence_only,monitor_controlled,LAT-02R-517a9644e4f59287,UB-02R-c7cdba07fed2dfd7,NORMEPOCH-02R-0001,filter_state;higher_order_suppression_state;attenuation_state;monochromator_reflection;analyzer_reflection;detector_hardware_identity;monitor_hardware_identity,monochromator_mosaic;analyzer_mosaic;unresolved_focusing_aperture_configuration_fields;other_unresolved_beam_path_configuration_fields,conditionally_supported,NORMCOMP-02R-26ed32e42105dda7,Metadata-only; no normalization; acquisition state is not hardware identity.
SCAN-02R-42c582e4eb747d10,104181,141,ACQSTATE-02R-72bc31d155544226,recorded_v1_equivalence,INSTCFG-02R-d3a276575fd49dd8,recorded_verified_configuration_equivalence_only,monitor_controlled,LAT-02R-517a9644e4f59287,UB-02R-c7cdba07fed2dfd7,NORMEPOCH-02R-0001,filter_state;higher_order_suppression_state;attenuation_state;monochromator_reflection;analyzer_reflection;detector_hardware_identity;monitor_hardware_identity,monochromator_mosaic;analyzer_mosaic;unresolved_focusing_aperture_configuration_fields;other_unresolved_beam_path_configuration_fields,conditionally_supported,NORMCOMP-02R-26ed32e42105dda7,Metadata-only; no normalization; acquisition state is not hardware identity.
SCAN-02R-42d0a4d8bd2d58cc,104199,159,ACQSTATE-02R-896f06c2a7c231ec,recorded_v1_equivalence,INSTCFG-02R-d3a276575fd49dd8,recorded_verified_configuration_equivalence_only,monitor_controlled,LAT-02R-517a9644e4f59287,UB-02R-c7cdba07fed2dfd7,NORMEPOCH-02R-0001,filter_state;higher_order_suppression_state;attenuation_state;monochromator_reflection;analyzer_reflection;detector_hardware_identity;monitor_hardware_identity,monochromator_mosaic;analyzer_mosaic;unresolved_focusing_aperture_configuration_fields;other_unresolved_beam_path_configuration_fields,conditionally_supported,NORMCOMP-02R-26ed32e42105dda7,Metadata-only; no normalization; acquisition state is not hardware identity.
SCAN-02R-42f2046fce901aec,104080,40,ACQSTATE-02R-92658811a43cf789,recorded_v1_equivalence,INSTCFG-02R-d3a276575fd49dd8,recorded_verified_configuration_equivalence_only,time_controlled,LAT-02R-ae4c74e47a033f66,UB-02R-397acad65dd9e384,NORMEPOCH-02R-0001,filter_state;higher_order_suppression_state;attenuation_state;monochromator_reflection;analyzer_reflection;detector_hardware_identity;monitor_hardware_identity,monochromator_mosaic;analyzer_mosaic;unresolved_focusing_aperture_configuration_fields;other_unresolved_beam_path_configuration_fields,conditionally_supported,NORMCOMP-02R-bc7c0a966a7cf80b,Metadata-only; no normalization; acquisition state is not hardware identity.
SCAN-02R-432159a75d80f2b3,104147,107,ACQSTATE-02R-896f06c2a7c231ec,recorded_v1_equivalence,INSTCFG-02R-d3a276575fd49dd8,recorded_verified_configuration_equivalence_only,monitor_controlled,LAT-02R-517a9644e4f59287,UB-02R-c7cdba07fed2dfd7,NORMEPOCH-02R-0001,filter_state;higher_order_suppression_state;attenuation_state;monochromator_reflection;analyzer_reflection;detector_hardware_identity;monitor_hardware_identity,monochromator_mosaic;analyzer_mosaic;unresolved_focusing_aperture_configuration_fields;other_unresolved_beam_path_configuration_fields,conditionally_supported,NORMCOMP-02R-26ed32e42105dda7,Metadata-only; no normalization; acquisition state is not hardware identity.
SCAN-02R-43979cdff2eef525,104094,54,ACQSTATE-02R-76ff5c324efb0d8a,recorded_v1_equivalence,INSTCFG-02R-d3a276575fd49dd8,recorded_verified_configuration_equivalence_only,monitor_controlled,LAT-02R-ae4c74e47a033f66,UB-02R-1d710a6baa059bbb,NORMEPOCH-02R-0001,filter_state;higher_order_suppression_state;attenuation_state;monochromator_reflection;analyzer_reflection;detector_hardware_identity;monitor_hardware_identity,monochromator_mosaic;analyzer_mosaic;unresolved_focusing_aperture_configuration_fields;other_unresolved_beam_path_configuration_fields,conditionally_supported,NORMCOMP-02R-26ed32e42105dda7,Metadata-only; no normalization; acquisition state is not hardware identity.
SCAN-02R-43d400370d39ebe7,104112,72,ACQSTATE-02R-76dbf689e6cbf1b2,recorded_v1_equivalence,INSTCFG-02R-d3a276575fd49dd8,recorded_verified_configuration_equivalence_only,time_controlled,LAT-02R-ae4c74e47a033f66,UB-02R-1d710a6baa059bbb,NORMEPOCH-02R-0001,filter_state;higher_order_suppression_state;attenuation_state;monochromator_reflection;analyzer_reflection;detector_hardware_identity;monitor_hardware_identity,monochromator_mosaic;analyzer_mosaic;unresolved_focusing_aperture_configuration_fields;other_unresolved_beam_path_configuration_fields,conditionally_supported,NORMCOMP-02R-bc7c0a966a7cf80b,Metadata-only; no normalization; acquisition state is not hardware identity.
SCAN-02R-45d1daf515e218b6,104222,182,ACQSTATE-02R-896f06c2a7c231ec,recorded_v1_equivalence,INSTCFG-02R-d3a276575fd49dd8,recorded_verified_configuration_equivalence_only,monitor_controlled,LAT-02R-517a9644e4f59287,UB-02R-c7cdba07fed2dfd7,NORMEPOCH-02R-0001,filter_state;higher_order_suppression_state;attenuation_state;monochromator_reflection;analyzer_reflection;detector_hardware_identity;monitor_hardware_identity,monochromator_mosaic;analyzer_mosaic;unresolved_focusing_aperture_configuration_fields;other_unresolved_beam_path_configuration_fields,conditionally_supported,NORMCOMP-02R-26ed32e42105dda7,Metadata-only; no normalization; acquisition state is not hardware identity.
SCAN-02R-4650765ebe11f415,104167,127,ACQSTATE-02R-896f06c2a7c231ec,recorded_v1_equivalence,INSTCFG-02R-d3a276575fd49dd8,recorded_verified_configuration_equivalence_only,monitor_controlled,LAT-02R-517a9644e4f59287,UB-02R-c7cdba07fed2dfd7,NORMEPOCH-02R-0001,filter_state;higher_order_suppression_state;attenuation_state;monochromator_reflection;analyzer_reflection;detector_hardware_identity;monitor_hardware_identity,monochromator_mosaic;analyzer_mosaic;unresolved_focusing_aperture_configuration_fields;other_unresolved_beam_path_configuration_fields,conditionally_supported,NORMCOMP-02R-26ed32e42105dda7,Metadata-only; no normalization; acquisition state is not hardware identity.
SCAN-02R-46abc72aaf86494c,104157,117,ACQSTATE-02R-896f06c2a7c231ec,recorded_v1_equivalence,INSTCFG-02R-d3a276575fd49dd8,recorded_verified_configuration_equivalence_only,monitor_controlled,LAT-02R-517a9644e4f59287,UB-02R-c7cdba07fed2dfd7,NORMEPOCH-02R-0001,filter_state;higher_order_suppression_state;attenuation_state;monochromator_reflection;analyzer_reflection;detector_hardware_identity;monitor_hardware_identity,monochromator_mosaic;analyzer_mosaic;unresolved_focusing_aperture_configuration_fields;other_unresolved_beam_path_configuration_fields,conditionally_supported,NORMCOMP-02R-26ed32e42105dda7,Metadata-only; no normalization; acquisition state is not hardware identity.
SCAN-02R-48f6ae0dc1c99d07,104216,176,ACQSTATE-02R-896f06c2a7c231ec,recorded_v1_equivalence,INSTCFG-02R-d3a276575fd49dd8,recorded_verified_configuration_equivalence_only,monitor_controlled,LAT-02R-517a9644e4f59287,UB-02R-c7cdba07fed2dfd7,NORMEPOCH-02R-0001,filter_state;higher_order_suppression_state;attenuation_state;monochromator_reflection;analyzer_reflection;detector_hardware_identity;monitor_hardware_identity,monochromator_mosaic;analyzer_mosaic;unresolved_focusing_aperture_configuration_fields;other_unresolved_beam_path_configuration_fields,conditionally_supported,NORMCOMP-02R-26ed32e42105dda7,Metadata-only; no normalization; acquisition state is not hardware identity.
SCAN-02R-4979cab4b4eed413,104195,155,ACQSTATE-02R-1f2cf8c8f4f60684,recorded_v1_equivalence,INSTCFG-02R-d3a276575fd49dd8,recorded_verified_configuration_equivalence_only,monitor_controlled,LAT-02R-517a9644e4f59287,UB-02R-c7cdba07fed2dfd7,NORMEPOCH-02R-0001,filter_state;higher_order_suppression_state;attenuation_state;monochromator_reflection;analyzer_reflection;detector_hardware_identity;monitor_hardware_identity,monochromator_mosaic;analyzer_mosaic;unresolved_focusing_aperture_configuration_fields;other_unresolved_beam_path_configuration_fields,conditionally_supported,NORMCOMP-02R-26ed32e42105dda7,Metadata-only; no normalization; acquisition state is not hardware identity.
SCAN-02R-49c7081b477e8f3d,104107,67,ACQSTATE-02R-76dbf689e6cbf1b2,recorded_v1_equivalence,INSTCFG-02R-d3a276575fd49dd8,recorded_verified_configuration_equivalence_only,time_controlled,LAT-02R-ae4c74e47a033f66,UB-02R-1d710a6baa059bbb,NORMEPOCH-02R-0001,filter_state;higher_order_suppression_state;attenuation_state;monochromator_reflection;analyzer_reflection;detector_hardware_identity;monitor_hardware_identity,monochromator_mosaic;analyzer_mosaic;unresolved_focusing_aperture_configuration_fields;other_unresolved_beam_path_configuration_fields,conditionally_supported,NORMCOMP-02R-bc7c0a966a7cf80b,Metadata-only; no normalization; acquisition state is not hardware identity.
SCAN-02R-4a9d7177d38df4e7,104061,21,ACQSTATE-02R-08c77f1cdd894d24,recorded_v1_equivalence,INSTCFG-02R-d3a276575fd49dd8,recorded_verified_configuration_equivalence_only,time_controlled,LAT-02R-ae4c74e47a033f66,UB-02R-397acad65dd9e384,NORMEPOCH-02R-0001,filter_state;higher_order_suppression_state;attenuation_state;monochromator_reflection;analyzer_reflection;detector_hardware_identity;monitor_hardware_identity,monochromator_mosaic;analyzer_mosaic;unresolved_focusing_aperture_configuration_fields;other_unresolved_beam_path_configuration_fields,conditionally_supported,NORMCOMP-02R-bc7c0a966a7cf80b,Metadata-only; no normalization; acquisition state is not hardware identity.
SCAN-02R-4ad1398a663b7933,104212,172,ACQSTATE-02R-896f06c2a7c231ec,recorded_v1_equivalence,INSTCFG-02R-d3a276575fd49dd8,recorded_verified_configuration_equivalence_only,monitor_controlled,LAT-02R-517a9644e4f59287,UB-02R-c7cdba07fed2dfd7,NORMEPOCH-02R-0001,filter_state;higher_order_suppression_state;attenuation_state;monochromator_reflection;analyzer_reflection;detector_hardware_identity;monitor_hardware_identity,monochromator_mosaic;analyzer_mosaic;unresolved_focusing_aperture_configuration_fields;other_unresolved_beam_path_configuration_fields,conditionally_supported,NORMCOMP-02R-26ed32e42105dda7,Metadata-only; no normalization; acquisition state is not hardware identity.
SCAN-02R-4cc04512e6886f13,104137,97,ACQSTATE-02R-b456d493f62e0335,recorded_v1_equivalence,INSTCFG-02R-d3a276575fd49dd8,recorded_verified_configuration_equivalence_only,time_controlled,LAT-02R-517a9644e4f59287,UB-02R-c7cdba07fed2dfd7,NORMEPOCH-02R-0001,filter_state;higher_order_suppression_state;attenuation_state;monochromator_reflection;analyzer_reflection;detector_hardware_identity;monitor_hardware_identity,monochromator_mosaic;analyzer_mosaic;unresolved_focusing_aperture_configuration_fields;other_unresolved_beam_path_configuration_fields,conditionally_supported,NORMCOMP-02R-bc7c0a966a7cf80b,Metadata-only; no normalization; acquisition state is not hardware identity.
SCAN-02R-4d54ea7698000638,104171,131,ACQSTATE-02R-896f06c2a7c231ec,recorded_v1_equivalence,INSTCFG-02R-d3a276575fd49dd8,recorded_verified_configuration_equivalence_only,monitor_controlled,LAT-02R-517a9644e4f59287,UB-02R-c7cdba07fed2dfd7,NORMEPOCH-02R-0001,filter_state;higher_order_suppression_state;attenuation_state;monochromator_reflection;analyzer_reflection;detector_hardware_identity;monitor_hardware_identity,monochromator_mosaic;analyzer_mosaic;unresolved_focusing_aperture_configuration_fields;other_unresolved_beam_path_configuration_fields,conditionally_supported,NORMCOMP-02R-26ed32e42105dda7,Metadata-only; no normalization; acquisition state is not hardware identity.
SCAN-02R-4eb3495e2e32dd73,104175,135,ACQSTATE-02R-896f06c2a7c231ec,recorded_v1_equivalence,INSTCFG-02R-d3a276575fd49dd8,recorded_verified_configuration_equivalence_only,monitor_controlled,LAT-02R-517a9644e4f59287,UB-02R-c7cdba07fed2dfd7,NORMEPOCH-02R-0001,filter_state;higher_order_suppression_state;attenuation_state;monochromator_reflection;analyzer_reflection;detector_hardware_identity;monitor_hardware_identity,monochromator_mosaic;analyzer_mosaic;unresolved_focusing_aperture_configuration_fields;other_unresolved_beam_path_configuration_fields,conditionally_supported,NORMCOMP-02R-26ed32e42105dda7,Metadata-only; no normalization; acquisition state is not hardware identity.
SCAN-02R-4ecc00c5eac2e1b4,104082,42,ACQSTATE-02R-39797c031fe0f745,recorded_v1_equivalence,INSTCFG-02R-d3a276575fd49dd8,recorded_verified_configuration_equivalence_only,time_controlled,LAT-02R-ae4c74e47a033f66,UB-02R-1d710a6baa059bbb,NORMEPOCH-02R-0001,filter_state;higher_order_suppression_state;attenuation_state;monochromator_reflection;analyzer_reflection;detector_hardware_identity;monitor_hardware_identity,monochromator_mosaic;analyzer_mosaic;unresolved_focusing_aperture_configuration_fields;other_unresolved_beam_path_configuration_fields,conditionally_supported,NORMCOMP-02R-bc7c0a966a7cf80b,Metadata-only; no normalization; acquisition state is not hardware identity.
SCAN-02R-4f5e09d1864ac832,104166,126,ACQSTATE-02R-896f06c2a7c231ec,recorded_v1_equivalence,INSTCFG-02R-d3a276575fd49dd8,recorded_verified_configuration_equivalence_only,monitor_controlled,LAT-02R-517a9644e4f59287,UB-02R-c7cdba07fed2dfd7,NORMEPOCH-02R-0001,filter_state;higher_order_suppression_state;attenuation_state;monochromator_reflection;analyzer_reflection;detector_hardware_identity;monitor_hardware_identity,monochromator_mosaic;analyzer_mosaic;unresolved_focusing_aperture_configuration_fields;other_unresolved_beam_path_configuration_fields,conditionally_supported,NORMCOMP-02R-26ed32e42105dda7,Metadata-only; no normalization; acquisition state is not hardware identity.
SCAN-02R-4f9204b624c2d482,104115,75,ACQSTATE-02R-d8bd77a44fe00800,recorded_v1_equivalence,INSTCFG-02R-d3a276575fd49dd8,recorded_verified_configuration_equivalence_only,time_controlled,LAT-02R-ae4c74e47a033f66,UB-02R-1d710a6baa059bbb,NORMEPOCH-02R-0001,filter_state;higher_order_suppression_state;attenuation_state;monochromator_reflection;analyzer_reflection;detector_hardware_identity;monitor_hardware_identity,monochromator_mosaic;analyzer_mosaic;unresolved_focusing_aperture_configuration_fields;other_unresolved_beam_path_configuration_fields,conditionally_supported,NORMCOMP-02R-bc7c0a966a7cf80b,Metadata-only; no normalization; acquisition state is not hardware identity.
SCAN-02R-4fb9fc6716a3e65a,104062,22,ACQSTATE-02R-4c4e33f0acec143e,recorded_v1_equivalence,INSTCFG-02R-d3a276575fd49dd8,recorded_verified_configuration_equivalence_only,time_controlled,LAT-02R-ae4c74e47a033f66,UB-02R-397acad65dd9e384,NORMEPOCH-02R-0001,filter_state;higher_order_suppression_state;attenuation_state;monochromator_reflection;analyzer_reflection;detector_hardware_identity;monitor_hardware_identity,monochromator_mosaic;analyzer_mosaic;unresolved_focusing_aperture_configuration_fields;other_unresolved_beam_path_configuration_fields,conditionally_supported,NORMCOMP-02R-bc7c0a966a7cf80b,Metadata-only; no normalization; acquisition state is not hardware identity.
SCAN-02R-51cfd518e3a0c6ec,104135,95,ACQSTATE-02R-9ab3f10f56634512,recorded_v1_equivalence,INSTCFG-02R-d3a276575fd49dd8,recorded_verified_configuration_equivalence_only,time_controlled,LAT-02R-517a9644e4f59287,UB-02R-c7cdba07fed2dfd7,NORMEPOCH-02R-0001,filter_state;higher_order_suppression_state;attenuation_state;monochromator_reflection;analyzer_reflection;detector_hardware_identity;monitor_hardware_identity,monochromator_mosaic;analyzer_mosaic;unresolved_focusing_aperture_configuration_fields;other_unresolved_beam_path_configuration_fields,conditionally_supported,NORMCOMP-02R-bc7c0a966a7cf80b,Metadata-only; no normalization; acquisition state is not hardware identity.
SCAN-02R-51f6ed2eb7632349,104210,170,ACQSTATE-02R-896f06c2a7c231ec,recorded_v1_equivalence,INSTCFG-02R-d3a276575fd49dd8,recorded_verified_configuration_equivalence_only,monitor_controlled,LAT-02R-517a9644e4f59287,UB-02R-c7cdba07fed2dfd7,NORMEPOCH-02R-0001,filter_state;higher_order_suppression_state;attenuation_state;monochromator_reflection;analyzer_reflection;detector_hardware_identity;monitor_hardware_identity,monochromator_mosaic;analyzer_mosaic;unresolved_focusing_aperture_configuration_fields;other_unresolved_beam_path_configuration_fields,conditionally_supported,NORMCOMP-02R-26ed32e42105dda7,Metadata-only; no normalization; acquisition state is not hardware identity.
SCAN-02R-5215f80c458dc1c4,104174,134,ACQSTATE-02R-896f06c2a7c231ec,recorded_v1_equivalence,INSTCFG-02R-d3a276575fd49dd8,recorded_verified_configuration_equivalence_only,monitor_controlled,LAT-02R-517a9644e4f59287,UB-02R-c7cdba07fed2dfd7,NORMEPOCH-02R-0001,filter_state;higher_order_suppression_state;attenuation_state;monochromator_reflection;analyzer_reflection;detector_hardware_identity;monitor_hardware_identity,monochromator_mosaic;analyzer_mosaic;unresolved_focusing_aperture_configuration_fields;other_unresolved_beam_path_configuration_fields,conditionally_supported,NORMCOMP-02R-26ed32e42105dda7,Metadata-only; no normalization; acquisition state is not hardware identity.
SCAN-02R-5467ba1e21b73319,104191,151,ACQSTATE-02R-30a8b3a0d08462ab,recorded_v1_equivalence,INSTCFG-02R-d3a276575fd49dd8,recorded_verified_configuration_equivalence_only,monitor_controlled,LAT-02R-517a9644e4f59287,UB-02R-c7cdba07fed2dfd7,NORMEPOCH-02R-0001,filter_state;higher_order_suppression_state;attenuation_state;monochromator_reflection;analyzer_reflection;detector_hardware_identity;monitor_hardware_identity,monochromator_mosaic;analyzer_mosaic;unresolved_focusing_aperture_configuration_fields;other_unresolved_beam_path_configuration_fields,conditionally_supported,NORMCOMP-02R-26ed32e42105dda7,Metadata-only; no normalization; acquisition state is not hardware identity.
SCAN-02R-54bfea84553b4c65,104096,56,ACQSTATE-02R-76ff5c324efb0d8a,recorded_v1_equivalence,INSTCFG-02R-d3a276575fd49dd8,recorded_verified_configuration_equivalence_only,monitor_controlled,LAT-02R-ae4c74e47a033f66,UB-02R-1d710a6baa059bbb,NORMEPOCH-02R-0001,filter_state;higher_order_suppression_state;attenuation_state;monochromator_reflection;analyzer_reflection;detector_hardware_identity;monitor_hardware_identity,monochromator_mosaic;analyzer_mosaic;unresolved_focusing_aperture_configuration_fields;other_unresolved_beam_path_configuration_fields,conditionally_supported,NORMCOMP-02R-26ed32e42105dda7,Metadata-only; no normalization; acquisition state is not hardware identity.
SCAN-02R-58a76874c3967085,104224,184,ACQSTATE-02R-896f06c2a7c231ec,recorded_v1_equivalence,INSTCFG-02R-d3a276575fd49dd8,recorded_verified_configuration_equivalence_only,monitor_controlled,LAT-02R-517a9644e4f59287,UB-02R-c7cdba07fed2dfd7,NORMEPOCH-02R-0001,filter_state;higher_order_suppression_state;attenuation_state;monochromator_reflection;analyzer_reflection;detector_hardware_identity;monitor_hardware_identity,monochromator_mosaic;analyzer_mosaic;unresolved_focusing_aperture_configuration_fields;other_unresolved_beam_path_configuration_fields,conditionally_supported,NORMCOMP-02R-26ed32e42105dda7,Metadata-only; no normalization; acquisition state is not hardware identity.
SCAN-02R-59701ee4cf5ede45,104052,12,ACQSTATE-02R-b914afde3130cb09,recorded_v1_equivalence,INSTCFG-02R-d3a276575fd49dd8,recorded_verified_configuration_equivalence_only,time_controlled,LAT-02R-ae4c74e47a033f66,UB-02R-397acad65dd9e384,NORMEPOCH-02R-0001,filter_state;higher_order_suppression_state;attenuation_state;monochromator_reflection;analyzer_reflection;detector_hardware_identity;monitor_hardware_identity,monochromator_mosaic;analyzer_mosaic;unresolved_focusing_aperture_configuration_fields;other_unresolved_beam_path_configuration_fields,conditionally_supported,NORMCOMP-02R-bc7c0a966a7cf80b,Metadata-only; no normalization; acquisition state is not hardware identity.
SCAN-02R-598c5cedd335b846,104177,137,ACQSTATE-02R-896f06c2a7c231ec,recorded_v1_equivalence,INSTCFG-02R-d3a276575fd49dd8,recorded_verified_configuration_equivalence_only,monitor_controlled,LAT-02R-517a9644e4f59287,UB-02R-c7cdba07fed2dfd7,NORMEPOCH-02R-0001,filter_state;higher_order_suppression_state;attenuation_state;monochromator_reflection;analyzer_reflection;detector_hardware_identity;monitor_hardware_identity,monochromator_mosaic;analyzer_mosaic;unresolved_focusing_aperture_configuration_fields;other_unresolved_beam_path_configuration_fields,conditionally_supported,NORMCOMP-02R-26ed32e42105dda7,Metadata-only; no normalization; acquisition state is not hardware identity.
SCAN-02R-59fa80474896a50b,104106,66,ACQSTATE-02R-cbc3f2d268d2ba2a,recorded_v1_equivalence,INSTCFG-02R-d3a276575fd49dd8,recorded_verified_configuration_equivalence_only,time_controlled,LAT-02R-ae4c74e47a033f66,UB-02R-1d710a6baa059bbb,NORMEPOCH-02R-0001,filter_state;higher_order_suppression_state;attenuation_state;monochromator_reflection;analyzer_reflection;detector_hardware_identity;monitor_hardware_identity,monochromator_mosaic;analyzer_mosaic;unresolved_focusing_aperture_configuration_fields;other_unresolved_beam_path_configuration_fields,conditionally_supported,NORMCOMP-02R-bc7c0a966a7cf80b,Metadata-only; no normalization; acquisition state is not hardware identity.
SCAN-02R-5b1259784f010264,104079,39,ACQSTATE-02R-c3afc250a187b5a4,recorded_v1_equivalence,INSTCFG-02R-d3a276575fd49dd8,recorded_verified_configuration_equivalence_only,time_controlled,LAT-02R-ae4c74e47a033f66,UB-02R-397acad65dd9e384,NORMEPOCH-02R-0001,filter_state;higher_order_suppression_state;attenuation_state;monochromator_reflection;analyzer_reflection;detector_hardware_identity;monitor_hardware_identity,monochromator_mosaic;analyzer_mosaic;unresolved_focusing_aperture_configuration_fields;other_unresolved_beam_path_configuration_fields,conditionally_supported,NORMCOMP-02R-bc7c0a966a7cf80b,Metadata-only; no normalization; acquisition state is not hardware identity.
SCAN-02R-5b80daccf8c23dd0,104119,79,ACQSTATE-02R-6c0bdd080b2c5a8d,recorded_v1_equivalence,INSTCFG-02R-d3a276575fd49dd8,recorded_verified_configuration_equivalence_only,time_controlled,LAT-02R-517a9644e4f59287,UB-02R-c7cdba07fed2dfd7,NORMEPOCH-02R-0001,filter_state;higher_order_suppression_state;attenuation_state;monochromator_reflection;analyzer_reflection;detector_hardware_identity;monitor_hardware_identity,monochromator_mosaic;analyzer_mosaic;unresolved_focusing_aperture_configuration_fields;other_unresolved_beam_path_configuration_fields,conditionally_supported,NORMCOMP-02R-bc7c0a966a7cf80b,Metadata-only; no normalization; acquisition state is not hardware identity.
SCAN-02R-5e02dde1da14be55,104100,60,ACQSTATE-02R-76ff5c324efb0d8a,recorded_v1_equivalence,INSTCFG-02R-d3a276575fd49dd8,recorded_verified_configuration_equivalence_only,monitor_controlled,LAT-02R-ae4c74e47a033f66,UB-02R-1d710a6baa059bbb,NORMEPOCH-02R-0001,filter_state;higher_order_suppression_state;attenuation_state;monochromator_reflection;analyzer_reflection;detector_hardware_identity;monitor_hardware_identity,monochromator_mosaic;analyzer_mosaic;unresolved_focusing_aperture_configuration_fields;other_unresolved_beam_path_configuration_fields,conditionally_supported,NORMCOMP-02R-26ed32e42105dda7,Metadata-only; no normalization; acquisition state is not hardware identity.
SCAN-02R-5e52d7e5fbefbc05,104170,130,ACQSTATE-02R-896f06c2a7c231ec,recorded_v1_equivalence,INSTCFG-02R-d3a276575fd49dd8,recorded_verified_configuration_equivalence_only,monitor_controlled,LAT-02R-517a9644e4f59287,UB-02R-c7cdba07fed2dfd7,NORMEPOCH-02R-0001,filter_state;higher_order_suppression_state;attenuation_state;monochromator_reflection;analyzer_reflection;detector_hardware_identity;monitor_hardware_identity,monochromator_mosaic;analyzer_mosaic;unresolved_focusing_aperture_configuration_fields;other_unresolved_beam_path_configuration_fields,conditionally_supported,NORMCOMP-02R-26ed32e42105dda7,Metadata-only; no normalization; acquisition state is not hardware identity.
SCAN-02R-5e9a406134424e15,104072,32,ACQSTATE-02R-53df6374615f09d5,recorded_v1_equivalence,INSTCFG-02R-d3a276575fd49dd8,recorded_verified_configuration_equivalence_only,time_controlled,LAT-02R-ae4c74e47a033f66,UB-02R-397acad65dd9e384,NORMEPOCH-02R-0001,filter_state;higher_order_suppression_state;attenuation_state;monochromator_reflection;analyzer_reflection;detector_hardware_identity;monitor_hardware_identity,monochromator_mosaic;analyzer_mosaic;unresolved_focusing_aperture_configuration_fields;other_unresolved_beam_path_configuration_fields,conditionally_supported,NORMCOMP-02R-bc7c0a966a7cf80b,Metadata-only; no normalization; acquisition state is not hardware identity.
SCAN-02R-5ef2c24fed347fd7,104190,150,ACQSTATE-02R-72bc31d155544226,recorded_v1_equivalence,INSTCFG-02R-d3a276575fd49dd8,recorded_verified_configuration_equivalence_only,monitor_controlled,LAT-02R-517a9644e4f59287,UB-02R-c7cdba07fed2dfd7,NORMEPOCH-02R-0001,filter_state;higher_order_suppression_state;attenuation_state;monochromator_reflection;analyzer_reflection;detector_hardware_identity;monitor_hardware_identity,monochromator_mosaic;analyzer_mosaic;unresolved_focusing_aperture_configuration_fields;other_unresolved_beam_path_configuration_fields,conditionally_supported,NORMCOMP-02R-26ed32e42105dda7,Metadata-only; no normalization; acquisition state is not hardware identity.
SCAN-02R-5f553db9674e6d45,104176,136,ACQSTATE-02R-896f06c2a7c231ec,recorded_v1_equivalence,INSTCFG-02R-d3a276575fd49dd8,recorded_verified_configuration_equivalence_only,monitor_controlled,LAT-02R-517a9644e4f59287,UB-02R-c7cdba07fed2dfd7,NORMEPOCH-02R-0001,filter_state;higher_order_suppression_state;attenuation_state;monochromator_reflection;analyzer_reflection;detector_hardware_identity;monitor_hardware_identity,monochromator_mosaic;analyzer_mosaic;unresolved_focusing_aperture_configuration_fields;other_unresolved_beam_path_configuration_fields,conditionally_supported,NORMCOMP-02R-26ed32e42105dda7,Metadata-only; no normalization; acquisition state is not hardware identity.
SCAN-02R-616075842b1e4c6e,104159,119,ACQSTATE-02R-896f06c2a7c231ec,recorded_v1_equivalence,INSTCFG-02R-d3a276575fd49dd8,recorded_verified_configuration_equivalence_only,monitor_controlled,LAT-02R-517a9644e4f59287,UB-02R-c7cdba07fed2dfd7,NORMEPOCH-02R-0001,filter_state;higher_order_suppression_state;attenuation_state;monochromator_reflection;analyzer_reflection;detector_hardware_identity;monitor_hardware_identity,monochromator_mosaic;analyzer_mosaic;unresolved_focusing_aperture_configuration_fields;other_unresolved_beam_path_configuration_fields,conditionally_supported,NORMCOMP-02R-26ed32e42105dda7,Metadata-only; no normalization; acquisition state is not hardware identity.
SCAN-02R-643ff7e40bd97888,104198,158,ACQSTATE-02R-896f06c2a7c231ec,recorded_v1_equivalence,INSTCFG-02R-d3a276575fd49dd8,recorded_verified_configuration_equivalence_only,monitor_controlled,LAT-02R-517a9644e4f59287,UB-02R-c7cdba07fed2dfd7,NORMEPOCH-02R-0001,filter_state;higher_order_suppression_state;attenuation_state;monochromator_reflection;analyzer_reflection;detector_hardware_identity;monitor_hardware_identity,monochromator_mosaic;analyzer_mosaic;unresolved_focusing_aperture_configuration_fields;other_unresolved_beam_path_configuration_fields,conditionally_supported,NORMCOMP-02R-26ed32e42105dda7,Metadata-only; no normalization; acquisition state is not hardware identity.
SCAN-02R-652afedf8df9a217,104102,62,ACQSTATE-02R-76dbf689e6cbf1b2,recorded_v1_equivalence,INSTCFG-02R-d3a276575fd49dd8,recorded_verified_configuration_equivalence_only,time_controlled,LAT-02R-ae4c74e47a033f66,UB-02R-1d710a6baa059bbb,NORMEPOCH-02R-0001,filter_state;higher_order_suppression_state;attenuation_state;monochromator_reflection;analyzer_reflection;detector_hardware_identity;monitor_hardware_identity,monochromator_mosaic;analyzer_mosaic;unresolved_focusing_aperture_configuration_fields;other_unresolved_beam_path_configuration_fields,conditionally_supported,NORMCOMP-02R-bc7c0a966a7cf80b,Metadata-only; no normalization; acquisition state is not hardware identity.
SCAN-02R-68a1fdbd8955d9a4,104208,168,ACQSTATE-02R-896f06c2a7c231ec,recorded_v1_equivalence,INSTCFG-02R-d3a276575fd49dd8,recorded_verified_configuration_equivalence_only,monitor_controlled,LAT-02R-517a9644e4f59287,UB-02R-c7cdba07fed2dfd7,NORMEPOCH-02R-0001,filter_state;higher_order_suppression_state;attenuation_state;monochromator_reflection;analyzer_reflection;detector_hardware_identity;monitor_hardware_identity,monochromator_mosaic;analyzer_mosaic;unresolved_focusing_aperture_configuration_fields;other_unresolved_beam_path_configuration_fields,conditionally_supported,NORMCOMP-02R-26ed32e42105dda7,Metadata-only; no normalization; acquisition state is not hardware identity.
SCAN-02R-6d3fa023f691129f,104042,2,ACQSTATE-02R-e4276bdea8e15cd5,recorded_v1_equivalence,INSTCFG-02R-d3a276575fd49dd8,recorded_verified_configuration_equivalence_only,time_controlled,LAT-02R-ae4c74e47a033f66,UB-02R-55ac4333b2057246,NORMEPOCH-02R-0001,filter_state;higher_order_suppression_state;attenuation_state;monochromator_reflection;analyzer_reflection;detector_hardware_identity;monitor_hardware_identity,monochromator_mosaic;analyzer_mosaic;unresolved_focusing_aperture_configuration_fields;other_unresolved_beam_path_configuration_fields,conditionally_supported,NORMCOMP-02R-bc7c0a966a7cf80b,Metadata-only; no normalization; acquisition state is not hardware identity.
SCAN-02R-6f7239d1961a1e4d,104197,157,ACQSTATE-02R-896f06c2a7c231ec,recorded_v1_equivalence,INSTCFG-02R-d3a276575fd49dd8,recorded_verified_configuration_equivalence_only,monitor_controlled,LAT-02R-517a9644e4f59287,UB-02R-c7cdba07fed2dfd7,NORMEPOCH-02R-0001,filter_state;higher_order_suppression_state;attenuation_state;monochromator_reflection;analyzer_reflection;detector_hardware_identity;monitor_hardware_identity,monochromator_mosaic;analyzer_mosaic;unresolved_focusing_aperture_configuration_fields;other_unresolved_beam_path_configuration_fields,conditionally_supported,NORMCOMP-02R-26ed32e42105dda7,Metadata-only; no normalization; acquisition state is not hardware identity.
SCAN-02R-6fded6b51e0642a8,104238,198,ACQSTATE-02R-896f06c2a7c231ec,recorded_v1_equivalence,INSTCFG-02R-d3a276575fd49dd8,recorded_verified_configuration_equivalence_only,monitor_controlled,LAT-02R-517a9644e4f59287,UB-02R-c7cdba07fed2dfd7,NORMEPOCH-02R-0001,filter_state;higher_order_suppression_state;attenuation_state;monochromator_reflection;analyzer_reflection;detector_hardware_identity;monitor_hardware_identity,monochromator_mosaic;analyzer_mosaic;unresolved_focusing_aperture_configuration_fields;other_unresolved_beam_path_configuration_fields,conditionally_supported,NORMCOMP-02R-26ed32e42105dda7,Metadata-only; no normalization; acquisition state is not hardware identity.
SCAN-02R-7044f49c95edc115,104143,103,ACQSTATE-02R-763c392f103059d4,recorded_v1_equivalence,INSTCFG-02R-d3a276575fd49dd8,recorded_verified_configuration_equivalence_only,time_controlled,LAT-02R-517a9644e4f59287,UB-02R-c7cdba07fed2dfd7,NORMEPOCH-02R-0001,filter_state;higher_order_suppression_state;attenuation_state;monochromator_reflection;analyzer_reflection;detector_hardware_identity;monitor_hardware_identity,monochromator_mosaic;analyzer_mosaic;unresolved_focusing_aperture_configuration_fields;other_unresolved_beam_path_configuration_fields,conditionally_supported,NORMCOMP-02R-bc7c0a966a7cf80b,Metadata-only; no normalization; acquisition state is not hardware identity.
SCAN-02R-708cf4d83a29d78f,104239,199,ACQSTATE-02R-896f06c2a7c231ec,recorded_v1_equivalence,INSTCFG-02R-d3a276575fd49dd8,recorded_verified_configuration_equivalence_only,monitor_controlled,LAT-02R-517a9644e4f59287,UB-02R-c7cdba07fed2dfd7,NORMEPOCH-02R-0001,filter_state;higher_order_suppression_state;attenuation_state;monochromator_reflection;analyzer_reflection;detector_hardware_identity;monitor_hardware_identity,monochromator_mosaic;analyzer_mosaic;unresolved_focusing_aperture_configuration_fields;other_unresolved_beam_path_configuration_fields,conditionally_supported,NORMCOMP-02R-26ed32e42105dda7,Metadata-only; no normalization; acquisition state is not hardware identity.
SCAN-02R-7118d0dce593edea,104205,165,ACQSTATE-02R-896f06c2a7c231ec,recorded_v1_equivalence,INSTCFG-02R-d3a276575fd49dd8,recorded_verified_configuration_equivalence_only,monitor_controlled,LAT-02R-517a9644e4f59287,UB-02R-c7cdba07fed2dfd7,NORMEPOCH-02R-0001,filter_state;higher_order_suppression_state;attenuation_state;monochromator_reflection;analyzer_reflection;detector_hardware_identity;monitor_hardware_identity,monochromator_mosaic;analyzer_mosaic;unresolved_focusing_aperture_configuration_fields;other_unresolved_beam_path_configuration_fields,conditionally_supported,NORMCOMP-02R-26ed32e42105dda7,Metadata-only; no normalization; acquisition state is not hardware identity.
SCAN-02R-71f68f9554b93f6c,104046,6,ACQSTATE-02R-03c418e03bbff8ef,recorded_v1_equivalence,INSTCFG-02R-d3a276575fd49dd8,recorded_verified_configuration_equivalence_only,time_controlled,LAT-02R-ae4c74e47a033f66,UB-02R-397acad65dd9e384,NORMEPOCH-02R-0001,filter_state;higher_order_suppression_state;attenuation_state;monochromator_reflection;analyzer_reflection;detector_hardware_identity;monitor_hardware_identity,monochromator_mosaic;analyzer_mosaic;unresolved_focusing_aperture_configuration_fields;other_unresolved_beam_path_configuration_fields,conditionally_supported,NORMCOMP-02R-bc7c0a966a7cf80b,Metadata-only; no normalization; acquisition state is not hardware identity.
SCAN-02R-72904b63e5e6e883,104078,38,ACQSTATE-02R-53df6374615f09d5,recorded_v1_equivalence,INSTCFG-02R-d3a276575fd49dd8,recorded_verified_configuration_equivalence_only,time_controlled,LAT-02R-ae4c74e47a033f66,UB-02R-397acad65dd9e384,NORMEPOCH-02R-0001,filter_state;higher_order_suppression_state;attenuation_state;monochromator_reflection;analyzer_reflection;detector_hardware_identity;monitor_hardware_identity,monochromator_mosaic;analyzer_mosaic;unresolved_focusing_aperture_configuration_fields;other_unresolved_beam_path_configuration_fields,conditionally_supported,NORMCOMP-02R-bc7c0a966a7cf80b,Metadata-only; no normalization; acquisition state is not hardware identity.
SCAN-02R-731f452fb62a55bd,104098,58,ACQSTATE-02R-76ff5c324efb0d8a,recorded_v1_equivalence,INSTCFG-02R-d3a276575fd49dd8,recorded_verified_configuration_equivalence_only,monitor_controlled,LAT-02R-ae4c74e47a033f66,UB-02R-1d710a6baa059bbb,NORMEPOCH-02R-0001,filter_state;higher_order_suppression_state;attenuation_state;monochromator_reflection;analyzer_reflection;detector_hardware_identity;monitor_hardware_identity,monochromator_mosaic;analyzer_mosaic;unresolved_focusing_aperture_configuration_fields;other_unresolved_beam_path_configuration_fields,conditionally_supported,NORMCOMP-02R-26ed32e42105dda7,Metadata-only; no normalization; acquisition state is not hardware identity.
SCAN-02R-73adc0625f7869df,104185,145,ACQSTATE-02R-0fc7191ce8c954ce,recorded_v1_equivalence,INSTCFG-02R-d3a276575fd49dd8,recorded_verified_configuration_equivalence_only,monitor_controlled,LAT-02R-517a9644e4f59287,UB-02R-c7cdba07fed2dfd7,NORMEPOCH-02R-0001,filter_state;higher_order_suppression_state;attenuation_state;monochromator_reflection;analyzer_reflection;detector_hardware_identity;monitor_hardware_identity,monochromator_mosaic;analyzer_mosaic;unresolved_focusing_aperture_configuration_fields;other_unresolved_beam_path_configuration_fields,conditionally_supported,NORMCOMP-02R-26ed32e42105dda7,Metadata-only; no normalization; acquisition state is not hardware identity.
SCAN-02R-7493a417e6451013,104109,69,ACQSTATE-02R-d8bd77a44fe00800,recorded_v1_equivalence,INSTCFG-02R-d3a276575fd49dd8,recorded_verified_configuration_equivalence_only,time_controlled,LAT-02R-ae4c74e47a033f66,UB-02R-1d710a6baa059bbb,NORMEPOCH-02R-0001,filter_state;higher_order_suppression_state;attenuation_state;monochromator_reflection;analyzer_reflection;detector_hardware_identity;monitor_hardware_identity,monochromator_mosaic;analyzer_mosaic;unresolved_focusing_aperture_configuration_fields;other_unresolved_beam_path_configuration_fields,conditionally_supported,NORMCOMP-02R-bc7c0a966a7cf80b,Metadata-only; no normalization; acquisition state is not hardware identity.
SCAN-02R-74e2c66cfb23844c,104091,51,ACQSTATE-02R-76cbd914416780d4,recorded_v1_equivalence,INSTCFG-02R-d3a276575fd49dd8,recorded_verified_configuration_equivalence_only,time_controlled,LAT-02R-ae4c74e47a033f66,UB-02R-1d710a6baa059bbb,NORMEPOCH-02R-0001,filter_state;higher_order_suppression_state;attenuation_state;monochromator_reflection;analyzer_reflection;detector_hardware_identity;monitor_hardware_identity,monochromator_mosaic;analyzer_mosaic;unresolved_focusing_aperture_configuration_fields;other_unresolved_beam_path_configuration_fields,conditionally_supported,NORMCOMP-02R-bc7c0a966a7cf80b,Metadata-only; no normalization; acquisition state is not hardware identity.
SCAN-02R-75faa4a614a8f130,104215,175,ACQSTATE-02R-896f06c2a7c231ec,recorded_v1_equivalence,INSTCFG-02R-d3a276575fd49dd8,recorded_verified_configuration_equivalence_only,monitor_controlled,LAT-02R-517a9644e4f59287,UB-02R-c7cdba07fed2dfd7,NORMEPOCH-02R-0001,filter_state;higher_order_suppression_state;attenuation_state;monochromator_reflection;analyzer_reflection;detector_hardware_identity;monitor_hardware_identity,monochromator_mosaic;analyzer_mosaic;unresolved_focusing_aperture_configuration_fields;other_unresolved_beam_path_configuration_fields,conditionally_supported,NORMCOMP-02R-26ed32e42105dda7,Metadata-only; no normalization; acquisition state is not hardware identity.
SCAN-02R-762111064d108c6d,104154,114,ACQSTATE-02R-896f06c2a7c231ec,recorded_v1_equivalence,INSTCFG-02R-d3a276575fd49dd8,recorded_verified_configuration_equivalence_only,monitor_controlled,LAT-02R-517a9644e4f59287,UB-02R-c7cdba07fed2dfd7,NORMEPOCH-02R-0001,filter_state;higher_order_suppression_state;attenuation_state;monochromator_reflection;analyzer_reflection;detector_hardware_identity;monitor_hardware_identity,monochromator_mosaic;analyzer_mosaic;unresolved_focusing_aperture_configuration_fields;other_unresolved_beam_path_configuration_fields,conditionally_supported,NORMCOMP-02R-26ed32e42105dda7,Metadata-only; no normalization; acquisition state is not hardware identity.
SCAN-02R-76804d90690fee01,104130,90,ACQSTATE-02R-b89c4bffa1f47288,recorded_v1_equivalence,INSTCFG-02R-d3a276575fd49dd8,recorded_verified_configuration_equivalence_only,time_controlled,LAT-02R-517a9644e4f59287,UB-02R-c7cdba07fed2dfd7,NORMEPOCH-02R-0001,filter_state;higher_order_suppression_state;attenuation_state;monochromator_reflection;analyzer_reflection;detector_hardware_identity;monitor_hardware_identity,monochromator_mosaic;analyzer_mosaic;unresolved_focusing_aperture_configuration_fields;other_unresolved_beam_path_configuration_fields,conditionally_supported,NORMCOMP-02R-bc7c0a966a7cf80b,Metadata-only; no normalization; acquisition state is not hardware identity.
SCAN-02R-774f62fc1777bc6b,104101,61,ACQSTATE-02R-76ff5c324efb0d8a,recorded_v1_equivalence,INSTCFG-02R-d3a276575fd49dd8,recorded_verified_configuration_equivalence_only,monitor_controlled,LAT-02R-ae4c74e47a033f66,UB-02R-1d710a6baa059bbb,NORMEPOCH-02R-0001,filter_state;higher_order_suppression_state;attenuation_state;monochromator_reflection;analyzer_reflection;detector_hardware_identity;monitor_hardware_identity,monochromator_mosaic;analyzer_mosaic;unresolved_focusing_aperture_configuration_fields;other_unresolved_beam_path_configuration_fields,conditionally_supported,NORMCOMP-02R-26ed32e42105dda7,Metadata-only; no normalization; acquisition state is not hardware identity.
SCAN-02R-77b71bd09c7eb4b4,104204,164,ACQSTATE-02R-896f06c2a7c231ec,recorded_v1_equivalence,INSTCFG-02R-d3a276575fd49dd8,recorded_verified_configuration_equivalence_only,monitor_controlled,LAT-02R-517a9644e4f59287,UB-02R-c7cdba07fed2dfd7,NORMEPOCH-02R-0001,filter_state;higher_order_suppression_state;attenuation_state;monochromator_reflection;analyzer_reflection;detector_hardware_identity;monitor_hardware_identity,monochromator_mosaic;analyzer_mosaic;unresolved_focusing_aperture_configuration_fields;other_unresolved_beam_path_configuration_fields,conditionally_supported,NORMCOMP-02R-26ed32e42105dda7,Metadata-only; no normalization; acquisition state is not hardware identity.
SCAN-02R-78bcb97650a5c779,104057,17,ACQSTATE-02R-28209d72681aed75,recorded_v1_equivalence,INSTCFG-02R-d3a276575fd49dd8,recorded_verified_configuration_equivalence_only,time_controlled,LAT-02R-ae4c74e47a033f66,UB-02R-397acad65dd9e384,NORMEPOCH-02R-0001,filter_state;higher_order_suppression_state;attenuation_state;monochromator_reflection;analyzer_reflection;detector_hardware_identity;monitor_hardware_identity,monochromator_mosaic;analyzer_mosaic;unresolved_focusing_aperture_configuration_fields;other_unresolved_beam_path_configuration_fields,conditionally_supported,NORMCOMP-02R-bc7c0a966a7cf80b,Metadata-only; no normalization; acquisition state is not hardware identity.
SCAN-02R-79960ffd3b8a968b,104232,192,ACQSTATE-02R-896f06c2a7c231ec,recorded_v1_equivalence,INSTCFG-02R-d3a276575fd49dd8,recorded_verified_configuration_equivalence_only,monitor_controlled,LAT-02R-517a9644e4f59287,UB-02R-c7cdba07fed2dfd7,NORMEPOCH-02R-0001,filter_state;higher_order_suppression_state;attenuation_state;monochromator_reflection;analyzer_reflection;detector_hardware_identity;monitor_hardware_identity,monochromator_mosaic;analyzer_mosaic;unresolved_focusing_aperture_configuration_fields;other_unresolved_beam_path_configuration_fields,conditionally_supported,NORMCOMP-02R-26ed32e42105dda7,Metadata-only; no normalization; acquisition state is not hardware identity.
SCAN-02R-79e659b84aa4786d,104150,110,ACQSTATE-02R-896f06c2a7c231ec,recorded_v1_equivalence,INSTCFG-02R-d3a276575fd49dd8,recorded_verified_configuration_equivalence_only,monitor_controlled,LAT-02R-517a9644e4f59287,UB-02R-c7cdba07fed2dfd7,NORMEPOCH-02R-0001,filter_state;higher_order_suppression_state;attenuation_state;monochromator_reflection;analyzer_reflection;detector_hardware_identity;monitor_hardware_identity,monochromator_mosaic;analyzer_mosaic;unresolved_focusing_aperture_configuration_fields;other_unresolved_beam_path_configuration_fields,conditionally_supported,NORMCOMP-02R-26ed32e42105dda7,Metadata-only; no normalization; acquisition state is not hardware identity.
SCAN-02R-7a0b878c4f9bf5c8,104156,116,ACQSTATE-02R-896f06c2a7c231ec,recorded_v1_equivalence,INSTCFG-02R-d3a276575fd49dd8,recorded_verified_configuration_equivalence_only,monitor_controlled,LAT-02R-517a9644e4f59287,UB-02R-c7cdba07fed2dfd7,NORMEPOCH-02R-0001,filter_state;higher_order_suppression_state;attenuation_state;monochromator_reflection;analyzer_reflection;detector_hardware_identity;monitor_hardware_identity,monochromator_mosaic;analyzer_mosaic;unresolved_focusing_aperture_configuration_fields;other_unresolved_beam_path_configuration_fields,conditionally_supported,NORMCOMP-02R-26ed32e42105dda7,Metadata-only; no normalization; acquisition state is not hardware identity.
SCAN-02R-7acd4c14a0007418,104209,169,ACQSTATE-02R-896f06c2a7c231ec,recorded_v1_equivalence,INSTCFG-02R-d3a276575fd49dd8,recorded_verified_configuration_equivalence_only,monitor_controlled,LAT-02R-517a9644e4f59287,UB-02R-c7cdba07fed2dfd7,NORMEPOCH-02R-0001,filter_state;higher_order_suppression_state;attenuation_state;monochromator_reflection;analyzer_reflection;detector_hardware_identity;monitor_hardware_identity,monochromator_mosaic;analyzer_mosaic;unresolved_focusing_aperture_configuration_fields;other_unresolved_beam_path_configuration_fields,conditionally_supported,NORMCOMP-02R-26ed32e42105dda7,Metadata-only; no normalization; acquisition state is not hardware identity.
SCAN-02R-7bf9711c804eecbc,104122,82,ACQSTATE-02R-6adc9825d6f4cc64,recorded_v1_equivalence,INSTCFG-02R-d3a276575fd49dd8,recorded_verified_configuration_equivalence_only,time_controlled,LAT-02R-517a9644e4f59287,UB-02R-c7cdba07fed2dfd7,NORMEPOCH-02R-0001,filter_state;higher_order_suppression_state;attenuation_state;monochromator_reflection;analyzer_reflection;detector_hardware_identity;monitor_hardware_identity,monochromator_mosaic;analyzer_mosaic;unresolved_focusing_aperture_configuration_fields;other_unresolved_beam_path_configuration_fields,conditionally_supported,NORMCOMP-02R-bc7c0a966a7cf80b,Metadata-only; no normalization; acquisition state is not hardware identity.
SCAN-02R-7d946974f8e94f38,104116,76,ACQSTATE-02R-108dfc3a3c6afd9c,recorded_v1_equivalence,INSTCFG-02R-d3a276575fd49dd8,recorded_verified_configuration_equivalence_only,time_controlled,LAT-02R-ae4c74e47a033f66,UB-02R-1d710a6baa059bbb,NORMEPOCH-02R-0001,filter_state;higher_order_suppression_state;attenuation_state;monochromator_reflection;analyzer_reflection;detector_hardware_identity;monitor_hardware_identity,monochromator_mosaic;analyzer_mosaic;unresolved_focusing_aperture_configuration_fields;other_unresolved_beam_path_configuration_fields,conditionally_supported,NORMCOMP-02R-bc7c0a966a7cf80b,Metadata-only; no normalization; acquisition state is not hardware identity.
SCAN-02R-7fc5c872db142199,104214,174,ACQSTATE-02R-72bc31d155544226,recorded_v1_equivalence,INSTCFG-02R-d3a276575fd49dd8,recorded_verified_configuration_equivalence_only,monitor_controlled,LAT-02R-517a9644e4f59287,UB-02R-c7cdba07fed2dfd7,NORMEPOCH-02R-0001,filter_state;higher_order_suppression_state;attenuation_state;monochromator_reflection;analyzer_reflection;detector_hardware_identity;monitor_hardware_identity,monochromator_mosaic;analyzer_mosaic;unresolved_focusing_aperture_configuration_fields;other_unresolved_beam_path_configuration_fields,conditionally_supported,NORMCOMP-02R-26ed32e42105dda7,Metadata-only; no normalization; acquisition state is not hardware identity.
SCAN-02R-8345a5938afc1084,104235,195,ACQSTATE-02R-896f06c2a7c231ec,recorded_v1_equivalence,INSTCFG-02R-d3a276575fd49dd8,recorded_verified_configuration_equivalence_only,monitor_controlled,LAT-02R-517a9644e4f59287,UB-02R-c7cdba07fed2dfd7,NORMEPOCH-02R-0001,filter_state;higher_order_suppression_state;attenuation_state;monochromator_reflection;analyzer_reflection;detector_hardware_identity;monitor_hardware_identity,monochromator_mosaic;analyzer_mosaic;unresolved_focusing_aperture_configuration_fields;other_unresolved_beam_path_configuration_fields,conditionally_supported,NORMCOMP-02R-26ed32e42105dda7,Metadata-only; no normalization; acquisition state is not hardware identity.
SCAN-02R-84cb0b6150577fdc,104074,34,ACQSTATE-02R-c3afc250a187b5a4,recorded_v1_equivalence,INSTCFG-02R-d3a276575fd49dd8,recorded_verified_configuration_equivalence_only,time_controlled,LAT-02R-ae4c74e47a033f66,UB-02R-397acad65dd9e384,NORMEPOCH-02R-0001,filter_state;higher_order_suppression_state;attenuation_state;monochromator_reflection;analyzer_reflection;detector_hardware_identity;monitor_hardware_identity,monochromator_mosaic;analyzer_mosaic;unresolved_focusing_aperture_configuration_fields;other_unresolved_beam_path_configuration_fields,conditionally_supported,NORMCOMP-02R-bc7c0a966a7cf80b,Metadata-only; no normalization; acquisition state is not hardware identity.
SCAN-02R-8641a638f4880175,104099,59,ACQSTATE-02R-76ff5c324efb0d8a,recorded_v1_equivalence,INSTCFG-02R-d3a276575fd49dd8,recorded_verified_configuration_equivalence_only,monitor_controlled,LAT-02R-ae4c74e47a033f66,UB-02R-1d710a6baa059bbb,NORMEPOCH-02R-0001,filter_state;higher_order_suppression_state;attenuation_state;monochromator_reflection;analyzer_reflection;detector_hardware_identity;monitor_hardware_identity,monochromator_mosaic;analyzer_mosaic;unresolved_focusing_aperture_configuration_fields;other_unresolved_beam_path_configuration_fields,conditionally_supported,NORMCOMP-02R-26ed32e42105dda7,Metadata-only; no normalization; acquisition state is not hardware identity.
SCAN-02R-87a18bddebeb7046,104184,144,ACQSTATE-02R-72bc31d155544226,recorded_v1_equivalence,INSTCFG-02R-d3a276575fd49dd8,recorded_verified_configuration_equivalence_only,monitor_controlled,LAT-02R-517a9644e4f59287,UB-02R-c7cdba07fed2dfd7,NORMEPOCH-02R-0001,filter_state;higher_order_suppression_state;attenuation_state;monochromator_reflection;analyzer_reflection;detector_hardware_identity;monitor_hardware_identity,monochromator_mosaic;analyzer_mosaic;unresolved_focusing_aperture_configuration_fields;other_unresolved_beam_path_configuration_fields,conditionally_supported,NORMCOMP-02R-26ed32e42105dda7,Metadata-only; no normalization; acquisition state is not hardware identity.
SCAN-02R-87edbdf74d1e5fb1,104221,181,ACQSTATE-02R-896f06c2a7c231ec,recorded_v1_equivalence,INSTCFG-02R-d3a276575fd49dd8,recorded_verified_configuration_equivalence_only,monitor_controlled,LAT-02R-517a9644e4f59287,UB-02R-c7cdba07fed2dfd7,NORMEPOCH-02R-0001,filter_state;higher_order_suppression_state;attenuation_state;monochromator_reflection;analyzer_reflection;detector_hardware_identity;monitor_hardware_identity,monochromator_mosaic;analyzer_mosaic;unresolved_focusing_aperture_configuration_fields;other_unresolved_beam_path_configuration_fields,conditionally_supported,NORMCOMP-02R-26ed32e42105dda7,Metadata-only; no normalization; acquisition state is not hardware identity.
SCAN-02R-88b013f641209af6,104158,118,ACQSTATE-02R-896f06c2a7c231ec,recorded_v1_equivalence,INSTCFG-02R-d3a276575fd49dd8,recorded_verified_configuration_equivalence_only,monitor_controlled,LAT-02R-517a9644e4f59287,UB-02R-c7cdba07fed2dfd7,NORMEPOCH-02R-0001,filter_state;higher_order_suppression_state;attenuation_state;monochromator_reflection;analyzer_reflection;detector_hardware_identity;monitor_hardware_identity,monochromator_mosaic;analyzer_mosaic;unresolved_focusing_aperture_configuration_fields;other_unresolved_beam_path_configuration_fields,conditionally_supported,NORMCOMP-02R-26ed32e42105dda7,Metadata-only; no normalization; acquisition state is not hardware identity.
SCAN-02R-89614c0503a95275,104223,183,ACQSTATE-02R-896f06c2a7c231ec,recorded_v1_equivalence,INSTCFG-02R-d3a276575fd49dd8,recorded_verified_configuration_equivalence_only,monitor_controlled,LAT-02R-517a9644e4f59287,UB-02R-c7cdba07fed2dfd7,NORMEPOCH-02R-0001,filter_state;higher_order_suppression_state;attenuation_state;monochromator_reflection;analyzer_reflection;detector_hardware_identity;monitor_hardware_identity,monochromator_mosaic;analyzer_mosaic;unresolved_focusing_aperture_configuration_fields;other_unresolved_beam_path_configuration_fields,conditionally_supported,NORMCOMP-02R-26ed32e42105dda7,Metadata-only; no normalization; acquisition state is not hardware identity.
SCAN-02R-8c948345fe20cada,104067,27,ACQSTATE-02R-03c418e03bbff8ef,recorded_v1_equivalence,INSTCFG-02R-d3a276575fd49dd8,recorded_verified_configuration_equivalence_only,time_controlled,LAT-02R-ae4c74e47a033f66,UB-02R-397acad65dd9e384,NORMEPOCH-02R-0001,filter_state;higher_order_suppression_state;attenuation_state;monochromator_reflection;analyzer_reflection;detector_hardware_identity;monitor_hardware_identity,monochromator_mosaic;analyzer_mosaic;unresolved_focusing_aperture_configuration_fields;other_unresolved_beam_path_configuration_fields,conditionally_supported,NORMCOMP-02R-bc7c0a966a7cf80b,Metadata-only; no normalization; acquisition state is not hardware identity.
SCAN-02R-8c953d28ca426172,104065,25,ACQSTATE-02R-adba83e7b042797b,recorded_v1_equivalence,INSTCFG-02R-d3a276575fd49dd8,recorded_verified_configuration_equivalence_only,time_controlled,LAT-02R-ae4c74e47a033f66,UB-02R-397acad65dd9e384,NORMEPOCH-02R-0001,filter_state;higher_order_suppression_state;attenuation_state;monochromator_reflection;analyzer_reflection;detector_hardware_identity;monitor_hardware_identity,monochromator_mosaic;analyzer_mosaic;unresolved_focusing_aperture_configuration_fields;other_unresolved_beam_path_configuration_fields,conditionally_supported,NORMCOMP-02R-bc7c0a966a7cf80b,Metadata-only; no normalization; acquisition state is not hardware identity.
SCAN-02R-8ca6316615b8cbae,104093,53,ACQSTATE-02R-76ff5c324efb0d8a,recorded_v1_equivalence,INSTCFG-02R-d3a276575fd49dd8,recorded_verified_configuration_equivalence_only,monitor_controlled,LAT-02R-ae4c74e47a033f66,UB-02R-1d710a6baa059bbb,NORMEPOCH-02R-0001,filter_state;higher_order_suppression_state;attenuation_state;monochromator_reflection;analyzer_reflection;detector_hardware_identity;monitor_hardware_identity,monochromator_mosaic;analyzer_mosaic;unresolved_focusing_aperture_configuration_fields;other_unresolved_beam_path_configuration_fields,conditionally_supported,NORMCOMP-02R-26ed32e42105dda7,Metadata-only; no normalization; acquisition state is not hardware identity.
SCAN-02R-8dcd5041a8a4e044,104095,55,ACQSTATE-02R-76ff5c324efb0d8a,recorded_v1_equivalence,INSTCFG-02R-d3a276575fd49dd8,recorded_verified_configuration_equivalence_only,monitor_controlled,LAT-02R-ae4c74e47a033f66,UB-02R-1d710a6baa059bbb,NORMEPOCH-02R-0001,filter_state;higher_order_suppression_state;attenuation_state;monochromator_reflection;analyzer_reflection;detector_hardware_identity;monitor_hardware_identity,monochromator_mosaic;analyzer_mosaic;unresolved_focusing_aperture_configuration_fields;other_unresolved_beam_path_configuration_fields,conditionally_supported,NORMCOMP-02R-26ed32e42105dda7,Metadata-only; no normalization; acquisition state is not hardware identity.
SCAN-02R-8e62e3b1b9deee81,104217,177,ACQSTATE-02R-896f06c2a7c231ec,recorded_v1_equivalence,INSTCFG-02R-d3a276575fd49dd8,recorded_verified_configuration_equivalence_only,monitor_controlled,LAT-02R-517a9644e4f59287,UB-02R-c7cdba07fed2dfd7,NORMEPOCH-02R-0001,filter_state;higher_order_suppression_state;attenuation_state;monochromator_reflection;analyzer_reflection;detector_hardware_identity;monitor_hardware_identity,monochromator_mosaic;analyzer_mosaic;unresolved_focusing_aperture_configuration_fields;other_unresolved_beam_path_configuration_fields,conditionally_supported,NORMCOMP-02R-26ed32e42105dda7,Metadata-only; no normalization; acquisition state is not hardware identity.
SCAN-02R-8e9939a05c893131,104059,19,ACQSTATE-02R-28209d72681aed75,recorded_v1_equivalence,INSTCFG-02R-d3a276575fd49dd8,recorded_verified_configuration_equivalence_only,time_controlled,LAT-02R-ae4c74e47a033f66,UB-02R-397acad65dd9e384,NORMEPOCH-02R-0001,filter_state;higher_order_suppression_state;attenuation_state;monochromator_reflection;analyzer_reflection;detector_hardware_identity;monitor_hardware_identity,monochromator_mosaic;analyzer_mosaic;unresolved_focusing_aperture_configuration_fields;other_unresolved_beam_path_configuration_fields,conditionally_supported,NORMCOMP-02R-bc7c0a966a7cf80b,Metadata-only; no normalization; acquisition state is not hardware identity.
SCAN-02R-91de8f7a5ce6984b,104097,57,ACQSTATE-02R-76ff5c324efb0d8a,recorded_v1_equivalence,INSTCFG-02R-d3a276575fd49dd8,recorded_verified_configuration_equivalence_only,monitor_controlled,LAT-02R-ae4c74e47a033f66,UB-02R-1d710a6baa059bbb,NORMEPOCH-02R-0001,filter_state;higher_order_suppression_state;attenuation_state;monochromator_reflection;analyzer_reflection;detector_hardware_identity;monitor_hardware_identity,monochromator_mosaic;analyzer_mosaic;unresolved_focusing_aperture_configuration_fields;other_unresolved_beam_path_configuration_fields,conditionally_supported,NORMCOMP-02R-26ed32e42105dda7,Metadata-only; no normalization; acquisition state is not hardware identity.
SCAN-02R-91f840c137c7a43c,104211,171,ACQSTATE-02R-896f06c2a7c231ec,recorded_v1_equivalence,INSTCFG-02R-d3a276575fd49dd8,recorded_verified_configuration_equivalence_only,monitor_controlled,LAT-02R-517a9644e4f59287,UB-02R-c7cdba07fed2dfd7,NORMEPOCH-02R-0001,filter_state;higher_order_suppression_state;attenuation_state;monochromator_reflection;analyzer_reflection;detector_hardware_identity;monitor_hardware_identity,monochromator_mosaic;analyzer_mosaic;unresolved_focusing_aperture_configuration_fields;other_unresolved_beam_path_configuration_fields,conditionally_supported,NORMCOMP-02R-26ed32e42105dda7,Metadata-only; no normalization; acquisition state is not hardware identity.
SCAN-02R-920194e62af87181,104141,101,ACQSTATE-02R-763c392f103059d4,recorded_v1_equivalence,INSTCFG-02R-d3a276575fd49dd8,recorded_verified_configuration_equivalence_only,time_controlled,LAT-02R-517a9644e4f59287,UB-02R-c7cdba07fed2dfd7,NORMEPOCH-02R-0001,filter_state;higher_order_suppression_state;attenuation_state;monochromator_reflection;analyzer_reflection;detector_hardware_identity;monitor_hardware_identity,monochromator_mosaic;analyzer_mosaic;unresolved_focusing_aperture_configuration_fields;other_unresolved_beam_path_configuration_fields,conditionally_supported,NORMCOMP-02R-bc7c0a966a7cf80b,Metadata-only; no normalization; acquisition state is not hardware identity.
SCAN-02R-93657997ed968c54,104066,26,ACQSTATE-02R-c3afc250a187b5a4,recorded_v1_equivalence,INSTCFG-02R-d3a276575fd49dd8,recorded_verified_configuration_equivalence_only,time_controlled,LAT-02R-ae4c74e47a033f66,UB-02R-397acad65dd9e384,NORMEPOCH-02R-0001,filter_state;higher_order_suppression_state;attenuation_state;monochromator_reflection;analyzer_reflection;detector_hardware_identity;monitor_hardware_identity,monochromator_mosaic;analyzer_mosaic;unresolved_focusing_aperture_configuration_fields;other_unresolved_beam_path_configuration_fields,conditionally_supported,NORMCOMP-02R-bc7c0a966a7cf80b,Metadata-only; no normalization; acquisition state is not hardware identity.
SCAN-02R-936cf3ec1b1f48e0,104146,106,ACQSTATE-02R-b89c4bffa1f47288,recorded_v1_equivalence,INSTCFG-02R-d3a276575fd49dd8,recorded_verified_configuration_equivalence_only,time_controlled,LAT-02R-517a9644e4f59287,UB-02R-c7cdba07fed2dfd7,NORMEPOCH-02R-0001,filter_state;higher_order_suppression_state;attenuation_state;monochromator_reflection;analyzer_reflection;detector_hardware_identity;monitor_hardware_identity,monochromator_mosaic;analyzer_mosaic;unresolved_focusing_aperture_configuration_fields;other_unresolved_beam_path_configuration_fields,conditionally_supported,NORMCOMP-02R-bc7c0a966a7cf80b,Metadata-only; no normalization; acquisition state is not hardware identity.
SCAN-02R-94943265720dfbae,104120,80,ACQSTATE-02R-b89c4bffa1f47288,recorded_v1_equivalence,INSTCFG-02R-d3a276575fd49dd8,recorded_verified_configuration_equivalence_only,time_controlled,LAT-02R-517a9644e4f59287,UB-02R-c7cdba07fed2dfd7,NORMEPOCH-02R-0001,filter_state;higher_order_suppression_state;attenuation_state;monochromator_reflection;analyzer_reflection;detector_hardware_identity;monitor_hardware_identity,monochromator_mosaic;analyzer_mosaic;unresolved_focusing_aperture_configuration_fields;other_unresolved_beam_path_configuration_fields,conditionally_supported,NORMCOMP-02R-bc7c0a966a7cf80b,Metadata-only; no normalization; acquisition state is not hardware identity.
SCAN-02R-957a8834d758202b,104234,194,ACQSTATE-02R-896f06c2a7c231ec,recorded_v1_equivalence,INSTCFG-02R-d3a276575fd49dd8,recorded_verified_configuration_equivalence_only,monitor_controlled,LAT-02R-517a9644e4f59287,UB-02R-c7cdba07fed2dfd7,NORMEPOCH-02R-0001,filter_state;higher_order_suppression_state;attenuation_state;monochromator_reflection;analyzer_reflection;detector_hardware_identity;monitor_hardware_identity,monochromator_mosaic;analyzer_mosaic;unresolved_focusing_aperture_configuration_fields;other_unresolved_beam_path_configuration_fields,conditionally_supported,NORMCOMP-02R-26ed32e42105dda7,Metadata-only; no normalization; acquisition state is not hardware identity.
SCAN-02R-95f55247c2e05782,104051,11,ACQSTATE-02R-28209d72681aed75,recorded_v1_equivalence,INSTCFG-02R-d3a276575fd49dd8,recorded_verified_configuration_equivalence_only,time_controlled,LAT-02R-ae4c74e47a033f66,UB-02R-397acad65dd9e384,NORMEPOCH-02R-0001,filter_state;higher_order_suppression_state;attenuation_state;monochromator_reflection;analyzer_reflection;detector_hardware_identity;monitor_hardware_identity,monochromator_mosaic;analyzer_mosaic;unresolved_focusing_aperture_configuration_fields;other_unresolved_beam_path_configuration_fields,conditionally_supported,NORMCOMP-02R-bc7c0a966a7cf80b,Metadata-only; no normalization; acquisition state is not hardware identity.
SCAN-02R-a0737ac6a3eb4604,104180,140,ACQSTATE-02R-72bc31d155544226,recorded_v1_equivalence,INSTCFG-02R-d3a276575fd49dd8,recorded_verified_configuration_equivalence_only,monitor_controlled,LAT-02R-517a9644e4f59287,UB-02R-c7cdba07fed2dfd7,NORMEPOCH-02R-0001,filter_state;higher_order_suppression_state;attenuation_state;monochromator_reflection;analyzer_reflection;detector_hardware_identity;monitor_hardware_identity,monochromator_mosaic;analyzer_mosaic;unresolved_focusing_aperture_configuration_fields;other_unresolved_beam_path_configuration_fields,conditionally_supported,NORMCOMP-02R-26ed32e42105dda7,Metadata-only; no normalization; acquisition state is not hardware identity.
SCAN-02R-a1d82bdc331e2df4,104203,163,ACQSTATE-02R-896f06c2a7c231ec,recorded_v1_equivalence,INSTCFG-02R-d3a276575fd49dd8,recorded_verified_configuration_equivalence_only,monitor_controlled,LAT-02R-517a9644e4f59287,UB-02R-c7cdba07fed2dfd7,NORMEPOCH-02R-0001,filter_state;higher_order_suppression_state;attenuation_state;monochromator_reflection;analyzer_reflection;detector_hardware_identity;monitor_hardware_identity,monochromator_mosaic;analyzer_mosaic;unresolved_focusing_aperture_configuration_fields;other_unresolved_beam_path_configuration_fields,conditionally_supported,NORMCOMP-02R-26ed32e42105dda7,Metadata-only; no normalization; acquisition state is not hardware identity.
SCAN-02R-a37edad191409e00,104070,30,ACQSTATE-02R-c3afc250a187b5a4,recorded_v1_equivalence,INSTCFG-02R-d3a276575fd49dd8,recorded_verified_configuration_equivalence_only,time_controlled,LAT-02R-ae4c74e47a033f66,UB-02R-397acad65dd9e384,NORMEPOCH-02R-0001,filter_state;higher_order_suppression_state;attenuation_state;monochromator_reflection;analyzer_reflection;detector_hardware_identity;monitor_hardware_identity,monochromator_mosaic;analyzer_mosaic;unresolved_focusing_aperture_configuration_fields;other_unresolved_beam_path_configuration_fields,conditionally_supported,NORMCOMP-02R-bc7c0a966a7cf80b,Metadata-only; no normalization; acquisition state is not hardware identity.
SCAN-02R-a4d537ac569af0ba,104058,18,ACQSTATE-02R-28209d72681aed75,recorded_v1_equivalence,INSTCFG-02R-d3a276575fd49dd8,recorded_verified_configuration_equivalence_only,time_controlled,LAT-02R-ae4c74e47a033f66,UB-02R-397acad65dd9e384,NORMEPOCH-02R-0001,filter_state;higher_order_suppression_state;attenuation_state;monochromator_reflection;analyzer_reflection;detector_hardware_identity;monitor_hardware_identity,monochromator_mosaic;analyzer_mosaic;unresolved_focusing_aperture_configuration_fields;other_unresolved_beam_path_configuration_fields,conditionally_supported,NORMCOMP-02R-bc7c0a966a7cf80b,Metadata-only; no normalization; acquisition state is not hardware identity.
SCAN-02R-a59dc960ac5aa7de,104060,20,ACQSTATE-02R-08c77f1cdd894d24,recorded_v1_equivalence,INSTCFG-02R-d3a276575fd49dd8,recorded_verified_configuration_equivalence_only,time_controlled,LAT-02R-ae4c74e47a033f66,UB-02R-397acad65dd9e384,NORMEPOCH-02R-0001,filter_state;higher_order_suppression_state;attenuation_state;monochromator_reflection;analyzer_reflection;detector_hardware_identity;monitor_hardware_identity,monochromator_mosaic;analyzer_mosaic;unresolved_focusing_aperture_configuration_fields;other_unresolved_beam_path_configuration_fields,conditionally_supported,NORMCOMP-02R-bc7c0a966a7cf80b,Metadata-only; no normalization; acquisition state is not hardware identity.
SCAN-02R-a88a59b9d2315a05,104164,124,ACQSTATE-02R-896f06c2a7c231ec,recorded_v1_equivalence,INSTCFG-02R-d3a276575fd49dd8,recorded_verified_configuration_equivalence_only,monitor_controlled,LAT-02R-517a9644e4f59287,UB-02R-c7cdba07fed2dfd7,NORMEPOCH-02R-0001,filter_state;higher_order_suppression_state;attenuation_state;monochromator_reflection;analyzer_reflection;detector_hardware_identity;monitor_hardware_identity,monochromator_mosaic;analyzer_mosaic;unresolved_focusing_aperture_configuration_fields;other_unresolved_beam_path_configuration_fields,conditionally_supported,NORMCOMP-02R-26ed32e42105dda7,Metadata-only; no normalization; acquisition state is not hardware identity.
SCAN-02R-a9a9857e0e5183b2,104110,70,ACQSTATE-02R-76dbf689e6cbf1b2,recorded_v1_equivalence,INSTCFG-02R-d3a276575fd49dd8,recorded_verified_configuration_equivalence_only,time_controlled,LAT-02R-ae4c74e47a033f66,UB-02R-1d710a6baa059bbb,NORMEPOCH-02R-0001,filter_state;higher_order_suppression_state;attenuation_state;monochromator_reflection;analyzer_reflection;detector_hardware_identity;monitor_hardware_identity,monochromator_mosaic;analyzer_mosaic;unresolved_focusing_aperture_configuration_fields;other_unresolved_beam_path_configuration_fields,conditionally_supported,NORMCOMP-02R-bc7c0a966a7cf80b,Metadata-only; no normalization; acquisition state is not hardware identity.
SCAN-02R-abcd8030795bc9cb,104200,160,ACQSTATE-02R-896f06c2a7c231ec,recorded_v1_equivalence,INSTCFG-02R-d3a276575fd49dd8,recorded_verified_configuration_equivalence_only,monitor_controlled,LAT-02R-517a9644e4f59287,UB-02R-c7cdba07fed2dfd7,NORMEPOCH-02R-0001,filter_state;higher_order_suppression_state;attenuation_state;monochromator_reflection;analyzer_reflection;detector_hardware_identity;monitor_hardware_identity,monochromator_mosaic;analyzer_mosaic;unresolved_focusing_aperture_configuration_fields;other_unresolved_beam_path_configuration_fields,conditionally_supported,NORMCOMP-02R-26ed32e42105dda7,Metadata-only; no normalization; acquisition state is not hardware identity.
SCAN-02R-ae86f327e3ed5623,104230,190,ACQSTATE-02R-896f06c2a7c231ec,recorded_v1_equivalence,INSTCFG-02R-d3a276575fd49dd8,recorded_verified_configuration_equivalence_only,monitor_controlled,LAT-02R-517a9644e4f59287,UB-02R-c7cdba07fed2dfd7,NORMEPOCH-02R-0001,filter_state;higher_order_suppression_state;attenuation_state;monochromator_reflection;analyzer_reflection;detector_hardware_identity;monitor_hardware_identity,monochromator_mosaic;analyzer_mosaic;unresolved_focusing_aperture_configuration_fields;other_unresolved_beam_path_configuration_fields,conditionally_supported,NORMCOMP-02R-26ed32e42105dda7,Metadata-only; no normalization; acquisition state is not hardware identity.
SCAN-02R-af1610dac9676d6c,104111,71,ACQSTATE-02R-76dbf689e6cbf1b2,recorded_v1_equivalence,INSTCFG-02R-d3a276575fd49dd8,recorded_verified_configuration_equivalence_only,time_controlled,LAT-02R-ae4c74e47a033f66,UB-02R-1d710a6baa059bbb,NORMEPOCH-02R-0001,filter_state;higher_order_suppression_state;attenuation_state;monochromator_reflection;analyzer_reflection;detector_hardware_identity;monitor_hardware_identity,monochromator_mosaic;analyzer_mosaic;unresolved_focusing_aperture_configuration_fields;other_unresolved_beam_path_configuration_fields,conditionally_supported,NORMCOMP-02R-bc7c0a966a7cf80b,Metadata-only; no normalization; acquisition state is not hardware identity.
SCAN-02R-b14e49e20117cb08,104228,188,ACQSTATE-02R-896f06c2a7c231ec,recorded_v1_equivalence,INSTCFG-02R-d3a276575fd49dd8,recorded_verified_configuration_equivalence_only,monitor_controlled,LAT-02R-517a9644e4f59287,UB-02R-c7cdba07fed2dfd7,NORMEPOCH-02R-0001,filter_state;higher_order_suppression_state;attenuation_state;monochromator_reflection;analyzer_reflection;detector_hardware_identity;monitor_hardware_identity,monochromator_mosaic;analyzer_mosaic;unresolved_focusing_aperture_configuration_fields;other_unresolved_beam_path_configuration_fields,conditionally_supported,NORMCOMP-02R-26ed32e42105dda7,Metadata-only; no normalization; acquisition state is not hardware identity.
SCAN-02R-b30351ae2c4fc24c,104126,86,ACQSTATE-02R-b89c4bffa1f47288,recorded_v1_equivalence,INSTCFG-02R-d3a276575fd49dd8,recorded_verified_configuration_equivalence_only,time_controlled,LAT-02R-517a9644e4f59287,UB-02R-c7cdba07fed2dfd7,NORMEPOCH-02R-0001,filter_state;higher_order_suppression_state;attenuation_state;monochromator_reflection;analyzer_reflection;detector_hardware_identity;monitor_hardware_identity,monochromator_mosaic;analyzer_mosaic;unresolved_focusing_aperture_configuration_fields;other_unresolved_beam_path_configuration_fields,conditionally_supported,NORMCOMP-02R-bc7c0a966a7cf80b,Metadata-only; no normalization; acquisition state is not hardware identity.
SCAN-02R-b654b4eb1ebe23d6,104186,146,ACQSTATE-02R-26af9d97fec840cb,recorded_v1_equivalence,INSTCFG-02R-d3a276575fd49dd8,recorded_verified_configuration_equivalence_only,monitor_controlled,LAT-02R-517a9644e4f59287,UB-02R-c7cdba07fed2dfd7,NORMEPOCH-02R-0001,filter_state;higher_order_suppression_state;attenuation_state;monochromator_reflection;analyzer_reflection;detector_hardware_identity;monitor_hardware_identity,monochromator_mosaic;analyzer_mosaic;unresolved_focusing_aperture_configuration_fields;other_unresolved_beam_path_configuration_fields,conditionally_supported,NORMCOMP-02R-26ed32e42105dda7,Metadata-only; no normalization; acquisition state is not hardware identity.
SCAN-02R-b704f6a14f738619,104168,128,ACQSTATE-02R-896f06c2a7c231ec,recorded_v1_equivalence,INSTCFG-02R-d3a276575fd49dd8,recorded_verified_configuration_equivalence_only,monitor_controlled,LAT-02R-517a9644e4f59287,UB-02R-c7cdba07fed2dfd7,NORMEPOCH-02R-0001,filter_state;higher_order_suppression_state;attenuation_state;monochromator_reflection;analyzer_reflection;detector_hardware_identity;monitor_hardware_identity,monochromator_mosaic;analyzer_mosaic;unresolved_focusing_aperture_configuration_fields;other_unresolved_beam_path_configuration_fields,conditionally_supported,NORMCOMP-02R-26ed32e42105dda7,Metadata-only; no normalization; acquisition state is not hardware identity.
SCAN-02R-baae22000a534323,104207,167,ACQSTATE-02R-896f06c2a7c231ec,recorded_v1_equivalence,INSTCFG-02R-d3a276575fd49dd8,recorded_verified_configuration_equivalence_only,monitor_controlled,LAT-02R-517a9644e4f59287,UB-02R-c7cdba07fed2dfd7,NORMEPOCH-02R-0001,filter_state;higher_order_suppression_state;attenuation_state;monochromator_reflection;analyzer_reflection;detector_hardware_identity;monitor_hardware_identity,monochromator_mosaic;analyzer_mosaic;unresolved_focusing_aperture_configuration_fields;other_unresolved_beam_path_configuration_fields,conditionally_supported,NORMCOMP-02R-26ed32e42105dda7,Metadata-only; no normalization; acquisition state is not hardware identity.
SCAN-02R-bc0f4f0c3548d67f,104104,64,ACQSTATE-02R-76dbf689e6cbf1b2,recorded_v1_equivalence,INSTCFG-02R-d3a276575fd49dd8,recorded_verified_configuration_equivalence_only,time_controlled,LAT-02R-ae4c74e47a033f66,UB-02R-1d710a6baa059bbb,NORMEPOCH-02R-0001,filter_state;higher_order_suppression_state;attenuation_state;monochromator_reflection;analyzer_reflection;detector_hardware_identity;monitor_hardware_identity,monochromator_mosaic;analyzer_mosaic;unresolved_focusing_aperture_configuration_fields;other_unresolved_beam_path_configuration_fields,conditionally_supported,NORMCOMP-02R-bc7c0a966a7cf80b,Metadata-only; no normalization; acquisition state is not hardware identity.
SCAN-02R-c09396a290b0d6b2,104127,87,ACQSTATE-02R-b89c4bffa1f47288,recorded_v1_equivalence,INSTCFG-02R-d3a276575fd49dd8,recorded_verified_configuration_equivalence_only,time_controlled,LAT-02R-517a9644e4f59287,UB-02R-c7cdba07fed2dfd7,NORMEPOCH-02R-0001,filter_state;higher_order_suppression_state;attenuation_state;monochromator_reflection;analyzer_reflection;detector_hardware_identity;monitor_hardware_identity,monochromator_mosaic;analyzer_mosaic;unresolved_focusing_aperture_configuration_fields;other_unresolved_beam_path_configuration_fields,conditionally_supported,NORMCOMP-02R-bc7c0a966a7cf80b,Metadata-only; no normalization; acquisition state is not hardware identity.
SCAN-02R-c0c9b8b4b3c0d88f,104192,152,ACQSTATE-02R-1bcac31a192a56d2,recorded_v1_equivalence,INSTCFG-02R-d3a276575fd49dd8,recorded_verified_configuration_equivalence_only,monitor_controlled,LAT-02R-517a9644e4f59287,UB-02R-c7cdba07fed2dfd7,NORMEPOCH-02R-0001,filter_state;higher_order_suppression_state;attenuation_state;monochromator_reflection;analyzer_reflection;detector_hardware_identity;monitor_hardware_identity,monochromator_mosaic;analyzer_mosaic;unresolved_focusing_aperture_configuration_fields;other_unresolved_beam_path_configuration_fields,conditionally_supported,NORMCOMP-02R-26ed32e42105dda7,Metadata-only; no normalization; acquisition state is not hardware identity.
SCAN-02R-c18c53ef408b1d89,104083,43,ACQSTATE-02R-c0eac91ee4e36a39,recorded_v1_equivalence,INSTCFG-02R-d3a276575fd49dd8,recorded_verified_configuration_equivalence_only,time_controlled,LAT-02R-ae4c74e47a033f66,UB-02R-1d710a6baa059bbb,NORMEPOCH-02R-0001,filter_state;higher_order_suppression_state;attenuation_state;monochromator_reflection;analyzer_reflection;detector_hardware_identity;monitor_hardware_identity,monochromator_mosaic;analyzer_mosaic;unresolved_focusing_aperture_configuration_fields;other_unresolved_beam_path_configuration_fields,conditionally_supported,NORMCOMP-02R-bc7c0a966a7cf80b,Metadata-only; no normalization; acquisition state is not hardware identity.
SCAN-02R-c3dcce6e5bc72678,104179,139,ACQSTATE-02R-896f06c2a7c231ec,recorded_v1_equivalence,INSTCFG-02R-d3a276575fd49dd8,recorded_verified_configuration_equivalence_only,monitor_controlled,LAT-02R-517a9644e4f59287,UB-02R-c7cdba07fed2dfd7,NORMEPOCH-02R-0001,filter_state;higher_order_suppression_state;attenuation_state;monochromator_reflection;analyzer_reflection;detector_hardware_identity;monitor_hardware_identity,monochromator_mosaic;analyzer_mosaic;unresolved_focusing_aperture_configuration_fields;other_unresolved_beam_path_configuration_fields,conditionally_supported,NORMCOMP-02R-26ed32e42105dda7,Metadata-only; no normalization; acquisition state is not hardware identity.
SCAN-02R-c5843105fb81b54c,104220,180,ACQSTATE-02R-896f06c2a7c231ec,recorded_v1_equivalence,INSTCFG-02R-d3a276575fd49dd8,recorded_verified_configuration_equivalence_only,monitor_controlled,LAT-02R-517a9644e4f59287,UB-02R-c7cdba07fed2dfd7,NORMEPOCH-02R-0001,filter_state;higher_order_suppression_state;attenuation_state;monochromator_reflection;analyzer_reflection;detector_hardware_identity;monitor_hardware_identity,monochromator_mosaic;analyzer_mosaic;unresolved_focusing_aperture_configuration_fields;other_unresolved_beam_path_configuration_fields,conditionally_supported,NORMCOMP-02R-26ed32e42105dda7,Metadata-only; no normalization; acquisition state is not hardware identity.
SCAN-02R-c676d8c64735e535,104160,120,ACQSTATE-02R-896f06c2a7c231ec,recorded_v1_equivalence,INSTCFG-02R-d3a276575fd49dd8,recorded_verified_configuration_equivalence_only,monitor_controlled,LAT-02R-517a9644e4f59287,UB-02R-c7cdba07fed2dfd7,NORMEPOCH-02R-0001,filter_state;higher_order_suppression_state;attenuation_state;monochromator_reflection;analyzer_reflection;detector_hardware_identity;monitor_hardware_identity,monochromator_mosaic;analyzer_mosaic;unresolved_focusing_aperture_configuration_fields;other_unresolved_beam_path_configuration_fields,conditionally_supported,NORMCOMP-02R-26ed32e42105dda7,Metadata-only; no normalization; acquisition state is not hardware identity.
SCAN-02R-c74434b3ed5fc9b8,104233,193,ACQSTATE-02R-896f06c2a7c231ec,recorded_v1_equivalence,INSTCFG-02R-d3a276575fd49dd8,recorded_verified_configuration_equivalence_only,monitor_controlled,LAT-02R-517a9644e4f59287,UB-02R-c7cdba07fed2dfd7,NORMEPOCH-02R-0001,filter_state;higher_order_suppression_state;attenuation_state;monochromator_reflection;analyzer_reflection;detector_hardware_identity;monitor_hardware_identity,monochromator_mosaic;analyzer_mosaic;unresolved_focusing_aperture_configuration_fields;other_unresolved_beam_path_configuration_fields,conditionally_supported,NORMCOMP-02R-26ed32e42105dda7,Metadata-only; no normalization; acquisition state is not hardware identity.
SCAN-02R-c74d6df747d6fccd,104189,149,ACQSTATE-02R-546c4f5ed876d928,recorded_v1_equivalence,INSTCFG-02R-d3a276575fd49dd8,recorded_verified_configuration_equivalence_only,monitor_controlled,LAT-02R-517a9644e4f59287,UB-02R-c7cdba07fed2dfd7,NORMEPOCH-02R-0001,filter_state;higher_order_suppression_state;attenuation_state;monochromator_reflection;analyzer_reflection;detector_hardware_identity;monitor_hardware_identity,monochromator_mosaic;analyzer_mosaic;unresolved_focusing_aperture_configuration_fields;other_unresolved_beam_path_configuration_fields,conditionally_supported,NORMCOMP-02R-26ed32e42105dda7,Metadata-only; no normalization; acquisition state is not hardware identity.
SCAN-02R-c7a73b4824a01210,104173,133,ACQSTATE-02R-896f06c2a7c231ec,recorded_v1_equivalence,INSTCFG-02R-d3a276575fd49dd8,recorded_verified_configuration_equivalence_only,monitor_controlled,LAT-02R-517a9644e4f59287,UB-02R-c7cdba07fed2dfd7,NORMEPOCH-02R-0001,filter_state;higher_order_suppression_state;attenuation_state;monochromator_reflection;analyzer_reflection;detector_hardware_identity;monitor_hardware_identity,monochromator_mosaic;analyzer_mosaic;unresolved_focusing_aperture_configuration_fields;other_unresolved_beam_path_configuration_fields,conditionally_supported,NORMCOMP-02R-26ed32e42105dda7,Metadata-only; no normalization; acquisition state is not hardware identity.
SCAN-02R-c8f01d8d90de0c04,104194,154,ACQSTATE-02R-72bc31d155544226,recorded_v1_equivalence,INSTCFG-02R-d3a276575fd49dd8,recorded_verified_configuration_equivalence_only,monitor_controlled,LAT-02R-517a9644e4f59287,UB-02R-c7cdba07fed2dfd7,NORMEPOCH-02R-0001,filter_state;higher_order_suppression_state;attenuation_state;monochromator_reflection;analyzer_reflection;detector_hardware_identity;monitor_hardware_identity,monochromator_mosaic;analyzer_mosaic;unresolved_focusing_aperture_configuration_fields;other_unresolved_beam_path_configuration_fields,conditionally_supported,NORMCOMP-02R-26ed32e42105dda7,Metadata-only; no normalization; acquisition state is not hardware identity.
SCAN-02R-c949f2ba4994924e,104044,4,ACQSTATE-02R-03c418e03bbff8ef,recorded_v1_equivalence,INSTCFG-02R-d3a276575fd49dd8,recorded_verified_configuration_equivalence_only,time_controlled,LAT-02R-ae4c74e47a033f66,UB-02R-397acad65dd9e384,NORMEPOCH-02R-0001,filter_state;higher_order_suppression_state;attenuation_state;monochromator_reflection;analyzer_reflection;detector_hardware_identity;monitor_hardware_identity,monochromator_mosaic;analyzer_mosaic;unresolved_focusing_aperture_configuration_fields;other_unresolved_beam_path_configuration_fields,conditionally_supported,NORMCOMP-02R-bc7c0a966a7cf80b,Metadata-only; no normalization; acquisition state is not hardware identity.
SCAN-02R-cb3c11e0b8e28580,104050,10,ACQSTATE-02R-99416886f2a6708c,recorded_v1_equivalence,INSTCFG-02R-d3a276575fd49dd8,recorded_verified_configuration_equivalence_only,time_controlled,LAT-02R-ae4c74e47a033f66,UB-02R-397acad65dd9e384,NORMEPOCH-02R-0001,filter_state;higher_order_suppression_state;attenuation_state;monochromator_reflection;analyzer_reflection;detector_hardware_identity;monitor_hardware_identity,monochromator_mosaic;analyzer_mosaic;unresolved_focusing_aperture_configuration_fields;other_unresolved_beam_path_configuration_fields,conditionally_supported,NORMCOMP-02R-bc7c0a966a7cf80b,Metadata-only; no normalization; acquisition state is not hardware identity.
SCAN-02R-cb5dd7445a99bc3a,104084,44,ACQSTATE-02R-529ef1e7aa3e8091,recorded_v1_equivalence,INSTCFG-02R-d3a276575fd49dd8,recorded_verified_configuration_equivalence_only,time_controlled,LAT-02R-ae4c74e47a033f66,UB-02R-1d710a6baa059bbb,NORMEPOCH-02R-0001,filter_state;higher_order_suppression_state;attenuation_state;monochromator_reflection;analyzer_reflection;detector_hardware_identity;monitor_hardware_identity,monochromator_mosaic;analyzer_mosaic;unresolved_focusing_aperture_configuration_fields;other_unresolved_beam_path_configuration_fields,conditionally_supported,NORMCOMP-02R-bc7c0a966a7cf80b,Metadata-only; no normalization; acquisition state is not hardware identity.
SCAN-02R-ccdf6f79b6e3b5fc,104056,16,ACQSTATE-02R-28209d72681aed75,recorded_v1_equivalence,INSTCFG-02R-d3a276575fd49dd8,recorded_verified_configuration_equivalence_only,time_controlled,LAT-02R-ae4c74e47a033f66,UB-02R-397acad65dd9e384,NORMEPOCH-02R-0001,filter_state;higher_order_suppression_state;attenuation_state;monochromator_reflection;analyzer_reflection;detector_hardware_identity;monitor_hardware_identity,monochromator_mosaic;analyzer_mosaic;unresolved_focusing_aperture_configuration_fields;other_unresolved_beam_path_configuration_fields,conditionally_supported,NORMCOMP-02R-bc7c0a966a7cf80b,Metadata-only; no normalization; acquisition state is not hardware identity.
SCAN-02R-cfcdc3a373b26fb0,104136,96,ACQSTATE-02R-9ab3f10f56634512,recorded_v1_equivalence,INSTCFG-02R-d3a276575fd49dd8,recorded_verified_configuration_equivalence_only,time_controlled,LAT-02R-517a9644e4f59287,UB-02R-c7cdba07fed2dfd7,NORMEPOCH-02R-0001,filter_state;higher_order_suppression_state;attenuation_state;monochromator_reflection;analyzer_reflection;detector_hardware_identity;monitor_hardware_identity,monochromator_mosaic;analyzer_mosaic;unresolved_focusing_aperture_configuration_fields;other_unresolved_beam_path_configuration_fields,conditionally_supported,NORMCOMP-02R-bc7c0a966a7cf80b,Metadata-only; no normalization; acquisition state is not hardware identity.
SCAN-02R-d24a90ed870ef8e6,104077,37,ACQSTATE-02R-c3afc250a187b5a4,recorded_v1_equivalence,INSTCFG-02R-d3a276575fd49dd8,recorded_verified_configuration_equivalence_only,time_controlled,LAT-02R-ae4c74e47a033f66,UB-02R-397acad65dd9e384,NORMEPOCH-02R-0001,filter_state;higher_order_suppression_state;attenuation_state;monochromator_reflection;analyzer_reflection;detector_hardware_identity;monitor_hardware_identity,monochromator_mosaic;analyzer_mosaic;unresolved_focusing_aperture_configuration_fields;other_unresolved_beam_path_configuration_fields,conditionally_supported,NORMCOMP-02R-bc7c0a966a7cf80b,Metadata-only; no normalization; acquisition state is not hardware identity.
SCAN-02R-d2b7e9ee069bd20e,104153,113,ACQSTATE-02R-896f06c2a7c231ec,recorded_v1_equivalence,INSTCFG-02R-d3a276575fd49dd8,recorded_verified_configuration_equivalence_only,monitor_controlled,LAT-02R-517a9644e4f59287,UB-02R-c7cdba07fed2dfd7,NORMEPOCH-02R-0001,filter_state;higher_order_suppression_state;attenuation_state;monochromator_reflection;analyzer_reflection;detector_hardware_identity;monitor_hardware_identity,monochromator_mosaic;analyzer_mosaic;unresolved_focusing_aperture_configuration_fields;other_unresolved_beam_path_configuration_fields,conditionally_supported,NORMCOMP-02R-26ed32e42105dda7,Metadata-only; no normalization; acquisition state is not hardware identity.
SCAN-02R-d453265e40ec7542,104092,52,ACQSTATE-02R-c0eac91ee4e36a39,recorded_v1_equivalence,INSTCFG-02R-d3a276575fd49dd8,recorded_verified_configuration_equivalence_only,time_controlled,LAT-02R-ae4c74e47a033f66,UB-02R-1d710a6baa059bbb,NORMEPOCH-02R-0001,filter_state;higher_order_suppression_state;attenuation_state;monochromator_reflection;analyzer_reflection;detector_hardware_identity;monitor_hardware_identity,monochromator_mosaic;analyzer_mosaic;unresolved_focusing_aperture_configuration_fields;other_unresolved_beam_path_configuration_fields,conditionally_supported,NORMCOMP-02R-bc7c0a966a7cf80b,Metadata-only; no normalization; acquisition state is not hardware identity.
SCAN-02R-d4d684343e0d7d6c,104068,28,ACQSTATE-02R-53df6374615f09d5,recorded_v1_equivalence,INSTCFG-02R-d3a276575fd49dd8,recorded_verified_configuration_equivalence_only,time_controlled,LAT-02R-ae4c74e47a033f66,UB-02R-397acad65dd9e384,NORMEPOCH-02R-0001,filter_state;higher_order_suppression_state;attenuation_state;monochromator_reflection;analyzer_reflection;detector_hardware_identity;monitor_hardware_identity,monochromator_mosaic;analyzer_mosaic;unresolved_focusing_aperture_configuration_fields;other_unresolved_beam_path_configuration_fields,conditionally_supported,NORMCOMP-02R-bc7c0a966a7cf80b,Metadata-only; no normalization; acquisition state is not hardware identity.
SCAN-02R-d5e00829a2a54fb6,104081,41,ACQSTATE-02R-c0eac91ee4e36a39,recorded_v1_equivalence,INSTCFG-02R-d3a276575fd49dd8,recorded_verified_configuration_equivalence_only,time_controlled,LAT-02R-ae4c74e47a033f66,UB-02R-1d710a6baa059bbb,NORMEPOCH-02R-0001,filter_state;higher_order_suppression_state;attenuation_state;monochromator_reflection;analyzer_reflection;detector_hardware_identity;monitor_hardware_identity,monochromator_mosaic;analyzer_mosaic;unresolved_focusing_aperture_configuration_fields;other_unresolved_beam_path_configuration_fields,conditionally_supported,NORMCOMP-02R-bc7c0a966a7cf80b,Metadata-only; no normalization; acquisition state is not hardware identity.
SCAN-02R-d7af0511d4c5b96e,104053,13,ACQSTATE-02R-28209d72681aed75,recorded_v1_equivalence,INSTCFG-02R-d3a276575fd49dd8,recorded_verified_configuration_equivalence_only,time_controlled,LAT-02R-ae4c74e47a033f66,UB-02R-397acad65dd9e384,NORMEPOCH-02R-0001,filter_state;higher_order_suppression_state;attenuation_state;monochromator_reflection;analyzer_reflection;detector_hardware_identity;monitor_hardware_identity,monochromator_mosaic;analyzer_mosaic;unresolved_focusing_aperture_configuration_fields;other_unresolved_beam_path_configuration_fields,conditionally_supported,NORMCOMP-02R-bc7c0a966a7cf80b,Metadata-only; no normalization; acquisition state is not hardware identity.
SCAN-02R-d934969a642de523,104188,148,ACQSTATE-02R-d4c7951e1191398f,recorded_v1_equivalence,INSTCFG-02R-d3a276575fd49dd8,recorded_verified_configuration_equivalence_only,monitor_controlled,LAT-02R-517a9644e4f59287,UB-02R-c7cdba07fed2dfd7,NORMEPOCH-02R-0001,filter_state;higher_order_suppression_state;attenuation_state;monochromator_reflection;analyzer_reflection;detector_hardware_identity;monitor_hardware_identity,monochromator_mosaic;analyzer_mosaic;unresolved_focusing_aperture_configuration_fields;other_unresolved_beam_path_configuration_fields,conditionally_supported,NORMCOMP-02R-26ed32e42105dda7,Metadata-only; no normalization; acquisition state is not hardware identity.
SCAN-02R-da644119c60690fc,104140,100,ACQSTATE-02R-763c392f103059d4,recorded_v1_equivalence,INSTCFG-02R-d3a276575fd49dd8,recorded_verified_configuration_equivalence_only,time_controlled,LAT-02R-517a9644e4f59287,UB-02R-c7cdba07fed2dfd7,NORMEPOCH-02R-0001,filter_state;higher_order_suppression_state;attenuation_state;monochromator_reflection;analyzer_reflection;detector_hardware_identity;monitor_hardware_identity,monochromator_mosaic;analyzer_mosaic;unresolved_focusing_aperture_configuration_fields;other_unresolved_beam_path_configuration_fields,conditionally_supported,NORMCOMP-02R-bc7c0a966a7cf80b,Metadata-only; no normalization; acquisition state is not hardware identity.
SCAN-02R-dc90a5b672d54c2c,104121,81,ACQSTATE-02R-6adc9825d6f4cc64,recorded_v1_equivalence,INSTCFG-02R-d3a276575fd49dd8,recorded_verified_configuration_equivalence_only,time_controlled,LAT-02R-517a9644e4f59287,UB-02R-c7cdba07fed2dfd7,NORMEPOCH-02R-0001,filter_state;higher_order_suppression_state;attenuation_state;monochromator_reflection;analyzer_reflection;detector_hardware_identity;monitor_hardware_identity,monochromator_mosaic;analyzer_mosaic;unresolved_focusing_aperture_configuration_fields;other_unresolved_beam_path_configuration_fields,conditionally_supported,NORMCOMP-02R-bc7c0a966a7cf80b,Metadata-only; no normalization; acquisition state is not hardware identity.
SCAN-02R-e1e2bf2dafefa081,104145,105,ACQSTATE-02R-b89c4bffa1f47288,recorded_v1_equivalence,INSTCFG-02R-d3a276575fd49dd8,recorded_verified_configuration_equivalence_only,time_controlled,LAT-02R-517a9644e4f59287,UB-02R-c7cdba07fed2dfd7,NORMEPOCH-02R-0001,filter_state;higher_order_suppression_state;attenuation_state;monochromator_reflection;analyzer_reflection;detector_hardware_identity;monitor_hardware_identity,monochromator_mosaic;analyzer_mosaic;unresolved_focusing_aperture_configuration_fields;other_unresolved_beam_path_configuration_fields,conditionally_supported,NORMCOMP-02R-bc7c0a966a7cf80b,Metadata-only; no normalization; acquisition state is not hardware identity.
SCAN-02R-e3abafe2717105f3,104088,48,ACQSTATE-02R-e97b44628314d841,recorded_v1_equivalence,INSTCFG-02R-d3a276575fd49dd8,recorded_verified_configuration_equivalence_only,time_controlled,LAT-02R-ae4c74e47a033f66,UB-02R-1d710a6baa059bbb,NORMEPOCH-02R-0001,filter_state;higher_order_suppression_state;attenuation_state;monochromator_reflection;analyzer_reflection;detector_hardware_identity;monitor_hardware_identity,monochromator_mosaic;analyzer_mosaic;unresolved_focusing_aperture_configuration_fields;other_unresolved_beam_path_configuration_fields,conditionally_supported,NORMCOMP-02R-bc7c0a966a7cf80b,Metadata-only; no normalization; acquisition state is not hardware identity.
SCAN-02R-e4b1e60e94f6a5b7,104086,46,ACQSTATE-02R-ee0ae71d1e3d66e5,recorded_v1_equivalence,INSTCFG-02R-d3a276575fd49dd8,recorded_verified_configuration_equivalence_only,time_controlled,LAT-02R-ae4c74e47a033f66,UB-02R-1d710a6baa059bbb,NORMEPOCH-02R-0001,filter_state;higher_order_suppression_state;attenuation_state;monochromator_reflection;analyzer_reflection;detector_hardware_identity;monitor_hardware_identity,monochromator_mosaic;analyzer_mosaic;unresolved_focusing_aperture_configuration_fields;other_unresolved_beam_path_configuration_fields,conditionally_supported,NORMCOMP-02R-bc7c0a966a7cf80b,Metadata-only; no normalization; acquisition state is not hardware identity.
SCAN-02R-e56a9b34b0768e57,104178,138,ACQSTATE-02R-1f2cf8c8f4f60684,recorded_v1_equivalence,INSTCFG-02R-d3a276575fd49dd8,recorded_verified_configuration_equivalence_only,monitor_controlled,LAT-02R-517a9644e4f59287,UB-02R-c7cdba07fed2dfd7,NORMEPOCH-02R-0001,filter_state;higher_order_suppression_state;attenuation_state;monochromator_reflection;analyzer_reflection;detector_hardware_identity;monitor_hardware_identity,monochromator_mosaic;analyzer_mosaic;unresolved_focusing_aperture_configuration_fields;other_unresolved_beam_path_configuration_fields,conditionally_supported,NORMCOMP-02R-26ed32e42105dda7,Metadata-only; no normalization; acquisition state is not hardware identity.
SCAN-02R-e5f864cf4587fc19,104063,23,ACQSTATE-02R-adba83e7b042797b,recorded_v1_equivalence,INSTCFG-02R-d3a276575fd49dd8,recorded_verified_configuration_equivalence_only,time_controlled,LAT-02R-ae4c74e47a033f66,UB-02R-397acad65dd9e384,NORMEPOCH-02R-0001,filter_state;higher_order_suppression_state;attenuation_state;monochromator_reflection;analyzer_reflection;detector_hardware_identity;monitor_hardware_identity,monochromator_mosaic;analyzer_mosaic;unresolved_focusing_aperture_configuration_fields;other_unresolved_beam_path_configuration_fields,conditionally_supported,NORMCOMP-02R-bc7c0a966a7cf80b,Metadata-only; no normalization; acquisition state is not hardware identity.
SCAN-02R-e731681e22986e49,104085,45,ACQSTATE-02R-3ee91d21cbc1f09d,recorded_v1_equivalence,INSTCFG-02R-d3a276575fd49dd8,recorded_verified_configuration_equivalence_only,time_controlled,LAT-02R-ae4c74e47a033f66,UB-02R-1d710a6baa059bbb,NORMEPOCH-02R-0001,filter_state;higher_order_suppression_state;attenuation_state;monochromator_reflection;analyzer_reflection;detector_hardware_identity;monitor_hardware_identity,monochromator_mosaic;analyzer_mosaic;unresolved_focusing_aperture_configuration_fields;other_unresolved_beam_path_configuration_fields,conditionally_supported,NORMCOMP-02R-bc7c0a966a7cf80b,Metadata-only; no normalization; acquisition state is not hardware identity.
SCAN-02R-e772d925e68f4477,104213,173,ACQSTATE-02R-72bc31d155544226,recorded_v1_equivalence,INSTCFG-02R-d3a276575fd49dd8,recorded_verified_configuration_equivalence_only,monitor_controlled,LAT-02R-517a9644e4f59287,UB-02R-c7cdba07fed2dfd7,NORMEPOCH-02R-0001,filter_state;higher_order_suppression_state;attenuation_state;monochromator_reflection;analyzer_reflection;detector_hardware_identity;monitor_hardware_identity,monochromator_mosaic;analyzer_mosaic;unresolved_focusing_aperture_configuration_fields;other_unresolved_beam_path_configuration_fields,conditionally_supported,NORMCOMP-02R-26ed32e42105dda7,Metadata-only; no normalization; acquisition state is not hardware identity.
SCAN-02R-e7c2e1a042f607c2,104162,122,ACQSTATE-02R-896f06c2a7c231ec,recorded_v1_equivalence,INSTCFG-02R-d3a276575fd49dd8,recorded_verified_configuration_equivalence_only,monitor_controlled,LAT-02R-517a9644e4f59287,UB-02R-c7cdba07fed2dfd7,NORMEPOCH-02R-0001,filter_state;higher_order_suppression_state;attenuation_state;monochromator_reflection;analyzer_reflection;detector_hardware_identity;monitor_hardware_identity,monochromator_mosaic;analyzer_mosaic;unresolved_focusing_aperture_configuration_fields;other_unresolved_beam_path_configuration_fields,conditionally_supported,NORMCOMP-02R-26ed32e42105dda7,Metadata-only; no normalization; acquisition state is not hardware identity.
SCAN-02R-e99f0bd2152d59b1,104073,33,ACQSTATE-02R-53df6374615f09d5,recorded_v1_equivalence,INSTCFG-02R-d3a276575fd49dd8,recorded_verified_configuration_equivalence_only,time_controlled,LAT-02R-ae4c74e47a033f66,UB-02R-397acad65dd9e384,NORMEPOCH-02R-0001,filter_state;higher_order_suppression_state;attenuation_state;monochromator_reflection;analyzer_reflection;detector_hardware_identity;monitor_hardware_identity,monochromator_mosaic;analyzer_mosaic;unresolved_focusing_aperture_configuration_fields;other_unresolved_beam_path_configuration_fields,conditionally_supported,NORMCOMP-02R-bc7c0a966a7cf80b,Metadata-only; no normalization; acquisition state is not hardware identity.
SCAN-02R-eb5b106ace121b92,104123,83,ACQSTATE-02R-763c392f103059d4,recorded_v1_equivalence,INSTCFG-02R-d3a276575fd49dd8,recorded_verified_configuration_equivalence_only,time_controlled,LAT-02R-517a9644e4f59287,UB-02R-c7cdba07fed2dfd7,NORMEPOCH-02R-0001,filter_state;higher_order_suppression_state;attenuation_state;monochromator_reflection;analyzer_reflection;detector_hardware_identity;monitor_hardware_identity,monochromator_mosaic;analyzer_mosaic;unresolved_focusing_aperture_configuration_fields;other_unresolved_beam_path_configuration_fields,conditionally_supported,NORMCOMP-02R-bc7c0a966a7cf80b,Metadata-only; no normalization; acquisition state is not hardware identity.
SCAN-02R-eb6fd74d04998612,104138,98,ACQSTATE-02R-9ab3f10f56634512,recorded_v1_equivalence,INSTCFG-02R-d3a276575fd49dd8,recorded_verified_configuration_equivalence_only,time_controlled,LAT-02R-517a9644e4f59287,UB-02R-c7cdba07fed2dfd7,NORMEPOCH-02R-0001,filter_state;higher_order_suppression_state;attenuation_state;monochromator_reflection;analyzer_reflection;detector_hardware_identity;monitor_hardware_identity,monochromator_mosaic;analyzer_mosaic;unresolved_focusing_aperture_configuration_fields;other_unresolved_beam_path_configuration_fields,conditionally_supported,NORMCOMP-02R-bc7c0a966a7cf80b,Metadata-only; no normalization; acquisition state is not hardware identity.
SCAN-02R-ebc55d8b20e3cec0,104202,162,ACQSTATE-02R-896f06c2a7c231ec,recorded_v1_equivalence,INSTCFG-02R-d3a276575fd49dd8,recorded_verified_configuration_equivalence_only,monitor_controlled,LAT-02R-517a9644e4f59287,UB-02R-c7cdba07fed2dfd7,NORMEPOCH-02R-0001,filter_state;higher_order_suppression_state;attenuation_state;monochromator_reflection;analyzer_reflection;detector_hardware_identity;monitor_hardware_identity,monochromator_mosaic;analyzer_mosaic;unresolved_focusing_aperture_configuration_fields;other_unresolved_beam_path_configuration_fields,conditionally_supported,NORMCOMP-02R-26ed32e42105dda7,Metadata-only; no normalization; acquisition state is not hardware identity.
SCAN-02R-ebcf02322ed12a94,104139,99,ACQSTATE-02R-b456d493f62e0335,recorded_v1_equivalence,INSTCFG-02R-d3a276575fd49dd8,recorded_verified_configuration_equivalence_only,time_controlled,LAT-02R-517a9644e4f59287,UB-02R-c7cdba07fed2dfd7,NORMEPOCH-02R-0001,filter_state;higher_order_suppression_state;attenuation_state;monochromator_reflection;analyzer_reflection;detector_hardware_identity;monitor_hardware_identity,monochromator_mosaic;analyzer_mosaic;unresolved_focusing_aperture_configuration_fields;other_unresolved_beam_path_configuration_fields,conditionally_supported,NORMCOMP-02R-bc7c0a966a7cf80b,Metadata-only; no normalization; acquisition state is not hardware identity.
SCAN-02R-ed685e6e0b6d3265,104196,156,ACQSTATE-02R-896f06c2a7c231ec,recorded_v1_equivalence,INSTCFG-02R-d3a276575fd49dd8,recorded_verified_configuration_equivalence_only,monitor_controlled,LAT-02R-517a9644e4f59287,UB-02R-c7cdba07fed2dfd7,NORMEPOCH-02R-0001,filter_state;higher_order_suppression_state;attenuation_state;monochromator_reflection;analyzer_reflection;detector_hardware_identity;monitor_hardware_identity,monochromator_mosaic;analyzer_mosaic;unresolved_focusing_aperture_configuration_fields;other_unresolved_beam_path_configuration_fields,conditionally_supported,NORMCOMP-02R-26ed32e42105dda7,Metadata-only; no normalization; acquisition state is not hardware identity.
SCAN-02R-eea1fadd4abbd144,104231,191,ACQSTATE-02R-896f06c2a7c231ec,recorded_v1_equivalence,INSTCFG-02R-d3a276575fd49dd8,recorded_verified_configuration_equivalence_only,monitor_controlled,LAT-02R-517a9644e4f59287,UB-02R-c7cdba07fed2dfd7,NORMEPOCH-02R-0001,filter_state;higher_order_suppression_state;attenuation_state;monochromator_reflection;analyzer_reflection;detector_hardware_identity;monitor_hardware_identity,monochromator_mosaic;analyzer_mosaic;unresolved_focusing_aperture_configuration_fields;other_unresolved_beam_path_configuration_fields,conditionally_supported,NORMCOMP-02R-26ed32e42105dda7,Metadata-only; no normalization; acquisition state is not hardware identity.
SCAN-02R-ef6a11424f751d3f,104149,109,ACQSTATE-02R-896f06c2a7c231ec,recorded_v1_equivalence,INSTCFG-02R-d3a276575fd49dd8,recorded_verified_configuration_equivalence_only,monitor_controlled,LAT-02R-517a9644e4f59287,UB-02R-c7cdba07fed2dfd7,NORMEPOCH-02R-0001,filter_state;higher_order_suppression_state;attenuation_state;monochromator_reflection;analyzer_reflection;detector_hardware_identity;monitor_hardware_identity,monochromator_mosaic;analyzer_mosaic;unresolved_focusing_aperture_configuration_fields;other_unresolved_beam_path_configuration_fields,conditionally_supported,NORMCOMP-02R-26ed32e42105dda7,Metadata-only; no normalization; acquisition state is not hardware identity.
SCAN-02R-f36bb8e354cf21b7,104219,179,ACQSTATE-02R-896f06c2a7c231ec,recorded_v1_equivalence,INSTCFG-02R-d3a276575fd49dd8,recorded_verified_configuration_equivalence_only,monitor_controlled,LAT-02R-517a9644e4f59287,UB-02R-c7cdba07fed2dfd7,NORMEPOCH-02R-0001,filter_state;higher_order_suppression_state;attenuation_state;monochromator_reflection;analyzer_reflection;detector_hardware_identity;monitor_hardware_identity,monochromator_mosaic;analyzer_mosaic;unresolved_focusing_aperture_configuration_fields;other_unresolved_beam_path_configuration_fields,conditionally_supported,NORMCOMP-02R-26ed32e42105dda7,Metadata-only; no normalization; acquisition state is not hardware identity.
SCAN-02R-f380a5a0600b447a,104218,178,ACQSTATE-02R-896f06c2a7c231ec,recorded_v1_equivalence,INSTCFG-02R-d3a276575fd49dd8,recorded_verified_configuration_equivalence_only,monitor_controlled,LAT-02R-517a9644e4f59287,UB-02R-c7cdba07fed2dfd7,NORMEPOCH-02R-0001,filter_state;higher_order_suppression_state;attenuation_state;monochromator_reflection;analyzer_reflection;detector_hardware_identity;monitor_hardware_identity,monochromator_mosaic;analyzer_mosaic;unresolved_focusing_aperture_configuration_fields;other_unresolved_beam_path_configuration_fields,conditionally_supported,NORMCOMP-02R-26ed32e42105dda7,Metadata-only; no normalization; acquisition state is not hardware identity.
SCAN-02R-f4c54e6724ab8666,104048,8,ACQSTATE-02R-03c418e03bbff8ef,recorded_v1_equivalence,INSTCFG-02R-d3a276575fd49dd8,recorded_verified_configuration_equivalence_only,time_controlled,LAT-02R-ae4c74e47a033f66,UB-02R-397acad65dd9e384,NORMEPOCH-02R-0001,filter_state;higher_order_suppression_state;attenuation_state;monochromator_reflection;analyzer_reflection;detector_hardware_identity;monitor_hardware_identity,monochromator_mosaic;analyzer_mosaic;unresolved_focusing_aperture_configuration_fields;other_unresolved_beam_path_configuration_fields,conditionally_supported,NORMCOMP-02R-bc7c0a966a7cf80b,Metadata-only; no normalization; acquisition state is not hardware identity.
SCAN-02R-f4da1c738ba8c661,104064,24,ACQSTATE-02R-adba83e7b042797b,recorded_v1_equivalence,INSTCFG-02R-d3a276575fd49dd8,recorded_verified_configuration_equivalence_only,time_controlled,LAT-02R-ae4c74e47a033f66,UB-02R-397acad65dd9e384,NORMEPOCH-02R-0001,filter_state;higher_order_suppression_state;attenuation_state;monochromator_reflection;analyzer_reflection;detector_hardware_identity;monitor_hardware_identity,monochromator_mosaic;analyzer_mosaic;unresolved_focusing_aperture_configuration_fields;other_unresolved_beam_path_configuration_fields,conditionally_supported,NORMCOMP-02R-bc7c0a966a7cf80b,Metadata-only; no normalization; acquisition state is not hardware identity.
SCAN-02R-f52305deb1f82a3a,104161,121,ACQSTATE-02R-896f06c2a7c231ec,recorded_v1_equivalence,INSTCFG-02R-d3a276575fd49dd8,recorded_verified_configuration_equivalence_only,monitor_controlled,LAT-02R-517a9644e4f59287,UB-02R-c7cdba07fed2dfd7,NORMEPOCH-02R-0001,filter_state;higher_order_suppression_state;attenuation_state;monochromator_reflection;analyzer_reflection;detector_hardware_identity;monitor_hardware_identity,monochromator_mosaic;analyzer_mosaic;unresolved_focusing_aperture_configuration_fields;other_unresolved_beam_path_configuration_fields,conditionally_supported,NORMCOMP-02R-26ed32e42105dda7,Metadata-only; no normalization; acquisition state is not hardware identity.
SCAN-02R-f565bb6e9ffba8d0,104142,102,ACQSTATE-02R-6adc9825d6f4cc64,recorded_v1_equivalence,INSTCFG-02R-d3a276575fd49dd8,recorded_verified_configuration_equivalence_only,time_controlled,LAT-02R-517a9644e4f59287,UB-02R-c7cdba07fed2dfd7,NORMEPOCH-02R-0001,filter_state;higher_order_suppression_state;attenuation_state;monochromator_reflection;analyzer_reflection;detector_hardware_identity;monitor_hardware_identity,monochromator_mosaic;analyzer_mosaic;unresolved_focusing_aperture_configuration_fields;other_unresolved_beam_path_configuration_fields,conditionally_supported,NORMCOMP-02R-bc7c0a966a7cf80b,Metadata-only; no normalization; acquisition state is not hardware identity.
SCAN-02R-f56f915bc229d6aa,104225,185,ACQSTATE-02R-896f06c2a7c231ec,recorded_v1_equivalence,INSTCFG-02R-d3a276575fd49dd8,recorded_verified_configuration_equivalence_only,monitor_controlled,LAT-02R-517a9644e4f59287,UB-02R-c7cdba07fed2dfd7,NORMEPOCH-02R-0001,filter_state;higher_order_suppression_state;attenuation_state;monochromator_reflection;analyzer_reflection;detector_hardware_identity;monitor_hardware_identity,monochromator_mosaic;analyzer_mosaic;unresolved_focusing_aperture_configuration_fields;other_unresolved_beam_path_configuration_fields,conditionally_supported,NORMCOMP-02R-26ed32e42105dda7,Metadata-only; no normalization; acquisition state is not hardware identity.
SCAN-02R-f71173d3ec0c732c,104148,108,ACQSTATE-02R-896f06c2a7c231ec,recorded_v1_equivalence,INSTCFG-02R-d3a276575fd49dd8,recorded_verified_configuration_equivalence_only,monitor_controlled,LAT-02R-517a9644e4f59287,UB-02R-c7cdba07fed2dfd7,NORMEPOCH-02R-0001,filter_state;higher_order_suppression_state;attenuation_state;monochromator_reflection;analyzer_reflection;detector_hardware_identity;monitor_hardware_identity,monochromator_mosaic;analyzer_mosaic;unresolved_focusing_aperture_configuration_fields;other_unresolved_beam_path_configuration_fields,conditionally_supported,NORMCOMP-02R-26ed32e42105dda7,Metadata-only; no normalization; acquisition state is not hardware identity.
SCAN-02R-f7776e64b8dc4ae4,104132,92,ACQSTATE-02R-b89c4bffa1f47288,recorded_v1_equivalence,INSTCFG-02R-d3a276575fd49dd8,recorded_verified_configuration_equivalence_only,time_controlled,LAT-02R-517a9644e4f59287,UB-02R-c7cdba07fed2dfd7,NORMEPOCH-02R-0001,filter_state;higher_order_suppression_state;attenuation_state;monochromator_reflection;analyzer_reflection;detector_hardware_identity;monitor_hardware_identity,monochromator_mosaic;analyzer_mosaic;unresolved_focusing_aperture_configuration_fields;other_unresolved_beam_path_configuration_fields,conditionally_supported,NORMCOMP-02R-bc7c0a966a7cf80b,Metadata-only; no normalization; acquisition state is not hardware identity.
SCAN-02R-f87c8c3cd06321c2,104226,186,ACQSTATE-02R-896f06c2a7c231ec,recorded_v1_equivalence,INSTCFG-02R-d3a276575fd49dd8,recorded_verified_configuration_equivalence_only,monitor_controlled,LAT-02R-517a9644e4f59287,UB-02R-c7cdba07fed2dfd7,NORMEPOCH-02R-0001,filter_state;higher_order_suppression_state;attenuation_state;monochromator_reflection;analyzer_reflection;detector_hardware_identity;monitor_hardware_identity,monochromator_mosaic;analyzer_mosaic;unresolved_focusing_aperture_configuration_fields;other_unresolved_beam_path_configuration_fields,conditionally_supported,NORMCOMP-02R-26ed32e42105dda7,Metadata-only; no normalization; acquisition state is not hardware identity.
SCAN-02R-facac32c4f9e5032,104118,78,ACQSTATE-02R-6c0bdd080b2c5a8d,recorded_v1_equivalence,INSTCFG-02R-d3a276575fd49dd8,recorded_verified_configuration_equivalence_only,time_controlled,LAT-02R-517a9644e4f59287,UB-02R-c7cdba07fed2dfd7,NORMEPOCH-02R-0001,filter_state;higher_order_suppression_state;attenuation_state;monochromator_reflection;analyzer_reflection;detector_hardware_identity;monitor_hardware_identity,monochromator_mosaic;analyzer_mosaic;unresolved_focusing_aperture_configuration_fields;other_unresolved_beam_path_configuration_fields,conditionally_supported,NORMCOMP-02R-bc7c0a966a7cf80b,Metadata-only; no normalization; acquisition state is not hardware identity.
SCAN-02R-fb555611767fe647,104131,91,ACQSTATE-02R-6c0bdd080b2c5a8d,recorded_v1_equivalence,INSTCFG-02R-d3a276575fd49dd8,recorded_verified_configuration_equivalence_only,time_controlled,LAT-02R-517a9644e4f59287,UB-02R-c7cdba07fed2dfd7,NORMEPOCH-02R-0001,filter_state;higher_order_suppression_state;attenuation_state;monochromator_reflection;analyzer_reflection;detector_hardware_identity;monitor_hardware_identity,monochromator_mosaic;analyzer_mosaic;unresolved_focusing_aperture_configuration_fields;other_unresolved_beam_path_configuration_fields,conditionally_supported,NORMCOMP-02R-bc7c0a966a7cf80b,Metadata-only; no normalization; acquisition state is not hardware identity.
SCAN-02R-fb62d31e5c3c1dbf,104172,132,ACQSTATE-02R-896f06c2a7c231ec,recorded_v1_equivalence,INSTCFG-02R-d3a276575fd49dd8,recorded_verified_configuration_equivalence_only,monitor_controlled,LAT-02R-517a9644e4f59287,UB-02R-c7cdba07fed2dfd7,NORMEPOCH-02R-0001,filter_state;higher_order_suppression_state;attenuation_state;monochromator_reflection;analyzer_reflection;detector_hardware_identity;monitor_hardware_identity,monochromator_mosaic;analyzer_mosaic;unresolved_focusing_aperture_configuration_fields;other_unresolved_beam_path_configuration_fields,conditionally_supported,NORMCOMP-02R-26ed32e42105dda7,Metadata-only; no normalization; acquisition state is not hardware identity.
SCAN-02R-fede66c26a275769,104237,197,ACQSTATE-02R-896f06c2a7c231ec,recorded_v1_equivalence,INSTCFG-02R-d3a276575fd49dd8,recorded_verified_configuration_equivalence_only,monitor_controlled,LAT-02R-517a9644e4f59287,UB-02R-c7cdba07fed2dfd7,NORMEPOCH-02R-0001,filter_state;higher_order_suppression_state;attenuation_state;monochromator_reflection;analyzer_reflection;detector_hardware_identity;monitor_hardware_identity,monochromator_mosaic;analyzer_mosaic;unresolved_focusing_aperture_configuration_fields;other_unresolved_beam_path_configuration_fields,conditionally_supported,NORMCOMP-02R-26ed32e42105dda7,Metadata-only; no normalization; acquisition state is not hardware identity.
