file_record_id,dataset_id,source_file,source_checksum,file_size_bytes,file_extension,filesystem_mtime,filesystem_mtime_trust,raw_format_id,raw_format_fingerprint,file_role,parse_status,parse_message,duplicate_status,duplicate_group_id,raw_scan_id,file_scan_cardinality_status,quality_flag,quality_reasons
FILE-02R-18739ff9a41fff35,EXP-TAIPAN-001,TAIPAN_exp1296_scan104040.dat,bcc6ccb919b413b0ee91a28925bd42dc869c32831c7e45bf3d9a6298da861283,24160,.dat,2023-08-28T15:54:38Z,A001_snapshot_filesystem_metadata_only,FMT-02R-00e53630cd36,00e53630cd366c7acd8f45aed10b51dd88f27feb9111947b056840151a37b83d,scan,parsed,complete_one_declared_numeric_block,unique_content,,104040,verified_1_to_1,warning,mode_semantics_unresolved;q_semantics_unresolved;PG_reflection_mosaic_unverified;filter_attenuation_not_recorded;temperature_channel_semantics_unresolved
FILE-02R-2bd766e8241454cd,EXP-TAIPAN-001,TAIPAN_exp1296_scan104041.dat,80466a3940015ef56e5269f1a0f567dfb81b613b3ae4d800a6fc705274e889fc,9581,.dat,2023-08-28T15:56:02Z,A001_snapshot_filesystem_metadata_only,FMT-02R-a20370d76087,a20370d76087483996ad128dc77f5702769dc90871f1c50ee14cda6374893fd5,scan,parsed,complete_one_declared_numeric_block,unique_content,,104041,verified_1_to_1,warning,mode_semantics_unresolved;q_semantics_unresolved;PG_reflection_mosaic_unverified;filter_attenuation_not_recorded;temperature_channel_semantics_unresolved;scan_range_unresolved_mapping
FILE-02R-b4ceb51089e2f382,EXP-TAIPAN-001,TAIPAN_exp1296_scan104042.dat,266bd229f4ec226e09a09d37a4014c3180979818b2e478d973b81e35e1763679,31450,.dat,2023-08-28T16:01:06Z,A001_snapshot_filesystem_metadata_only,FMT-02R-00e53630cd36,00e53630cd366c7acd8f45aed10b51dd88f27feb9111947b056840151a37b83d,scan,parsed,complete_one_declared_numeric_block,unique_content,,104042,verified_1_to_1,warning,mode_semantics_unresolved;q_semantics_unresolved;PG_reflection_mosaic_unverified;filter_attenuation_not_recorded;temperature_channel_semantics_unresolved
FILE-02R-5baa765c008151e1,EXP-TAIPAN-001,TAIPAN_exp1296_scan104043.dat,5a093ea18a954962df13fd0e0e357241b50c3f8152566c5854249403a2041a25,9581,.dat,2023-08-28T16:02:06Z,A001_snapshot_filesystem_metadata_only,FMT-02R-365d8346d6ba,365d8346d6bae3096f01aa4d5a6ed097b14e8772eb4c4c1cdcaeb2b00136bf06,scan,parsed,complete_one_declared_numeric_block,unique_content,,104043,verified_1_to_1,warning,mode_semantics_unresolved;q_semantics_unresolved;PG_reflection_mosaic_unverified;filter_attenuation_not_recorded;temperature_channel_semantics_unresolved;scan_range_unresolved_mapping
FILE-02R-fb9b9920221845cd,EXP-TAIPAN-001,TAIPAN_exp1296_scan104044.dat,88cbe409f3f920c9f17ae52b25a361dc27c0d7e099bf45ed77f065ed54dafb6e,25442,.dat,2023-08-28T16:20:16Z,A001_snapshot_filesystem_metadata_only,FMT-02R-a96f4c9633b6,a96f4c9633b6290c758a58703e93231b1fa21dc59c67632862150f30c2cae2cc,scan,parsed,complete_one_declared_numeric_block,unique_content,,104044,verified_1_to_1,warning,mode_semantics_unresolved;q_semantics_unresolved;PG_reflection_mosaic_unverified;filter_attenuation_not_recorded;temperature_channel_semantics_unresolved
FILE-02R-548c132cbb5f17d6,EXP-TAIPAN-001,TAIPAN_exp1296_scan104045.dat,cdee53a95667701e48648731838d93ecf014dc1a800ac892be4153e600aedeaa,24546,.dat,2023-08-28T16:27:16Z,A001_snapshot_filesystem_metadata_only,FMT-02R-42b66acce1bb,42b66acce1bb9e9094963947aadec8ab8c696386b7568b34f522a890d0edecea,scan,parsed,complete_one_declared_numeric_block,unique_content,,104045,verified_1_to_1,warning,mode_semantics_unresolved;q_semantics_unresolved;PG_reflection_mosaic_unverified;filter_attenuation_not_recorded;temperature_channel_semantics_unresolved
FILE-02R-8ae16df0090d9ece,EXP-TAIPAN-001,TAIPAN_exp1296_scan104046.dat,dcef408e00fb946942e8f7d6424bf037272f3fffb0ce198ec5795a85b6ee87a6,24546,.dat,2023-08-28T16:34:30Z,A001_snapshot_filesystem_metadata_only,FMT-02R-fb75879b9023,fb75879b90237629b7ff00fab2133cdcd0e41ebce361bb62ae82503a783b8bdb,scan,parsed,complete_one_declared_numeric_block,unique_content,,104046,verified_1_to_1,warning,mode_semantics_unresolved;q_semantics_unresolved;PG_reflection_mosaic_unverified;filter_attenuation_not_recorded;temperature_channel_semantics_unresolved
FILE-02R-7cec5631778ed46c,EXP-TAIPAN-001,TAIPAN_exp1296_scan104047.dat,847144472ad9358dae01cb6e67f3af4c7b0c75c46c61537b69784d002fb48fa8,17752,.dat,2023-08-28T16:40:18Z,A001_snapshot_filesystem_metadata_only,FMT-02R-a96f4c9633b6,a96f4c9633b6290c758a58703e93231b1fa21dc59c67632862150f30c2cae2cc,scan,parsed,complete_one_declared_numeric_block,unique_content,,104047,verified_1_to_1,warning,mode_semantics_unresolved;q_semantics_unresolved;PG_reflection_mosaic_unverified;filter_attenuation_not_recorded;temperature_channel_semantics_unresolved
FILE-02R-5c81e383ba658579,EXP-TAIPAN-001,TAIPAN_exp1296_scan104048.dat,0315f582d5aac24750d03a537445b9696186541c0bdbe9a404ed8d6b38c2755e,20059,.dat,2023-08-28T16:46:54Z,A001_snapshot_filesystem_metadata_only,FMT-02R-a96f4c9633b6,a96f4c9633b6290c758a58703e93231b1fa21dc59c67632862150f30c2cae2cc,scan,parsed,complete_one_declared_numeric_block,unique_content,,104048,verified_1_to_1,warning,mode_semantics_unresolved;q_semantics_unresolved;PG_reflection_mosaic_unverified;filter_attenuation_not_recorded;temperature_channel_semantics_unresolved
FILE-02R-6189a97c1406ead2,EXP-TAIPAN-001,TAIPAN_exp1296_scan104049.dat,4b7757ec5e3d79c397d14c615a9a5d4dee9b9b32ef2a36a14cc2e4c57354d402,585492,.dat,2023-08-28T20:22:10Z,A001_snapshot_filesystem_metadata_only,FMT-02R-de66a609ccd2,de66a609ccd219332c3d8bdb4ffa72d187f63fd880e1e2c172330df2f03ec23d,scan,parsed,complete_one_declared_numeric_block,unique_content,,104049,verified_1_to_1,warning,mode_semantics_unresolved;q_semantics_unresolved;PG_reflection_mosaic_unverified;filter_attenuation_not_recorded;temperature_channel_semantics_unresolved
FILE-02R-bbc5fdf4c121156c,EXP-TAIPAN-001,TAIPAN_exp1296_scan104050.dat,c78ee14dfa30e3e266b1b24c8450f0cc27d7b5cc13f28b002ed21f80e917ec18,16520,.dat,2023-08-28T21:02:50Z,A001_snapshot_filesystem_metadata_only,FMT-02R-c8f545518171,c8f545518171f65a0c524f69bca39353d3d0f963715dae2c174764a5a06f3feb,scan,parsed,complete_one_declared_numeric_block,unique_content,,104050,verified_1_to_1,warning,mode_semantics_unresolved;q_semantics_unresolved;PG_reflection_mosaic_unverified;filter_attenuation_not_recorded;temperature_channel_semantics_unresolved
FILE-02R-69a9daffcc832bf3,EXP-TAIPAN-001,TAIPAN_exp1296_scan104051.dat,d5a41456faf57368d8187b0774469d23570c866271cee2267cc05a7d99706dcb,16872,.dat,2023-08-28T21:08:36Z,A001_snapshot_filesystem_metadata_only,FMT-02R-de66a609ccd2,de66a609ccd219332c3d8bdb4ffa72d187f63fd880e1e2c172330df2f03ec23d,scan,parsed,complete_one_declared_numeric_block,unique_content,,104051,verified_1_to_1,warning,mode_semantics_unresolved;q_semantics_unresolved;PG_reflection_mosaic_unverified;filter_attenuation_not_recorded;temperature_channel_semantics_unresolved
FILE-02R-e01fe2a67d288032,EXP-TAIPAN-001,TAIPAN_exp1296_scan104052.dat,46bf27b5f93be241b54840bf575e49a56925fb036a9f771b930d8e7bc1182f84,16520,.dat,2023-08-28T21:14:02Z,A001_snapshot_filesystem_metadata_only,FMT-02R-172bb66a767d,172bb66a767d7ef54fd5ce3b989ef36cbe2b64d750df73a6c5d917b7a71d54c3,scan,parsed,complete_one_declared_numeric_block,unique_content,,104052,verified_1_to_1,warning,mode_semantics_unresolved;q_semantics_unresolved;PG_reflection_mosaic_unverified;filter_attenuation_not_recorded;temperature_channel_semantics_unresolved
FILE-02R-373e6a33efd3f8e4,EXP-TAIPAN-001,TAIPAN_exp1296_scan104053.dat,27bf14c574913f6ae6e6ba02b1c495fc9be4177052a977fc1115ebcf3151582b,31452,.dat,2023-08-28T21:28:30Z,A001_snapshot_filesystem_metadata_only,FMT-02R-de66a609ccd2,de66a609ccd219332c3d8bdb4ffa72d187f63fd880e1e2c172330df2f03ec23d,scan,parsed,complete_one_declared_numeric_block,unique_content,,104053,verified_1_to_1,warning,mode_semantics_unresolved;q_semantics_unresolved;PG_reflection_mosaic_unverified;filter_attenuation_not_recorded;temperature_channel_semantics_unresolved
FILE-02R-bd241a68da8cc714,EXP-TAIPAN-001,TAIPAN_exp1296_scan104054.dat,85b64705e002a24653e5da82bc4d3908e272ff640e3cadd7d0034bfb34407469,31452,.dat,2023-08-28T21:37:26Z,A001_snapshot_filesystem_metadata_only,FMT-02R-de66a609ccd2,de66a609ccd219332c3d8bdb4ffa72d187f63fd880e1e2c172330df2f03ec23d,scan,parsed,complete_one_declared_numeric_block,unique_content,,104054,verified_1_to_1,warning,mode_semantics_unresolved;q_semantics_unresolved;PG_reflection_mosaic_unverified;filter_attenuation_not_recorded;temperature_channel_semantics_unresolved
FILE-02R-b8820660a9c99eff,EXP-TAIPAN-001,TAIPAN_exp1296_scan104055.dat,603282e62dd22808aa628a6e327b7da6060a23ddbd04b9f7ad434d36825ab432,31452,.dat,2023-08-28T21:46:26Z,A001_snapshot_filesystem_metadata_only,FMT-02R-de66a609ccd2,de66a609ccd219332c3d8bdb4ffa72d187f63fd880e1e2c172330df2f03ec23d,scan,parsed,complete_one_declared_numeric_block,unique_content,,104055,verified_1_to_1,warning,mode_semantics_unresolved;q_semantics_unresolved;PG_reflection_mosaic_unverified;filter_attenuation_not_recorded;temperature_channel_semantics_unresolved
FILE-02R-2794450f4a6036d5,EXP-TAIPAN-001,TAIPAN_exp1296_scan104056.dat,d169be89b69318798debd9508249a7b6cdbe5764d49494a090de7d522dac67fe,46032,.dat,2023-08-28T21:59:34Z,A001_snapshot_filesystem_metadata_only,FMT-02R-de66a609ccd2,de66a609ccd219332c3d8bdb4ffa72d187f63fd880e1e2c172330df2f03ec23d,scan,parsed,complete_one_declared_numeric_block,unique_content,,104056,verified_1_to_1,warning,mode_semantics_unresolved;q_semantics_unresolved;PG_reflection_mosaic_unverified;filter_attenuation_not_recorded;temperature_channel_semantics_unresolved
FILE-02R-4a07ecce43a588a4,EXP-TAIPAN-001,TAIPAN_exp1296_scan104057.dat,271778e399850f99462420d5a042e30004226e10df1ccdf3c2853241ebc4f535,42387,.dat,2023-08-28T22:11:30Z,A001_snapshot_filesystem_metadata_only,FMT-02R-de66a609ccd2,de66a609ccd219332c3d8bdb4ffa72d187f63fd880e1e2c172330df2f03ec23d,scan,parsed,complete_one_declared_numeric_block,unique_content,,104057,verified_1_to_1,warning,mode_semantics_unresolved;q_semantics_unresolved;PG_reflection_mosaic_unverified;filter_attenuation_not_recorded;temperature_channel_semantics_unresolved
FILE-02R-7cd079bcfb286b69,EXP-TAIPAN-001,TAIPAN_exp1296_scan104058.dat,81f19aab61fe6f47d58e3c956bd58ac4dee498cb5e3aa7d3008601e943d1e202,46032,.dat,2023-08-28T22:24:30Z,A001_snapshot_filesystem_metadata_only,FMT-02R-de66a609ccd2,de66a609ccd219332c3d8bdb4ffa72d187f63fd880e1e2c172330df2f03ec23d,scan,parsed,complete_one_declared_numeric_block,unique_content,,104058,verified_1_to_1,warning,mode_semantics_unresolved;q_semantics_unresolved;PG_reflection_mosaic_unverified;filter_attenuation_not_recorded;temperature_channel_semantics_unresolved
FILE-02R-b59b6a3cc82d9e1d,EXP-TAIPAN-001,TAIPAN_exp1296_scan104059.dat,4732b7e0e8b2ffcb568cb3a8d7d959c92e72973bcf343160d75346036d4fb0b4,24162,.dat,2023-08-28T22:33:04Z,A001_snapshot_filesystem_metadata_only,FMT-02R-de66a609ccd2,de66a609ccd219332c3d8bdb4ffa72d187f63fd880e1e2c172330df2f03ec23d,scan,parsed,complete_one_declared_numeric_block,unique_content,,104059,verified_1_to_1,warning,mode_semantics_unresolved;q_semantics_unresolved;PG_reflection_mosaic_unverified;filter_attenuation_not_recorded;temperature_channel_semantics_unresolved
FILE-02R-ffe38cef182c749b,EXP-TAIPAN-001,TAIPAN_exp1296_scan104060.dat,a47a9d0785634f9ba1ded31c1f0ea17aceb7cb65ca4bf64f8c7b565b4989b95c,9390,.dat,2023-08-29T01:08:52Z,A001_snapshot_filesystem_metadata_only,FMT-02R-a59075cdffed,a59075cdffedc9426791677a580b4fbac1bfc319bce7cbfce563d576abfbad5f,scan,parsed,complete_one_declared_numeric_block,unique_content,,104060,verified_1_to_1,warning,mode_semantics_unresolved;q_semantics_unresolved;PG_reflection_mosaic_unverified;filter_attenuation_not_recorded;temperature_channel_semantics_unresolved
FILE-02R-2f47aa7305f8661a,EXP-TAIPAN-001,TAIPAN_exp1296_scan104061.dat,4a56f81c21c136b9f35f1eecd7fe293ceb98ed1c36174e84e90d00d8682fe78c,9390,.dat,2023-08-29T01:22:34Z,A001_snapshot_filesystem_metadata_only,FMT-02R-9cd5341dd50f,9cd5341dd50f849564ff226c7dd5ee26cbca12dfbac3f19ea3ce6924471c1031,scan,parsed,complete_one_declared_numeric_block,unique_content,,104061,verified_1_to_1,warning,mode_semantics_unresolved;q_semantics_unresolved;PG_reflection_mosaic_unverified;filter_attenuation_not_recorded;temperature_channel_semantics_unresolved
FILE-02R-97f6d9fb82b77f9b,EXP-TAIPAN-001,TAIPAN_exp1296_scan104062.dat,d2f95f4a34c28d777439f0586448a99dabaccd4e3553406b2d293bca9d48dc67,14172,.dat,2023-08-29T01:32:26Z,A001_snapshot_filesystem_metadata_only,FMT-02R-06137a7de1ad,06137a7de1ad68c8d3c5ee311070d73b8ce93af24fa948c32feac02252005c49,scan,parsed,complete_one_declared_numeric_block,unique_content,,104062,verified_1_to_1,warning,mode_semantics_unresolved;q_semantics_unresolved;PG_reflection_mosaic_unverified;filter_attenuation_not_recorded;temperature_channel_semantics_unresolved
FILE-02R-9aad2f08ff8b0092,EXP-TAIPAN-001,TAIPAN_exp1296_scan104063.dat,a7d243bc94b00c62a4fb55456515375e7fc3e516d0fa3377948fe655a84117f5,89774,.dat,2023-08-29T05:35:38Z,A001_snapshot_filesystem_metadata_only,FMT-02R-92d14f023eb1,92d14f023eb12d358b009c2137385cfb500e6e0708f9ee2219625cd8899e7099,scan,parsed,complete_one_declared_numeric_block,unique_content,,104063,verified_1_to_1,warning,mode_semantics_unresolved;q_semantics_unresolved;PG_reflection_mosaic_unverified;filter_attenuation_not_recorded;temperature_channel_semantics_unresolved;scan_range_unresolved_mapping
FILE-02R-695aceb0fa62cd6c,EXP-TAIPAN-001,TAIPAN_exp1296_scan104064.dat,d741df3eeb9f55dc185dd15c21228a2a944f009cd8a5e81616ba15234768ded2,89774,.dat,2023-08-29T09:33:42Z,A001_snapshot_filesystem_metadata_only,FMT-02R-92d14f023eb1,92d14f023eb12d358b009c2137385cfb500e6e0708f9ee2219625cd8899e7099,scan,parsed,complete_one_declared_numeric_block,unique_content,,104064,verified_1_to_1,warning,mode_semantics_unresolved;q_semantics_unresolved;PG_reflection_mosaic_unverified;filter_attenuation_not_recorded;temperature_channel_semantics_unresolved;scan_range_unresolved_mapping
FILE-02R-39cecdc7b100cbe5,EXP-TAIPAN-001,TAIPAN_exp1296_scan104065.dat,a56dbc28a363529426771236476f166393b938bfbe7132c4cc62fe4a81d100d5,89774,.dat,2023-08-29T13:31:16Z,A001_snapshot_filesystem_metadata_only,FMT-02R-92d14f023eb1,92d14f023eb12d358b009c2137385cfb500e6e0708f9ee2219625cd8899e7099,scan,parsed,complete_one_declared_numeric_block,unique_content,,104065,verified_1_to_1,warning,mode_semantics_unresolved;q_semantics_unresolved;PG_reflection_mosaic_unverified;filter_attenuation_not_recorded;temperature_channel_semantics_unresolved;scan_range_unresolved_mapping
FILE-02R-b721852cd2326ced,EXP-TAIPAN-001,TAIPAN_exp1296_scan104066.dat,02af57dad4f37fd63e9b05f18334c7a415c8a02bb6bb0a3c253e6184d2be7d1a,75192,.dat,2023-08-29T19:43:44Z,A001_snapshot_filesystem_metadata_only,FMT-02R-00e53630cd36,00e53630cd366c7acd8f45aed10b51dd88f27feb9111947b056840151a37b83d,scan,parsed,complete_one_declared_numeric_block,unique_content,,104066,verified_1_to_1,warning,mode_semantics_unresolved;q_semantics_unresolved;PG_reflection_mosaic_unverified;filter_attenuation_not_recorded;temperature_channel_semantics_unresolved
FILE-02R-cce1ab2377a518c4,EXP-TAIPAN-001,TAIPAN_exp1296_scan104067.dat,3af6fa8cafe4958b1b1e91b72de5003a78f1b45e768768e7643b3e7af0bde5ba,13431,.dat,2023-08-29T19:56:46Z,A001_snapshot_filesystem_metadata_only,FMT-02R-fb75879b9023,fb75879b90237629b7ff00fab2133cdcd0e41ebce361bb62ae82503a783b8bdb,scan,parsed,complete_one_declared_numeric_block,unique_content,,104067,verified_1_to_1,warning,mode_semantics_unresolved;q_semantics_unresolved;PG_reflection_mosaic_unverified;filter_attenuation_not_recorded;temperature_channel_semantics_unresolved
FILE-02R-8e8d6f81d4ae79b3,EXP-TAIPAN-001,TAIPAN_exp1296_scan104068.dat,97b4220341da9e20edf7e29b6270950bae143a5e1a0947bd8ad911d79cd2ea83,16873,.dat,2023-08-29T19:59:10Z,A001_snapshot_filesystem_metadata_only,FMT-02R-a20370d76087,a20370d76087483996ad128dc77f5702769dc90871f1c50ee14cda6374893fd5,scan,parsed,complete_one_declared_numeric_block,unique_content,,104068,verified_1_to_1,warning,mode_semantics_unresolved;q_semantics_unresolved;PG_reflection_mosaic_unverified;filter_attenuation_not_recorded;temperature_channel_semantics_unresolved;scan_range_unresolved_mapping
FILE-02R-c5bcebfd15547df9,EXP-TAIPAN-001,TAIPAN_exp1296_scan104069.dat,60290a8bbeb8e4dae1a379f88a902970d51574e4601cb50f7b992aec608651c0,16873,.dat,2023-08-29T20:01:10Z,A001_snapshot_filesystem_metadata_only,FMT-02R-365d8346d6ba,365d8346d6bae3096f01aa4d5a6ed097b14e8772eb4c4c1cdcaeb2b00136bf06,scan,parsed,complete_one_declared_numeric_block,unique_content,,104069,verified_1_to_1,warning,mode_semantics_unresolved;q_semantics_unresolved;PG_reflection_mosaic_unverified;filter_attenuation_not_recorded;temperature_channel_semantics_unresolved;scan_range_unresolved_mapping
FILE-02R-45c03790c8247819,EXP-TAIPAN-001,TAIPAN_exp1296_scan104070.dat,29de26da76f8e28a4be6519f236139339d6bce7303663b064ffd3577138aaec9,831165,.dat,2023-08-29T20:49:36Z,A001_snapshot_filesystem_metadata_only,FMT-02R-00e53630cd36,00e53630cd366c7acd8f45aed10b51dd88f27feb9111947b056840151a37b83d,scan,parsed,complete_one_declared_numeric_block,unique_content,,104070,verified_1_to_1,warning,mode_semantics_unresolved;q_semantics_unresolved;PG_reflection_mosaic_unverified;filter_attenuation_not_recorded;temperature_channel_semantics_unresolved
FILE-02R-8c648da4a5a0c8a0,EXP-TAIPAN-001,TAIPAN_exp1296_scan104071.dat,441e3f5530b16b16c4ac8d43f0c2912d8802740fb1278062d7391a8b05dd619c,16872,.dat,2023-08-29T20:52:10Z,A001_snapshot_filesystem_metadata_only,FMT-02R-00e53630cd36,00e53630cd366c7acd8f45aed10b51dd88f27feb9111947b056840151a37b83d,scan,parsed,complete_one_declared_numeric_block,unique_content,,104071,verified_1_to_1,warning,mode_semantics_unresolved;q_semantics_unresolved;PG_reflection_mosaic_unverified;filter_attenuation_not_recorded;temperature_channel_semantics_unresolved
FILE-02R-66851aafa89e085d,EXP-TAIPAN-001,TAIPAN_exp1296_scan104072.dat,6234196f859fca8e4ba66892c113e896835a267a31e2a3d6ba5fbc592e024de7,16873,.dat,2023-08-29T20:55:26Z,A001_snapshot_filesystem_metadata_only,FMT-02R-a20370d76087,a20370d76087483996ad128dc77f5702769dc90871f1c50ee14cda6374893fd5,scan,parsed,complete_one_declared_numeric_block,unique_content,,104072,verified_1_to_1,warning,mode_semantics_unresolved;q_semantics_unresolved;PG_reflection_mosaic_unverified;filter_attenuation_not_recorded;temperature_channel_semantics_unresolved;scan_range_unresolved_mapping
FILE-02R-fbeb377499311989,EXP-TAIPAN-001,TAIPAN_exp1296_scan104073.dat,3e2045c1fec46f06da002b3de12a04ea2ce77db43909429caedca8d217bd9e34,16873,.dat,2023-08-29T21:05:14Z,A001_snapshot_filesystem_metadata_only,FMT-02R-a20370d76087,a20370d76087483996ad128dc77f5702769dc90871f1c50ee14cda6374893fd5,scan,parsed,complete_one_declared_numeric_block,unique_content,,104073,verified_1_to_1,warning,mode_semantics_unresolved;q_semantics_unresolved;PG_reflection_mosaic_unverified;filter_attenuation_not_recorded;temperature_channel_semantics_unresolved;scan_range_unresolved_mapping
FILE-02R-b2043e6967551433,EXP-TAIPAN-001,TAIPAN_exp1296_scan104074.dat,91d2d610cbddb3da444b34a8bf9a62968222b530b1af0faab9daef883fd90cf6,38742,.dat,2023-08-29T21:09:06Z,A001_snapshot_filesystem_metadata_only,FMT-02R-00e53630cd36,00e53630cd366c7acd8f45aed10b51dd88f27feb9111947b056840151a37b83d,scan,parsed,complete_one_declared_numeric_block,unique_content,,104074,verified_1_to_1,warning,mode_semantics_unresolved;q_semantics_unresolved;PG_reflection_mosaic_unverified;filter_attenuation_not_recorded;temperature_channel_semantics_unresolved
FILE-02R-8520bbc912b86a63,EXP-TAIPAN-001,TAIPAN_exp1296_scan104075.dat,903b04f72bb147889a8dda239139c9589726f4916588ab71e073fe525ab34c6c,38742,.dat,2023-08-29T21:13:26Z,A001_snapshot_filesystem_metadata_only,FMT-02R-00e53630cd36,00e53630cd366c7acd8f45aed10b51dd88f27feb9111947b056840151a37b83d,scan,parsed,complete_one_declared_numeric_block,unique_content,,104075,verified_1_to_1,warning,mode_semantics_unresolved;q_semantics_unresolved;PG_reflection_mosaic_unverified;filter_attenuation_not_recorded;temperature_channel_semantics_unresolved
FILE-02R-f63ef951a1143848,EXP-TAIPAN-001,TAIPAN_exp1296_scan104076.dat,d32e318a913aa10604bd5ab98dc33a718bc5d7db47ddb8cf6f8e912af34a49af,38742,.dat,2023-08-29T21:16:34Z,A001_snapshot_filesystem_metadata_only,FMT-02R-00e53630cd36,00e53630cd366c7acd8f45aed10b51dd88f27feb9111947b056840151a37b83d,scan,parsed,complete_one_declared_numeric_block,unique_content,,104076,verified_1_to_1,warning,mode_semantics_unresolved;q_semantics_unresolved;PG_reflection_mosaic_unverified;filter_attenuation_not_recorded;temperature_channel_semantics_unresolved
FILE-02R-242f8e9d18702c73,EXP-TAIPAN-001,TAIPAN_exp1296_scan104077.dat,b029e3463c60db5b9ca2b35bf21c18edeca41175807fbaa43710467306533734,23433,.dat,2023-08-29T21:22:48Z,A001_snapshot_filesystem_metadata_only,FMT-02R-00e53630cd36,00e53630cd366c7acd8f45aed10b51dd88f27feb9111947b056840151a37b83d,scan,parsed,complete_one_declared_numeric_block,unique_content,,104077,verified_1_to_1,warning,mode_semantics_unresolved;q_semantics_unresolved;PG_reflection_mosaic_unverified;filter_attenuation_not_recorded;temperature_channel_semantics_unresolved
FILE-02R-cfedb7dee4a8071f,EXP-TAIPAN-001,TAIPAN_exp1296_scan104078.dat,17bceca27a341dedd2253137847e06d8e1c22a72a5f7a25f6b7d056916b37fcc,16873,.dat,2023-08-29T21:24:22Z,A001_snapshot_filesystem_metadata_only,FMT-02R-a20370d76087,a20370d76087483996ad128dc77f5702769dc90871f1c50ee14cda6374893fd5,scan,parsed,complete_one_declared_numeric_block,unique_content,,104078,verified_1_to_1,warning,mode_semantics_unresolved;q_semantics_unresolved;PG_reflection_mosaic_unverified;filter_attenuation_not_recorded;temperature_channel_semantics_unresolved;scan_range_unresolved_mapping
FILE-02R-eaa93bc86930ed0f,EXP-TAIPAN-001,TAIPAN_exp1296_scan104079.dat,025142318be48e12d0db6b7af58713e77890d2f8f3286d0dd3b0eaf36b215321,13956,.dat,2023-08-29T21:33:50Z,A001_snapshot_filesystem_metadata_only,FMT-02R-00e53630cd36,00e53630cd366c7acd8f45aed10b51dd88f27feb9111947b056840151a37b83d,scan,parsed,complete_one_declared_numeric_block,unique_content,,104079,verified_1_to_1,warning,mode_semantics_unresolved;q_semantics_unresolved;PG_reflection_mosaic_unverified;filter_attenuation_not_recorded;temperature_channel_semantics_unresolved
FILE-02R-4ec5d8f394c2876a,EXP-TAIPAN-001,TAIPAN_exp1296_scan104080.dat,9509479f595cbe6277517db052d668394ee37bf2969c3af07b593ed3fe7c2875,16873,.dat,2023-08-29T21:35:38Z,A001_snapshot_filesystem_metadata_only,FMT-02R-365d8346d6ba,365d8346d6bae3096f01aa4d5a6ed097b14e8772eb4c4c1cdcaeb2b00136bf06,scan,parsed,complete_one_declared_numeric_block,unique_content,,104080,verified_1_to_1,warning,mode_semantics_unresolved;q_semantics_unresolved;PG_reflection_mosaic_unverified;filter_attenuation_not_recorded;temperature_channel_semantics_unresolved;scan_range_unresolved_mapping
FILE-02R-aa07ebe39d21c0b8,EXP-TAIPAN-001,TAIPAN_exp1296_scan104081.dat,521ae8a93548a13093d74da371dfac0d13397dd23df3addc5a2212ad2da1953b,17133,.dat,2023-08-29T21:46:10Z,A001_snapshot_filesystem_metadata_only,FMT-02R-fb75879b9023,fb75879b90237629b7ff00fab2133cdcd0e41ebce361bb62ae82503a783b8bdb,scan,parsed,complete_one_declared_numeric_block,unique_content,,104081,verified_1_to_1,warning,mode_semantics_unresolved;q_semantics_unresolved;PG_reflection_mosaic_unverified;filter_attenuation_not_recorded;temperature_channel_semantics_unresolved
FILE-02R-8fc906a71e9b9ad1,EXP-TAIPAN-001,TAIPAN_exp1296_scan104082.dat,8b204606a793c0156106590efb8b96ce824090037479258c7e5034fcd43b0464,17133,.dat,2023-08-29T22:05:26Z,A001_snapshot_filesystem_metadata_only,FMT-02R-42b66acce1bb,42b66acce1bb9e9094963947aadec8ab8c696386b7568b34f522a890d0edecea,scan,parsed,complete_one_declared_numeric_block,unique_content,,104082,verified_1_to_1,warning,mode_semantics_unresolved;q_semantics_unresolved;PG_reflection_mosaic_unverified;filter_attenuation_not_recorded;temperature_channel_semantics_unresolved
FILE-02R-7adfcda5fa810ed3,EXP-TAIPAN-001,TAIPAN_exp1296_scan104083.dat,d2c9f9971168a5c1a4a2254f8c694d6304f927cfdc13f959cb7a915057684128,17133,.dat,2023-08-29T22:15:20Z,A001_snapshot_filesystem_metadata_only,FMT-02R-fb75879b9023,fb75879b90237629b7ff00fab2133cdcd0e41ebce361bb62ae82503a783b8bdb,scan,parsed,complete_one_declared_numeric_block,unique_content,,104083,verified_1_to_1,warning,mode_semantics_unresolved;q_semantics_unresolved;PG_reflection_mosaic_unverified;filter_attenuation_not_recorded;temperature_channel_semantics_unresolved
FILE-02R-29b1ecf8945b5a04,EXP-TAIPAN-001,TAIPAN_exp1296_scan104084.dat,fb60509e9a4869084850138d8f7daed68ca7ad81743b6c6c513954ea6bbfe915,11531,.dat,2023-08-30T01:40:58Z,A001_snapshot_filesystem_metadata_only,FMT-02R-a9e025c2acce,a9e025c2acce7890bffa9e4657fb2cb86ab7d821282c46bd9cdeffe99e89b25b,scan,parsed,complete_one_declared_numeric_block,unique_content,,104084,verified_1_to_1,warning,mode_semantics_unresolved;q_semantics_unresolved;PG_reflection_mosaic_unverified;filter_attenuation_not_recorded;temperature_channel_semantics_unresolved;scan_range_unresolved_mapping
FILE-02R-46a7afceafa94daa,EXP-TAIPAN-001,TAIPAN_exp1296_scan104085.dat,39f1a3be2c64e2418a71ecc126fa8fc284f2c01f90107c7d22e4bbd8edf4d19c,11532,.dat,2023-08-30T01:48:58Z,A001_snapshot_filesystem_metadata_only,FMT-02R-25ddc2c75b1e,25ddc2c75b1e92418a19ae100f1601c7787cba8e3c4a2066d7e0d57b18e959bb,scan,parsed,complete_one_declared_numeric_block,unique_content,,104085,verified_1_to_1,warning,mode_semantics_unresolved;q_semantics_unresolved;PG_reflection_mosaic_unverified;filter_attenuation_not_recorded;temperature_channel_semantics_unresolved;scan_range_unresolved_mapping
FILE-02R-4406ccfa81a1f4ff,EXP-TAIPAN-001,TAIPAN_exp1296_scan104086.dat,3881baef16a0477e9cb7b0659c359c97e8343051235d68e175bfd683f7a88938,22225,.dat,2023-08-30T01:51:44Z,A001_snapshot_filesystem_metadata_only,FMT-02R-33ee702b9adc,33ee702b9adc719aecc7715e0cf26f0eb6428a4181901a0491a0eea3e98193f1,scan,parsed,complete_one_declared_numeric_block,unique_content,,104086,verified_1_to_1,warning,mode_semantics_unresolved;q_semantics_unresolved;PG_reflection_mosaic_unverified;filter_attenuation_not_recorded;temperature_channel_semantics_unresolved;scan_range_unresolved_mapping
FILE-02R-401ca0c88448c213,EXP-TAIPAN-001,TAIPAN_exp1296_scan104087.dat,0a50ee610a0357a88182f2ad34befc07d03db37a809641f56a0fbde1ded995b2,22228,.dat,2023-08-30T01:55:34Z,A001_snapshot_filesystem_metadata_only,FMT-02R-7d9e3f2fd3b3,7d9e3f2fd3b3d34e991e601fb1e8a60f4465d84818bbfaa290a061c1f52f1e4d,scan,parsed,complete_one_declared_numeric_block,unique_content,,104087,verified_1_to_1,warning,mode_semantics_unresolved;q_semantics_unresolved;PG_reflection_mosaic_unverified;filter_attenuation_not_recorded;temperature_channel_semantics_unresolved;scan_range_unresolved_mapping
FILE-02R-098ce8926f037697,EXP-TAIPAN-001,TAIPAN_exp1296_scan104088.dat,ff8a25600c1cecec0290b32f8f25da02982d9814dbaec12b54d7819da7fe0189,11531,.dat,2023-08-30T01:58:34Z,A001_snapshot_filesystem_metadata_only,FMT-02R-029bacfa64d8,029bacfa64d84079c19a0d1a23ce1942f1822cfdcfff3078ac29aebaf0627062,scan,parsed,complete_one_declared_numeric_block,unique_content,,104088,verified_1_to_1,warning,mode_semantics_unresolved;q_semantics_unresolved;PG_reflection_mosaic_unverified;filter_attenuation_not_recorded;temperature_channel_semantics_unresolved;scan_range_unresolved_mapping
FILE-02R-301f7e82dbae27e8,EXP-TAIPAN-001,TAIPAN_exp1296_scan104089.dat,1d4827e69a0254b8acefc523ecf2a9a5a086d7346ef1def00563f576f961202d,11532,.dat,2023-08-30T02:00:28Z,A001_snapshot_filesystem_metadata_only,FMT-02R-ab302e8146f8,ab302e8146f86f1ded8cb7f41fcded63178e166eb3ce6f237377be52aa0c2649,scan,parsed,complete_one_declared_numeric_block,unique_content,,104089,verified_1_to_1,warning,mode_semantics_unresolved;q_semantics_unresolved;PG_reflection_mosaic_unverified;filter_attenuation_not_recorded;temperature_channel_semantics_unresolved;scan_range_unresolved_mapping
FILE-02R-0b8a6d76433c9f95,EXP-TAIPAN-001,TAIPAN_exp1296_scan104090.dat,5e48a2527773b1a61598f1948b58c49626bc1a47d11a0f4a4a05177fb3c19c18,21512,.dat,2023-08-30T02:02:54Z,A001_snapshot_filesystem_metadata_only,FMT-02R-35f17153f38f,35f17153f38f0d60edbd9fd5ae19786cefea8116e8a4cb379b090ab487f54f45,scan,parsed,complete_one_declared_numeric_block,unique_content,,104090,verified_1_to_1,warning,mode_semantics_unresolved;q_semantics_unresolved;PG_reflection_mosaic_unverified;filter_attenuation_not_recorded;temperature_channel_semantics_unresolved;scan_range_unresolved_mapping
FILE-02R-2a03555a7fbdb515,EXP-TAIPAN-001,TAIPAN_exp1296_scan104091.dat,2285d78720ca4cc09ebbcdb8bad4897e4576d8dfd9c24d631eb7b4f9ec44f6a7,22228,.dat,2023-08-30T02:10:04Z,A001_snapshot_filesystem_metadata_only,FMT-02R-ac325217afd4,ac325217afd4e57d045b382451b526d3eebc3212b5eb16d3925f4ae32276aaff,scan,parsed,complete_one_declared_numeric_block,unique_content,,104091,verified_1_to_1,warning,mode_semantics_unresolved;q_semantics_unresolved;PG_reflection_mosaic_unverified;filter_attenuation_not_recorded;temperature_channel_semantics_unresolved;scan_range_unresolved_mapping
FILE-02R-36fd407b4cac26bf,EXP-TAIPAN-001,TAIPAN_exp1296_scan104092.dat,01f364e9c6cbc46407ed9187d4cbf7d357ce43b326cb3d54bc5ec98545cf6724,31953,.dat,2023-08-30T02:28:12Z,A001_snapshot_filesystem_metadata_only,FMT-02R-fb75879b9023,fb75879b90237629b7ff00fab2133cdcd0e41ebce361bb62ae82503a783b8bdb,scan,parsed,complete_one_declared_numeric_block,unique_content,,104092,verified_1_to_1,warning,mode_semantics_unresolved;q_semantics_unresolved;PG_reflection_mosaic_unverified;filter_attenuation_not_recorded;temperature_channel_semantics_unresolved
FILE-02R-1ac62a8e73779958,EXP-TAIPAN-001,TAIPAN_exp1296_scan104093.dat,44c1d0b4180b2ddca188bc15bf19bf0196234e94941b6922bbcbf2b65430b0b3,37889,.dat,2023-08-30T03:29:36Z,A001_snapshot_filesystem_metadata_only,FMT-02R-06137a7de1ad,06137a7de1ad68c8d3c5ee311070d73b8ce93af24fa948c32feac02252005c49,scan,parsed,complete_one_declared_numeric_block,unique_content,,104093,verified_1_to_1,warning,mode_semantics_unresolved;q_semantics_unresolved;PG_reflection_mosaic_unverified;filter_attenuation_not_recorded;temperature_channel_semantics_unresolved
FILE-02R-bd94cd4cf6e4e3f5,EXP-TAIPAN-001,TAIPAN_exp1296_scan104094.dat,f4e0de91f979b3e187e4a912878af0a32e0bb9d4ab98ac870b2463c428c0752d,20105,.dat,2023-08-30T04:53:02Z,A001_snapshot_filesystem_metadata_only,FMT-02R-06137a7de1ad,06137a7de1ad68c8d3c5ee311070d73b8ce93af24fa948c32feac02252005c49,scan,parsed,complete_one_declared_numeric_block,unique_content,,104094,verified_1_to_1,warning,mode_semantics_unresolved;q_semantics_unresolved;PG_reflection_mosaic_unverified;filter_attenuation_not_recorded;temperature_channel_semantics_unresolved
FILE-02R-155f77862ca36b4b,EXP-TAIPAN-001,TAIPAN_exp1296_scan104095.dat,e9f45e9e884b3286ce7f6aa5544db960d6f66241ad4723161bff4d3e2af4da18,20105,.dat,2023-08-30T06:04:56Z,A001_snapshot_filesystem_metadata_only,FMT-02R-06137a7de1ad,06137a7de1ad68c8d3c5ee311070d73b8ce93af24fa948c32feac02252005c49,scan,parsed,complete_one_declared_numeric_block,unique_content,,104095,verified_1_to_1,warning,mode_semantics_unresolved;q_semantics_unresolved;PG_reflection_mosaic_unverified;filter_attenuation_not_recorded;temperature_channel_semantics_unresolved
FILE-02R-d2b0ec8a459c99cd,EXP-TAIPAN-001,TAIPAN_exp1296_scan104096.dat,b114f212acd47daba9a9076738772b139b94b11b33ff26daf568bcc4c1a305b8,20105,.dat,2023-08-30T07:16:50Z,A001_snapshot_filesystem_metadata_only,FMT-02R-06137a7de1ad,06137a7de1ad68c8d3c5ee311070d73b8ce93af24fa948c32feac02252005c49,scan,parsed,complete_one_declared_numeric_block,unique_content,,104096,verified_1_to_1,warning,mode_semantics_unresolved;q_semantics_unresolved;PG_reflection_mosaic_unverified;filter_attenuation_not_recorded;temperature_channel_semantics_unresolved
FILE-02R-b3edfec0667b8f81,EXP-TAIPAN-001,TAIPAN_exp1296_scan104097.dat,c9df5babcd44dd1784e9688cb118a1e09faa0f2f12bcdfd32b52e355fe258da3,20105,.dat,2023-08-30T08:28:42Z,A001_snapshot_filesystem_metadata_only,FMT-02R-06137a7de1ad,06137a7de1ad68c8d3c5ee311070d73b8ce93af24fa948c32feac02252005c49,scan,parsed,complete_one_declared_numeric_block,unique_content,,104097,verified_1_to_1,warning,mode_semantics_unresolved;q_semantics_unresolved;PG_reflection_mosaic_unverified;filter_attenuation_not_recorded;temperature_channel_semantics_unresolved
FILE-02R-a119883ca3dcd30c,EXP-TAIPAN-001,TAIPAN_exp1296_scan104098.dat,e9a7d473e49ef245ff36e61c6c0a9d93de55b77f92f4c71246c7799423e21e90,20105,.dat,2023-08-30T09:40:28Z,A001_snapshot_filesystem_metadata_only,FMT-02R-06137a7de1ad,06137a7de1ad68c8d3c5ee311070d73b8ce93af24fa948c32feac02252005c49,scan,parsed,complete_one_declared_numeric_block,unique_content,,104098,verified_1_to_1,warning,mode_semantics_unresolved;q_semantics_unresolved;PG_reflection_mosaic_unverified;filter_attenuation_not_recorded;temperature_channel_semantics_unresolved
FILE-02R-52eba187558a3c67,EXP-TAIPAN-001,TAIPAN_exp1296_scan104099.dat,9e4d8fc6071df1db8feb34105250c26e121dd9402deda18c6c91d6475d3026cf,20105,.dat,2023-08-30T10:52:16Z,A001_snapshot_filesystem_metadata_only,FMT-02R-06137a7de1ad,06137a7de1ad68c8d3c5ee311070d73b8ce93af24fa948c32feac02252005c49,scan,parsed,complete_one_declared_numeric_block,unique_content,,104099,verified_1_to_1,warning,mode_semantics_unresolved;q_semantics_unresolved;PG_reflection_mosaic_unverified;filter_attenuation_not_recorded;temperature_channel_semantics_unresolved
FILE-02R-be39377fb913fc52,EXP-TAIPAN-001,TAIPAN_exp1296_scan104100.dat,acb6072b9c0e32ebe2ff251a7c67987af607f04089870baee19cc0b549908f3c,20105,.dat,2023-08-30T12:04:56Z,A001_snapshot_filesystem_metadata_only,FMT-02R-06137a7de1ad,06137a7de1ad68c8d3c5ee311070d73b8ce93af24fa948c32feac02252005c49,scan,parsed,complete_one_declared_numeric_block,unique_content,,104100,verified_1_to_1,warning,mode_semantics_unresolved;q_semantics_unresolved;PG_reflection_mosaic_unverified;filter_attenuation_not_recorded;temperature_channel_semantics_unresolved
FILE-02R-e3217e8bc718c0e2,EXP-TAIPAN-001,TAIPAN_exp1296_scan104101.dat,b7234750e76979e339119c7d62a8c8e8abe5dfc5ea0fb6a1a1fd207c14ef96b7,20105,.dat,2023-08-30T13:19:24Z,A001_snapshot_filesystem_metadata_only,FMT-02R-06137a7de1ad,06137a7de1ad68c8d3c5ee311070d73b8ce93af24fa948c32feac02252005c49,scan,parsed,complete_one_declared_numeric_block,unique_content,,104101,verified_1_to_1,warning,mode_semantics_unresolved;q_semantics_unresolved;PG_reflection_mosaic_unverified;filter_attenuation_not_recorded;temperature_channel_semantics_unresolved
FILE-02R-410122dc0a0a0609,EXP-TAIPAN-001,TAIPAN_exp1296_scan104102.dat,86919c6438186857ec9b66e3e3c4aeebf032cf6e29486af8218af7d9e3370181,148089,.dat,2023-08-30T17:21:28Z,A001_snapshot_filesystem_metadata_only,FMT-02R-00e53630cd36,00e53630cd366c7acd8f45aed10b51dd88f27feb9111947b056840151a37b83d,scan,parsed,complete_one_declared_numeric_block,unique_content,,104102,verified_1_to_1,warning,mode_semantics_unresolved;q_semantics_unresolved;PG_reflection_mosaic_unverified;filter_attenuation_not_recorded;temperature_channel_semantics_unresolved
FILE-02R-975cdb1b1c0c9bd2,EXP-TAIPAN-001,TAIPAN_exp1296_scan104103.dat,3648a7237ee046982447ed6781d86e5a0e0ff43aceb424aff6c6a81db227da89,148089,.dat,2023-08-30T17:36:36Z,A001_snapshot_filesystem_metadata_only,FMT-02R-00e53630cd36,00e53630cd366c7acd8f45aed10b51dd88f27feb9111947b056840151a37b83d,scan,parsed,complete_one_declared_numeric_block,unique_content,,104103,verified_1_to_1,warning,mode_semantics_unresolved;q_semantics_unresolved;PG_reflection_mosaic_unverified;filter_attenuation_not_recorded;temperature_channel_semantics_unresolved
FILE-02R-4bf9457dca51fccc,EXP-TAIPAN-001,TAIPAN_exp1296_scan104104.dat,c3ab9be745345e2659d06e665505fc9ae1c43000439cedb4b668d83b047af588,38739,.dat,2023-08-30T17:43:54Z,A001_snapshot_filesystem_metadata_only,FMT-02R-00e53630cd36,00e53630cd366c7acd8f45aed10b51dd88f27feb9111947b056840151a37b83d,scan,parsed,complete_one_declared_numeric_block,unique_content,,104104,verified_1_to_1,warning,mode_semantics_unresolved;q_semantics_unresolved;PG_reflection_mosaic_unverified;filter_attenuation_not_recorded;temperature_channel_semantics_unresolved
FILE-02R-56a3d2571deda3b4,EXP-TAIPAN-001,TAIPAN_exp1296_scan104105.dat,7a9a0f7691060aae665c5f9c541b1a129586feee3cbec0a87dd1d26f9504bce0,16870,.dat,2023-08-30T17:50:48Z,A001_snapshot_filesystem_metadata_only,FMT-02R-a20370d76087,a20370d76087483996ad128dc77f5702769dc90871f1c50ee14cda6374893fd5,scan,parsed,complete_one_declared_numeric_block,unique_content,,104105,verified_1_to_1,warning,mode_semantics_unresolved;q_semantics_unresolved;PG_reflection_mosaic_unverified;filter_attenuation_not_recorded;temperature_channel_semantics_unresolved;scan_range_unresolved_mapping
FILE-02R-5a38e4c96d738a19,EXP-TAIPAN-001,TAIPAN_exp1296_scan104106.dat,06b109d3e6f208d804b9a44095ef9c4cf16d6c81c6f79c926383ae5cc23148d2,16870,.dat,2023-08-30T17:53:48Z,A001_snapshot_filesystem_metadata_only,FMT-02R-365d8346d6ba,365d8346d6bae3096f01aa4d5a6ed097b14e8772eb4c4c1cdcaeb2b00136bf06,scan,parsed,complete_one_declared_numeric_block,unique_content,,104106,verified_1_to_1,warning,mode_semantics_unresolved;q_semantics_unresolved;PG_reflection_mosaic_unverified;filter_attenuation_not_recorded;temperature_channel_semantics_unresolved;scan_range_unresolved_mapping
FILE-02R-a98cdafc1ca03212,EXP-TAIPAN-001,TAIPAN_exp1296_scan104107.dat,ac616d5af3c09d49b28b37c093ff221be3027d836584562aa48d304bdf5c1c1a,38739,.dat,2023-08-30T17:56:42Z,A001_snapshot_filesystem_metadata_only,FMT-02R-00e53630cd36,00e53630cd366c7acd8f45aed10b51dd88f27feb9111947b056840151a37b83d,scan,parsed,complete_one_declared_numeric_block,unique_content,,104107,verified_1_to_1,warning,mode_semantics_unresolved;q_semantics_unresolved;PG_reflection_mosaic_unverified;filter_attenuation_not_recorded;temperature_channel_semantics_unresolved
FILE-02R-e91eb964799b0944,EXP-TAIPAN-001,TAIPAN_exp1296_scan104108.dat,ab1681ca84782036935b56ec16e36269d4ef07f303bafc994a5fd94c18aaaa17,16869,.dat,2023-08-30T18:05:44Z,A001_snapshot_filesystem_metadata_only,FMT-02R-de66a609ccd2,de66a609ccd219332c3d8bdb4ffa72d187f63fd880e1e2c172330df2f03ec23d,scan,parsed,complete_one_declared_numeric_block,unique_content,,104108,verified_1_to_1,warning,mode_semantics_unresolved;q_semantics_unresolved;PG_reflection_mosaic_unverified;filter_attenuation_not_recorded;temperature_channel_semantics_unresolved
FILE-02R-c05367f62e677421,EXP-TAIPAN-001,TAIPAN_exp1296_scan104109.dat,ff9514ad04661bda8509c047c66ca11a15214a5249bf61e0cfab06e8b1ebf4c0,16869,.dat,2023-08-30T18:09:08Z,A001_snapshot_filesystem_metadata_only,FMT-02R-de66a609ccd2,de66a609ccd219332c3d8bdb4ffa72d187f63fd880e1e2c172330df2f03ec23d,scan,parsed,complete_one_declared_numeric_block,unique_content,,104109,verified_1_to_1,warning,mode_semantics_unresolved;q_semantics_unresolved;PG_reflection_mosaic_unverified;filter_attenuation_not_recorded;temperature_channel_semantics_unresolved
FILE-02R-a2d17d3a2580b423,EXP-TAIPAN-001,TAIPAN_exp1296_scan104110.dat,81083819e93ee7d9311811d03f4c0295931ff1e5170bed3d3411543dada0e2d0,16869,.dat,2023-08-30T18:15:54Z,A001_snapshot_filesystem_metadata_only,FMT-02R-00e53630cd36,00e53630cd366c7acd8f45aed10b51dd88f27feb9111947b056840151a37b83d,scan,parsed,complete_one_declared_numeric_block,unique_content,,104110,verified_1_to_1,warning,mode_semantics_unresolved;q_semantics_unresolved;PG_reflection_mosaic_unverified;filter_attenuation_not_recorded;temperature_channel_semantics_unresolved
FILE-02R-6a8bab42345cf933,EXP-TAIPAN-001,TAIPAN_exp1296_scan104111.dat,10acb48a03f3b4c18dfd558cffb1f3a58b92b1ee572dfece2de45f4520bb1482,16869,.dat,2023-08-30T18:18:18Z,A001_snapshot_filesystem_metadata_only,FMT-02R-00e53630cd36,00e53630cd366c7acd8f45aed10b51dd88f27feb9111947b056840151a37b83d,scan,parsed,complete_one_declared_numeric_block,unique_content,,104111,verified_1_to_1,warning,mode_semantics_unresolved;q_semantics_unresolved;PG_reflection_mosaic_unverified;filter_attenuation_not_recorded;temperature_channel_semantics_unresolved
FILE-02R-617a2a398a2b60f6,EXP-TAIPAN-001,TAIPAN_exp1296_scan104112.dat,f37b73fbf57849a7bb2848da7f85a0cc4f2757a3e7ce4728cdcb82972187e4af,16869,.dat,2023-08-30T18:21:14Z,A001_snapshot_filesystem_metadata_only,FMT-02R-00e53630cd36,00e53630cd366c7acd8f45aed10b51dd88f27feb9111947b056840151a37b83d,scan,parsed,complete_one_declared_numeric_block,unique_content,,104112,verified_1_to_1,warning,mode_semantics_unresolved;q_semantics_unresolved;PG_reflection_mosaic_unverified;filter_attenuation_not_recorded;temperature_channel_semantics_unresolved
FILE-02R-97c73e3850f8c504,EXP-TAIPAN-001,TAIPAN_exp1296_scan104113.dat,f89217285403096ea7061c254beabc5321844b54db9b8a31a19769ea89d6cacb,16869,.dat,2023-08-30T18:23:08Z,A001_snapshot_filesystem_metadata_only,FMT-02R-00e53630cd36,00e53630cd366c7acd8f45aed10b51dd88f27feb9111947b056840151a37b83d,scan,parsed,complete_one_declared_numeric_block,unique_content,,104113,verified_1_to_1,warning,mode_semantics_unresolved;q_semantics_unresolved;PG_reflection_mosaic_unverified;filter_attenuation_not_recorded;temperature_channel_semantics_unresolved
FILE-02R-11dfd86ada18ae28,EXP-TAIPAN-001,TAIPAN_exp1296_scan104114.dat,d467febd686e8bbaec93d829b13819f7febe19bcceeb4f95ea28ea0b208790af,38739,.dat,2023-08-30T18:26:02Z,A001_snapshot_filesystem_metadata_only,FMT-02R-00e53630cd36,00e53630cd366c7acd8f45aed10b51dd88f27feb9111947b056840151a37b83d,scan,parsed,complete_one_declared_numeric_block,unique_content,,104114,verified_1_to_1,warning,mode_semantics_unresolved;q_semantics_unresolved;PG_reflection_mosaic_unverified;filter_attenuation_not_recorded;temperature_channel_semantics_unresolved
FILE-02R-f8fbd7ad64cebea7,EXP-TAIPAN-001,TAIPAN_exp1296_scan104115.dat,3f6d08acb6bd535d69c4265fa7ee6f5d44c9222eeece30eea462538fec696b5b,16869,.dat,2023-08-30T18:32:40Z,A001_snapshot_filesystem_metadata_only,FMT-02R-de66a609ccd2,de66a609ccd219332c3d8bdb4ffa72d187f63fd880e1e2c172330df2f03ec23d,scan,parsed,complete_one_declared_numeric_block,unique_content,,104115,verified_1_to_1,warning,mode_semantics_unresolved;q_semantics_unresolved;PG_reflection_mosaic_unverified;filter_attenuation_not_recorded;temperature_channel_semantics_unresolved
FILE-02R-b8ec3f5c2c448132,EXP-TAIPAN-001,TAIPAN_exp1296_scan104116.dat,051b80b0a9b681e6966953edcc3c2a9ebed904f4a5f892181001706cd19ca3f8,16870,.dat,2023-08-30T18:37:24Z,A001_snapshot_filesystem_metadata_only,FMT-02R-a20370d76087,a20370d76087483996ad128dc77f5702769dc90871f1c50ee14cda6374893fd5,scan,parsed,complete_one_declared_numeric_block,unique_content,,104116,verified_1_to_1,warning,mode_semantics_unresolved;q_semantics_unresolved;PG_reflection_mosaic_unverified;filter_attenuation_not_recorded;temperature_channel_semantics_unresolved;scan_range_unresolved_mapping
FILE-02R-dc3481f974957a00,EXP-TAIPAN-001,TAIPAN_exp1296_scan104117.dat,f6b51d2cc4edc3b32f7673de6a652d97ff00c3330dbdcc51be19fecf58eaa235,16870,.dat,2023-08-30T18:40:44Z,A001_snapshot_filesystem_metadata_only,FMT-02R-365d8346d6ba,365d8346d6bae3096f01aa4d5a6ed097b14e8772eb4c4c1cdcaeb2b00136bf06,scan,parsed,complete_one_declared_numeric_block,unique_content,,104117,verified_1_to_1,warning,mode_semantics_unresolved;q_semantics_unresolved;PG_reflection_mosaic_unverified;filter_attenuation_not_recorded;temperature_channel_semantics_unresolved;scan_range_unresolved_mapping
FILE-02R-d845fea91633e63c,EXP-TAIPAN-001,TAIPAN_exp1296_scan104118.dat,921e6a62d3d9b26538633bd9759466476f2bd1bbb5b0d15155673d1ef30a53b2,17133,.dat,2023-08-30T19:01:36Z,A001_snapshot_filesystem_metadata_only,FMT-02R-fb75879b9023,fb75879b90237629b7ff00fab2133cdcd0e41ebce361bb62ae82503a783b8bdb,scan,parsed,complete_one_declared_numeric_block,unique_content,,104118,verified_1_to_1,warning,mode_semantics_unresolved;q_semantics_unresolved;PG_reflection_mosaic_unverified;filter_attenuation_not_recorded;temperature_channel_semantics_unresolved
FILE-02R-50ed3a6aa1d85618,EXP-TAIPAN-001,TAIPAN_exp1296_scan104119.dat,b97dc139f25307e6a08abb5e9fed818f90a166d4be8d656962dd454485892c04,17133,.dat,2023-08-30T19:06:20Z,A001_snapshot_filesystem_metadata_only,FMT-02R-fb75879b9023,fb75879b90237629b7ff00fab2133cdcd0e41ebce361bb62ae82503a783b8bdb,scan,parsed,complete_one_declared_numeric_block,unique_content,,104119,verified_1_to_1,warning,mode_semantics_unresolved;q_semantics_unresolved;PG_reflection_mosaic_unverified;filter_attenuation_not_recorded;temperature_channel_semantics_unresolved
FILE-02R-46dfb210c943bc7c,EXP-TAIPAN-001,TAIPAN_exp1296_scan104120.dat,0ed45adfc4dd22b536cae3c07afb416e7f9e3787332c93f4b6e325f0515ff2c9,17133,.dat,2023-08-30T19:07:42Z,A001_snapshot_filesystem_metadata_only,FMT-02R-42b66acce1bb,42b66acce1bb9e9094963947aadec8ab8c696386b7568b34f522a890d0edecea,scan,parsed,complete_one_declared_numeric_block,unique_content,,104120,verified_1_to_1,warning,mode_semantics_unresolved;q_semantics_unresolved;PG_reflection_mosaic_unverified;filter_attenuation_not_recorded;temperature_channel_semantics_unresolved
FILE-02R-7b4c7320a63d5cd3,EXP-TAIPAN-001,TAIPAN_exp1296_scan104121.dat,f83f322145edd2331e3d68a34110b3ae822bd6f72d796d3e60bbdd258eb01b98,16870,.dat,2023-08-30T19:10:52Z,A001_snapshot_filesystem_metadata_only,FMT-02R-365d8346d6ba,365d8346d6bae3096f01aa4d5a6ed097b14e8772eb4c4c1cdcaeb2b00136bf06,scan,parsed,complete_one_declared_numeric_block,unique_content,,104121,verified_1_to_1,warning,mode_semantics_unresolved;q_semantics_unresolved;PG_reflection_mosaic_unverified;filter_attenuation_not_recorded;temperature_channel_semantics_unresolved;scan_range_unresolved_mapping
FILE-02R-0e4b375279b4dbff,EXP-TAIPAN-001,TAIPAN_exp1296_scan104122.dat,0c153451ce7ed28c1e971384ae713b8d7a30d8e1806e1159fe06951449f5002e,16870,.dat,2023-08-30T19:14:00Z,A001_snapshot_filesystem_metadata_only,FMT-02R-365d8346d6ba,365d8346d6bae3096f01aa4d5a6ed097b14e8772eb4c4c1cdcaeb2b00136bf06,scan,parsed,complete_one_declared_numeric_block,unique_content,,104122,verified_1_to_1,warning,mode_semantics_unresolved;q_semantics_unresolved;PG_reflection_mosaic_unverified;filter_attenuation_not_recorded;temperature_channel_semantics_unresolved;scan_range_unresolved_mapping
FILE-02R-4dae638e87018000,EXP-TAIPAN-001,TAIPAN_exp1296_scan104123.dat,2cace8dd94e4394baeae102625fd5380d554857db13ca10971ab54dfda5efff7,16870,.dat,2023-08-30T19:17:26Z,A001_snapshot_filesystem_metadata_only,FMT-02R-a20370d76087,a20370d76087483996ad128dc77f5702769dc90871f1c50ee14cda6374893fd5,scan,parsed,complete_one_declared_numeric_block,unique_content,,104123,verified_1_to_1,warning,mode_semantics_unresolved;q_semantics_unresolved;PG_reflection_mosaic_unverified;filter_attenuation_not_recorded;temperature_channel_semantics_unresolved;scan_range_unresolved_mapping
FILE-02R-ad5a7d1fd9cfbffb,EXP-TAIPAN-001,TAIPAN_exp1296_scan104124.dat,63e1aeb329c68be76b92ea2ffab83516d704a3cd7e47ff02f693be38d8eb05bd,16870,.dat,2023-08-30T19:21:20Z,A001_snapshot_filesystem_metadata_only,FMT-02R-a20370d76087,a20370d76087483996ad128dc77f5702769dc90871f1c50ee14cda6374893fd5,scan,parsed,complete_one_declared_numeric_block,unique_content,,104124,verified_1_to_1,warning,mode_semantics_unresolved;q_semantics_unresolved;PG_reflection_mosaic_unverified;filter_attenuation_not_recorded;temperature_channel_semantics_unresolved;scan_range_unresolved_mapping
FILE-02R-d930d58d82cc4510,EXP-TAIPAN-001,TAIPAN_exp1296_scan104125.dat,8ee6fbb10d102f4014f6cfc37b5b2e65b6fff9a294ebe5e3e9285061c4d87272,17133,.dat,2023-08-30T19:29:38Z,A001_snapshot_filesystem_metadata_only,FMT-02R-fb75879b9023,fb75879b90237629b7ff00fab2133cdcd0e41ebce361bb62ae82503a783b8bdb,scan,parsed,complete_one_declared_numeric_block,unique_content,,104125,verified_1_to_1,warning,mode_semantics_unresolved;q_semantics_unresolved;PG_reflection_mosaic_unverified;filter_attenuation_not_recorded;temperature_channel_semantics_unresolved
FILE-02R-b026e7e938fde3e5,EXP-TAIPAN-001,TAIPAN_exp1296_scan104126.dat,b622f8b59ecab694f5d63c2e0fd99b6318f8134b6dca330b44ccdd56c4ca854f,17133,.dat,2023-08-30T19:34:42Z,A001_snapshot_filesystem_metadata_only,FMT-02R-42b66acce1bb,42b66acce1bb9e9094963947aadec8ab8c696386b7568b34f522a890d0edecea,scan,parsed,complete_one_declared_numeric_block,unique_content,,104126,verified_1_to_1,warning,mode_semantics_unresolved;q_semantics_unresolved;PG_reflection_mosaic_unverified;filter_attenuation_not_recorded;temperature_channel_semantics_unresolved
FILE-02R-ceb7bd14d0317a9e,EXP-TAIPAN-001,TAIPAN_exp1296_scan104127.dat,fc06ec6ac8f57e90b7353c6d6892c18d340c36d92faf12bb0ac4e77294111dab,17133,.dat,2023-08-30T19:47:18Z,A001_snapshot_filesystem_metadata_only,FMT-02R-42b66acce1bb,42b66acce1bb9e9094963947aadec8ab8c696386b7568b34f522a890d0edecea,scan,parsed,complete_one_declared_numeric_block,unique_content,,104127,verified_1_to_1,warning,mode_semantics_unresolved;q_semantics_unresolved;PG_reflection_mosaic_unverified;filter_attenuation_not_recorded;temperature_channel_semantics_unresolved
FILE-02R-759b1548e2848432,EXP-TAIPAN-001,TAIPAN_exp1296_scan104128.dat,e3f5a01de4b880451460aa0a2116b6173c3c625042274e733d4923a40091925e,2313,.dat,2023-08-30T20:10:02Z,A001_snapshot_filesystem_metadata_only,FMT-02R-fb75879b9023,fb75879b90237629b7ff00fab2133cdcd0e41ebce361bb62ae82503a783b8bdb,scan,parsed,complete_one_declared_numeric_block,unique_content,,104128,verified_1_to_1,warning,mode_semantics_unresolved;q_semantics_unresolved;PG_reflection_mosaic_unverified;filter_attenuation_not_recorded;temperature_channel_semantics_unresolved
FILE-02R-397732717d35f929,EXP-TAIPAN-001,TAIPAN_exp1296_scan104129.dat,e40d8a05f69a828fc85d5c219da98237df46ea6b8ff680dc8b36fa045b858be6,17133,.dat,2023-08-30T20:14:56Z,A001_snapshot_filesystem_metadata_only,FMT-02R-fb75879b9023,fb75879b90237629b7ff00fab2133cdcd0e41ebce361bb62ae82503a783b8bdb,scan,parsed,complete_one_declared_numeric_block,unique_content,,104129,verified_1_to_1,warning,mode_semantics_unresolved;q_semantics_unresolved;PG_reflection_mosaic_unverified;filter_attenuation_not_recorded;temperature_channel_semantics_unresolved
FILE-02R-58cb1ca25197b413,EXP-TAIPAN-001,TAIPAN_exp1296_scan104130.dat,3140e7f725177d25934d0b4626ed91606bf855c51c9d6c25592a4d1fe83b9a2b,17133,.dat,2023-08-30T20:22:02Z,A001_snapshot_filesystem_metadata_only,FMT-02R-42b66acce1bb,42b66acce1bb9e9094963947aadec8ab8c696386b7568b34f522a890d0edecea,scan,parsed,complete_one_declared_numeric_block,unique_content,,104130,verified_1_to_1,warning,mode_semantics_unresolved;q_semantics_unresolved;PG_reflection_mosaic_unverified;filter_attenuation_not_recorded;temperature_channel_semantics_unresolved
FILE-02R-9aae17c864f1b80f,EXP-TAIPAN-001,TAIPAN_exp1296_scan104131.dat,8f2d928c36e9747eac9127d7be942e4c04d590985c62c19b72297f74a9b65863,17133,.dat,2023-08-30T20:44:16Z,A001_snapshot_filesystem_metadata_only,FMT-02R-fb75879b9023,fb75879b90237629b7ff00fab2133cdcd0e41ebce361bb62ae82503a783b8bdb,scan,parsed,complete_one_declared_numeric_block,unique_content,,104131,verified_1_to_1,warning,mode_semantics_unresolved;q_semantics_unresolved;PG_reflection_mosaic_unverified;filter_attenuation_not_recorded;temperature_channel_semantics_unresolved
FILE-02R-f76a47fba5e4763c,EXP-TAIPAN-001,TAIPAN_exp1296_scan104132.dat,842baee372c9b43c436faa4d801c21812dc03394974a9909b422e2fc57222a06,17133,.dat,2023-08-30T20:49:08Z,A001_snapshot_filesystem_metadata_only,FMT-02R-42b66acce1bb,42b66acce1bb9e9094963947aadec8ab8c696386b7568b34f522a890d0edecea,scan,parsed,complete_one_declared_numeric_block,unique_content,,104132,verified_1_to_1,warning,mode_semantics_unresolved;q_semantics_unresolved;PG_reflection_mosaic_unverified;filter_attenuation_not_recorded;temperature_channel_semantics_unresolved
FILE-02R-94e685e09ee9d021,EXP-TAIPAN-001,TAIPAN_exp1296_scan104133.dat,22b2eddd1858d21bc64f9e5276c02484dae206709f2455b3eda6f4006c071f7b,24159,.dat,2023-08-30T20:55:46Z,A001_snapshot_filesystem_metadata_only,FMT-02R-00e53630cd36,00e53630cd366c7acd8f45aed10b51dd88f27feb9111947b056840151a37b83d,scan,parsed,complete_one_declared_numeric_block,unique_content,,104133,verified_1_to_1,warning,mode_semantics_unresolved;q_semantics_unresolved;PG_reflection_mosaic_unverified;filter_attenuation_not_recorded;temperature_channel_semantics_unresolved
FILE-02R-9b86ca5f436ba496,EXP-TAIPAN-001,TAIPAN_exp1296_scan104134.dat,05c76e4b919ac06a46cab02a094c95e5838463a6c9c3c0eb55122ec60648eaf8,16869,.dat,2023-08-30T20:57:30Z,A001_snapshot_filesystem_metadata_only,FMT-02R-00e53630cd36,00e53630cd366c7acd8f45aed10b51dd88f27feb9111947b056840151a37b83d,scan,parsed,complete_one_declared_numeric_block,unique_content,,104134,verified_1_to_1,warning,mode_semantics_unresolved;q_semantics_unresolved;PG_reflection_mosaic_unverified;filter_attenuation_not_recorded;temperature_channel_semantics_unresolved
FILE-02R-794180199909af6d,EXP-TAIPAN-001,TAIPAN_exp1296_scan104135.dat,555cb6b923461edfb3291c2781c9a0901a6563e4e1518ab891c3f4d30931aa56,16869,.dat,2023-08-30T21:00:04Z,A001_snapshot_filesystem_metadata_only,FMT-02R-00e53630cd36,00e53630cd366c7acd8f45aed10b51dd88f27feb9111947b056840151a37b83d,scan,parsed,complete_one_declared_numeric_block,unique_content,,104135,verified_1_to_1,warning,mode_semantics_unresolved;q_semantics_unresolved;PG_reflection_mosaic_unverified;filter_attenuation_not_recorded;temperature_channel_semantics_unresolved
FILE-02R-dd4dd855dd7e599d,EXP-TAIPAN-001,TAIPAN_exp1296_scan104136.dat,d10251fc9edf1e0cdd0e0d4596f1a34957570a6668bf18ab361fe3e2a232c4a3,16869,.dat,2023-08-30T21:01:56Z,A001_snapshot_filesystem_metadata_only,FMT-02R-00e53630cd36,00e53630cd366c7acd8f45aed10b51dd88f27feb9111947b056840151a37b83d,scan,parsed,complete_one_declared_numeric_block,unique_content,,104136,verified_1_to_1,warning,mode_semantics_unresolved;q_semantics_unresolved;PG_reflection_mosaic_unverified;filter_attenuation_not_recorded;temperature_channel_semantics_unresolved
FILE-02R-bd0a749a22eed9a0,EXP-TAIPAN-001,TAIPAN_exp1296_scan104137.dat,ce0f5806ad584b804358d907268b1e37f6994c316d33db67412702b9046412ab,16869,.dat,2023-08-30T21:07:48Z,A001_snapshot_filesystem_metadata_only,FMT-02R-de66a609ccd2,de66a609ccd219332c3d8bdb4ffa72d187f63fd880e1e2c172330df2f03ec23d,scan,parsed,complete_one_declared_numeric_block,unique_content,,104137,verified_1_to_1,warning,mode_semantics_unresolved;q_semantics_unresolved;PG_reflection_mosaic_unverified;filter_attenuation_not_recorded;temperature_channel_semantics_unresolved
FILE-02R-da1d0700d24ca297,EXP-TAIPAN-001,TAIPAN_exp1296_scan104138.dat,306f03a6b5934ad0b98870795ca36f73d7dbf823223af6470e2de3025b0aed46,24159,.dat,2023-08-30T22:25:08Z,A001_snapshot_filesystem_metadata_only,FMT-02R-00e53630cd36,00e53630cd366c7acd8f45aed10b51dd88f27feb9111947b056840151a37b83d,scan,parsed,complete_one_declared_numeric_block,unique_content,,104138,verified_1_to_1,warning,mode_semantics_unresolved;q_semantics_unresolved;PG_reflection_mosaic_unverified;filter_attenuation_not_recorded;temperature_channel_semantics_unresolved
FILE-02R-972e9ad8a53ed5c3,EXP-TAIPAN-001,TAIPAN_exp1296_scan104139.dat,f9687a9d1cd9c8a8ebc30f79181d0c61882445dd458681b3a837d34f6ff120a6,16869,.dat,2023-08-30T22:30:44Z,A001_snapshot_filesystem_metadata_only,FMT-02R-de66a609ccd2,de66a609ccd219332c3d8bdb4ffa72d187f63fd880e1e2c172330df2f03ec23d,scan,parsed,complete_one_declared_numeric_block,unique_content,,104139,verified_1_to_1,warning,mode_semantics_unresolved;q_semantics_unresolved;PG_reflection_mosaic_unverified;filter_attenuation_not_recorded;temperature_channel_semantics_unresolved
FILE-02R-a8f25df3c5847d30,EXP-TAIPAN-001,TAIPAN_exp1296_scan104140.dat,ecfb116d3ccba5200c44a027ea37ff51032f1afa703933829d3390b30046bc6c,3019,.dat,2023-08-30T22:32:20Z,A001_snapshot_filesystem_metadata_only,FMT-02R-a20370d76087,a20370d76087483996ad128dc77f5702769dc90871f1c50ee14cda6374893fd5,scan,parsed,complete_one_declared_numeric_block,unique_content,,104140,verified_1_to_1,warning,mode_semantics_unresolved;q_semantics_unresolved;PG_reflection_mosaic_unverified;filter_attenuation_not_recorded;temperature_channel_semantics_unresolved;scan_range_unresolved_mapping
FILE-02R-27510edb47af6e55,EXP-TAIPAN-001,TAIPAN_exp1296_scan104141.dat,e7bdf6ddb4f04931de5a2c9c1708bc3f88c58e709b001ecf3dbc2be5b9512480,16870,.dat,2023-08-30T22:33:56Z,A001_snapshot_filesystem_metadata_only,FMT-02R-a20370d76087,a20370d76087483996ad128dc77f5702769dc90871f1c50ee14cda6374893fd5,scan,parsed,complete_one_declared_numeric_block,unique_content,,104141,verified_1_to_1,warning,mode_semantics_unresolved;q_semantics_unresolved;PG_reflection_mosaic_unverified;filter_attenuation_not_recorded;temperature_channel_semantics_unresolved;scan_range_unresolved_mapping
FILE-02R-8f1ba21ed4bd7f82,EXP-TAIPAN-001,TAIPAN_exp1296_scan104142.dat,e70c2eed4b67bd17dae101af78fee1a7c3ded11052b333232396b4b25ba4ef5c,16870,.dat,2023-08-30T22:35:56Z,A001_snapshot_filesystem_metadata_only,FMT-02R-365d8346d6ba,365d8346d6bae3096f01aa4d5a6ed097b14e8772eb4c4c1cdcaeb2b00136bf06,scan,parsed,complete_one_declared_numeric_block,unique_content,,104142,verified_1_to_1,warning,mode_semantics_unresolved;q_semantics_unresolved;PG_reflection_mosaic_unverified;filter_attenuation_not_recorded;temperature_channel_semantics_unresolved;scan_range_unresolved_mapping
FILE-02R-2418706b7fadc72a,EXP-TAIPAN-001,TAIPAN_exp1296_scan104143.dat,9562d48165ec02b8683467e28f007a9f30aa1087ff868c5c809da36a3bddb2ee,16870,.dat,2023-08-30T22:42:22Z,A001_snapshot_filesystem_metadata_only,FMT-02R-a20370d76087,a20370d76087483996ad128dc77f5702769dc90871f1c50ee14cda6374893fd5,scan,parsed,complete_one_declared_numeric_block,unique_content,,104143,verified_1_to_1,warning,mode_semantics_unresolved;q_semantics_unresolved;PG_reflection_mosaic_unverified;filter_attenuation_not_recorded;temperature_channel_semantics_unresolved;scan_range_unresolved_mapping
FILE-02R-8e2c879cefd110cd,EXP-TAIPAN-001,TAIPAN_exp1296_scan104144.dat,0e1b43006748a96fa536319020a8e602e74607468b28e68327d6028d97e19279,16870,.dat,2023-08-30T22:44:20Z,A001_snapshot_filesystem_metadata_only,FMT-02R-365d8346d6ba,365d8346d6bae3096f01aa4d5a6ed097b14e8772eb4c4c1cdcaeb2b00136bf06,scan,parsed,complete_one_declared_numeric_block,unique_content,,104144,verified_1_to_1,warning,mode_semantics_unresolved;q_semantics_unresolved;PG_reflection_mosaic_unverified;filter_attenuation_not_recorded;temperature_channel_semantics_unresolved;scan_range_unresolved_mapping
FILE-02R-45874942b83e2b22,EXP-TAIPAN-001,TAIPAN_exp1296_scan104145.dat,59bebd3146ec50efb6eea00d1daa43a93f0d7d8560811abdd55e4b522249359e,17133,.dat,2023-08-30T23:06:18Z,A001_snapshot_filesystem_metadata_only,FMT-02R-42b66acce1bb,42b66acce1bb9e9094963947aadec8ab8c696386b7568b34f522a890d0edecea,scan,parsed,complete_one_declared_numeric_block,unique_content,,104145,verified_1_to_1,warning,mode_semantics_unresolved;q_semantics_unresolved;PG_reflection_mosaic_unverified;filter_attenuation_not_recorded;temperature_channel_semantics_unresolved
FILE-02R-bdf26dd096fe3d32,EXP-TAIPAN-001,TAIPAN_exp1296_scan104146.dat,94f742df4cf59a0e45ae775c3a2c95e6947e7134ab444654a8c3c6d6a3073c8d,17134,.dat,2023-08-30T23:16:16Z,A001_snapshot_filesystem_metadata_only,FMT-02R-42b66acce1bb,42b66acce1bb9e9094963947aadec8ab8c696386b7568b34f522a890d0edecea,scan,parsed,complete_one_declared_numeric_block,unique_content,,104146,verified_1_to_1,warning,mode_semantics_unresolved;q_semantics_unresolved;PG_reflection_mosaic_unverified;filter_attenuation_not_recorded;temperature_channel_semantics_unresolved
FILE-02R-47923655f1056cab,EXP-TAIPAN-001,TAIPAN_exp1296_scan104147.dat,439a42c61feb45209a4020e4dff4d7228ad0fe7f075c595b2228fde0dce37ff2,24551,.dat,2023-08-31T03:05:22Z,A001_snapshot_filesystem_metadata_only,FMT-02R-06137a7de1ad,06137a7de1ad68c8d3c5ee311070d73b8ce93af24fa948c32feac02252005c49,scan,parsed,complete_one_declared_numeric_block,unique_content,,104147,verified_1_to_1,warning,mode_semantics_unresolved;q_semantics_unresolved;PG_reflection_mosaic_unverified;filter_attenuation_not_recorded;temperature_channel_semantics_unresolved
FILE-02R-4228d41a4d290624,EXP-TAIPAN-001,TAIPAN_exp1296_scan104148.dat,69480da70fe27420f6d05fc558332220a56abf88376bba7bb85376b3f6c91eb5,24551,.dat,2023-08-31T04:44:50Z,A001_snapshot_filesystem_metadata_only,FMT-02R-06137a7de1ad,06137a7de1ad68c8d3c5ee311070d73b8ce93af24fa948c32feac02252005c49,scan,parsed,complete_one_declared_numeric_block,unique_content,,104148,verified_1_to_1,warning,mode_semantics_unresolved;q_semantics_unresolved;PG_reflection_mosaic_unverified;filter_attenuation_not_recorded;temperature_channel_semantics_unresolved
FILE-02R-05fe96ea32344287,EXP-TAIPAN-001,TAIPAN_exp1296_scan104149.dat,f14bc1707c626f4420c41c20732b12c205dafc1d3b645c9923413e0d8ba4add1,24551,.dat,2023-08-31T06:24:20Z,A001_snapshot_filesystem_metadata_only,FMT-02R-06137a7de1ad,06137a7de1ad68c8d3c5ee311070d73b8ce93af24fa948c32feac02252005c49,scan,parsed,complete_one_declared_numeric_block,unique_content,,104149,verified_1_to_1,warning,mode_semantics_unresolved;q_semantics_unresolved;PG_reflection_mosaic_unverified;filter_attenuation_not_recorded;temperature_channel_semantics_unresolved
FILE-02R-0481b23618cb53b9,EXP-TAIPAN-001,TAIPAN_exp1296_scan104150.dat,fadf2c1230c26fb88173d4c7d40647c4a330dbbe44289be8fa8c60a5ea8d4dc0,24551,.dat,2023-08-31T08:03:32Z,A001_snapshot_filesystem_metadata_only,FMT-02R-06137a7de1ad,06137a7de1ad68c8d3c5ee311070d73b8ce93af24fa948c32feac02252005c49,scan,parsed,complete_one_declared_numeric_block,unique_content,,104150,verified_1_to_1,warning,mode_semantics_unresolved;q_semantics_unresolved;PG_reflection_mosaic_unverified;filter_attenuation_not_recorded;temperature_channel_semantics_unresolved
FILE-02R-db3216aa4bbb640f,EXP-TAIPAN-001,TAIPAN_exp1296_scan104151.dat,77b3ef5318968f8763ca755f9612d56c3297c7273b62cb0673a472244addbe91,24551,.dat,2023-08-31T09:42:36Z,A001_snapshot_filesystem_metadata_only,FMT-02R-06137a7de1ad,06137a7de1ad68c8d3c5ee311070d73b8ce93af24fa948c32feac02252005c49,scan,parsed,complete_one_declared_numeric_block,unique_content,,104151,verified_1_to_1,warning,mode_semantics_unresolved;q_semantics_unresolved;PG_reflection_mosaic_unverified;filter_attenuation_not_recorded;temperature_channel_semantics_unresolved
FILE-02R-b3c55d12147f0b5a,EXP-TAIPAN-001,TAIPAN_exp1296_scan104152.dat,69f7aa8176b154b292e84843911eb9702af3e3ffe2839f2c5e39582deffe497c,24551,.dat,2023-08-31T11:21:46Z,A001_snapshot_filesystem_metadata_only,FMT-02R-06137a7de1ad,06137a7de1ad68c8d3c5ee311070d73b8ce93af24fa948c32feac02252005c49,scan,parsed,complete_one_declared_numeric_block,unique_content,,104152,verified_1_to_1,warning,mode_semantics_unresolved;q_semantics_unresolved;PG_reflection_mosaic_unverified;filter_attenuation_not_recorded;temperature_channel_semantics_unresolved
FILE-02R-f05dcc227ab4790a,EXP-TAIPAN-001,TAIPAN_exp1296_scan104153.dat,db02424b0f0415400b27b36cc5ad9908f29156655ee7f8acacc0fbc489883426,24551,.dat,2023-08-31T13:00:42Z,A001_snapshot_filesystem_metadata_only,FMT-02R-06137a7de1ad,06137a7de1ad68c8d3c5ee311070d73b8ce93af24fa948c32feac02252005c49,scan,parsed,complete_one_declared_numeric_block,unique_content,,104153,verified_1_to_1,warning,mode_semantics_unresolved;q_semantics_unresolved;PG_reflection_mosaic_unverified;filter_attenuation_not_recorded;temperature_channel_semantics_unresolved
FILE-02R-98ae70bbe8082ef4,EXP-TAIPAN-001,TAIPAN_exp1296_scan104154.dat,ce9d94b1cc6cafb41244d4cd5e193c8de89de37991b6392ff7ac5913e80cffa9,24551,.dat,2023-08-31T14:40:12Z,A001_snapshot_filesystem_metadata_only,FMT-02R-06137a7de1ad,06137a7de1ad68c8d3c5ee311070d73b8ce93af24fa948c32feac02252005c49,scan,parsed,complete_one_declared_numeric_block,unique_content,,104154,verified_1_to_1,warning,mode_semantics_unresolved;q_semantics_unresolved;PG_reflection_mosaic_unverified;filter_attenuation_not_recorded;temperature_channel_semantics_unresolved
FILE-02R-67de6714e483831a,EXP-TAIPAN-001,TAIPAN_exp1296_scan104155.dat,0c4efec60e960cd98acc1cd88313fa7e8540a7262a34bb9fa8e30db28d85554d,3062,.dat,2023-08-31T15:28:44Z,A001_snapshot_filesystem_metadata_only,FMT-02R-06137a7de1ad,06137a7de1ad68c8d3c5ee311070d73b8ce93af24fa948c32feac02252005c49,scan,parsed,complete_one_declared_numeric_block,unique_content,,104155,verified_1_to_1,warning,mode_semantics_unresolved;q_semantics_unresolved;PG_reflection_mosaic_unverified;filter_attenuation_not_recorded;temperature_channel_semantics_unresolved
FILE-02R-0c5324e654c50b30,EXP-TAIPAN-001,TAIPAN_exp1296_scan104156.dat,a8cf82603774ed94fad45516faa1afcb22e00e67c06db32661c04ce857f3f3cd,5285,.dat,2023-08-31T15:55:24Z,A001_snapshot_filesystem_metadata_only,FMT-02R-06137a7de1ad,06137a7de1ad68c8d3c5ee311070d73b8ce93af24fa948c32feac02252005c49,scan,parsed,complete_one_declared_numeric_block,unique_content,,104156,verified_1_to_1,warning,mode_semantics_unresolved;q_semantics_unresolved;PG_reflection_mosaic_unverified;filter_attenuation_not_recorded;temperature_channel_semantics_unresolved
FILE-02R-afd3d05ceefc8cfc,EXP-TAIPAN-001,TAIPAN_exp1296_scan104157.dat,021a5444058959a3165f79d14312d44aefecc1b45058d5e6e66bc0105c75fda1,5285,.dat,2023-08-31T16:20:44Z,A001_snapshot_filesystem_metadata_only,FMT-02R-06137a7de1ad,06137a7de1ad68c8d3c5ee311070d73b8ce93af24fa948c32feac02252005c49,scan,parsed,complete_one_declared_numeric_block,unique_content,,104157,verified_1_to_1,warning,mode_semantics_unresolved;q_semantics_unresolved;PG_reflection_mosaic_unverified;filter_attenuation_not_recorded;temperature_channel_semantics_unresolved
FILE-02R-7d8d4710d9fda42d,EXP-TAIPAN-001,TAIPAN_exp1296_scan104158.dat,302810e698b5fdf3804690d4827f1ffbbdcf870b6e9edfdb60614926a7a0bb0e,5285,.dat,2023-08-31T16:46:04Z,A001_snapshot_filesystem_metadata_only,FMT-02R-06137a7de1ad,06137a7de1ad68c8d3c5ee311070d73b8ce93af24fa948c32feac02252005c49,scan,parsed,complete_one_declared_numeric_block,unique_content,,104158,verified_1_to_1,warning,mode_semantics_unresolved;q_semantics_unresolved;PG_reflection_mosaic_unverified;filter_attenuation_not_recorded;temperature_channel_semantics_unresolved
FILE-02R-d79d25b742a78b2f,EXP-TAIPAN-001,TAIPAN_exp1296_scan104159.dat,969e09a6759d5d3c3ac8e5a1e33da47f0242aea6f6da318a4e7449e7a46458d3,5285,.dat,2023-08-31T17:11:28Z,A001_snapshot_filesystem_metadata_only,FMT-02R-06137a7de1ad,06137a7de1ad68c8d3c5ee311070d73b8ce93af24fa948c32feac02252005c49,scan,parsed,complete_one_declared_numeric_block,unique_content,,104159,verified_1_to_1,warning,mode_semantics_unresolved;q_semantics_unresolved;PG_reflection_mosaic_unverified;filter_attenuation_not_recorded;temperature_channel_semantics_unresolved
FILE-02R-11e5fd16724f5c83,EXP-TAIPAN-001,TAIPAN_exp1296_scan104160.dat,66e46180ec42507171cd7958737642be284e704fd60e16097ee7a8a385d2d42b,5285,.dat,2023-08-31T17:36:52Z,A001_snapshot_filesystem_metadata_only,FMT-02R-06137a7de1ad,06137a7de1ad68c8d3c5ee311070d73b8ce93af24fa948c32feac02252005c49,scan,parsed,complete_one_declared_numeric_block,unique_content,,104160,verified_1_to_1,warning,mode_semantics_unresolved;q_semantics_unresolved;PG_reflection_mosaic_unverified;filter_attenuation_not_recorded;temperature_channel_semantics_unresolved
FILE-02R-64501f6fb06d7fd7,EXP-TAIPAN-001,TAIPAN_exp1296_scan104161.dat,07d6594053688e0685c90d5f80e8926c9d7800161eb96f5e317dd6bd9585cc46,5285,.dat,2023-08-31T18:02:14Z,A001_snapshot_filesystem_metadata_only,FMT-02R-06137a7de1ad,06137a7de1ad68c8d3c5ee311070d73b8ce93af24fa948c32feac02252005c49,scan,parsed,complete_one_declared_numeric_block,unique_content,,104161,verified_1_to_1,warning,mode_semantics_unresolved;q_semantics_unresolved;PG_reflection_mosaic_unverified;filter_attenuation_not_recorded;temperature_channel_semantics_unresolved
FILE-02R-a91939947e7b8665,EXP-TAIPAN-001,TAIPAN_exp1296_scan104162.dat,b45f2ce932b4fd9883390861c835e58b6c2c70145d583956ee8039015e686a18,5285,.dat,2023-08-31T18:27:44Z,A001_snapshot_filesystem_metadata_only,FMT-02R-06137a7de1ad,06137a7de1ad68c8d3c5ee311070d73b8ce93af24fa948c32feac02252005c49,scan,parsed,complete_one_declared_numeric_block,unique_content,,104162,verified_1_to_1,warning,mode_semantics_unresolved;q_semantics_unresolved;PG_reflection_mosaic_unverified;filter_attenuation_not_recorded;temperature_channel_semantics_unresolved
FILE-02R-a31d6cff4c90e94e,EXP-TAIPAN-001,TAIPAN_exp1296_scan104163.dat,5a828215d29d22df00dc1775941b5ecc6a0f0fb7db734ec1b6a15f3808da8635,28256,.dat,2023-08-31T21:29:28Z,A001_snapshot_filesystem_metadata_only,FMT-02R-06137a7de1ad,06137a7de1ad68c8d3c5ee311070d73b8ce93af24fa948c32feac02252005c49,scan,parsed,complete_one_declared_numeric_block,unique_content,,104163,verified_1_to_1,warning,mode_semantics_unresolved;q_semantics_unresolved;PG_reflection_mosaic_unverified;filter_attenuation_not_recorded;temperature_channel_semantics_unresolved
FILE-02R-e3e3f990249fa8c7,EXP-TAIPAN-001,TAIPAN_exp1296_scan104164.dat,9aebc4691bbef4afeae5ab3d3b69fd1ee5cf4cf69836adca22199ad666ef3733,28256,.dat,2023-08-31T23:29:30Z,A001_snapshot_filesystem_metadata_only,FMT-02R-06137a7de1ad,06137a7de1ad68c8d3c5ee311070d73b8ce93af24fa948c32feac02252005c49,scan,parsed,complete_one_declared_numeric_block,unique_content,,104164,verified_1_to_1,warning,mode_semantics_unresolved;q_semantics_unresolved;PG_reflection_mosaic_unverified;filter_attenuation_not_recorded;temperature_channel_semantics_unresolved
FILE-02R-2467de187102a2bb,EXP-TAIPAN-001,TAIPAN_exp1296_scan104165.dat,c3c9a2d4aeb49d517cecc7d8400d36d26518b81409ce0f7c22938c7ffb3f1a70,16400,.dat,2023-09-01T00:30:08Z,A001_snapshot_filesystem_metadata_only,FMT-02R-06137a7de1ad,06137a7de1ad68c8d3c5ee311070d73b8ce93af24fa948c32feac02252005c49,scan,parsed,complete_one_declared_numeric_block,unique_content,,104165,verified_1_to_1,warning,mode_semantics_unresolved;q_semantics_unresolved;PG_reflection_mosaic_unverified;filter_attenuation_not_recorded;temperature_channel_semantics_unresolved
FILE-02R-bede7d78a8ceca86,EXP-TAIPAN-001,TAIPAN_exp1296_scan104166.dat,961e6bd0c89d83e9a4ba7be403a16dafa9df88ceb563b59ab7d866ec47c61b89,16400,.dat,2023-09-01T01:31:06Z,A001_snapshot_filesystem_metadata_only,FMT-02R-06137a7de1ad,06137a7de1ad68c8d3c5ee311070d73b8ce93af24fa948c32feac02252005c49,scan,parsed,complete_one_declared_numeric_block,unique_content,,104166,verified_1_to_1,warning,mode_semantics_unresolved;q_semantics_unresolved;PG_reflection_mosaic_unverified;filter_attenuation_not_recorded;temperature_channel_semantics_unresolved
FILE-02R-c912be15b436a763,EXP-TAIPAN-001,TAIPAN_exp1296_scan104167.dat,9b89e698d06cd929fbaa632627ead1246582daf0fa791ade8e80fefd3ebab455,16400,.dat,2023-09-01T02:32:10Z,A001_snapshot_filesystem_metadata_only,FMT-02R-06137a7de1ad,06137a7de1ad68c8d3c5ee311070d73b8ce93af24fa948c32feac02252005c49,scan,parsed,complete_one_declared_numeric_block,unique_content,,104167,verified_1_to_1,warning,mode_semantics_unresolved;q_semantics_unresolved;PG_reflection_mosaic_unverified;filter_attenuation_not_recorded;temperature_channel_semantics_unresolved
FILE-02R-e45fe04d518b6e17,EXP-TAIPAN-001,TAIPAN_exp1296_scan104168.dat,f33b57774b0cd1abd30e0d8943151dae4b4d6fbdbe1b3283b063961d1a0c2373,16400,.dat,2023-09-01T03:33:16Z,A001_snapshot_filesystem_metadata_only,FMT-02R-06137a7de1ad,06137a7de1ad68c8d3c5ee311070d73b8ce93af24fa948c32feac02252005c49,scan,parsed,complete_one_declared_numeric_block,unique_content,,104168,verified_1_to_1,warning,mode_semantics_unresolved;q_semantics_unresolved;PG_reflection_mosaic_unverified;filter_attenuation_not_recorded;temperature_channel_semantics_unresolved
FILE-02R-bf59440a7fa73cb0,EXP-TAIPAN-001,TAIPAN_exp1296_scan104169.dat,8e83d7fd72f77c69695387242c804d0c3901cca2367984373f15e0912e2d575a,16400,.dat,2023-09-01T04:34:24Z,A001_snapshot_filesystem_metadata_only,FMT-02R-06137a7de1ad,06137a7de1ad68c8d3c5ee311070d73b8ce93af24fa948c32feac02252005c49,scan,parsed,complete_one_declared_numeric_block,unique_content,,104169,verified_1_to_1,warning,mode_semantics_unresolved;q_semantics_unresolved;PG_reflection_mosaic_unverified;filter_attenuation_not_recorded;temperature_channel_semantics_unresolved
FILE-02R-92a7020f108c2fa4,EXP-TAIPAN-001,TAIPAN_exp1296_scan104170.dat,970ceaead4311b14c5795ae02f5fe1810dd36ecec2f0a53d3829716618910c02,16400,.dat,2023-09-01T05:35:46Z,A001_snapshot_filesystem_metadata_only,FMT-02R-06137a7de1ad,06137a7de1ad68c8d3c5ee311070d73b8ce93af24fa948c32feac02252005c49,scan,parsed,complete_one_declared_numeric_block,unique_content,,104170,verified_1_to_1,warning,mode_semantics_unresolved;q_semantics_unresolved;PG_reflection_mosaic_unverified;filter_attenuation_not_recorded;temperature_channel_semantics_unresolved
FILE-02R-d0f83ca7a2fc0fa2,EXP-TAIPAN-001,TAIPAN_exp1296_scan104171.dat,0611cede94a480172e162a92ca1b34694a6309840dbdae9939e09f4e68bb0946,16400,.dat,2023-09-01T06:37:08Z,A001_snapshot_filesystem_metadata_only,FMT-02R-06137a7de1ad,06137a7de1ad68c8d3c5ee311070d73b8ce93af24fa948c32feac02252005c49,scan,parsed,complete_one_declared_numeric_block,unique_content,,104171,verified_1_to_1,warning,mode_semantics_unresolved;q_semantics_unresolved;PG_reflection_mosaic_unverified;filter_attenuation_not_recorded;temperature_channel_semantics_unresolved
FILE-02R-b8d95c80bf59904b,EXP-TAIPAN-001,TAIPAN_exp1296_scan104172.dat,929308673630aed257f989e09906bb2725bc9700b50eb21b1d5220ebe22ead3a,16400,.dat,2023-09-01T07:38:26Z,A001_snapshot_filesystem_metadata_only,FMT-02R-06137a7de1ad,06137a7de1ad68c8d3c5ee311070d73b8ce93af24fa948c32feac02252005c49,scan,parsed,complete_one_declared_numeric_block,unique_content,,104172,verified_1_to_1,warning,mode_semantics_unresolved;q_semantics_unresolved;PG_reflection_mosaic_unverified;filter_attenuation_not_recorded;temperature_channel_semantics_unresolved
FILE-02R-e779a19e4e2249cb,EXP-TAIPAN-001,TAIPAN_exp1296_scan104173.dat,f5197030d3400f8dd39b7a10cfa6ea9c9a07d87263e5211077527219995b8ec1,16400,.dat,2023-09-01T08:39:42Z,A001_snapshot_filesystem_metadata_only,FMT-02R-06137a7de1ad,06137a7de1ad68c8d3c5ee311070d73b8ce93af24fa948c32feac02252005c49,scan,parsed,complete_one_declared_numeric_block,unique_content,,104173,verified_1_to_1,warning,mode_semantics_unresolved;q_semantics_unresolved;PG_reflection_mosaic_unverified;filter_attenuation_not_recorded;temperature_channel_semantics_unresolved
FILE-02R-31885f2e20fbb807,EXP-TAIPAN-001,TAIPAN_exp1296_scan104174.dat,4a80fc062898c6e442fb613a6346358eadeccc95d9d043fa4ef4cb696e264c75,16400,.dat,2023-09-01T09:36:36Z,A001_snapshot_filesystem_metadata_only,FMT-02R-06137a7de1ad,06137a7de1ad68c8d3c5ee311070d73b8ce93af24fa948c32feac02252005c49,scan,parsed,complete_one_declared_numeric_block,unique_content,,104174,verified_1_to_1,warning,mode_semantics_unresolved;q_semantics_unresolved;PG_reflection_mosaic_unverified;filter_attenuation_not_recorded;temperature_channel_semantics_unresolved
FILE-02R-4f42c03f9a4a989b,EXP-TAIPAN-001,TAIPAN_exp1296_scan104175.dat,a47067fae25aae446c4ba9eba93e5750408e143ca20ea6509987fe86c3a0ad35,39371,.dat,2023-09-01T12:20:30Z,A001_snapshot_filesystem_metadata_only,FMT-02R-06137a7de1ad,06137a7de1ad68c8d3c5ee311070d73b8ce93af24fa948c32feac02252005c49,scan,parsed,complete_one_declared_numeric_block,unique_content,,104175,verified_1_to_1,warning,mode_semantics_unresolved;q_semantics_unresolved;PG_reflection_mosaic_unverified;filter_attenuation_not_recorded;temperature_channel_semantics_unresolved
FILE-02R-bff91d54ea3694cc,EXP-TAIPAN-001,TAIPAN_exp1296_scan104176.dat,2e9af5da4918d698891dad9d6d4c7385ac883921b4d56bed85a4a6f62904b031,35666,.dat,2023-09-01T14:49:42Z,A001_snapshot_filesystem_metadata_only,FMT-02R-06137a7de1ad,06137a7de1ad68c8d3c5ee311070d73b8ce93af24fa948c32feac02252005c49,scan,parsed,complete_one_declared_numeric_block,unique_content,,104176,verified_1_to_1,warning,mode_semantics_unresolved;q_semantics_unresolved;PG_reflection_mosaic_unverified;filter_attenuation_not_recorded;temperature_channel_semantics_unresolved
FILE-02R-17224ccc44605cc6,EXP-TAIPAN-001,TAIPAN_exp1296_scan104177.dat,877b9ead64554c721d5c46e4700ba760bd41d6367fe1ade78ac573eed28b80c5,11213,.dat,2023-09-01T15:33:44Z,A001_snapshot_filesystem_metadata_only,FMT-02R-06137a7de1ad,06137a7de1ad68c8d3c5ee311070d73b8ce93af24fa948c32feac02252005c49,scan,parsed,complete_one_declared_numeric_block,unique_content,,104177,verified_1_to_1,warning,mode_semantics_unresolved;q_semantics_unresolved;PG_reflection_mosaic_unverified;filter_attenuation_not_recorded;temperature_channel_semantics_unresolved
FILE-02R-1cbaba74f1870c27,EXP-TAIPAN-001,TAIPAN_exp1296_scan104178.dat,1ab219b30d653f95ddf6df6042d2c5f2ecb984c10a1563eb87e7da44f39a2905,9731,.dat,2023-09-01T16:12:34Z,A001_snapshot_filesystem_metadata_only,FMT-02R-fb75879b9023,fb75879b90237629b7ff00fab2133cdcd0e41ebce361bb62ae82503a783b8bdb,scan,parsed,complete_one_declared_numeric_block,unique_content,,104178,verified_1_to_1,warning,mode_semantics_unresolved;q_semantics_unresolved;PG_reflection_mosaic_unverified;filter_attenuation_not_recorded;temperature_channel_semantics_unresolved
FILE-02R-a4f1d0ae9a0b3bf3,EXP-TAIPAN-001,TAIPAN_exp1296_scan104179.dat,d254d0461ae11344b957f0744aec72cbc92f7c897b1bfa7e0406a79b1c9da3a9,9731,.dat,2023-09-01T16:48:46Z,A001_snapshot_filesystem_metadata_only,FMT-02R-06137a7de1ad,06137a7de1ad68c8d3c5ee311070d73b8ce93af24fa948c32feac02252005c49,scan,parsed,complete_one_declared_numeric_block,unique_content,,104179,verified_1_to_1,warning,mode_semantics_unresolved;q_semantics_unresolved;PG_reflection_mosaic_unverified;filter_attenuation_not_recorded;temperature_channel_semantics_unresolved
FILE-02R-ac00d0136c230341,EXP-TAIPAN-001,TAIPAN_exp1296_scan104180.dat,c47523869509b234b116130c7d1362db61887868d3de1471f8b6c7949f71662e,24165,.dat,2023-09-01T17:07:22Z,A001_snapshot_filesystem_metadata_only,FMT-02R-00e53630cd36,00e53630cd366c7acd8f45aed10b51dd88f27feb9111947b056840151a37b83d,scan,parsed,complete_one_declared_numeric_block,unique_content,,104180,verified_1_to_1,warning,mode_semantics_unresolved;q_semantics_unresolved;PG_reflection_mosaic_unverified;filter_attenuation_not_recorded;temperature_channel_semantics_unresolved
FILE-02R-f2dd29556c77c25b,EXP-TAIPAN-001,TAIPAN_exp1296_scan104181.dat,3416f23a0854dd5468135aa23ceaa444ae9449d55a6aaaafa1cde54981e9b4a1,16875,.dat,2023-09-01T17:09:16Z,A001_snapshot_filesystem_metadata_only,FMT-02R-00e53630cd36,00e53630cd366c7acd8f45aed10b51dd88f27feb9111947b056840151a37b83d,scan,parsed,complete_one_declared_numeric_block,unique_content,,104181,verified_1_to_1,warning,mode_semantics_unresolved;q_semantics_unresolved;PG_reflection_mosaic_unverified;filter_attenuation_not_recorded;temperature_channel_semantics_unresolved
FILE-02R-547ae22861c35e33,EXP-TAIPAN-001,TAIPAN_exp1296_scan104182.dat,d9ca64121baed5493bd05caed708339ba2f56e0374440be2576dcd268d92ddd5,9399,.dat,2023-09-01T17:15:32Z,A001_snapshot_filesystem_metadata_only,FMT-02R-25ddc2c75b1e,25ddc2c75b1e92418a19ae100f1601c7787cba8e3c4a2066d7e0d57b18e959bb,scan,parsed,complete_one_declared_numeric_block,unique_content,,104182,verified_1_to_1,warning,mode_semantics_unresolved;q_semantics_unresolved;PG_reflection_mosaic_unverified;filter_attenuation_not_recorded;temperature_channel_semantics_unresolved;scan_range_unresolved_mapping
FILE-02R-b40b4e01e3d73fa0,EXP-TAIPAN-001,TAIPAN_exp1296_scan104183.dat,16474650e427afb9b7d08827a959d143c29259bb58e9e7c5b84fad921fff375c,10824,.dat,2023-09-01T17:18:18Z,A001_snapshot_filesystem_metadata_only,FMT-02R-a9e025c2acce,a9e025c2acce7890bffa9e4657fb2cb86ab7d821282c46bd9cdeffe99e89b25b,scan,parsed,complete_one_declared_numeric_block,unique_content,,104183,verified_1_to_1,warning,mode_semantics_unresolved;q_semantics_unresolved;PG_reflection_mosaic_unverified;filter_attenuation_not_recorded;temperature_channel_semantics_unresolved;scan_range_unresolved_mapping
FILE-02R-ce58ed2f984920f7,EXP-TAIPAN-001,TAIPAN_exp1296_scan104184.dat,834afac02443226c92c602983555a72067e51857196fb33e260da46773c56818,16875,.dat,2023-09-01T17:20:38Z,A001_snapshot_filesystem_metadata_only,FMT-02R-00e53630cd36,00e53630cd366c7acd8f45aed10b51dd88f27feb9111947b056840151a37b83d,scan,parsed,complete_one_declared_numeric_block,unique_content,,104184,verified_1_to_1,warning,mode_semantics_unresolved;q_semantics_unresolved;PG_reflection_mosaic_unverified;filter_attenuation_not_recorded;temperature_channel_semantics_unresolved
FILE-02R-dab3078e810d2874,EXP-TAIPAN-001,TAIPAN_exp1296_scan104185.dat,a267af0dd66ba9a703616a3cffe31550ccfe447179d634a57d94941a1b187eda,5835,.dat,2023-09-01T17:23:48Z,A001_snapshot_filesystem_metadata_only,FMT-02R-7d9e3f2fd3b3,7d9e3f2fd3b3d34e991e601fb1e8a60f4465d84818bbfaa290a061c1f52f1e4d,scan,parsed,complete_one_declared_numeric_block,unique_content,,104185,verified_1_to_1,warning,mode_semantics_unresolved;q_semantics_unresolved;PG_reflection_mosaic_unverified;filter_attenuation_not_recorded;temperature_channel_semantics_unresolved;scan_range_unresolved_mapping
FILE-02R-d916c8d3b071c3ae,EXP-TAIPAN-001,TAIPAN_exp1296_scan104186.dat,e1c10eaa864f463bef3f48a06187e3d1d83d3f5f0cb145082ef1e1cd556d69b0,5832,.dat,2023-09-01T17:25:02Z,A001_snapshot_filesystem_metadata_only,FMT-02R-33ee702b9adc,33ee702b9adc719aecc7715e0cf26f0eb6428a4181901a0491a0eea3e98193f1,scan,parsed,complete_one_declared_numeric_block,unique_content,,104186,verified_1_to_1,warning,mode_semantics_unresolved;q_semantics_unresolved;PG_reflection_mosaic_unverified;filter_attenuation_not_recorded;temperature_channel_semantics_unresolved;scan_range_unresolved_mapping
FILE-02R-3bc37304a3ed3933,EXP-TAIPAN-001,TAIPAN_exp1296_scan104187.dat,a54fb31d85ca8f5e10fb641c6cd0fff29aa5601af3a2fbbc8f3417bdfff8ecd8,16875,.dat,2023-09-01T17:27:12Z,A001_snapshot_filesystem_metadata_only,FMT-02R-00e53630cd36,00e53630cd366c7acd8f45aed10b51dd88f27feb9111947b056840151a37b83d,scan,parsed,complete_one_declared_numeric_block,unique_content,,104187,verified_1_to_1,warning,mode_semantics_unresolved;q_semantics_unresolved;PG_reflection_mosaic_unverified;filter_attenuation_not_recorded;temperature_channel_semantics_unresolved
FILE-02R-6dcf21ad3b5ea3ee,EXP-TAIPAN-001,TAIPAN_exp1296_scan104188.dat,09f137df36468968df8f6fc6e7400665bbc23253f9e0f760f5e1001ad0c5aeac,10824,.dat,2023-09-01T17:31:06Z,A001_snapshot_filesystem_metadata_only,FMT-02R-029bacfa64d8,029bacfa64d84079c19a0d1a23ce1942f1822cfdcfff3078ac29aebaf0627062,scan,parsed,complete_one_declared_numeric_block,unique_content,,104188,verified_1_to_1,warning,mode_semantics_unresolved;q_semantics_unresolved;PG_reflection_mosaic_unverified;filter_attenuation_not_recorded;temperature_channel_semantics_unresolved;scan_range_unresolved_mapping
FILE-02R-5cf0ec7dc8dfcd7d,EXP-TAIPAN-001,TAIPAN_exp1296_scan104189.dat,f1afe8b1e7be6c84c027601ca937ed7adb79f2cdbb83fba4c280e101426bed76,10825,.dat,2023-09-01T17:33:48Z,A001_snapshot_filesystem_metadata_only,FMT-02R-ab302e8146f8,ab302e8146f86f1ded8cb7f41fcded63178e166eb3ce6f237377be52aa0c2649,scan,parsed,complete_one_declared_numeric_block,unique_content,,104189,verified_1_to_1,warning,mode_semantics_unresolved;q_semantics_unresolved;PG_reflection_mosaic_unverified;filter_attenuation_not_recorded;temperature_channel_semantics_unresolved;scan_range_unresolved_mapping
FILE-02R-f49217c971d919b9,EXP-TAIPAN-001,TAIPAN_exp1296_scan104190.dat,0ee18234641ef83e0853908d502c904a6c57deee54b8713a27a61404ebc61aae,16875,.dat,2023-09-01T17:35:22Z,A001_snapshot_filesystem_metadata_only,FMT-02R-00e53630cd36,00e53630cd366c7acd8f45aed10b51dd88f27feb9111947b056840151a37b83d,scan,parsed,complete_one_declared_numeric_block,unique_content,,104190,verified_1_to_1,warning,mode_semantics_unresolved;q_semantics_unresolved;PG_reflection_mosaic_unverified;filter_attenuation_not_recorded;temperature_channel_semantics_unresolved
FILE-02R-7d4ff218c97d28d4,EXP-TAIPAN-001,TAIPAN_exp1296_scan104191.dat,683a40b35affa6c4504c3c8ee2af9d6290932f26f7405bd6b3a05b899b5432ce,12249,.dat,2023-09-01T17:40:48Z,A001_snapshot_filesystem_metadata_only,FMT-02R-35f17153f38f,35f17153f38f0d60edbd9fd5ae19786cefea8116e8a4cb379b090ab487f54f45,scan,parsed,complete_one_declared_numeric_block,unique_content,,104191,verified_1_to_1,warning,mode_semantics_unresolved;q_semantics_unresolved;PG_reflection_mosaic_unverified;filter_attenuation_not_recorded;temperature_channel_semantics_unresolved;scan_range_unresolved_mapping
FILE-02R-1e8ca9599fa3228e,EXP-TAIPAN-001,TAIPAN_exp1296_scan104192.dat,e47501ea5389ee2fb686a8ef8c6dbb4b4bea259efaf3f85a38f2ddc5340438c6,12252,.dat,2023-09-01T17:43:18Z,A001_snapshot_filesystem_metadata_only,FMT-02R-ac325217afd4,ac325217afd4e57d045b382451b526d3eebc3212b5eb16d3925f4ae32276aaff,scan,parsed,complete_one_declared_numeric_block,unique_content,,104192,verified_1_to_1,warning,mode_semantics_unresolved;q_semantics_unresolved;PG_reflection_mosaic_unverified;filter_attenuation_not_recorded;temperature_channel_semantics_unresolved;scan_range_unresolved_mapping
FILE-02R-434a17bab71381e2,EXP-TAIPAN-001,TAIPAN_exp1296_scan104193.dat,36a2e6c022ff87840f776d63f110e52d086d9b874e9295900e6367921850df8a,16875,.dat,2023-09-01T17:46:28Z,A001_snapshot_filesystem_metadata_only,FMT-02R-00e53630cd36,00e53630cd366c7acd8f45aed10b51dd88f27feb9111947b056840151a37b83d,scan,parsed,complete_one_declared_numeric_block,unique_content,,104193,verified_1_to_1,warning,mode_semantics_unresolved;q_semantics_unresolved;PG_reflection_mosaic_unverified;filter_attenuation_not_recorded;temperature_channel_semantics_unresolved
FILE-02R-51cd8477e36147f8,EXP-TAIPAN-001,TAIPAN_exp1296_scan104194.dat,7a6a648d47931c795c91b02bb62ff342c14823101f436345f79d9a4b429474f2,24165,.dat,2023-09-01T17:51:44Z,A001_snapshot_filesystem_metadata_only,FMT-02R-00e53630cd36,00e53630cd366c7acd8f45aed10b51dd88f27feb9111947b056840151a37b83d,scan,parsed,complete_one_declared_numeric_block,unique_content,,104194,verified_1_to_1,warning,mode_semantics_unresolved;q_semantics_unresolved;PG_reflection_mosaic_unverified;filter_attenuation_not_recorded;temperature_channel_semantics_unresolved
FILE-02R-6b300108d97c50d7,EXP-TAIPAN-001,TAIPAN_exp1296_scan104195.dat,4b4b74d9efbe20aff28d58d8f7aabd544543e8673f3c89758bbac4c6bcbcad99,13436,.dat,2023-09-01T18:22:38Z,A001_snapshot_filesystem_metadata_only,FMT-02R-fb75879b9023,fb75879b90237629b7ff00fab2133cdcd0e41ebce361bb62ae82503a783b8bdb,scan,parsed,complete_one_declared_numeric_block,unique_content,,104195,verified_1_to_1,warning,mode_semantics_unresolved;q_semantics_unresolved;PG_reflection_mosaic_unverified;filter_attenuation_not_recorded;temperature_channel_semantics_unresolved
FILE-02R-fe70440779bc92de,EXP-TAIPAN-001,TAIPAN_exp1296_scan104196.dat,3b61e075a7c6e0166e07d8f6165d69ac0822b9fd7565bf57d05cf2976dfe5382,2320,.dat,2023-09-01T18:27:02Z,A001_snapshot_filesystem_metadata_only,FMT-02R-06137a7de1ad,06137a7de1ad68c8d3c5ee311070d73b8ce93af24fa948c32feac02252005c49,scan,parsed,complete_one_declared_numeric_block,unique_content,,104196,verified_1_to_1,warning,mode_semantics_unresolved;q_semantics_unresolved;PG_reflection_mosaic_unverified;filter_attenuation_not_recorded;temperature_channel_semantics_unresolved
FILE-02R-4b7dc4f88327fb96,EXP-TAIPAN-001,TAIPAN_exp1296_scan104197.dat,cbb23c5100616566f2e7bf96ea76e619ae59828a256a0f6441ffbba3f464e4f6,9731,.dat,2023-09-01T19:00:40Z,A001_snapshot_filesystem_metadata_only,FMT-02R-06137a7de1ad,06137a7de1ad68c8d3c5ee311070d73b8ce93af24fa948c32feac02252005c49,scan,parsed,complete_one_declared_numeric_block,unique_content,,104197,verified_1_to_1,warning,mode_semantics_unresolved;q_semantics_unresolved;PG_reflection_mosaic_unverified;filter_attenuation_not_recorded;temperature_channel_semantics_unresolved
FILE-02R-5b79965e065191e7,EXP-TAIPAN-001,TAIPAN_exp1296_scan104198.dat,add7e5b04ff6f50b9f08009f733008652eb935b7ce0c3d47a802c725d29bde93,5285,.dat,2023-09-01T19:24:54Z,A001_snapshot_filesystem_metadata_only,FMT-02R-06137a7de1ad,06137a7de1ad68c8d3c5ee311070d73b8ce93af24fa948c32feac02252005c49,scan,parsed,complete_one_declared_numeric_block,unique_content,,104198,verified_1_to_1,warning,mode_semantics_unresolved;q_semantics_unresolved;PG_reflection_mosaic_unverified;filter_attenuation_not_recorded;temperature_channel_semantics_unresolved
FILE-02R-575e049a16f2e04e,EXP-TAIPAN-001,TAIPAN_exp1296_scan104199.dat,8bbd41d5d489d7054eba1f5a20063b280a868cdef47f1122814043b3b8e03a30,39371,.dat,2023-09-01T22:23:52Z,A001_snapshot_filesystem_metadata_only,FMT-02R-06137a7de1ad,06137a7de1ad68c8d3c5ee311070d73b8ce93af24fa948c32feac02252005c49,scan,parsed,complete_one_declared_numeric_block,unique_content,,104199,verified_1_to_1,warning,mode_semantics_unresolved;q_semantics_unresolved;PG_reflection_mosaic_unverified;filter_attenuation_not_recorded;temperature_channel_semantics_unresolved
FILE-02R-8ed78b57325efbda,EXP-TAIPAN-001,TAIPAN_exp1296_scan104200.dat,3893d8b83f62254eccd6055cb80ed1db87757f05be9053a9bbbff34cf42a175a,43076,.dat,2023-09-02T01:26:10Z,A001_snapshot_filesystem_metadata_only,FMT-02R-06137a7de1ad,06137a7de1ad68c8d3c5ee311070d73b8ce93af24fa948c32feac02252005c49,scan,parsed,complete_one_declared_numeric_block,unique_content,,104200,verified_1_to_1,warning,mode_semantics_unresolved;q_semantics_unresolved;PG_reflection_mosaic_unverified;filter_attenuation_not_recorded;temperature_channel_semantics_unresolved
FILE-02R-038cf4e529ce94a2,EXP-TAIPAN-001,TAIPAN_exp1296_scan104201.dat,374893eaae52d8357fd5d3a2de34cda265facc477c3f527d45517fedaf575ca9,43076,.dat,2023-09-02T04:28:50Z,A001_snapshot_filesystem_metadata_only,FMT-02R-06137a7de1ad,06137a7de1ad68c8d3c5ee311070d73b8ce93af24fa948c32feac02252005c49,scan,parsed,complete_one_declared_numeric_block,unique_content,,104201,verified_1_to_1,warning,mode_semantics_unresolved;q_semantics_unresolved;PG_reflection_mosaic_unverified;filter_attenuation_not_recorded;temperature_channel_semantics_unresolved
FILE-02R-79943ebb90eea890,EXP-TAIPAN-001,TAIPAN_exp1296_scan104202.dat,456cf0b51c6d224ca0bada2c7abcf17193154bce134a040a9e538819395f22aa,43076,.dat,2023-09-02T07:31:54Z,A001_snapshot_filesystem_metadata_only,FMT-02R-06137a7de1ad,06137a7de1ad68c8d3c5ee311070d73b8ce93af24fa948c32feac02252005c49,scan,parsed,complete_one_declared_numeric_block,unique_content,,104202,verified_1_to_1,warning,mode_semantics_unresolved;q_semantics_unresolved;PG_reflection_mosaic_unverified;filter_attenuation_not_recorded;temperature_channel_semantics_unresolved
FILE-02R-9c94dad236447dac,EXP-TAIPAN-001,TAIPAN_exp1296_scan104203.dat,91855a552022aaae7787e3d5d7c44ca3ce783948fc1db8e3610baf85a68dbaf2,43076,.dat,2023-09-02T10:34:38Z,A001_snapshot_filesystem_metadata_only,FMT-02R-06137a7de1ad,06137a7de1ad68c8d3c5ee311070d73b8ce93af24fa948c32feac02252005c49,scan,parsed,complete_one_declared_numeric_block,unique_content,,104203,verified_1_to_1,warning,mode_semantics_unresolved;q_semantics_unresolved;PG_reflection_mosaic_unverified;filter_attenuation_not_recorded;temperature_channel_semantics_unresolved
FILE-02R-ceedca39f412c49d,EXP-TAIPAN-001,TAIPAN_exp1296_scan104204.dat,fca6751709a5750900e4eb04698f942a5350941e906cfacf5e0e5a4664d0db34,43076,.dat,2023-09-02T13:37:12Z,A001_snapshot_filesystem_metadata_only,FMT-02R-06137a7de1ad,06137a7de1ad68c8d3c5ee311070d73b8ce93af24fa948c32feac02252005c49,scan,parsed,complete_one_declared_numeric_block,unique_content,,104204,verified_1_to_1,warning,mode_semantics_unresolved;q_semantics_unresolved;PG_reflection_mosaic_unverified;filter_attenuation_not_recorded;temperature_channel_semantics_unresolved
FILE-02R-c3e24502c9f0d434,EXP-TAIPAN-001,TAIPAN_exp1296_scan104205.dat,735765eea43bd0b5dc44cc6355126c732da80bee277e0efee440fb3d6b26f839,43076,.dat,2023-09-02T16:39:12Z,A001_snapshot_filesystem_metadata_only,FMT-02R-06137a7de1ad,06137a7de1ad68c8d3c5ee311070d73b8ce93af24fa948c32feac02252005c49,scan,parsed,complete_one_declared_numeric_block,unique_content,,104205,verified_1_to_1,warning,mode_semantics_unresolved;q_semantics_unresolved;PG_reflection_mosaic_unverified;filter_attenuation_not_recorded;temperature_channel_semantics_unresolved
FILE-02R-3c1b75c58699b634,EXP-TAIPAN-001,TAIPAN_exp1296_scan104206.dat,493861895c59b988a3184cefee8c4eb6e17755a5d13a3f2204ed944ce6914a15,43076,.dat,2023-09-02T19:41:02Z,A001_snapshot_filesystem_metadata_only,FMT-02R-06137a7de1ad,06137a7de1ad68c8d3c5ee311070d73b8ce93af24fa948c32feac02252005c49,scan,parsed,complete_one_declared_numeric_block,unique_content,,104206,verified_1_to_1,warning,mode_semantics_unresolved;q_semantics_unresolved;PG_reflection_mosaic_unverified;filter_attenuation_not_recorded;temperature_channel_semantics_unresolved
FILE-02R-c69ab82458056286,EXP-TAIPAN-001,TAIPAN_exp1296_scan104207.dat,877298570bb997425b7567fe4e8b22bc5684713b689add5744490ba03cf380a5,39371,.dat,2023-09-02T22:24:52Z,A001_snapshot_filesystem_metadata_only,FMT-02R-06137a7de1ad,06137a7de1ad68c8d3c5ee311070d73b8ce93af24fa948c32feac02252005c49,scan,parsed,complete_one_declared_numeric_block,unique_content,,104207,verified_1_to_1,warning,mode_semantics_unresolved;q_semantics_unresolved;PG_reflection_mosaic_unverified;filter_attenuation_not_recorded;temperature_channel_semantics_unresolved
FILE-02R-a486a5a1a77ae9d6,EXP-TAIPAN-001,TAIPAN_exp1296_scan104208.dat,32a40597690c6de6c4d0788f47c8effca9cfba423fd94ce1002284d3d7800558,39371,.dat,2023-09-03T01:08:44Z,A001_snapshot_filesystem_metadata_only,FMT-02R-06137a7de1ad,06137a7de1ad68c8d3c5ee311070d73b8ce93af24fa948c32feac02252005c49,scan,parsed,complete_one_declared_numeric_block,unique_content,,104208,verified_1_to_1,warning,mode_semantics_unresolved;q_semantics_unresolved;PG_reflection_mosaic_unverified;filter_attenuation_not_recorded;temperature_channel_semantics_unresolved
FILE-02R-c6551e798a983dea,EXP-TAIPAN-001,TAIPAN_exp1296_scan104209.dat,e145d15841a842b1b228340622969a2b94e7d46a1e3a0f2b05e499c183673da6,35666,.dat,2023-09-03T03:37:08Z,A001_snapshot_filesystem_metadata_only,FMT-02R-06137a7de1ad,06137a7de1ad68c8d3c5ee311070d73b8ce93af24fa948c32feac02252005c49,scan,parsed,complete_one_declared_numeric_block,unique_content,,104209,verified_1_to_1,warning,mode_semantics_unresolved;q_semantics_unresolved;PG_reflection_mosaic_unverified;filter_attenuation_not_recorded;temperature_channel_semantics_unresolved
FILE-02R-7becabec9104d679,EXP-TAIPAN-001,TAIPAN_exp1296_scan104210.dat,dd847ecf19f917588a37b1198815a04dddfe29992be9e0a5af14f6d632b2d26f,35666,.dat,2023-09-03T06:05:44Z,A001_snapshot_filesystem_metadata_only,FMT-02R-06137a7de1ad,06137a7de1ad68c8d3c5ee311070d73b8ce93af24fa948c32feac02252005c49,scan,parsed,complete_one_declared_numeric_block,unique_content,,104210,verified_1_to_1,warning,mode_semantics_unresolved;q_semantics_unresolved;PG_reflection_mosaic_unverified;filter_attenuation_not_recorded;temperature_channel_semantics_unresolved
FILE-02R-7987b5c1b8836d69,EXP-TAIPAN-001,TAIPAN_exp1296_scan104211.dat,4805135d59fe2e550d79039abc5db3140400748d8b372041499ac1c720295b7a,43076,.dat,2023-09-03T09:07:02Z,A001_snapshot_filesystem_metadata_only,FMT-02R-06137a7de1ad,06137a7de1ad68c8d3c5ee311070d73b8ce93af24fa948c32feac02252005c49,scan,parsed,complete_one_declared_numeric_block,unique_content,,104211,verified_1_to_1,warning,mode_semantics_unresolved;q_semantics_unresolved;PG_reflection_mosaic_unverified;filter_attenuation_not_recorded;temperature_channel_semantics_unresolved
FILE-02R-cfd92f7a26e7ac76,EXP-TAIPAN-001,TAIPAN_exp1296_scan104212.dat,6b75fe13b690611930b01a66d5d322cf78c287e44a4ea05e1de1ffc656e1753a,43076,.dat,2023-09-03T15:55:18Z,A001_snapshot_filesystem_metadata_only,FMT-02R-06137a7de1ad,06137a7de1ad68c8d3c5ee311070d73b8ce93af24fa948c32feac02252005c49,scan,parsed,complete_one_declared_numeric_block,unique_content,,104212,verified_1_to_1,warning,mode_semantics_unresolved;q_semantics_unresolved;PG_reflection_mosaic_unverified;filter_attenuation_not_recorded;temperature_channel_semantics_unresolved
FILE-02R-beccc20ba43b8f5e,EXP-TAIPAN-001,TAIPAN_exp1296_scan104213.dat,0d3dfaa184a749fd40893bc419b7e5d3a5d8e361b122aecac78229df808efdb4,13232,.dat,2023-09-03T17:01:48Z,A001_snapshot_filesystem_metadata_only,FMT-02R-00e53630cd36,00e53630cd366c7acd8f45aed10b51dd88f27feb9111947b056840151a37b83d,scan,parsed,complete_one_declared_numeric_block,unique_content,,104213,verified_1_to_1,warning,mode_semantics_unresolved;q_semantics_unresolved;PG_reflection_mosaic_unverified;filter_attenuation_not_recorded;temperature_channel_semantics_unresolved
FILE-02R-57f5d07be2ba1eae,EXP-TAIPAN-001,TAIPAN_exp1296_scan104214.dat,97a2e132d7e6cf4bad1d2bdf7b0e1d45913c0701d56763cf4c26e28160b53556,6671,.dat,2023-09-03T18:43:28Z,A001_snapshot_filesystem_metadata_only,FMT-02R-00e53630cd36,00e53630cd366c7acd8f45aed10b51dd88f27feb9111947b056840151a37b83d,scan,parsed,complete_one_declared_numeric_block,unique_content,,104214,verified_1_to_1,warning,mode_semantics_unresolved;q_semantics_unresolved;PG_reflection_mosaic_unverified;filter_attenuation_not_recorded;temperature_channel_semantics_unresolved
FILE-02R-dd821b445967b77e,EXP-TAIPAN-001,TAIPAN_exp1296_scan104215.dat,7d43e888fbbcdd5429ba8b856b69e4a6fa77a31aeaf6da3220e3da2f7c684951,20847,.dat,2023-09-03T20:38:16Z,A001_snapshot_filesystem_metadata_only,FMT-02R-06137a7de1ad,06137a7de1ad68c8d3c5ee311070d73b8ce93af24fa948c32feac02252005c49,scan,parsed,complete_one_declared_numeric_block,unique_content,,104215,verified_1_to_1,warning,mode_semantics_unresolved;q_semantics_unresolved;PG_reflection_mosaic_unverified;filter_attenuation_not_recorded;temperature_channel_semantics_unresolved
FILE-02R-6034a133895cf720,EXP-TAIPAN-001,TAIPAN_exp1296_scan104216.dat,4ad800af151b7ac88b27600e1100da00561a97057f9d45b70f79abb5c11027ab,20847,.dat,2023-09-03T22:14:02Z,A001_snapshot_filesystem_metadata_only,FMT-02R-06137a7de1ad,06137a7de1ad68c8d3c5ee311070d73b8ce93af24fa948c32feac02252005c49,scan,parsed,complete_one_declared_numeric_block,unique_content,,104216,verified_1_to_1,warning,mode_semantics_unresolved;q_semantics_unresolved;PG_reflection_mosaic_unverified;filter_attenuation_not_recorded;temperature_channel_semantics_unresolved
FILE-02R-fe9d4b2cadb887cb,EXP-TAIPAN-001,TAIPAN_exp1296_scan104217.dat,c151c4a0a6e93e4f32baf91edad02cb9e43018171836b81d3d4b5f93506387a0,20847,.dat,2023-09-03T23:49:48Z,A001_snapshot_filesystem_metadata_only,FMT-02R-06137a7de1ad,06137a7de1ad68c8d3c5ee311070d73b8ce93af24fa948c32feac02252005c49,scan,parsed,complete_one_declared_numeric_block,unique_content,,104217,verified_1_to_1,warning,mode_semantics_unresolved;q_semantics_unresolved;PG_reflection_mosaic_unverified;filter_attenuation_not_recorded;temperature_channel_semantics_unresolved
FILE-02R-d967318e4569c881,EXP-TAIPAN-001,TAIPAN_exp1296_scan104218.dat,8dc028be1b74eb9f9f4f85bfe7a889bb8fbe91d938010c4b2bda155a30897522,20847,.dat,2023-09-04T01:25:32Z,A001_snapshot_filesystem_metadata_only,FMT-02R-06137a7de1ad,06137a7de1ad68c8d3c5ee311070d73b8ce93af24fa948c32feac02252005c49,scan,parsed,complete_one_declared_numeric_block,unique_content,,104218,verified_1_to_1,warning,mode_semantics_unresolved;q_semantics_unresolved;PG_reflection_mosaic_unverified;filter_attenuation_not_recorded;temperature_channel_semantics_unresolved
FILE-02R-cc89eb40bfc37a5e,EXP-TAIPAN-001,TAIPAN_exp1296_scan104219.dat,64cadcd04008faa95c179904d27f64796ed9dd6bde4b512e59bad50d98307770,20847,.dat,2023-09-04T03:01:28Z,A001_snapshot_filesystem_metadata_only,FMT-02R-06137a7de1ad,06137a7de1ad68c8d3c5ee311070d73b8ce93af24fa948c32feac02252005c49,scan,parsed,complete_one_declared_numeric_block,unique_content,,104219,verified_1_to_1,warning,mode_semantics_unresolved;q_semantics_unresolved;PG_reflection_mosaic_unverified;filter_attenuation_not_recorded;temperature_channel_semantics_unresolved
FILE-02R-63cb694c40fcbcba,EXP-TAIPAN-001,TAIPAN_exp1296_scan104220.dat,1c9cc4f441c70de6509210ea0f32f9c5a0f55e8e57035bf423b2b94b60264f4a,20847,.dat,2023-09-04T04:37:18Z,A001_snapshot_filesystem_metadata_only,FMT-02R-06137a7de1ad,06137a7de1ad68c8d3c5ee311070d73b8ce93af24fa948c32feac02252005c49,scan,parsed,complete_one_declared_numeric_block,unique_content,,104220,verified_1_to_1,warning,mode_semantics_unresolved;q_semantics_unresolved;PG_reflection_mosaic_unverified;filter_attenuation_not_recorded;temperature_channel_semantics_unresolved
FILE-02R-62d24cd256ac118d,EXP-TAIPAN-001,TAIPAN_exp1296_scan104221.dat,f9d456d23398ab7332cde4a07f618d4da0f8fbd39ac9ba046d36591bbb126e36,20847,.dat,2023-09-04T06:13:14Z,A001_snapshot_filesystem_metadata_only,FMT-02R-06137a7de1ad,06137a7de1ad68c8d3c5ee311070d73b8ce93af24fa948c32feac02252005c49,scan,parsed,complete_one_declared_numeric_block,unique_content,,104221,verified_1_to_1,warning,mode_semantics_unresolved;q_semantics_unresolved;PG_reflection_mosaic_unverified;filter_attenuation_not_recorded;temperature_channel_semantics_unresolved
FILE-02R-2c162a6d29875ba6,EXP-TAIPAN-001,TAIPAN_exp1296_scan104222.dat,1da4cedb698e34fb5bf16552b8d01d90ad2981386346341a644bfba6805a263a,20847,.dat,2023-09-04T07:49:08Z,A001_snapshot_filesystem_metadata_only,FMT-02R-06137a7de1ad,06137a7de1ad68c8d3c5ee311070d73b8ce93af24fa948c32feac02252005c49,scan,parsed,complete_one_declared_numeric_block,unique_content,,104222,verified_1_to_1,warning,mode_semantics_unresolved;q_semantics_unresolved;PG_reflection_mosaic_unverified;filter_attenuation_not_recorded;temperature_channel_semantics_unresolved
FILE-02R-91cd9b689abe9b78,EXP-TAIPAN-001,TAIPAN_exp1296_scan104223.dat,8c2e8cf202ae7523a68a69834ea99f59ec095381bcffbd48a93352598b3f7dbd,20847,.dat,2023-09-04T09:25:02Z,A001_snapshot_filesystem_metadata_only,FMT-02R-06137a7de1ad,06137a7de1ad68c8d3c5ee311070d73b8ce93af24fa948c32feac02252005c49,scan,parsed,complete_one_declared_numeric_block,unique_content,,104223,verified_1_to_1,warning,mode_semantics_unresolved;q_semantics_unresolved;PG_reflection_mosaic_unverified;filter_attenuation_not_recorded;temperature_channel_semantics_unresolved
FILE-02R-d4c0ddac62527f9b,EXP-TAIPAN-001,TAIPAN_exp1296_scan104224.dat,bf0477d0db550db0af6cc8ddb8843bca2dd7d052edee77ab3f0da90396f268a7,20847,.dat,2023-09-04T11:00:48Z,A001_snapshot_filesystem_metadata_only,FMT-02R-06137a7de1ad,06137a7de1ad68c8d3c5ee311070d73b8ce93af24fa948c32feac02252005c49,scan,parsed,complete_one_declared_numeric_block,unique_content,,104224,verified_1_to_1,warning,mode_semantics_unresolved;q_semantics_unresolved;PG_reflection_mosaic_unverified;filter_attenuation_not_recorded;temperature_channel_semantics_unresolved
FILE-02R-d5b9b7d27e8a1098,EXP-TAIPAN-001,TAIPAN_exp1296_scan104225.dat,cece350be1b77532dae927a124ee6a2d3c0d610a9e246767ce14c2eb0b755ff9,20847,.dat,2023-09-04T12:36:42Z,A001_snapshot_filesystem_metadata_only,FMT-02R-06137a7de1ad,06137a7de1ad68c8d3c5ee311070d73b8ce93af24fa948c32feac02252005c49,scan,parsed,complete_one_declared_numeric_block,unique_content,,104225,verified_1_to_1,warning,mode_semantics_unresolved;q_semantics_unresolved;PG_reflection_mosaic_unverified;filter_attenuation_not_recorded;temperature_channel_semantics_unresolved
FILE-02R-f68cbbca810eefa6,EXP-TAIPAN-001,TAIPAN_exp1296_scan104226.dat,1a84c4258311fb426afeaab4fcfa9b93ea4cc27de61fa1d9f4af8da95d5bd6fd,20847,.dat,2023-09-04T14:12:42Z,A001_snapshot_filesystem_metadata_only,FMT-02R-06137a7de1ad,06137a7de1ad68c8d3c5ee311070d73b8ce93af24fa948c32feac02252005c49,scan,parsed,complete_one_declared_numeric_block,unique_content,,104226,verified_1_to_1,warning,mode_semantics_unresolved;q_semantics_unresolved;PG_reflection_mosaic_unverified;filter_attenuation_not_recorded;temperature_channel_semantics_unresolved
FILE-02R-f9ba9fd60372aa35,EXP-TAIPAN-001,TAIPAN_exp1296_scan104227.dat,165ff3ca2cd1957f5734d325a470916c0f76c9d601b5ddfa60c66edb9a83585d,20847,.dat,2023-09-04T15:48:18Z,A001_snapshot_filesystem_metadata_only,FMT-02R-06137a7de1ad,06137a7de1ad68c8d3c5ee311070d73b8ce93af24fa948c32feac02252005c49,scan,parsed,complete_one_declared_numeric_block,unique_content,,104227,verified_1_to_1,warning,mode_semantics_unresolved;q_semantics_unresolved;PG_reflection_mosaic_unverified;filter_attenuation_not_recorded;temperature_channel_semantics_unresolved
FILE-02R-e84e50e653a6e631,EXP-TAIPAN-001,TAIPAN_exp1296_scan104228.dat,c4e1be54ae44c57558647f312c7930cc4b00b1988b7b62d0c2fe2eb02fceb5ec,20846,.dat,2023-09-04T17:41:08Z,A001_snapshot_filesystem_metadata_only,FMT-02R-06137a7de1ad,06137a7de1ad68c8d3c5ee311070d73b8ce93af24fa948c32feac02252005c49,scan,parsed,complete_one_declared_numeric_block,unique_content,,104228,verified_1_to_1,warning,mode_semantics_unresolved;q_semantics_unresolved;PG_reflection_mosaic_unverified;filter_attenuation_not_recorded;temperature_channel_semantics_unresolved
FILE-02R-79cf8c5a8e4232ec,EXP-TAIPAN-001,TAIPAN_exp1296_scan104229.dat,8d81c97185a959886f22aa5c8b3b5a14565abfbff218905826633c7eb78209a8,20846,.dat,2023-09-04T19:11:16Z,A001_snapshot_filesystem_metadata_only,FMT-02R-06137a7de1ad,06137a7de1ad68c8d3c5ee311070d73b8ce93af24fa948c32feac02252005c49,scan,parsed,complete_one_declared_numeric_block,unique_content,,104229,verified_1_to_1,warning,mode_semantics_unresolved;q_semantics_unresolved;PG_reflection_mosaic_unverified;filter_attenuation_not_recorded;temperature_channel_semantics_unresolved
FILE-02R-805bf0b29dd5a40f,EXP-TAIPAN-001,TAIPAN_exp1296_scan104230.dat,d445c64013d9b63ae38389ed016eb046e5589770f42f31eb15816b4bcb3a027f,20846,.dat,2023-09-04T20:41:04Z,A001_snapshot_filesystem_metadata_only,FMT-02R-06137a7de1ad,06137a7de1ad68c8d3c5ee311070d73b8ce93af24fa948c32feac02252005c49,scan,parsed,complete_one_declared_numeric_block,unique_content,,104230,verified_1_to_1,warning,mode_semantics_unresolved;q_semantics_unresolved;PG_reflection_mosaic_unverified;filter_attenuation_not_recorded;temperature_channel_semantics_unresolved
FILE-02R-b730d75fdfeddc6e,EXP-TAIPAN-001,TAIPAN_exp1296_scan104231.dat,3924aa4b3ba775769ce496fcdb6599cc6a1f166cff1e2cb5aff10d2d7dd13b97,20846,.dat,2023-09-04T22:10:14Z,A001_snapshot_filesystem_metadata_only,FMT-02R-06137a7de1ad,06137a7de1ad68c8d3c5ee311070d73b8ce93af24fa948c32feac02252005c49,scan,parsed,complete_one_declared_numeric_block,unique_content,,104231,verified_1_to_1,warning,mode_semantics_unresolved;q_semantics_unresolved;PG_reflection_mosaic_unverified;filter_attenuation_not_recorded;temperature_channel_semantics_unresolved
FILE-02R-bf79ed0d77995891,EXP-TAIPAN-001,TAIPAN_exp1296_scan104232.dat,2b1aebdbd33e90ca104af111a9aea249482cf3847574c736de20388da6a43dc8,20846,.dat,2023-09-04T23:39:12Z,A001_snapshot_filesystem_metadata_only,FMT-02R-06137a7de1ad,06137a7de1ad68c8d3c5ee311070d73b8ce93af24fa948c32feac02252005c49,scan,parsed,complete_one_declared_numeric_block,unique_content,,104232,verified_1_to_1,warning,mode_semantics_unresolved;q_semantics_unresolved;PG_reflection_mosaic_unverified;filter_attenuation_not_recorded;temperature_channel_semantics_unresolved
FILE-02R-f8a15a6658da3a6a,EXP-TAIPAN-001,TAIPAN_exp1296_scan104233.dat,dc591f089d81f9519dbca59892f6e151a3db5b56bbc87b7cd0440a589905fc9d,20846,.dat,2023-09-05T01:08:28Z,A001_snapshot_filesystem_metadata_only,FMT-02R-06137a7de1ad,06137a7de1ad68c8d3c5ee311070d73b8ce93af24fa948c32feac02252005c49,scan,parsed,complete_one_declared_numeric_block,unique_content,,104233,verified_1_to_1,warning,mode_semantics_unresolved;q_semantics_unresolved;PG_reflection_mosaic_unverified;filter_attenuation_not_recorded;temperature_channel_semantics_unresolved
FILE-02R-c53e15719794e79d,EXP-TAIPAN-001,TAIPAN_exp1296_scan104234.dat,0f0381e4a9cd88871a806658235b183a04b2c2399bddb49fa59391e480f665a0,20846,.dat,2023-09-05T02:38:30Z,A001_snapshot_filesystem_metadata_only,FMT-02R-06137a7de1ad,06137a7de1ad68c8d3c5ee311070d73b8ce93af24fa948c32feac02252005c49,scan,parsed,complete_one_declared_numeric_block,unique_content,,104234,verified_1_to_1,warning,mode_semantics_unresolved;q_semantics_unresolved;PG_reflection_mosaic_unverified;filter_attenuation_not_recorded;temperature_channel_semantics_unresolved
FILE-02R-1b6fdf0a79b56cdf,EXP-TAIPAN-001,TAIPAN_exp1296_scan104235.dat,c63c03f34175359bf64edc859032341e857443d00cd2e7c4333325c33109c7a8,20846,.dat,2023-09-05T04:09:00Z,A001_snapshot_filesystem_metadata_only,FMT-02R-06137a7de1ad,06137a7de1ad68c8d3c5ee311070d73b8ce93af24fa948c32feac02252005c49,scan,parsed,complete_one_declared_numeric_block,unique_content,,104235,verified_1_to_1,warning,mode_semantics_unresolved;q_semantics_unresolved;PG_reflection_mosaic_unverified;filter_attenuation_not_recorded;temperature_channel_semantics_unresolved
FILE-02R-5220bed93a198b55,EXP-TAIPAN-001,TAIPAN_exp1296_scan104236.dat,f832b5949487d86314b6b38083033963de60bdeacfdbea6113e7fb99d7ab0f3d,20846,.dat,2023-09-05T05:40:02Z,A001_snapshot_filesystem_metadata_only,FMT-02R-06137a7de1ad,06137a7de1ad68c8d3c5ee311070d73b8ce93af24fa948c32feac02252005c49,scan,parsed,complete_one_declared_numeric_block,unique_content,,104236,verified_1_to_1,warning,mode_semantics_unresolved;q_semantics_unresolved;PG_reflection_mosaic_unverified;filter_attenuation_not_recorded;temperature_channel_semantics_unresolved
FILE-02R-f937bff285ebc9d0,EXP-TAIPAN-001,TAIPAN_exp1296_scan104237.dat,c40b4d857b2d16b1a767ba6292d8c9abe9ce567b3dc8078076d9eea856783198,20846,.dat,2023-09-05T07:11:00Z,A001_snapshot_filesystem_metadata_only,FMT-02R-06137a7de1ad,06137a7de1ad68c8d3c5ee311070d73b8ce93af24fa948c32feac02252005c49,scan,parsed,complete_one_declared_numeric_block,unique_content,,104237,verified_1_to_1,warning,mode_semantics_unresolved;q_semantics_unresolved;PG_reflection_mosaic_unverified;filter_attenuation_not_recorded;temperature_channel_semantics_unresolved
FILE-02R-5b72ee4e48fdf768,EXP-TAIPAN-001,TAIPAN_exp1296_scan104238.dat,c725e0608c740a98f4c5283d12149f4a4e2b8f4ffc1f8d849312be80e7583df5,20846,.dat,2023-09-05T08:41:58Z,A001_snapshot_filesystem_metadata_only,FMT-02R-06137a7de1ad,06137a7de1ad68c8d3c5ee311070d73b8ce93af24fa948c32feac02252005c49,scan,parsed,complete_one_declared_numeric_block,unique_content,,104238,verified_1_to_1,warning,mode_semantics_unresolved;q_semantics_unresolved;PG_reflection_mosaic_unverified;filter_attenuation_not_recorded;temperature_channel_semantics_unresolved
FILE-02R-ed51193e6b95f684,EXP-TAIPAN-001,TAIPAN_exp1296_scan104239.dat,2ae937ab3a65c0d6c6e9b089341655b44837ab9a2e261f179ea895df3814787c,20846,.dat,2023-09-05T10:13:10Z,A001_snapshot_filesystem_metadata_only,FMT-02R-06137a7de1ad,06137a7de1ad68c8d3c5ee311070d73b8ce93af24fa948c32feac02252005c49,scan,parsed,complete_one_declared_numeric_block,unique_content,,104239,verified_1_to_1,warning,mode_semantics_unresolved;q_semantics_unresolved;PG_reflection_mosaic_unverified;filter_attenuation_not_recorded;temperature_channel_semantics_unresolved
FILE-02R-871111657c7b0483,EXP-TAIPAN-001,TAIPAN_exp1296_scan104240.dat,e774b8dd070c34638be6990fef109348424306c1d0068bf0ca5934f6201baa5d,20846,.dat,2023-09-05T11:44:52Z,A001_snapshot_filesystem_metadata_only,FMT-02R-06137a7de1ad,06137a7de1ad68c8d3c5ee311070d73b8ce93af24fa948c32feac02252005c49,scan,parsed,complete_one_declared_numeric_block,unique_content,,104240,verified_1_to_1,warning,mode_semantics_unresolved;q_semantics_unresolved;PG_reflection_mosaic_unverified;filter_attenuation_not_recorded;temperature_channel_semantics_unresolved
