dataset_id,file_record_id,scan_record_id,quality_test,status,affected_point_count,details
EXP-TAIPAN-001,FILE-02R-038cf4e529ce94a2,SCAN-02R-26c5588a4a75efc2,UB_parse,pass,0,UB-02R-c7cdba07fed2dfd7
EXP-TAIPAN-001,FILE-02R-038cf4e529ce94a2,SCAN-02R-26c5588a4a75efc2,all_declared_fields_preserved,pass,0,wide plus auxiliary exhaustive by declared index
EXP-TAIPAN-001,FILE-02R-038cf4e529ce94a2,SCAN-02R-26c5588a4a75efc2,count_control_semantics,pass,0,monitor_controlled
EXP-TAIPAN-001,FILE-02R-038cf4e529ce94a2,SCAN-02R-26c5588a4a75efc2,declared_actual_column_count,pass,0,59
EXP-TAIPAN-001,FILE-02R-038cf4e529ce94a2,SCAN-02R-26c5588a4a75efc2,detector_monitor_time_numeric_validity,pass,0,finite Decimal tokens; no correction
EXP-TAIPAN-001,FILE-02R-038cf4e529ce94a2,SCAN-02R-26c5588a4a75efc2,energy_relation,pass,0,verified_global
EXP-TAIPAN-001,FILE-02R-038cf4e529ce94a2,SCAN-02R-26c5588a4a75efc2,format_identity,pass,0,FMT-02R-06137a7de1ad
EXP-TAIPAN-001,FILE-02R-038cf4e529ce94a2,SCAN-02R-26c5588a4a75efc2,header_parsing,pass,0,ordered raw records retained
EXP-TAIPAN-001,FILE-02R-038cf4e529ce94a2,SCAN-02R-26c5588a4a75efc2,lattice_parse,pass,0,LAT-02R-517a9644e4f59287
EXP-TAIPAN-001,FILE-02R-038cf4e529ce94a2,SCAN-02R-26c5588a4a75efc2,numeric_block_parsing,pass,0,one nonempty contiguous block
EXP-TAIPAN-001,FILE-02R-038cf4e529ce94a2,SCAN-02R-26c5588a4a75efc2,point_count_reconciliation,pass,0,56
EXP-TAIPAN-001,FILE-02R-038cf4e529ce94a2,SCAN-02R-26c5588a4a75efc2,raw_scan_ID_consistency,pass,0,filename compared with raw header scan ID
EXP-TAIPAN-001,FILE-02R-038cf4e529ce94a2,SCAN-02R-26c5588a4a75efc2,readability,pass,0,strict UTF-8 decoded
EXP-TAIPAN-001,FILE-02R-038cf4e529ce94a2,SCAN-02R-26c5588a4a75efc2,timestamp_validity,pass,0,header timestamps; timezone unrecorded
EXP-TAIPAN-001,FILE-02R-0481b23618cb53b9,SCAN-02R-79e659b84aa4786d,UB_parse,pass,0,UB-02R-c7cdba07fed2dfd7
EXP-TAIPAN-001,FILE-02R-0481b23618cb53b9,SCAN-02R-79e659b84aa4786d,all_declared_fields_preserved,pass,0,wide plus auxiliary exhaustive by declared index
EXP-TAIPAN-001,FILE-02R-0481b23618cb53b9,SCAN-02R-79e659b84aa4786d,count_control_semantics,pass,0,monitor_controlled
EXP-TAIPAN-001,FILE-02R-0481b23618cb53b9,SCAN-02R-79e659b84aa4786d,declared_actual_column_count,pass,0,59
EXP-TAIPAN-001,FILE-02R-0481b23618cb53b9,SCAN-02R-79e659b84aa4786d,detector_monitor_time_numeric_validity,pass,0,finite Decimal tokens; no correction
EXP-TAIPAN-001,FILE-02R-0481b23618cb53b9,SCAN-02R-79e659b84aa4786d,energy_relation,pass,0,verified_global
EXP-TAIPAN-001,FILE-02R-0481b23618cb53b9,SCAN-02R-79e659b84aa4786d,format_identity,pass,0,FMT-02R-06137a7de1ad
EXP-TAIPAN-001,FILE-02R-0481b23618cb53b9,SCAN-02R-79e659b84aa4786d,header_parsing,pass,0,ordered raw records retained
EXP-TAIPAN-001,FILE-02R-0481b23618cb53b9,SCAN-02R-79e659b84aa4786d,lattice_parse,pass,0,LAT-02R-517a9644e4f59287
EXP-TAIPAN-001,FILE-02R-0481b23618cb53b9,SCAN-02R-79e659b84aa4786d,numeric_block_parsing,pass,0,one nonempty contiguous block
EXP-TAIPAN-001,FILE-02R-0481b23618cb53b9,SCAN-02R-79e659b84aa4786d,point_count_reconciliation,pass,0,31
EXP-TAIPAN-001,FILE-02R-0481b23618cb53b9,SCAN-02R-79e659b84aa4786d,raw_scan_ID_consistency,pass,0,filename compared with raw header scan ID
EXP-TAIPAN-001,FILE-02R-0481b23618cb53b9,SCAN-02R-79e659b84aa4786d,readability,pass,0,strict UTF-8 decoded
EXP-TAIPAN-001,FILE-02R-0481b23618cb53b9,SCAN-02R-79e659b84aa4786d,timestamp_validity,pass,0,header timestamps; timezone unrecorded
EXP-TAIPAN-001,FILE-02R-05fe96ea32344287,SCAN-02R-ef6a11424f751d3f,UB_parse,pass,0,UB-02R-c7cdba07fed2dfd7
EXP-TAIPAN-001,FILE-02R-05fe96ea32344287,SCAN-02R-ef6a11424f751d3f,all_declared_fields_preserved,pass,0,wide plus auxiliary exhaustive by declared index
EXP-TAIPAN-001,FILE-02R-05fe96ea32344287,SCAN-02R-ef6a11424f751d3f,count_control_semantics,pass,0,monitor_controlled
EXP-TAIPAN-001,FILE-02R-05fe96ea32344287,SCAN-02R-ef6a11424f751d3f,declared_actual_column_count,pass,0,59
EXP-TAIPAN-001,FILE-02R-05fe96ea32344287,SCAN-02R-ef6a11424f751d3f,detector_monitor_time_numeric_validity,pass,0,finite Decimal tokens; no correction
EXP-TAIPAN-001,FILE-02R-05fe96ea32344287,SCAN-02R-ef6a11424f751d3f,energy_relation,pass,0,verified_global
EXP-TAIPAN-001,FILE-02R-05fe96ea32344287,SCAN-02R-ef6a11424f751d3f,format_identity,pass,0,FMT-02R-06137a7de1ad
EXP-TAIPAN-001,FILE-02R-05fe96ea32344287,SCAN-02R-ef6a11424f751d3f,header_parsing,pass,0,ordered raw records retained
EXP-TAIPAN-001,FILE-02R-05fe96ea32344287,SCAN-02R-ef6a11424f751d3f,lattice_parse,pass,0,LAT-02R-517a9644e4f59287
EXP-TAIPAN-001,FILE-02R-05fe96ea32344287,SCAN-02R-ef6a11424f751d3f,numeric_block_parsing,pass,0,one nonempty contiguous block
EXP-TAIPAN-001,FILE-02R-05fe96ea32344287,SCAN-02R-ef6a11424f751d3f,point_count_reconciliation,pass,0,31
EXP-TAIPAN-001,FILE-02R-05fe96ea32344287,SCAN-02R-ef6a11424f751d3f,raw_scan_ID_consistency,pass,0,filename compared with raw header scan ID
EXP-TAIPAN-001,FILE-02R-05fe96ea32344287,SCAN-02R-ef6a11424f751d3f,readability,pass,0,strict UTF-8 decoded
EXP-TAIPAN-001,FILE-02R-05fe96ea32344287,SCAN-02R-ef6a11424f751d3f,timestamp_validity,pass,0,header timestamps; timezone unrecorded
EXP-TAIPAN-001,FILE-02R-098ce8926f037697,SCAN-02R-e3abafe2717105f3,UB_parse,pass,0,UB-02R-1d710a6baa059bbb
EXP-TAIPAN-001,FILE-02R-098ce8926f037697,SCAN-02R-e3abafe2717105f3,all_declared_fields_preserved,pass,0,wide plus auxiliary exhaustive by declared index
EXP-TAIPAN-001,FILE-02R-098ce8926f037697,SCAN-02R-e3abafe2717105f3,count_control_semantics,pass,0,time_controlled
EXP-TAIPAN-001,FILE-02R-098ce8926f037697,SCAN-02R-e3abafe2717105f3,declared_actual_column_count,pass,0,57
EXP-TAIPAN-001,FILE-02R-098ce8926f037697,SCAN-02R-e3abafe2717105f3,detector_monitor_time_numeric_validity,pass,0,finite Decimal tokens; no correction
EXP-TAIPAN-001,FILE-02R-098ce8926f037697,SCAN-02R-e3abafe2717105f3,energy_relation,pass,0,verified_global
EXP-TAIPAN-001,FILE-02R-098ce8926f037697,SCAN-02R-e3abafe2717105f3,format_identity,pass,0,FMT-02R-029bacfa64d8
EXP-TAIPAN-001,FILE-02R-098ce8926f037697,SCAN-02R-e3abafe2717105f3,header_parsing,pass,0,ordered raw records retained
EXP-TAIPAN-001,FILE-02R-098ce8926f037697,SCAN-02R-e3abafe2717105f3,lattice_parse,pass,0,LAT-02R-ae4c74e47a033f66
EXP-TAIPAN-001,FILE-02R-098ce8926f037697,SCAN-02R-e3abafe2717105f3,numeric_block_parsing,pass,0,one nonempty contiguous block
EXP-TAIPAN-001,FILE-02R-098ce8926f037697,SCAN-02R-e3abafe2717105f3,point_count_reconciliation,pass,0,14
EXP-TAIPAN-001,FILE-02R-098ce8926f037697,SCAN-02R-e3abafe2717105f3,raw_scan_ID_consistency,pass,0,filename compared with raw header scan ID
EXP-TAIPAN-001,FILE-02R-098ce8926f037697,SCAN-02R-e3abafe2717105f3,readability,pass,0,strict UTF-8 decoded
EXP-TAIPAN-001,FILE-02R-098ce8926f037697,SCAN-02R-e3abafe2717105f3,timestamp_validity,pass,0,header timestamps; timezone unrecorded
EXP-TAIPAN-001,FILE-02R-0b8a6d76433c9f95,SCAN-02R-22608464dd5aff80,UB_parse,pass,0,UB-02R-1d710a6baa059bbb
EXP-TAIPAN-001,FILE-02R-0b8a6d76433c9f95,SCAN-02R-22608464dd5aff80,all_declared_fields_preserved,pass,0,wide plus auxiliary exhaustive by declared index
EXP-TAIPAN-001,FILE-02R-0b8a6d76433c9f95,SCAN-02R-22608464dd5aff80,count_control_semantics,pass,0,time_controlled
EXP-TAIPAN-001,FILE-02R-0b8a6d76433c9f95,SCAN-02R-22608464dd5aff80,declared_actual_column_count,pass,0,57
EXP-TAIPAN-001,FILE-02R-0b8a6d76433c9f95,SCAN-02R-22608464dd5aff80,detector_monitor_time_numeric_validity,pass,0,finite Decimal tokens; no correction
EXP-TAIPAN-001,FILE-02R-0b8a6d76433c9f95,SCAN-02R-22608464dd5aff80,energy_relation,pass,0,verified_global
EXP-TAIPAN-001,FILE-02R-0b8a6d76433c9f95,SCAN-02R-22608464dd5aff80,format_identity,pass,0,FMT-02R-35f17153f38f
EXP-TAIPAN-001,FILE-02R-0b8a6d76433c9f95,SCAN-02R-22608464dd5aff80,header_parsing,pass,0,ordered raw records retained
EXP-TAIPAN-001,FILE-02R-0b8a6d76433c9f95,SCAN-02R-22608464dd5aff80,lattice_parse,pass,0,LAT-02R-ae4c74e47a033f66
EXP-TAIPAN-001,FILE-02R-0b8a6d76433c9f95,SCAN-02R-22608464dd5aff80,numeric_block_parsing,pass,0,one nonempty contiguous block
EXP-TAIPAN-001,FILE-02R-0b8a6d76433c9f95,SCAN-02R-22608464dd5aff80,point_count_reconciliation,pass,0,28
EXP-TAIPAN-001,FILE-02R-0b8a6d76433c9f95,SCAN-02R-22608464dd5aff80,raw_scan_ID_consistency,pass,0,filename compared with raw header scan ID
EXP-TAIPAN-001,FILE-02R-0b8a6d76433c9f95,SCAN-02R-22608464dd5aff80,readability,pass,0,strict UTF-8 decoded
EXP-TAIPAN-001,FILE-02R-0b8a6d76433c9f95,SCAN-02R-22608464dd5aff80,timestamp_validity,pass,0,header timestamps; timezone unrecorded
EXP-TAIPAN-001,FILE-02R-0c5324e654c50b30,SCAN-02R-7a0b878c4f9bf5c8,UB_parse,pass,0,UB-02R-c7cdba07fed2dfd7
EXP-TAIPAN-001,FILE-02R-0c5324e654c50b30,SCAN-02R-7a0b878c4f9bf5c8,all_declared_fields_preserved,pass,0,wide plus auxiliary exhaustive by declared index
EXP-TAIPAN-001,FILE-02R-0c5324e654c50b30,SCAN-02R-7a0b878c4f9bf5c8,count_control_semantics,pass,0,monitor_controlled
EXP-TAIPAN-001,FILE-02R-0c5324e654c50b30,SCAN-02R-7a0b878c4f9bf5c8,declared_actual_column_count,pass,0,59
EXP-TAIPAN-001,FILE-02R-0c5324e654c50b30,SCAN-02R-7a0b878c4f9bf5c8,detector_monitor_time_numeric_validity,pass,0,finite Decimal tokens; no correction
EXP-TAIPAN-001,FILE-02R-0c5324e654c50b30,SCAN-02R-7a0b878c4f9bf5c8,energy_relation,pass,0,verified_global
EXP-TAIPAN-001,FILE-02R-0c5324e654c50b30,SCAN-02R-7a0b878c4f9bf5c8,format_identity,pass,0,FMT-02R-06137a7de1ad
EXP-TAIPAN-001,FILE-02R-0c5324e654c50b30,SCAN-02R-7a0b878c4f9bf5c8,header_parsing,pass,0,ordered raw records retained
EXP-TAIPAN-001,FILE-02R-0c5324e654c50b30,SCAN-02R-7a0b878c4f9bf5c8,lattice_parse,pass,0,LAT-02R-517a9644e4f59287
EXP-TAIPAN-001,FILE-02R-0c5324e654c50b30,SCAN-02R-7a0b878c4f9bf5c8,numeric_block_parsing,pass,0,one nonempty contiguous block
EXP-TAIPAN-001,FILE-02R-0c5324e654c50b30,SCAN-02R-7a0b878c4f9bf5c8,point_count_reconciliation,pass,0,5
EXP-TAIPAN-001,FILE-02R-0c5324e654c50b30,SCAN-02R-7a0b878c4f9bf5c8,raw_scan_ID_consistency,pass,0,filename compared with raw header scan ID
EXP-TAIPAN-001,FILE-02R-0c5324e654c50b30,SCAN-02R-7a0b878c4f9bf5c8,readability,pass,0,strict UTF-8 decoded
EXP-TAIPAN-001,FILE-02R-0c5324e654c50b30,SCAN-02R-7a0b878c4f9bf5c8,timestamp_validity,pass,0,header timestamps; timezone unrecorded
EXP-TAIPAN-001,FILE-02R-0e4b375279b4dbff,SCAN-02R-7bf9711c804eecbc,UB_parse,pass,0,UB-02R-c7cdba07fed2dfd7
EXP-TAIPAN-001,FILE-02R-0e4b375279b4dbff,SCAN-02R-7bf9711c804eecbc,all_declared_fields_preserved,pass,0,wide plus auxiliary exhaustive by declared index
EXP-TAIPAN-001,FILE-02R-0e4b375279b4dbff,SCAN-02R-7bf9711c804eecbc,count_control_semantics,pass,0,time_controlled
EXP-TAIPAN-001,FILE-02R-0e4b375279b4dbff,SCAN-02R-7bf9711c804eecbc,declared_actual_column_count,pass,0,58
EXP-TAIPAN-001,FILE-02R-0e4b375279b4dbff,SCAN-02R-7bf9711c804eecbc,detector_monitor_time_numeric_validity,pass,0,finite Decimal tokens; no correction
EXP-TAIPAN-001,FILE-02R-0e4b375279b4dbff,SCAN-02R-7bf9711c804eecbc,energy_relation,pass,0,verified_global
EXP-TAIPAN-001,FILE-02R-0e4b375279b4dbff,SCAN-02R-7bf9711c804eecbc,format_identity,pass,0,FMT-02R-365d8346d6ba
EXP-TAIPAN-001,FILE-02R-0e4b375279b4dbff,SCAN-02R-7bf9711c804eecbc,header_parsing,pass,0,ordered raw records retained
EXP-TAIPAN-001,FILE-02R-0e4b375279b4dbff,SCAN-02R-7bf9711c804eecbc,lattice_parse,pass,0,LAT-02R-517a9644e4f59287
EXP-TAIPAN-001,FILE-02R-0e4b375279b4dbff,SCAN-02R-7bf9711c804eecbc,numeric_block_parsing,pass,0,one nonempty contiguous block
EXP-TAIPAN-001,FILE-02R-0e4b375279b4dbff,SCAN-02R-7bf9711c804eecbc,point_count_reconciliation,pass,0,21
EXP-TAIPAN-001,FILE-02R-0e4b375279b4dbff,SCAN-02R-7bf9711c804eecbc,raw_scan_ID_consistency,pass,0,filename compared with raw header scan ID
EXP-TAIPAN-001,FILE-02R-0e4b375279b4dbff,SCAN-02R-7bf9711c804eecbc,readability,pass,0,strict UTF-8 decoded
EXP-TAIPAN-001,FILE-02R-0e4b375279b4dbff,SCAN-02R-7bf9711c804eecbc,timestamp_validity,pass,0,header timestamps; timezone unrecorded
EXP-TAIPAN-001,FILE-02R-11dfd86ada18ae28,SCAN-02R-33c7ae4485edcd17,UB_parse,pass,0,UB-02R-1d710a6baa059bbb
EXP-TAIPAN-001,FILE-02R-11dfd86ada18ae28,SCAN-02R-33c7ae4485edcd17,all_declared_fields_preserved,pass,0,wide plus auxiliary exhaustive by declared index
EXP-TAIPAN-001,FILE-02R-11dfd86ada18ae28,SCAN-02R-33c7ae4485edcd17,count_control_semantics,pass,0,time_controlled
EXP-TAIPAN-001,FILE-02R-11dfd86ada18ae28,SCAN-02R-33c7ae4485edcd17,declared_actual_column_count,pass,0,58
EXP-TAIPAN-001,FILE-02R-11dfd86ada18ae28,SCAN-02R-33c7ae4485edcd17,detector_monitor_time_numeric_validity,pass,0,finite Decimal tokens; no correction
EXP-TAIPAN-001,FILE-02R-11dfd86ada18ae28,SCAN-02R-33c7ae4485edcd17,energy_relation,pass,0,verified_global
EXP-TAIPAN-001,FILE-02R-11dfd86ada18ae28,SCAN-02R-33c7ae4485edcd17,format_identity,pass,0,FMT-02R-00e53630cd36
EXP-TAIPAN-001,FILE-02R-11dfd86ada18ae28,SCAN-02R-33c7ae4485edcd17,header_parsing,pass,0,ordered raw records retained
EXP-TAIPAN-001,FILE-02R-11dfd86ada18ae28,SCAN-02R-33c7ae4485edcd17,lattice_parse,pass,0,LAT-02R-ae4c74e47a033f66
EXP-TAIPAN-001,FILE-02R-11dfd86ada18ae28,SCAN-02R-33c7ae4485edcd17,numeric_block_parsing,pass,0,one nonempty contiguous block
EXP-TAIPAN-001,FILE-02R-11dfd86ada18ae28,SCAN-02R-33c7ae4485edcd17,point_count_reconciliation,pass,0,51
EXP-TAIPAN-001,FILE-02R-11dfd86ada18ae28,SCAN-02R-33c7ae4485edcd17,raw_scan_ID_consistency,pass,0,filename compared with raw header scan ID
EXP-TAIPAN-001,FILE-02R-11dfd86ada18ae28,SCAN-02R-33c7ae4485edcd17,readability,pass,0,strict UTF-8 decoded
EXP-TAIPAN-001,FILE-02R-11dfd86ada18ae28,SCAN-02R-33c7ae4485edcd17,timestamp_validity,pass,0,header timestamps; timezone unrecorded
EXP-TAIPAN-001,FILE-02R-11e5fd16724f5c83,SCAN-02R-c676d8c64735e535,UB_parse,pass,0,UB-02R-c7cdba07fed2dfd7
EXP-TAIPAN-001,FILE-02R-11e5fd16724f5c83,SCAN-02R-c676d8c64735e535,all_declared_fields_preserved,pass,0,wide plus auxiliary exhaustive by declared index
EXP-TAIPAN-001,FILE-02R-11e5fd16724f5c83,SCAN-02R-c676d8c64735e535,count_control_semantics,pass,0,monitor_controlled
EXP-TAIPAN-001,FILE-02R-11e5fd16724f5c83,SCAN-02R-c676d8c64735e535,declared_actual_column_count,pass,0,59
EXP-TAIPAN-001,FILE-02R-11e5fd16724f5c83,SCAN-02R-c676d8c64735e535,detector_monitor_time_numeric_validity,pass,0,finite Decimal tokens; no correction
EXP-TAIPAN-001,FILE-02R-11e5fd16724f5c83,SCAN-02R-c676d8c64735e535,energy_relation,pass,0,verified_global
EXP-TAIPAN-001,FILE-02R-11e5fd16724f5c83,SCAN-02R-c676d8c64735e535,format_identity,pass,0,FMT-02R-06137a7de1ad
EXP-TAIPAN-001,FILE-02R-11e5fd16724f5c83,SCAN-02R-c676d8c64735e535,header_parsing,pass,0,ordered raw records retained
EXP-TAIPAN-001,FILE-02R-11e5fd16724f5c83,SCAN-02R-c676d8c64735e535,lattice_parse,pass,0,LAT-02R-517a9644e4f59287
EXP-TAIPAN-001,FILE-02R-11e5fd16724f5c83,SCAN-02R-c676d8c64735e535,numeric_block_parsing,pass,0,one nonempty contiguous block
EXP-TAIPAN-001,FILE-02R-11e5fd16724f5c83,SCAN-02R-c676d8c64735e535,point_count_reconciliation,pass,0,5
EXP-TAIPAN-001,FILE-02R-11e5fd16724f5c83,SCAN-02R-c676d8c64735e535,raw_scan_ID_consistency,pass,0,filename compared with raw header scan ID
EXP-TAIPAN-001,FILE-02R-11e5fd16724f5c83,SCAN-02R-c676d8c64735e535,readability,pass,0,strict UTF-8 decoded
EXP-TAIPAN-001,FILE-02R-11e5fd16724f5c83,SCAN-02R-c676d8c64735e535,timestamp_validity,pass,0,header timestamps; timezone unrecorded
EXP-TAIPAN-001,FILE-02R-155f77862ca36b4b,SCAN-02R-8dcd5041a8a4e044,UB_parse,pass,0,UB-02R-1d710a6baa059bbb
EXP-TAIPAN-001,FILE-02R-155f77862ca36b4b,SCAN-02R-8dcd5041a8a4e044,all_declared_fields_preserved,pass,0,wide plus auxiliary exhaustive by declared index
EXP-TAIPAN-001,FILE-02R-155f77862ca36b4b,SCAN-02R-8dcd5041a8a4e044,count_control_semantics,pass,0,monitor_controlled
EXP-TAIPAN-001,FILE-02R-155f77862ca36b4b,SCAN-02R-8dcd5041a8a4e044,declared_actual_column_count,pass,0,59
EXP-TAIPAN-001,FILE-02R-155f77862ca36b4b,SCAN-02R-8dcd5041a8a4e044,detector_monitor_time_numeric_validity,pass,0,finite Decimal tokens; no correction
EXP-TAIPAN-001,FILE-02R-155f77862ca36b4b,SCAN-02R-8dcd5041a8a4e044,energy_relation,pass,0,verified_global
EXP-TAIPAN-001,FILE-02R-155f77862ca36b4b,SCAN-02R-8dcd5041a8a4e044,format_identity,pass,0,FMT-02R-06137a7de1ad
EXP-TAIPAN-001,FILE-02R-155f77862ca36b4b,SCAN-02R-8dcd5041a8a4e044,header_parsing,pass,0,ordered raw records retained
EXP-TAIPAN-001,FILE-02R-155f77862ca36b4b,SCAN-02R-8dcd5041a8a4e044,lattice_parse,pass,0,LAT-02R-ae4c74e47a033f66
EXP-TAIPAN-001,FILE-02R-155f77862ca36b4b,SCAN-02R-8dcd5041a8a4e044,numeric_block_parsing,pass,0,one nonempty contiguous block
EXP-TAIPAN-001,FILE-02R-155f77862ca36b4b,SCAN-02R-8dcd5041a8a4e044,point_count_reconciliation,pass,0,25
EXP-TAIPAN-001,FILE-02R-155f77862ca36b4b,SCAN-02R-8dcd5041a8a4e044,raw_scan_ID_consistency,pass,0,filename compared with raw header scan ID
EXP-TAIPAN-001,FILE-02R-155f77862ca36b4b,SCAN-02R-8dcd5041a8a4e044,readability,pass,0,strict UTF-8 decoded
EXP-TAIPAN-001,FILE-02R-155f77862ca36b4b,SCAN-02R-8dcd5041a8a4e044,timestamp_validity,pass,0,header timestamps; timezone unrecorded
EXP-TAIPAN-001,FILE-02R-17224ccc44605cc6,SCAN-02R-598c5cedd335b846,UB_parse,pass,0,UB-02R-c7cdba07fed2dfd7
EXP-TAIPAN-001,FILE-02R-17224ccc44605cc6,SCAN-02R-598c5cedd335b846,all_declared_fields_preserved,pass,0,wide plus auxiliary exhaustive by declared index
EXP-TAIPAN-001,FILE-02R-17224ccc44605cc6,SCAN-02R-598c5cedd335b846,count_control_semantics,pass,0,monitor_controlled
EXP-TAIPAN-001,FILE-02R-17224ccc44605cc6,SCAN-02R-598c5cedd335b846,declared_actual_column_count,pass,0,59
EXP-TAIPAN-001,FILE-02R-17224ccc44605cc6,SCAN-02R-598c5cedd335b846,detector_monitor_time_numeric_validity,pass,0,finite Decimal tokens; no correction
EXP-TAIPAN-001,FILE-02R-17224ccc44605cc6,SCAN-02R-598c5cedd335b846,energy_relation,pass,0,verified_global
EXP-TAIPAN-001,FILE-02R-17224ccc44605cc6,SCAN-02R-598c5cedd335b846,format_identity,pass,0,FMT-02R-06137a7de1ad
EXP-TAIPAN-001,FILE-02R-17224ccc44605cc6,SCAN-02R-598c5cedd335b846,header_parsing,pass,0,ordered raw records retained
EXP-TAIPAN-001,FILE-02R-17224ccc44605cc6,SCAN-02R-598c5cedd335b846,lattice_parse,pass,0,LAT-02R-517a9644e4f59287
EXP-TAIPAN-001,FILE-02R-17224ccc44605cc6,SCAN-02R-598c5cedd335b846,numeric_block_parsing,pass,0,one nonempty contiguous block
EXP-TAIPAN-001,FILE-02R-17224ccc44605cc6,SCAN-02R-598c5cedd335b846,point_count_reconciliation,pass,0,13
EXP-TAIPAN-001,FILE-02R-17224ccc44605cc6,SCAN-02R-598c5cedd335b846,raw_scan_ID_consistency,pass,0,filename compared with raw header scan ID
EXP-TAIPAN-001,FILE-02R-17224ccc44605cc6,SCAN-02R-598c5cedd335b846,readability,pass,0,strict UTF-8 decoded
EXP-TAIPAN-001,FILE-02R-17224ccc44605cc6,SCAN-02R-598c5cedd335b846,timestamp_validity,pass,0,header timestamps; timezone unrecorded
EXP-TAIPAN-001,FILE-02R-18739ff9a41fff35,SCAN-02R-022f7aa0bc71f84f,UB_parse,pass,0,UB-02R-55ac4333b2057246
EXP-TAIPAN-001,FILE-02R-18739ff9a41fff35,SCAN-02R-022f7aa0bc71f84f,all_declared_fields_preserved,pass,0,wide plus auxiliary exhaustive by declared index
EXP-TAIPAN-001,FILE-02R-18739ff9a41fff35,SCAN-02R-022f7aa0bc71f84f,count_control_semantics,pass,0,time_controlled
EXP-TAIPAN-001,FILE-02R-18739ff9a41fff35,SCAN-02R-022f7aa0bc71f84f,declared_actual_column_count,pass,0,58
EXP-TAIPAN-001,FILE-02R-18739ff9a41fff35,SCAN-02R-022f7aa0bc71f84f,detector_monitor_time_numeric_validity,pass,0,finite Decimal tokens; no correction
EXP-TAIPAN-001,FILE-02R-18739ff9a41fff35,SCAN-02R-022f7aa0bc71f84f,energy_relation,pass,0,verified_global
EXP-TAIPAN-001,FILE-02R-18739ff9a41fff35,SCAN-02R-022f7aa0bc71f84f,format_identity,pass,0,FMT-02R-00e53630cd36
EXP-TAIPAN-001,FILE-02R-18739ff9a41fff35,SCAN-02R-022f7aa0bc71f84f,header_parsing,pass,0,ordered raw records retained
EXP-TAIPAN-001,FILE-02R-18739ff9a41fff35,SCAN-02R-022f7aa0bc71f84f,lattice_parse,pass,0,LAT-02R-ae4c74e47a033f66
EXP-TAIPAN-001,FILE-02R-18739ff9a41fff35,SCAN-02R-022f7aa0bc71f84f,numeric_block_parsing,pass,0,one nonempty contiguous block
EXP-TAIPAN-001,FILE-02R-18739ff9a41fff35,SCAN-02R-022f7aa0bc71f84f,point_count_reconciliation,pass,0,31
EXP-TAIPAN-001,FILE-02R-18739ff9a41fff35,SCAN-02R-022f7aa0bc71f84f,raw_scan_ID_consistency,pass,0,filename compared with raw header scan ID
EXP-TAIPAN-001,FILE-02R-18739ff9a41fff35,SCAN-02R-022f7aa0bc71f84f,readability,pass,0,strict UTF-8 decoded
EXP-TAIPAN-001,FILE-02R-18739ff9a41fff35,SCAN-02R-022f7aa0bc71f84f,timestamp_validity,pass,0,header timestamps; timezone unrecorded
EXP-TAIPAN-001,FILE-02R-1ac62a8e73779958,SCAN-02R-8ca6316615b8cbae,UB_parse,pass,0,UB-02R-1d710a6baa059bbb
EXP-TAIPAN-001,FILE-02R-1ac62a8e73779958,SCAN-02R-8ca6316615b8cbae,all_declared_fields_preserved,pass,0,wide plus auxiliary exhaustive by declared index
EXP-TAIPAN-001,FILE-02R-1ac62a8e73779958,SCAN-02R-8ca6316615b8cbae,count_control_semantics,pass,0,monitor_controlled
EXP-TAIPAN-001,FILE-02R-1ac62a8e73779958,SCAN-02R-8ca6316615b8cbae,declared_actual_column_count,pass,0,59
EXP-TAIPAN-001,FILE-02R-1ac62a8e73779958,SCAN-02R-8ca6316615b8cbae,detector_monitor_time_numeric_validity,pass,0,finite Decimal tokens; no correction
EXP-TAIPAN-001,FILE-02R-1ac62a8e73779958,SCAN-02R-8ca6316615b8cbae,energy_relation,pass,0,verified_global
EXP-TAIPAN-001,FILE-02R-1ac62a8e73779958,SCAN-02R-8ca6316615b8cbae,format_identity,pass,0,FMT-02R-06137a7de1ad
EXP-TAIPAN-001,FILE-02R-1ac62a8e73779958,SCAN-02R-8ca6316615b8cbae,header_parsing,pass,0,ordered raw records retained
EXP-TAIPAN-001,FILE-02R-1ac62a8e73779958,SCAN-02R-8ca6316615b8cbae,lattice_parse,pass,0,LAT-02R-ae4c74e47a033f66
EXP-TAIPAN-001,FILE-02R-1ac62a8e73779958,SCAN-02R-8ca6316615b8cbae,numeric_block_parsing,pass,0,one nonempty contiguous block
EXP-TAIPAN-001,FILE-02R-1ac62a8e73779958,SCAN-02R-8ca6316615b8cbae,point_count_reconciliation,pass,0,49
EXP-TAIPAN-001,FILE-02R-1ac62a8e73779958,SCAN-02R-8ca6316615b8cbae,raw_scan_ID_consistency,pass,0,filename compared with raw header scan ID
EXP-TAIPAN-001,FILE-02R-1ac62a8e73779958,SCAN-02R-8ca6316615b8cbae,readability,pass,0,strict UTF-8 decoded
EXP-TAIPAN-001,FILE-02R-1ac62a8e73779958,SCAN-02R-8ca6316615b8cbae,timestamp_validity,pass,0,header timestamps; timezone unrecorded
EXP-TAIPAN-001,FILE-02R-1b6fdf0a79b56cdf,SCAN-02R-8345a5938afc1084,UB_parse,pass,0,UB-02R-c7cdba07fed2dfd7
EXP-TAIPAN-001,FILE-02R-1b6fdf0a79b56cdf,SCAN-02R-8345a5938afc1084,all_declared_fields_preserved,pass,0,wide plus auxiliary exhaustive by declared index
EXP-TAIPAN-001,FILE-02R-1b6fdf0a79b56cdf,SCAN-02R-8345a5938afc1084,count_control_semantics,pass,0,monitor_controlled
EXP-TAIPAN-001,FILE-02R-1b6fdf0a79b56cdf,SCAN-02R-8345a5938afc1084,declared_actual_column_count,pass,0,59
EXP-TAIPAN-001,FILE-02R-1b6fdf0a79b56cdf,SCAN-02R-8345a5938afc1084,detector_monitor_time_numeric_validity,pass,0,finite Decimal tokens; no correction
EXP-TAIPAN-001,FILE-02R-1b6fdf0a79b56cdf,SCAN-02R-8345a5938afc1084,energy_relation,pass,0,verified_global
EXP-TAIPAN-001,FILE-02R-1b6fdf0a79b56cdf,SCAN-02R-8345a5938afc1084,format_identity,pass,0,FMT-02R-06137a7de1ad
EXP-TAIPAN-001,FILE-02R-1b6fdf0a79b56cdf,SCAN-02R-8345a5938afc1084,header_parsing,pass,0,ordered raw records retained
EXP-TAIPAN-001,FILE-02R-1b6fdf0a79b56cdf,SCAN-02R-8345a5938afc1084,lattice_parse,pass,0,LAT-02R-517a9644e4f59287
EXP-TAIPAN-001,FILE-02R-1b6fdf0a79b56cdf,SCAN-02R-8345a5938afc1084,numeric_block_parsing,pass,0,one nonempty contiguous block
EXP-TAIPAN-001,FILE-02R-1b6fdf0a79b56cdf,SCAN-02R-8345a5938afc1084,point_count_reconciliation,pass,0,26
EXP-TAIPAN-001,FILE-02R-1b6fdf0a79b56cdf,SCAN-02R-8345a5938afc1084,raw_scan_ID_consistency,pass,0,filename compared with raw header scan ID
EXP-TAIPAN-001,FILE-02R-1b6fdf0a79b56cdf,SCAN-02R-8345a5938afc1084,readability,pass,0,strict UTF-8 decoded
EXP-TAIPAN-001,FILE-02R-1b6fdf0a79b56cdf,SCAN-02R-8345a5938afc1084,timestamp_validity,pass,0,header timestamps; timezone unrecorded
EXP-TAIPAN-001,FILE-02R-1cbaba74f1870c27,SCAN-02R-e56a9b34b0768e57,UB_parse,pass,0,UB-02R-c7cdba07fed2dfd7
EXP-TAIPAN-001,FILE-02R-1cbaba74f1870c27,SCAN-02R-e56a9b34b0768e57,all_declared_fields_preserved,pass,0,wide plus auxiliary exhaustive by declared index
EXP-TAIPAN-001,FILE-02R-1cbaba74f1870c27,SCAN-02R-e56a9b34b0768e57,count_control_semantics,pass,0,monitor_controlled
EXP-TAIPAN-001,FILE-02R-1cbaba74f1870c27,SCAN-02R-e56a9b34b0768e57,declared_actual_column_count,pass,0,59
EXP-TAIPAN-001,FILE-02R-1cbaba74f1870c27,SCAN-02R-e56a9b34b0768e57,detector_monitor_time_numeric_validity,pass,0,finite Decimal tokens; no correction
EXP-TAIPAN-001,FILE-02R-1cbaba74f1870c27,SCAN-02R-e56a9b34b0768e57,energy_relation,pass,0,verified_global
EXP-TAIPAN-001,FILE-02R-1cbaba74f1870c27,SCAN-02R-e56a9b34b0768e57,format_identity,pass,0,FMT-02R-fb75879b9023
EXP-TAIPAN-001,FILE-02R-1cbaba74f1870c27,SCAN-02R-e56a9b34b0768e57,header_parsing,pass,0,ordered raw records retained
EXP-TAIPAN-001,FILE-02R-1cbaba74f1870c27,SCAN-02R-e56a9b34b0768e57,lattice_parse,pass,0,LAT-02R-517a9644e4f59287
EXP-TAIPAN-001,FILE-02R-1cbaba74f1870c27,SCAN-02R-e56a9b34b0768e57,numeric_block_parsing,pass,0,one nonempty contiguous block
EXP-TAIPAN-001,FILE-02R-1cbaba74f1870c27,SCAN-02R-e56a9b34b0768e57,point_count_reconciliation,pass,0,11
EXP-TAIPAN-001,FILE-02R-1cbaba74f1870c27,SCAN-02R-e56a9b34b0768e57,raw_scan_ID_consistency,pass,0,filename compared with raw header scan ID
EXP-TAIPAN-001,FILE-02R-1cbaba74f1870c27,SCAN-02R-e56a9b34b0768e57,readability,pass,0,strict UTF-8 decoded
EXP-TAIPAN-001,FILE-02R-1cbaba74f1870c27,SCAN-02R-e56a9b34b0768e57,timestamp_validity,pass,0,header timestamps; timezone unrecorded
EXP-TAIPAN-001,FILE-02R-1e8ca9599fa3228e,SCAN-02R-c0c9b8b4b3c0d88f,UB_parse,pass,0,UB-02R-c7cdba07fed2dfd7
EXP-TAIPAN-001,FILE-02R-1e8ca9599fa3228e,SCAN-02R-c0c9b8b4b3c0d88f,all_declared_fields_preserved,pass,0,wide plus auxiliary exhaustive by declared index
EXP-TAIPAN-001,FILE-02R-1e8ca9599fa3228e,SCAN-02R-c0c9b8b4b3c0d88f,count_control_semantics,pass,0,monitor_controlled
EXP-TAIPAN-001,FILE-02R-1e8ca9599fa3228e,SCAN-02R-c0c9b8b4b3c0d88f,declared_actual_column_count,pass,0,57
EXP-TAIPAN-001,FILE-02R-1e8ca9599fa3228e,SCAN-02R-c0c9b8b4b3c0d88f,detector_monitor_time_numeric_validity,pass,0,finite Decimal tokens; no correction
EXP-TAIPAN-001,FILE-02R-1e8ca9599fa3228e,SCAN-02R-c0c9b8b4b3c0d88f,energy_relation,pass,0,verified_global
EXP-TAIPAN-001,FILE-02R-1e8ca9599fa3228e,SCAN-02R-c0c9b8b4b3c0d88f,format_identity,pass,0,FMT-02R-ac325217afd4
EXP-TAIPAN-001,FILE-02R-1e8ca9599fa3228e,SCAN-02R-c0c9b8b4b3c0d88f,header_parsing,pass,0,ordered raw records retained
EXP-TAIPAN-001,FILE-02R-1e8ca9599fa3228e,SCAN-02R-c0c9b8b4b3c0d88f,lattice_parse,pass,0,LAT-02R-517a9644e4f59287
EXP-TAIPAN-001,FILE-02R-1e8ca9599fa3228e,SCAN-02R-c0c9b8b4b3c0d88f,numeric_block_parsing,pass,0,one nonempty contiguous block
EXP-TAIPAN-001,FILE-02R-1e8ca9599fa3228e,SCAN-02R-c0c9b8b4b3c0d88f,point_count_reconciliation,pass,0,15
EXP-TAIPAN-001,FILE-02R-1e8ca9599fa3228e,SCAN-02R-c0c9b8b4b3c0d88f,raw_scan_ID_consistency,pass,0,filename compared with raw header scan ID
EXP-TAIPAN-001,FILE-02R-1e8ca9599fa3228e,SCAN-02R-c0c9b8b4b3c0d88f,readability,pass,0,strict UTF-8 decoded
EXP-TAIPAN-001,FILE-02R-1e8ca9599fa3228e,SCAN-02R-c0c9b8b4b3c0d88f,timestamp_validity,pass,0,header timestamps; timezone unrecorded
EXP-TAIPAN-001,FILE-02R-2418706b7fadc72a,SCAN-02R-7044f49c95edc115,UB_parse,pass,0,UB-02R-c7cdba07fed2dfd7
EXP-TAIPAN-001,FILE-02R-2418706b7fadc72a,SCAN-02R-7044f49c95edc115,all_declared_fields_preserved,pass,0,wide plus auxiliary exhaustive by declared index
EXP-TAIPAN-001,FILE-02R-2418706b7fadc72a,SCAN-02R-7044f49c95edc115,count_control_semantics,pass,0,time_controlled
EXP-TAIPAN-001,FILE-02R-2418706b7fadc72a,SCAN-02R-7044f49c95edc115,declared_actual_column_count,pass,0,58
EXP-TAIPAN-001,FILE-02R-2418706b7fadc72a,SCAN-02R-7044f49c95edc115,detector_monitor_time_numeric_validity,pass,0,finite Decimal tokens; no correction
EXP-TAIPAN-001,FILE-02R-2418706b7fadc72a,SCAN-02R-7044f49c95edc115,energy_relation,pass,0,verified_global
EXP-TAIPAN-001,FILE-02R-2418706b7fadc72a,SCAN-02R-7044f49c95edc115,format_identity,pass,0,FMT-02R-a20370d76087
EXP-TAIPAN-001,FILE-02R-2418706b7fadc72a,SCAN-02R-7044f49c95edc115,header_parsing,pass,0,ordered raw records retained
EXP-TAIPAN-001,FILE-02R-2418706b7fadc72a,SCAN-02R-7044f49c95edc115,lattice_parse,pass,0,LAT-02R-517a9644e4f59287
EXP-TAIPAN-001,FILE-02R-2418706b7fadc72a,SCAN-02R-7044f49c95edc115,numeric_block_parsing,pass,0,one nonempty contiguous block
EXP-TAIPAN-001,FILE-02R-2418706b7fadc72a,SCAN-02R-7044f49c95edc115,point_count_reconciliation,pass,0,21
EXP-TAIPAN-001,FILE-02R-2418706b7fadc72a,SCAN-02R-7044f49c95edc115,raw_scan_ID_consistency,pass,0,filename compared with raw header scan ID
EXP-TAIPAN-001,FILE-02R-2418706b7fadc72a,SCAN-02R-7044f49c95edc115,readability,pass,0,strict UTF-8 decoded
EXP-TAIPAN-001,FILE-02R-2418706b7fadc72a,SCAN-02R-7044f49c95edc115,timestamp_validity,pass,0,header timestamps; timezone unrecorded
EXP-TAIPAN-001,FILE-02R-242f8e9d18702c73,SCAN-02R-d24a90ed870ef8e6,UB_parse,pass,0,UB-02R-397acad65dd9e384
EXP-TAIPAN-001,FILE-02R-242f8e9d18702c73,SCAN-02R-d24a90ed870ef8e6,all_declared_fields_preserved,pass,0,wide plus auxiliary exhaustive by declared index
EXP-TAIPAN-001,FILE-02R-242f8e9d18702c73,SCAN-02R-d24a90ed870ef8e6,count_control_semantics,pass,0,time_controlled
EXP-TAIPAN-001,FILE-02R-242f8e9d18702c73,SCAN-02R-d24a90ed870ef8e6,declared_actual_column_count,pass,0,58
EXP-TAIPAN-001,FILE-02R-242f8e9d18702c73,SCAN-02R-d24a90ed870ef8e6,detector_monitor_time_numeric_validity,pass,0,finite Decimal tokens; no correction
EXP-TAIPAN-001,FILE-02R-242f8e9d18702c73,SCAN-02R-d24a90ed870ef8e6,energy_relation,pass,0,verified_global
EXP-TAIPAN-001,FILE-02R-242f8e9d18702c73,SCAN-02R-d24a90ed870ef8e6,format_identity,pass,0,FMT-02R-00e53630cd36
EXP-TAIPAN-001,FILE-02R-242f8e9d18702c73,SCAN-02R-d24a90ed870ef8e6,header_parsing,pass,0,ordered raw records retained
EXP-TAIPAN-001,FILE-02R-242f8e9d18702c73,SCAN-02R-d24a90ed870ef8e6,lattice_parse,pass,0,LAT-02R-ae4c74e47a033f66
EXP-TAIPAN-001,FILE-02R-242f8e9d18702c73,SCAN-02R-d24a90ed870ef8e6,numeric_block_parsing,pass,0,one nonempty contiguous block
EXP-TAIPAN-001,FILE-02R-242f8e9d18702c73,SCAN-02R-d24a90ed870ef8e6,point_count_reconciliation,pass,0,30
EXP-TAIPAN-001,FILE-02R-242f8e9d18702c73,SCAN-02R-d24a90ed870ef8e6,raw_scan_ID_consistency,pass,0,filename compared with raw header scan ID
EXP-TAIPAN-001,FILE-02R-242f8e9d18702c73,SCAN-02R-d24a90ed870ef8e6,readability,pass,0,strict UTF-8 decoded
EXP-TAIPAN-001,FILE-02R-242f8e9d18702c73,SCAN-02R-d24a90ed870ef8e6,timestamp_validity,pass,0,header timestamps; timezone unrecorded
EXP-TAIPAN-001,FILE-02R-2467de187102a2bb,SCAN-02R-41d12941c2dac178,UB_parse,pass,0,UB-02R-c7cdba07fed2dfd7
EXP-TAIPAN-001,FILE-02R-2467de187102a2bb,SCAN-02R-41d12941c2dac178,all_declared_fields_preserved,pass,0,wide plus auxiliary exhaustive by declared index
EXP-TAIPAN-001,FILE-02R-2467de187102a2bb,SCAN-02R-41d12941c2dac178,count_control_semantics,pass,0,monitor_controlled
EXP-TAIPAN-001,FILE-02R-2467de187102a2bb,SCAN-02R-41d12941c2dac178,declared_actual_column_count,pass,0,59
EXP-TAIPAN-001,FILE-02R-2467de187102a2bb,SCAN-02R-41d12941c2dac178,detector_monitor_time_numeric_validity,pass,0,finite Decimal tokens; no correction
EXP-TAIPAN-001,FILE-02R-2467de187102a2bb,SCAN-02R-41d12941c2dac178,energy_relation,pass,0,verified_global
EXP-TAIPAN-001,FILE-02R-2467de187102a2bb,SCAN-02R-41d12941c2dac178,format_identity,pass,0,FMT-02R-06137a7de1ad
EXP-TAIPAN-001,FILE-02R-2467de187102a2bb,SCAN-02R-41d12941c2dac178,header_parsing,pass,0,ordered raw records retained
EXP-TAIPAN-001,FILE-02R-2467de187102a2bb,SCAN-02R-41d12941c2dac178,lattice_parse,pass,0,LAT-02R-517a9644e4f59287
EXP-TAIPAN-001,FILE-02R-2467de187102a2bb,SCAN-02R-41d12941c2dac178,numeric_block_parsing,pass,0,one nonempty contiguous block
EXP-TAIPAN-001,FILE-02R-2467de187102a2bb,SCAN-02R-41d12941c2dac178,point_count_reconciliation,pass,0,20
EXP-TAIPAN-001,FILE-02R-2467de187102a2bb,SCAN-02R-41d12941c2dac178,raw_scan_ID_consistency,pass,0,filename compared with raw header scan ID
EXP-TAIPAN-001,FILE-02R-2467de187102a2bb,SCAN-02R-41d12941c2dac178,readability,pass,0,strict UTF-8 decoded
EXP-TAIPAN-001,FILE-02R-2467de187102a2bb,SCAN-02R-41d12941c2dac178,timestamp_validity,pass,0,header timestamps; timezone unrecorded
EXP-TAIPAN-001,FILE-02R-27510edb47af6e55,SCAN-02R-920194e62af87181,UB_parse,pass,0,UB-02R-c7cdba07fed2dfd7
EXP-TAIPAN-001,FILE-02R-27510edb47af6e55,SCAN-02R-920194e62af87181,all_declared_fields_preserved,pass,0,wide plus auxiliary exhaustive by declared index
EXP-TAIPAN-001,FILE-02R-27510edb47af6e55,SCAN-02R-920194e62af87181,count_control_semantics,pass,0,time_controlled
EXP-TAIPAN-001,FILE-02R-27510edb47af6e55,SCAN-02R-920194e62af87181,declared_actual_column_count,pass,0,58
EXP-TAIPAN-001,FILE-02R-27510edb47af6e55,SCAN-02R-920194e62af87181,detector_monitor_time_numeric_validity,pass,0,finite Decimal tokens; no correction
EXP-TAIPAN-001,FILE-02R-27510edb47af6e55,SCAN-02R-920194e62af87181,energy_relation,pass,0,verified_global
EXP-TAIPAN-001,FILE-02R-27510edb47af6e55,SCAN-02R-920194e62af87181,format_identity,pass,0,FMT-02R-a20370d76087
EXP-TAIPAN-001,FILE-02R-27510edb47af6e55,SCAN-02R-920194e62af87181,header_parsing,pass,0,ordered raw records retained
EXP-TAIPAN-001,FILE-02R-27510edb47af6e55,SCAN-02R-920194e62af87181,lattice_parse,pass,0,LAT-02R-517a9644e4f59287
EXP-TAIPAN-001,FILE-02R-27510edb47af6e55,SCAN-02R-920194e62af87181,numeric_block_parsing,pass,0,one nonempty contiguous block
EXP-TAIPAN-001,FILE-02R-27510edb47af6e55,SCAN-02R-920194e62af87181,point_count_reconciliation,pass,0,21
EXP-TAIPAN-001,FILE-02R-27510edb47af6e55,SCAN-02R-920194e62af87181,raw_scan_ID_consistency,pass,0,filename compared with raw header scan ID
EXP-TAIPAN-001,FILE-02R-27510edb47af6e55,SCAN-02R-920194e62af87181,readability,pass,0,strict UTF-8 decoded
EXP-TAIPAN-001,FILE-02R-27510edb47af6e55,SCAN-02R-920194e62af87181,timestamp_validity,pass,0,header timestamps; timezone unrecorded
EXP-TAIPAN-001,FILE-02R-2794450f4a6036d5,SCAN-02R-ccdf6f79b6e3b5fc,UB_parse,pass,0,UB-02R-397acad65dd9e384
EXP-TAIPAN-001,FILE-02R-2794450f4a6036d5,SCAN-02R-ccdf6f79b6e3b5fc,all_declared_fields_preserved,pass,0,wide plus auxiliary exhaustive by declared index
EXP-TAIPAN-001,FILE-02R-2794450f4a6036d5,SCAN-02R-ccdf6f79b6e3b5fc,count_control_semantics,pass,0,time_controlled
EXP-TAIPAN-001,FILE-02R-2794450f4a6036d5,SCAN-02R-ccdf6f79b6e3b5fc,declared_actual_column_count,pass,0,58
EXP-TAIPAN-001,FILE-02R-2794450f4a6036d5,SCAN-02R-ccdf6f79b6e3b5fc,detector_monitor_time_numeric_validity,pass,0,finite Decimal tokens; no correction
EXP-TAIPAN-001,FILE-02R-2794450f4a6036d5,SCAN-02R-ccdf6f79b6e3b5fc,energy_relation,pass,0,verified_global
EXP-TAIPAN-001,FILE-02R-2794450f4a6036d5,SCAN-02R-ccdf6f79b6e3b5fc,format_identity,pass,0,FMT-02R-de66a609ccd2
EXP-TAIPAN-001,FILE-02R-2794450f4a6036d5,SCAN-02R-ccdf6f79b6e3b5fc,header_parsing,pass,0,ordered raw records retained
EXP-TAIPAN-001,FILE-02R-2794450f4a6036d5,SCAN-02R-ccdf6f79b6e3b5fc,lattice_parse,pass,0,LAT-02R-ae4c74e47a033f66
EXP-TAIPAN-001,FILE-02R-2794450f4a6036d5,SCAN-02R-ccdf6f79b6e3b5fc,numeric_block_parsing,pass,0,one nonempty contiguous block
EXP-TAIPAN-001,FILE-02R-2794450f4a6036d5,SCAN-02R-ccdf6f79b6e3b5fc,point_count_reconciliation,pass,0,61
EXP-TAIPAN-001,FILE-02R-2794450f4a6036d5,SCAN-02R-ccdf6f79b6e3b5fc,raw_scan_ID_consistency,pass,0,filename compared with raw header scan ID
EXP-TAIPAN-001,FILE-02R-2794450f4a6036d5,SCAN-02R-ccdf6f79b6e3b5fc,readability,pass,0,strict UTF-8 decoded
EXP-TAIPAN-001,FILE-02R-2794450f4a6036d5,SCAN-02R-ccdf6f79b6e3b5fc,timestamp_validity,pass,0,header timestamps; timezone unrecorded
EXP-TAIPAN-001,FILE-02R-29b1ecf8945b5a04,SCAN-02R-cb5dd7445a99bc3a,UB_parse,pass,0,UB-02R-1d710a6baa059bbb
EXP-TAIPAN-001,FILE-02R-29b1ecf8945b5a04,SCAN-02R-cb5dd7445a99bc3a,all_declared_fields_preserved,pass,0,wide plus auxiliary exhaustive by declared index
EXP-TAIPAN-001,FILE-02R-29b1ecf8945b5a04,SCAN-02R-cb5dd7445a99bc3a,count_control_semantics,pass,0,time_controlled
EXP-TAIPAN-001,FILE-02R-29b1ecf8945b5a04,SCAN-02R-cb5dd7445a99bc3a,declared_actual_column_count,pass,0,57
EXP-TAIPAN-001,FILE-02R-29b1ecf8945b5a04,SCAN-02R-cb5dd7445a99bc3a,detector_monitor_time_numeric_validity,pass,0,finite Decimal tokens; no correction
EXP-TAIPAN-001,FILE-02R-29b1ecf8945b5a04,SCAN-02R-cb5dd7445a99bc3a,energy_relation,pass,0,verified_global
EXP-TAIPAN-001,FILE-02R-29b1ecf8945b5a04,SCAN-02R-cb5dd7445a99bc3a,format_identity,pass,0,FMT-02R-a9e025c2acce
EXP-TAIPAN-001,FILE-02R-29b1ecf8945b5a04,SCAN-02R-cb5dd7445a99bc3a,header_parsing,pass,0,ordered raw records retained
EXP-TAIPAN-001,FILE-02R-29b1ecf8945b5a04,SCAN-02R-cb5dd7445a99bc3a,lattice_parse,pass,0,LAT-02R-ae4c74e47a033f66
EXP-TAIPAN-001,FILE-02R-29b1ecf8945b5a04,SCAN-02R-cb5dd7445a99bc3a,numeric_block_parsing,pass,0,one nonempty contiguous block
EXP-TAIPAN-001,FILE-02R-29b1ecf8945b5a04,SCAN-02R-cb5dd7445a99bc3a,point_count_reconciliation,pass,0,14
EXP-TAIPAN-001,FILE-02R-29b1ecf8945b5a04,SCAN-02R-cb5dd7445a99bc3a,raw_scan_ID_consistency,pass,0,filename compared with raw header scan ID
EXP-TAIPAN-001,FILE-02R-29b1ecf8945b5a04,SCAN-02R-cb5dd7445a99bc3a,readability,pass,0,strict UTF-8 decoded
EXP-TAIPAN-001,FILE-02R-29b1ecf8945b5a04,SCAN-02R-cb5dd7445a99bc3a,timestamp_validity,pass,0,header timestamps; timezone unrecorded
EXP-TAIPAN-001,FILE-02R-2a03555a7fbdb515,SCAN-02R-74e2c66cfb23844c,UB_parse,pass,0,UB-02R-1d710a6baa059bbb
EXP-TAIPAN-001,FILE-02R-2a03555a7fbdb515,SCAN-02R-74e2c66cfb23844c,all_declared_fields_preserved,pass,0,wide plus auxiliary exhaustive by declared index
EXP-TAIPAN-001,FILE-02R-2a03555a7fbdb515,SCAN-02R-74e2c66cfb23844c,count_control_semantics,pass,0,time_controlled
EXP-TAIPAN-001,FILE-02R-2a03555a7fbdb515,SCAN-02R-74e2c66cfb23844c,declared_actual_column_count,pass,0,57
EXP-TAIPAN-001,FILE-02R-2a03555a7fbdb515,SCAN-02R-74e2c66cfb23844c,detector_monitor_time_numeric_validity,pass,0,finite Decimal tokens; no correction
EXP-TAIPAN-001,FILE-02R-2a03555a7fbdb515,SCAN-02R-74e2c66cfb23844c,energy_relation,pass,0,verified_global
EXP-TAIPAN-001,FILE-02R-2a03555a7fbdb515,SCAN-02R-74e2c66cfb23844c,format_identity,pass,0,FMT-02R-ac325217afd4
EXP-TAIPAN-001,FILE-02R-2a03555a7fbdb515,SCAN-02R-74e2c66cfb23844c,header_parsing,pass,0,ordered raw records retained
EXP-TAIPAN-001,FILE-02R-2a03555a7fbdb515,SCAN-02R-74e2c66cfb23844c,lattice_parse,pass,0,LAT-02R-ae4c74e47a033f66
EXP-TAIPAN-001,FILE-02R-2a03555a7fbdb515,SCAN-02R-74e2c66cfb23844c,numeric_block_parsing,pass,0,one nonempty contiguous block
EXP-TAIPAN-001,FILE-02R-2a03555a7fbdb515,SCAN-02R-74e2c66cfb23844c,point_count_reconciliation,pass,0,29
EXP-TAIPAN-001,FILE-02R-2a03555a7fbdb515,SCAN-02R-74e2c66cfb23844c,raw_scan_ID_consistency,pass,0,filename compared with raw header scan ID
EXP-TAIPAN-001,FILE-02R-2a03555a7fbdb515,SCAN-02R-74e2c66cfb23844c,readability,pass,0,strict UTF-8 decoded
EXP-TAIPAN-001,FILE-02R-2a03555a7fbdb515,SCAN-02R-74e2c66cfb23844c,timestamp_validity,pass,0,header timestamps; timezone unrecorded
EXP-TAIPAN-001,FILE-02R-2bd766e8241454cd,SCAN-02R-1dda1db143c363ba,UB_parse,pass,0,UB-02R-55ac4333b2057246
EXP-TAIPAN-001,FILE-02R-2bd766e8241454cd,SCAN-02R-1dda1db143c363ba,all_declared_fields_preserved,pass,0,wide plus auxiliary exhaustive by declared index
EXP-TAIPAN-001,FILE-02R-2bd766e8241454cd,SCAN-02R-1dda1db143c363ba,count_control_semantics,pass,0,time_controlled
EXP-TAIPAN-001,FILE-02R-2bd766e8241454cd,SCAN-02R-1dda1db143c363ba,declared_actual_column_count,pass,0,58
EXP-TAIPAN-001,FILE-02R-2bd766e8241454cd,SCAN-02R-1dda1db143c363ba,detector_monitor_time_numeric_validity,pass,0,finite Decimal tokens; no correction
EXP-TAIPAN-001,FILE-02R-2bd766e8241454cd,SCAN-02R-1dda1db143c363ba,energy_relation,pass,0,verified_global
EXP-TAIPAN-001,FILE-02R-2bd766e8241454cd,SCAN-02R-1dda1db143c363ba,format_identity,pass,0,FMT-02R-a20370d76087
EXP-TAIPAN-001,FILE-02R-2bd766e8241454cd,SCAN-02R-1dda1db143c363ba,header_parsing,pass,0,ordered raw records retained
EXP-TAIPAN-001,FILE-02R-2bd766e8241454cd,SCAN-02R-1dda1db143c363ba,lattice_parse,pass,0,LAT-02R-ae4c74e47a033f66
EXP-TAIPAN-001,FILE-02R-2bd766e8241454cd,SCAN-02R-1dda1db143c363ba,numeric_block_parsing,pass,0,one nonempty contiguous block
EXP-TAIPAN-001,FILE-02R-2bd766e8241454cd,SCAN-02R-1dda1db143c363ba,point_count_reconciliation,pass,0,11
EXP-TAIPAN-001,FILE-02R-2bd766e8241454cd,SCAN-02R-1dda1db143c363ba,raw_scan_ID_consistency,pass,0,filename compared with raw header scan ID
EXP-TAIPAN-001,FILE-02R-2bd766e8241454cd,SCAN-02R-1dda1db143c363ba,readability,pass,0,strict UTF-8 decoded
EXP-TAIPAN-001,FILE-02R-2bd766e8241454cd,SCAN-02R-1dda1db143c363ba,timestamp_validity,pass,0,header timestamps; timezone unrecorded
EXP-TAIPAN-001,FILE-02R-2c162a6d29875ba6,SCAN-02R-45d1daf515e218b6,UB_parse,pass,0,UB-02R-c7cdba07fed2dfd7
EXP-TAIPAN-001,FILE-02R-2c162a6d29875ba6,SCAN-02R-45d1daf515e218b6,all_declared_fields_preserved,pass,0,wide plus auxiliary exhaustive by declared index
EXP-TAIPAN-001,FILE-02R-2c162a6d29875ba6,SCAN-02R-45d1daf515e218b6,count_control_semantics,pass,0,monitor_controlled
EXP-TAIPAN-001,FILE-02R-2c162a6d29875ba6,SCAN-02R-45d1daf515e218b6,declared_actual_column_count,pass,0,59
EXP-TAIPAN-001,FILE-02R-2c162a6d29875ba6,SCAN-02R-45d1daf515e218b6,detector_monitor_time_numeric_validity,pass,0,finite Decimal tokens; no correction
EXP-TAIPAN-001,FILE-02R-2c162a6d29875ba6,SCAN-02R-45d1daf515e218b6,energy_relation,pass,0,verified_global
EXP-TAIPAN-001,FILE-02R-2c162a6d29875ba6,SCAN-02R-45d1daf515e218b6,format_identity,pass,0,FMT-02R-06137a7de1ad
EXP-TAIPAN-001,FILE-02R-2c162a6d29875ba6,SCAN-02R-45d1daf515e218b6,header_parsing,pass,0,ordered raw records retained
EXP-TAIPAN-001,FILE-02R-2c162a6d29875ba6,SCAN-02R-45d1daf515e218b6,lattice_parse,pass,0,LAT-02R-517a9644e4f59287
EXP-TAIPAN-001,FILE-02R-2c162a6d29875ba6,SCAN-02R-45d1daf515e218b6,numeric_block_parsing,pass,0,one nonempty contiguous block
EXP-TAIPAN-001,FILE-02R-2c162a6d29875ba6,SCAN-02R-45d1daf515e218b6,point_count_reconciliation,pass,0,26
EXP-TAIPAN-001,FILE-02R-2c162a6d29875ba6,SCAN-02R-45d1daf515e218b6,raw_scan_ID_consistency,pass,0,filename compared with raw header scan ID
EXP-TAIPAN-001,FILE-02R-2c162a6d29875ba6,SCAN-02R-45d1daf515e218b6,readability,pass,0,strict UTF-8 decoded
EXP-TAIPAN-001,FILE-02R-2c162a6d29875ba6,SCAN-02R-45d1daf515e218b6,timestamp_validity,pass,0,header timestamps; timezone unrecorded
EXP-TAIPAN-001,FILE-02R-2f47aa7305f8661a,SCAN-02R-4a9d7177d38df4e7,UB_parse,pass,0,UB-02R-397acad65dd9e384
EXP-TAIPAN-001,FILE-02R-2f47aa7305f8661a,SCAN-02R-4a9d7177d38df4e7,all_declared_fields_preserved,pass,0,wide plus auxiliary exhaustive by declared index
EXP-TAIPAN-001,FILE-02R-2f47aa7305f8661a,SCAN-02R-4a9d7177d38df4e7,count_control_semantics,pass,0,time_controlled
EXP-TAIPAN-001,FILE-02R-2f47aa7305f8661a,SCAN-02R-4a9d7177d38df4e7,declared_actual_column_count,pass,0,57
EXP-TAIPAN-001,FILE-02R-2f47aa7305f8661a,SCAN-02R-4a9d7177d38df4e7,detector_monitor_time_numeric_validity,pass,0,finite Decimal tokens; no correction
EXP-TAIPAN-001,FILE-02R-2f47aa7305f8661a,SCAN-02R-4a9d7177d38df4e7,energy_relation,pass,0,verified_global
EXP-TAIPAN-001,FILE-02R-2f47aa7305f8661a,SCAN-02R-4a9d7177d38df4e7,format_identity,pass,0,FMT-02R-9cd5341dd50f
EXP-TAIPAN-001,FILE-02R-2f47aa7305f8661a,SCAN-02R-4a9d7177d38df4e7,header_parsing,pass,0,ordered raw records retained
EXP-TAIPAN-001,FILE-02R-2f47aa7305f8661a,SCAN-02R-4a9d7177d38df4e7,lattice_parse,pass,0,LAT-02R-ae4c74e47a033f66
EXP-TAIPAN-001,FILE-02R-2f47aa7305f8661a,SCAN-02R-4a9d7177d38df4e7,numeric_block_parsing,pass,0,one nonempty contiguous block
EXP-TAIPAN-001,FILE-02R-2f47aa7305f8661a,SCAN-02R-4a9d7177d38df4e7,point_count_reconciliation,pass,0,11
EXP-TAIPAN-001,FILE-02R-2f47aa7305f8661a,SCAN-02R-4a9d7177d38df4e7,raw_scan_ID_consistency,pass,0,filename compared with raw header scan ID
EXP-TAIPAN-001,FILE-02R-2f47aa7305f8661a,SCAN-02R-4a9d7177d38df4e7,readability,pass,0,strict UTF-8 decoded
EXP-TAIPAN-001,FILE-02R-2f47aa7305f8661a,SCAN-02R-4a9d7177d38df4e7,timestamp_validity,pass,0,header timestamps; timezone unrecorded
EXP-TAIPAN-001,FILE-02R-301f7e82dbae27e8,SCAN-02R-31bc005deb88d4e2,UB_parse,pass,0,UB-02R-1d710a6baa059bbb
EXP-TAIPAN-001,FILE-02R-301f7e82dbae27e8,SCAN-02R-31bc005deb88d4e2,all_declared_fields_preserved,pass,0,wide plus auxiliary exhaustive by declared index
EXP-TAIPAN-001,FILE-02R-301f7e82dbae27e8,SCAN-02R-31bc005deb88d4e2,count_control_semantics,pass,0,time_controlled
EXP-TAIPAN-001,FILE-02R-301f7e82dbae27e8,SCAN-02R-31bc005deb88d4e2,declared_actual_column_count,pass,0,57
EXP-TAIPAN-001,FILE-02R-301f7e82dbae27e8,SCAN-02R-31bc005deb88d4e2,detector_monitor_time_numeric_validity,pass,0,finite Decimal tokens; no correction
EXP-TAIPAN-001,FILE-02R-301f7e82dbae27e8,SCAN-02R-31bc005deb88d4e2,energy_relation,pass,0,verified_global
EXP-TAIPAN-001,FILE-02R-301f7e82dbae27e8,SCAN-02R-31bc005deb88d4e2,format_identity,pass,0,FMT-02R-ab302e8146f8
EXP-TAIPAN-001,FILE-02R-301f7e82dbae27e8,SCAN-02R-31bc005deb88d4e2,header_parsing,pass,0,ordered raw records retained
EXP-TAIPAN-001,FILE-02R-301f7e82dbae27e8,SCAN-02R-31bc005deb88d4e2,lattice_parse,pass,0,LAT-02R-ae4c74e47a033f66
EXP-TAIPAN-001,FILE-02R-301f7e82dbae27e8,SCAN-02R-31bc005deb88d4e2,numeric_block_parsing,pass,0,one nonempty contiguous block
EXP-TAIPAN-001,FILE-02R-301f7e82dbae27e8,SCAN-02R-31bc005deb88d4e2,point_count_reconciliation,pass,0,14
EXP-TAIPAN-001,FILE-02R-301f7e82dbae27e8,SCAN-02R-31bc005deb88d4e2,raw_scan_ID_consistency,pass,0,filename compared with raw header scan ID
EXP-TAIPAN-001,FILE-02R-301f7e82dbae27e8,SCAN-02R-31bc005deb88d4e2,readability,pass,0,strict UTF-8 decoded
EXP-TAIPAN-001,FILE-02R-301f7e82dbae27e8,SCAN-02R-31bc005deb88d4e2,timestamp_validity,pass,0,header timestamps; timezone unrecorded
EXP-TAIPAN-001,FILE-02R-31885f2e20fbb807,SCAN-02R-5215f80c458dc1c4,UB_parse,pass,0,UB-02R-c7cdba07fed2dfd7
EXP-TAIPAN-001,FILE-02R-31885f2e20fbb807,SCAN-02R-5215f80c458dc1c4,all_declared_fields_preserved,pass,0,wide plus auxiliary exhaustive by declared index
EXP-TAIPAN-001,FILE-02R-31885f2e20fbb807,SCAN-02R-5215f80c458dc1c4,count_control_semantics,pass,0,monitor_controlled
EXP-TAIPAN-001,FILE-02R-31885f2e20fbb807,SCAN-02R-5215f80c458dc1c4,declared_actual_column_count,pass,0,59
EXP-TAIPAN-001,FILE-02R-31885f2e20fbb807,SCAN-02R-5215f80c458dc1c4,detector_monitor_time_numeric_validity,pass,0,finite Decimal tokens; no correction
EXP-TAIPAN-001,FILE-02R-31885f2e20fbb807,SCAN-02R-5215f80c458dc1c4,energy_relation,pass,0,verified_global
EXP-TAIPAN-001,FILE-02R-31885f2e20fbb807,SCAN-02R-5215f80c458dc1c4,format_identity,pass,0,FMT-02R-06137a7de1ad
EXP-TAIPAN-001,FILE-02R-31885f2e20fbb807,SCAN-02R-5215f80c458dc1c4,header_parsing,pass,0,ordered raw records retained
EXP-TAIPAN-001,FILE-02R-31885f2e20fbb807,SCAN-02R-5215f80c458dc1c4,lattice_parse,pass,0,LAT-02R-517a9644e4f59287
EXP-TAIPAN-001,FILE-02R-31885f2e20fbb807,SCAN-02R-5215f80c458dc1c4,numeric_block_parsing,pass,0,one nonempty contiguous block
EXP-TAIPAN-001,FILE-02R-31885f2e20fbb807,SCAN-02R-5215f80c458dc1c4,point_count_reconciliation,pass,0,20
EXP-TAIPAN-001,FILE-02R-31885f2e20fbb807,SCAN-02R-5215f80c458dc1c4,raw_scan_ID_consistency,pass,0,filename compared with raw header scan ID
EXP-TAIPAN-001,FILE-02R-31885f2e20fbb807,SCAN-02R-5215f80c458dc1c4,readability,pass,0,strict UTF-8 decoded
EXP-TAIPAN-001,FILE-02R-31885f2e20fbb807,SCAN-02R-5215f80c458dc1c4,timestamp_validity,pass,0,header timestamps; timezone unrecorded
EXP-TAIPAN-001,FILE-02R-36fd407b4cac26bf,SCAN-02R-d453265e40ec7542,UB_parse,pass,0,UB-02R-1d710a6baa059bbb
EXP-TAIPAN-001,FILE-02R-36fd407b4cac26bf,SCAN-02R-d453265e40ec7542,all_declared_fields_preserved,pass,0,wide plus auxiliary exhaustive by declared index
EXP-TAIPAN-001,FILE-02R-36fd407b4cac26bf,SCAN-02R-d453265e40ec7542,count_control_semantics,pass,0,time_controlled
EXP-TAIPAN-001,FILE-02R-36fd407b4cac26bf,SCAN-02R-d453265e40ec7542,declared_actual_column_count,pass,0,59
EXP-TAIPAN-001,FILE-02R-36fd407b4cac26bf,SCAN-02R-d453265e40ec7542,detector_monitor_time_numeric_validity,pass,0,finite Decimal tokens; no correction
EXP-TAIPAN-001,FILE-02R-36fd407b4cac26bf,SCAN-02R-d453265e40ec7542,energy_relation,pass,0,verified_global
EXP-TAIPAN-001,FILE-02R-36fd407b4cac26bf,SCAN-02R-d453265e40ec7542,format_identity,pass,0,FMT-02R-fb75879b9023
EXP-TAIPAN-001,FILE-02R-36fd407b4cac26bf,SCAN-02R-d453265e40ec7542,header_parsing,pass,0,ordered raw records retained
EXP-TAIPAN-001,FILE-02R-36fd407b4cac26bf,SCAN-02R-d453265e40ec7542,lattice_parse,pass,0,LAT-02R-ae4c74e47a033f66
EXP-TAIPAN-001,FILE-02R-36fd407b4cac26bf,SCAN-02R-d453265e40ec7542,numeric_block_parsing,pass,0,one nonempty contiguous block
EXP-TAIPAN-001,FILE-02R-36fd407b4cac26bf,SCAN-02R-d453265e40ec7542,point_count_reconciliation,pass,0,41
EXP-TAIPAN-001,FILE-02R-36fd407b4cac26bf,SCAN-02R-d453265e40ec7542,raw_scan_ID_consistency,pass,0,filename compared with raw header scan ID
EXP-TAIPAN-001,FILE-02R-36fd407b4cac26bf,SCAN-02R-d453265e40ec7542,readability,pass,0,strict UTF-8 decoded
EXP-TAIPAN-001,FILE-02R-36fd407b4cac26bf,SCAN-02R-d453265e40ec7542,timestamp_validity,pass,0,header timestamps; timezone unrecorded
EXP-TAIPAN-001,FILE-02R-373e6a33efd3f8e4,SCAN-02R-d7af0511d4c5b96e,UB_parse,pass,0,UB-02R-397acad65dd9e384
EXP-TAIPAN-001,FILE-02R-373e6a33efd3f8e4,SCAN-02R-d7af0511d4c5b96e,all_declared_fields_preserved,pass,0,wide plus auxiliary exhaustive by declared index
EXP-TAIPAN-001,FILE-02R-373e6a33efd3f8e4,SCAN-02R-d7af0511d4c5b96e,count_control_semantics,pass,0,time_controlled
EXP-TAIPAN-001,FILE-02R-373e6a33efd3f8e4,SCAN-02R-d7af0511d4c5b96e,declared_actual_column_count,pass,0,58
EXP-TAIPAN-001,FILE-02R-373e6a33efd3f8e4,SCAN-02R-d7af0511d4c5b96e,detector_monitor_time_numeric_validity,pass,0,finite Decimal tokens; no correction
EXP-TAIPAN-001,FILE-02R-373e6a33efd3f8e4,SCAN-02R-d7af0511d4c5b96e,energy_relation,pass,0,verified_global
EXP-TAIPAN-001,FILE-02R-373e6a33efd3f8e4,SCAN-02R-d7af0511d4c5b96e,format_identity,pass,0,FMT-02R-de66a609ccd2
EXP-TAIPAN-001,FILE-02R-373e6a33efd3f8e4,SCAN-02R-d7af0511d4c5b96e,header_parsing,pass,0,ordered raw records retained
EXP-TAIPAN-001,FILE-02R-373e6a33efd3f8e4,SCAN-02R-d7af0511d4c5b96e,lattice_parse,pass,0,LAT-02R-ae4c74e47a033f66
EXP-TAIPAN-001,FILE-02R-373e6a33efd3f8e4,SCAN-02R-d7af0511d4c5b96e,numeric_block_parsing,pass,0,one nonempty contiguous block
EXP-TAIPAN-001,FILE-02R-373e6a33efd3f8e4,SCAN-02R-d7af0511d4c5b96e,point_count_reconciliation,pass,0,41
EXP-TAIPAN-001,FILE-02R-373e6a33efd3f8e4,SCAN-02R-d7af0511d4c5b96e,raw_scan_ID_consistency,pass,0,filename compared with raw header scan ID
EXP-TAIPAN-001,FILE-02R-373e6a33efd3f8e4,SCAN-02R-d7af0511d4c5b96e,readability,pass,0,strict UTF-8 decoded
EXP-TAIPAN-001,FILE-02R-373e6a33efd3f8e4,SCAN-02R-d7af0511d4c5b96e,timestamp_validity,pass,0,header timestamps; timezone unrecorded
EXP-TAIPAN-001,FILE-02R-397732717d35f929,SCAN-02R-118b7f0b82f35923,UB_parse,pass,0,UB-02R-c7cdba07fed2dfd7
EXP-TAIPAN-001,FILE-02R-397732717d35f929,SCAN-02R-118b7f0b82f35923,all_declared_fields_preserved,pass,0,wide plus auxiliary exhaustive by declared index
EXP-TAIPAN-001,FILE-02R-397732717d35f929,SCAN-02R-118b7f0b82f35923,count_control_semantics,pass,0,time_controlled
EXP-TAIPAN-001,FILE-02R-397732717d35f929,SCAN-02R-118b7f0b82f35923,declared_actual_column_count,pass,0,59
EXP-TAIPAN-001,FILE-02R-397732717d35f929,SCAN-02R-118b7f0b82f35923,detector_monitor_time_numeric_validity,pass,0,finite Decimal tokens; no correction
EXP-TAIPAN-001,FILE-02R-397732717d35f929,SCAN-02R-118b7f0b82f35923,energy_relation,pass,0,verified_global
EXP-TAIPAN-001,FILE-02R-397732717d35f929,SCAN-02R-118b7f0b82f35923,format_identity,pass,0,FMT-02R-fb75879b9023
EXP-TAIPAN-001,FILE-02R-397732717d35f929,SCAN-02R-118b7f0b82f35923,header_parsing,pass,0,ordered raw records retained
EXP-TAIPAN-001,FILE-02R-397732717d35f929,SCAN-02R-118b7f0b82f35923,lattice_parse,pass,0,LAT-02R-517a9644e4f59287
EXP-TAIPAN-001,FILE-02R-397732717d35f929,SCAN-02R-118b7f0b82f35923,numeric_block_parsing,pass,0,one nonempty contiguous block
EXP-TAIPAN-001,FILE-02R-397732717d35f929,SCAN-02R-118b7f0b82f35923,point_count_reconciliation,pass,0,21
EXP-TAIPAN-001,FILE-02R-397732717d35f929,SCAN-02R-118b7f0b82f35923,raw_scan_ID_consistency,pass,0,filename compared with raw header scan ID
EXP-TAIPAN-001,FILE-02R-397732717d35f929,SCAN-02R-118b7f0b82f35923,readability,pass,0,strict UTF-8 decoded
EXP-TAIPAN-001,FILE-02R-397732717d35f929,SCAN-02R-118b7f0b82f35923,timestamp_validity,pass,0,header timestamps; timezone unrecorded
EXP-TAIPAN-001,FILE-02R-39cecdc7b100cbe5,SCAN-02R-8c953d28ca426172,UB_parse,pass,0,UB-02R-397acad65dd9e384
EXP-TAIPAN-001,FILE-02R-39cecdc7b100cbe5,SCAN-02R-8c953d28ca426172,all_declared_fields_preserved,pass,0,wide plus auxiliary exhaustive by declared index
EXP-TAIPAN-001,FILE-02R-39cecdc7b100cbe5,SCAN-02R-8c953d28ca426172,count_control_semantics,pass,0,time_controlled
EXP-TAIPAN-001,FILE-02R-39cecdc7b100cbe5,SCAN-02R-8c953d28ca426172,declared_actual_column_count,pass,0,58
EXP-TAIPAN-001,FILE-02R-39cecdc7b100cbe5,SCAN-02R-8c953d28ca426172,detector_monitor_time_numeric_validity,pass,0,finite Decimal tokens; no correction
EXP-TAIPAN-001,FILE-02R-39cecdc7b100cbe5,SCAN-02R-8c953d28ca426172,energy_relation,pass,0,verified_global
EXP-TAIPAN-001,FILE-02R-39cecdc7b100cbe5,SCAN-02R-8c953d28ca426172,format_identity,pass,0,FMT-02R-92d14f023eb1
EXP-TAIPAN-001,FILE-02R-39cecdc7b100cbe5,SCAN-02R-8c953d28ca426172,header_parsing,pass,0,ordered raw records retained
EXP-TAIPAN-001,FILE-02R-39cecdc7b100cbe5,SCAN-02R-8c953d28ca426172,lattice_parse,pass,0,LAT-02R-ae4c74e47a033f66
EXP-TAIPAN-001,FILE-02R-39cecdc7b100cbe5,SCAN-02R-8c953d28ca426172,numeric_block_parsing,pass,0,one nonempty contiguous block
EXP-TAIPAN-001,FILE-02R-39cecdc7b100cbe5,SCAN-02R-8c953d28ca426172,point_count_reconciliation,pass,0,121
EXP-TAIPAN-001,FILE-02R-39cecdc7b100cbe5,SCAN-02R-8c953d28ca426172,raw_scan_ID_consistency,pass,0,filename compared with raw header scan ID
EXP-TAIPAN-001,FILE-02R-39cecdc7b100cbe5,SCAN-02R-8c953d28ca426172,readability,pass,0,strict UTF-8 decoded
EXP-TAIPAN-001,FILE-02R-39cecdc7b100cbe5,SCAN-02R-8c953d28ca426172,timestamp_validity,pass,0,header timestamps; timezone unrecorded
EXP-TAIPAN-001,FILE-02R-3bc37304a3ed3933,SCAN-02R-3796d374ac11519e,UB_parse,pass,0,UB-02R-c7cdba07fed2dfd7
EXP-TAIPAN-001,FILE-02R-3bc37304a3ed3933,SCAN-02R-3796d374ac11519e,all_declared_fields_preserved,pass,0,wide plus auxiliary exhaustive by declared index
EXP-TAIPAN-001,FILE-02R-3bc37304a3ed3933,SCAN-02R-3796d374ac11519e,count_control_semantics,pass,0,monitor_controlled
EXP-TAIPAN-001,FILE-02R-3bc37304a3ed3933,SCAN-02R-3796d374ac11519e,declared_actual_column_count,pass,0,58
EXP-TAIPAN-001,FILE-02R-3bc37304a3ed3933,SCAN-02R-3796d374ac11519e,detector_monitor_time_numeric_validity,pass,0,finite Decimal tokens; no correction
EXP-TAIPAN-001,FILE-02R-3bc37304a3ed3933,SCAN-02R-3796d374ac11519e,energy_relation,pass,0,verified_global
EXP-TAIPAN-001,FILE-02R-3bc37304a3ed3933,SCAN-02R-3796d374ac11519e,format_identity,pass,0,FMT-02R-00e53630cd36
EXP-TAIPAN-001,FILE-02R-3bc37304a3ed3933,SCAN-02R-3796d374ac11519e,header_parsing,pass,0,ordered raw records retained
EXP-TAIPAN-001,FILE-02R-3bc37304a3ed3933,SCAN-02R-3796d374ac11519e,lattice_parse,pass,0,LAT-02R-517a9644e4f59287
EXP-TAIPAN-001,FILE-02R-3bc37304a3ed3933,SCAN-02R-3796d374ac11519e,numeric_block_parsing,pass,0,one nonempty contiguous block
EXP-TAIPAN-001,FILE-02R-3bc37304a3ed3933,SCAN-02R-3796d374ac11519e,point_count_reconciliation,pass,0,21
EXP-TAIPAN-001,FILE-02R-3bc37304a3ed3933,SCAN-02R-3796d374ac11519e,raw_scan_ID_consistency,pass,0,filename compared with raw header scan ID
EXP-TAIPAN-001,FILE-02R-3bc37304a3ed3933,SCAN-02R-3796d374ac11519e,readability,pass,0,strict UTF-8 decoded
EXP-TAIPAN-001,FILE-02R-3bc37304a3ed3933,SCAN-02R-3796d374ac11519e,timestamp_validity,pass,0,header timestamps; timezone unrecorded
EXP-TAIPAN-001,FILE-02R-3c1b75c58699b634,SCAN-02R-306a96179bd778b6,UB_parse,pass,0,UB-02R-c7cdba07fed2dfd7
EXP-TAIPAN-001,FILE-02R-3c1b75c58699b634,SCAN-02R-306a96179bd778b6,all_declared_fields_preserved,pass,0,wide plus auxiliary exhaustive by declared index
EXP-TAIPAN-001,FILE-02R-3c1b75c58699b634,SCAN-02R-306a96179bd778b6,count_control_semantics,pass,0,monitor_controlled
EXP-TAIPAN-001,FILE-02R-3c1b75c58699b634,SCAN-02R-306a96179bd778b6,declared_actual_column_count,pass,0,59
EXP-TAIPAN-001,FILE-02R-3c1b75c58699b634,SCAN-02R-306a96179bd778b6,detector_monitor_time_numeric_validity,pass,0,finite Decimal tokens; no correction
EXP-TAIPAN-001,FILE-02R-3c1b75c58699b634,SCAN-02R-306a96179bd778b6,energy_relation,pass,0,verified_global
EXP-TAIPAN-001,FILE-02R-3c1b75c58699b634,SCAN-02R-306a96179bd778b6,format_identity,pass,0,FMT-02R-06137a7de1ad
EXP-TAIPAN-001,FILE-02R-3c1b75c58699b634,SCAN-02R-306a96179bd778b6,header_parsing,pass,0,ordered raw records retained
EXP-TAIPAN-001,FILE-02R-3c1b75c58699b634,SCAN-02R-306a96179bd778b6,lattice_parse,pass,0,LAT-02R-517a9644e4f59287
EXP-TAIPAN-001,FILE-02R-3c1b75c58699b634,SCAN-02R-306a96179bd778b6,numeric_block_parsing,pass,0,one nonempty contiguous block
EXP-TAIPAN-001,FILE-02R-3c1b75c58699b634,SCAN-02R-306a96179bd778b6,point_count_reconciliation,pass,0,56
EXP-TAIPAN-001,FILE-02R-3c1b75c58699b634,SCAN-02R-306a96179bd778b6,raw_scan_ID_consistency,pass,0,filename compared with raw header scan ID
EXP-TAIPAN-001,FILE-02R-3c1b75c58699b634,SCAN-02R-306a96179bd778b6,readability,pass,0,strict UTF-8 decoded
EXP-TAIPAN-001,FILE-02R-3c1b75c58699b634,SCAN-02R-306a96179bd778b6,timestamp_validity,pass,0,header timestamps; timezone unrecorded
EXP-TAIPAN-001,FILE-02R-401ca0c88448c213,SCAN-02R-03ed38ed92271694,UB_parse,pass,0,UB-02R-1d710a6baa059bbb
EXP-TAIPAN-001,FILE-02R-401ca0c88448c213,SCAN-02R-03ed38ed92271694,all_declared_fields_preserved,pass,0,wide plus auxiliary exhaustive by declared index
EXP-TAIPAN-001,FILE-02R-401ca0c88448c213,SCAN-02R-03ed38ed92271694,count_control_semantics,pass,0,time_controlled
EXP-TAIPAN-001,FILE-02R-401ca0c88448c213,SCAN-02R-03ed38ed92271694,declared_actual_column_count,pass,0,57
EXP-TAIPAN-001,FILE-02R-401ca0c88448c213,SCAN-02R-03ed38ed92271694,detector_monitor_time_numeric_validity,pass,0,finite Decimal tokens; no correction
EXP-TAIPAN-001,FILE-02R-401ca0c88448c213,SCAN-02R-03ed38ed92271694,energy_relation,pass,0,verified_global
EXP-TAIPAN-001,FILE-02R-401ca0c88448c213,SCAN-02R-03ed38ed92271694,format_identity,pass,0,FMT-02R-7d9e3f2fd3b3
EXP-TAIPAN-001,FILE-02R-401ca0c88448c213,SCAN-02R-03ed38ed92271694,header_parsing,pass,0,ordered raw records retained
EXP-TAIPAN-001,FILE-02R-401ca0c88448c213,SCAN-02R-03ed38ed92271694,lattice_parse,pass,0,LAT-02R-ae4c74e47a033f66
EXP-TAIPAN-001,FILE-02R-401ca0c88448c213,SCAN-02R-03ed38ed92271694,numeric_block_parsing,pass,0,one nonempty contiguous block
EXP-TAIPAN-001,FILE-02R-401ca0c88448c213,SCAN-02R-03ed38ed92271694,point_count_reconciliation,pass,0,29
EXP-TAIPAN-001,FILE-02R-401ca0c88448c213,SCAN-02R-03ed38ed92271694,raw_scan_ID_consistency,pass,0,filename compared with raw header scan ID
EXP-TAIPAN-001,FILE-02R-401ca0c88448c213,SCAN-02R-03ed38ed92271694,readability,pass,0,strict UTF-8 decoded
EXP-TAIPAN-001,FILE-02R-401ca0c88448c213,SCAN-02R-03ed38ed92271694,timestamp_validity,pass,0,header timestamps; timezone unrecorded
EXP-TAIPAN-001,FILE-02R-410122dc0a0a0609,SCAN-02R-652afedf8df9a217,UB_parse,pass,0,UB-02R-1d710a6baa059bbb
EXP-TAIPAN-001,FILE-02R-410122dc0a0a0609,SCAN-02R-652afedf8df9a217,all_declared_fields_preserved,pass,0,wide plus auxiliary exhaustive by declared index
EXP-TAIPAN-001,FILE-02R-410122dc0a0a0609,SCAN-02R-652afedf8df9a217,count_control_semantics,pass,0,time_controlled
EXP-TAIPAN-001,FILE-02R-410122dc0a0a0609,SCAN-02R-652afedf8df9a217,declared_actual_column_count,pass,0,58
EXP-TAIPAN-001,FILE-02R-410122dc0a0a0609,SCAN-02R-652afedf8df9a217,detector_monitor_time_numeric_validity,pass,0,finite Decimal tokens; no correction
EXP-TAIPAN-001,FILE-02R-410122dc0a0a0609,SCAN-02R-652afedf8df9a217,energy_relation,pass,0,verified_global
EXP-TAIPAN-001,FILE-02R-410122dc0a0a0609,SCAN-02R-652afedf8df9a217,format_identity,pass,0,FMT-02R-00e53630cd36
EXP-TAIPAN-001,FILE-02R-410122dc0a0a0609,SCAN-02R-652afedf8df9a217,header_parsing,pass,0,ordered raw records retained
EXP-TAIPAN-001,FILE-02R-410122dc0a0a0609,SCAN-02R-652afedf8df9a217,lattice_parse,pass,0,LAT-02R-ae4c74e47a033f66
EXP-TAIPAN-001,FILE-02R-410122dc0a0a0609,SCAN-02R-652afedf8df9a217,numeric_block_parsing,pass,0,one nonempty contiguous block
EXP-TAIPAN-001,FILE-02R-410122dc0a0a0609,SCAN-02R-652afedf8df9a217,point_count_reconciliation,pass,0,201
EXP-TAIPAN-001,FILE-02R-410122dc0a0a0609,SCAN-02R-652afedf8df9a217,raw_scan_ID_consistency,pass,0,filename compared with raw header scan ID
EXP-TAIPAN-001,FILE-02R-410122dc0a0a0609,SCAN-02R-652afedf8df9a217,readability,pass,0,strict UTF-8 decoded
EXP-TAIPAN-001,FILE-02R-410122dc0a0a0609,SCAN-02R-652afedf8df9a217,timestamp_validity,pass,0,header timestamps; timezone unrecorded
EXP-TAIPAN-001,FILE-02R-4228d41a4d290624,SCAN-02R-f71173d3ec0c732c,UB_parse,pass,0,UB-02R-c7cdba07fed2dfd7
EXP-TAIPAN-001,FILE-02R-4228d41a4d290624,SCAN-02R-f71173d3ec0c732c,all_declared_fields_preserved,pass,0,wide plus auxiliary exhaustive by declared index
EXP-TAIPAN-001,FILE-02R-4228d41a4d290624,SCAN-02R-f71173d3ec0c732c,count_control_semantics,pass,0,monitor_controlled
EXP-TAIPAN-001,FILE-02R-4228d41a4d290624,SCAN-02R-f71173d3ec0c732c,declared_actual_column_count,pass,0,59
EXP-TAIPAN-001,FILE-02R-4228d41a4d290624,SCAN-02R-f71173d3ec0c732c,detector_monitor_time_numeric_validity,pass,0,finite Decimal tokens; no correction
EXP-TAIPAN-001,FILE-02R-4228d41a4d290624,SCAN-02R-f71173d3ec0c732c,energy_relation,pass,0,verified_global
EXP-TAIPAN-001,FILE-02R-4228d41a4d290624,SCAN-02R-f71173d3ec0c732c,format_identity,pass,0,FMT-02R-06137a7de1ad
EXP-TAIPAN-001,FILE-02R-4228d41a4d290624,SCAN-02R-f71173d3ec0c732c,header_parsing,pass,0,ordered raw records retained
EXP-TAIPAN-001,FILE-02R-4228d41a4d290624,SCAN-02R-f71173d3ec0c732c,lattice_parse,pass,0,LAT-02R-517a9644e4f59287
EXP-TAIPAN-001,FILE-02R-4228d41a4d290624,SCAN-02R-f71173d3ec0c732c,numeric_block_parsing,pass,0,one nonempty contiguous block
EXP-TAIPAN-001,FILE-02R-4228d41a4d290624,SCAN-02R-f71173d3ec0c732c,point_count_reconciliation,pass,0,31
EXP-TAIPAN-001,FILE-02R-4228d41a4d290624,SCAN-02R-f71173d3ec0c732c,raw_scan_ID_consistency,pass,0,filename compared with raw header scan ID
EXP-TAIPAN-001,FILE-02R-4228d41a4d290624,SCAN-02R-f71173d3ec0c732c,readability,pass,0,strict UTF-8 decoded
EXP-TAIPAN-001,FILE-02R-4228d41a4d290624,SCAN-02R-f71173d3ec0c732c,timestamp_validity,pass,0,header timestamps; timezone unrecorded
EXP-TAIPAN-001,FILE-02R-434a17bab71381e2,SCAN-02R-1c3a8acc71d9e5bd,UB_parse,pass,0,UB-02R-c7cdba07fed2dfd7
EXP-TAIPAN-001,FILE-02R-434a17bab71381e2,SCAN-02R-1c3a8acc71d9e5bd,all_declared_fields_preserved,pass,0,wide plus auxiliary exhaustive by declared index
EXP-TAIPAN-001,FILE-02R-434a17bab71381e2,SCAN-02R-1c3a8acc71d9e5bd,count_control_semantics,pass,0,monitor_controlled
EXP-TAIPAN-001,FILE-02R-434a17bab71381e2,SCAN-02R-1c3a8acc71d9e5bd,declared_actual_column_count,pass,0,58
EXP-TAIPAN-001,FILE-02R-434a17bab71381e2,SCAN-02R-1c3a8acc71d9e5bd,detector_monitor_time_numeric_validity,pass,0,finite Decimal tokens; no correction
EXP-TAIPAN-001,FILE-02R-434a17bab71381e2,SCAN-02R-1c3a8acc71d9e5bd,energy_relation,pass,0,verified_global
EXP-TAIPAN-001,FILE-02R-434a17bab71381e2,SCAN-02R-1c3a8acc71d9e5bd,format_identity,pass,0,FMT-02R-00e53630cd36
EXP-TAIPAN-001,FILE-02R-434a17bab71381e2,SCAN-02R-1c3a8acc71d9e5bd,header_parsing,pass,0,ordered raw records retained
EXP-TAIPAN-001,FILE-02R-434a17bab71381e2,SCAN-02R-1c3a8acc71d9e5bd,lattice_parse,pass,0,LAT-02R-517a9644e4f59287
EXP-TAIPAN-001,FILE-02R-434a17bab71381e2,SCAN-02R-1c3a8acc71d9e5bd,numeric_block_parsing,pass,0,one nonempty contiguous block
EXP-TAIPAN-001,FILE-02R-434a17bab71381e2,SCAN-02R-1c3a8acc71d9e5bd,point_count_reconciliation,pass,0,21
EXP-TAIPAN-001,FILE-02R-434a17bab71381e2,SCAN-02R-1c3a8acc71d9e5bd,raw_scan_ID_consistency,pass,0,filename compared with raw header scan ID
EXP-TAIPAN-001,FILE-02R-434a17bab71381e2,SCAN-02R-1c3a8acc71d9e5bd,readability,pass,0,strict UTF-8 decoded
EXP-TAIPAN-001,FILE-02R-434a17bab71381e2,SCAN-02R-1c3a8acc71d9e5bd,timestamp_validity,pass,0,header timestamps; timezone unrecorded
EXP-TAIPAN-001,FILE-02R-4406ccfa81a1f4ff,SCAN-02R-e4b1e60e94f6a5b7,UB_parse,pass,0,UB-02R-1d710a6baa059bbb
EXP-TAIPAN-001,FILE-02R-4406ccfa81a1f4ff,SCAN-02R-e4b1e60e94f6a5b7,all_declared_fields_preserved,pass,0,wide plus auxiliary exhaustive by declared index
EXP-TAIPAN-001,FILE-02R-4406ccfa81a1f4ff,SCAN-02R-e4b1e60e94f6a5b7,count_control_semantics,pass,0,time_controlled
EXP-TAIPAN-001,FILE-02R-4406ccfa81a1f4ff,SCAN-02R-e4b1e60e94f6a5b7,declared_actual_column_count,pass,0,57
EXP-TAIPAN-001,FILE-02R-4406ccfa81a1f4ff,SCAN-02R-e4b1e60e94f6a5b7,detector_monitor_time_numeric_validity,pass,0,finite Decimal tokens; no correction
EXP-TAIPAN-001,FILE-02R-4406ccfa81a1f4ff,SCAN-02R-e4b1e60e94f6a5b7,energy_relation,pass,0,verified_global
EXP-TAIPAN-001,FILE-02R-4406ccfa81a1f4ff,SCAN-02R-e4b1e60e94f6a5b7,format_identity,pass,0,FMT-02R-33ee702b9adc
EXP-TAIPAN-001,FILE-02R-4406ccfa81a1f4ff,SCAN-02R-e4b1e60e94f6a5b7,header_parsing,pass,0,ordered raw records retained
EXP-TAIPAN-001,FILE-02R-4406ccfa81a1f4ff,SCAN-02R-e4b1e60e94f6a5b7,lattice_parse,pass,0,LAT-02R-ae4c74e47a033f66
EXP-TAIPAN-001,FILE-02R-4406ccfa81a1f4ff,SCAN-02R-e4b1e60e94f6a5b7,numeric_block_parsing,pass,0,one nonempty contiguous block
EXP-TAIPAN-001,FILE-02R-4406ccfa81a1f4ff,SCAN-02R-e4b1e60e94f6a5b7,point_count_reconciliation,pass,0,29
EXP-TAIPAN-001,FILE-02R-4406ccfa81a1f4ff,SCAN-02R-e4b1e60e94f6a5b7,raw_scan_ID_consistency,pass,0,filename compared with raw header scan ID
EXP-TAIPAN-001,FILE-02R-4406ccfa81a1f4ff,SCAN-02R-e4b1e60e94f6a5b7,readability,pass,0,strict UTF-8 decoded
EXP-TAIPAN-001,FILE-02R-4406ccfa81a1f4ff,SCAN-02R-e4b1e60e94f6a5b7,timestamp_validity,pass,0,header timestamps; timezone unrecorded
EXP-TAIPAN-001,FILE-02R-45874942b83e2b22,SCAN-02R-e1e2bf2dafefa081,UB_parse,pass,0,UB-02R-c7cdba07fed2dfd7
EXP-TAIPAN-001,FILE-02R-45874942b83e2b22,SCAN-02R-e1e2bf2dafefa081,all_declared_fields_preserved,pass,0,wide plus auxiliary exhaustive by declared index
EXP-TAIPAN-001,FILE-02R-45874942b83e2b22,SCAN-02R-e1e2bf2dafefa081,count_control_semantics,pass,0,time_controlled
EXP-TAIPAN-001,FILE-02R-45874942b83e2b22,SCAN-02R-e1e2bf2dafefa081,declared_actual_column_count,pass,0,59
EXP-TAIPAN-001,FILE-02R-45874942b83e2b22,SCAN-02R-e1e2bf2dafefa081,detector_monitor_time_numeric_validity,pass,0,finite Decimal tokens; no correction
EXP-TAIPAN-001,FILE-02R-45874942b83e2b22,SCAN-02R-e1e2bf2dafefa081,energy_relation,pass,0,verified_global
EXP-TAIPAN-001,FILE-02R-45874942b83e2b22,SCAN-02R-e1e2bf2dafefa081,format_identity,pass,0,FMT-02R-42b66acce1bb
EXP-TAIPAN-001,FILE-02R-45874942b83e2b22,SCAN-02R-e1e2bf2dafefa081,header_parsing,pass,0,ordered raw records retained
EXP-TAIPAN-001,FILE-02R-45874942b83e2b22,SCAN-02R-e1e2bf2dafefa081,lattice_parse,pass,0,LAT-02R-517a9644e4f59287
EXP-TAIPAN-001,FILE-02R-45874942b83e2b22,SCAN-02R-e1e2bf2dafefa081,numeric_block_parsing,pass,0,one nonempty contiguous block
EXP-TAIPAN-001,FILE-02R-45874942b83e2b22,SCAN-02R-e1e2bf2dafefa081,point_count_reconciliation,pass,0,21
EXP-TAIPAN-001,FILE-02R-45874942b83e2b22,SCAN-02R-e1e2bf2dafefa081,raw_scan_ID_consistency,pass,0,filename compared with raw header scan ID
EXP-TAIPAN-001,FILE-02R-45874942b83e2b22,SCAN-02R-e1e2bf2dafefa081,readability,pass,0,strict UTF-8 decoded
EXP-TAIPAN-001,FILE-02R-45874942b83e2b22,SCAN-02R-e1e2bf2dafefa081,timestamp_validity,pass,0,header timestamps; timezone unrecorded
EXP-TAIPAN-001,FILE-02R-45c03790c8247819,SCAN-02R-a37edad191409e00,UB_parse,pass,0,UB-02R-397acad65dd9e384
EXP-TAIPAN-001,FILE-02R-45c03790c8247819,SCAN-02R-a37edad191409e00,all_declared_fields_preserved,pass,0,wide plus auxiliary exhaustive by declared index
EXP-TAIPAN-001,FILE-02R-45c03790c8247819,SCAN-02R-a37edad191409e00,count_control_semantics,pass,0,time_controlled
EXP-TAIPAN-001,FILE-02R-45c03790c8247819,SCAN-02R-a37edad191409e00,declared_actual_column_count,pass,0,58
EXP-TAIPAN-001,FILE-02R-45c03790c8247819,SCAN-02R-a37edad191409e00,detector_monitor_time_numeric_validity,pass,0,finite Decimal tokens; no correction
EXP-TAIPAN-001,FILE-02R-45c03790c8247819,SCAN-02R-a37edad191409e00,energy_relation,pass,0,verified_global
EXP-TAIPAN-001,FILE-02R-45c03790c8247819,SCAN-02R-a37edad191409e00,format_identity,pass,0,FMT-02R-00e53630cd36
EXP-TAIPAN-001,FILE-02R-45c03790c8247819,SCAN-02R-a37edad191409e00,header_parsing,pass,0,ordered raw records retained
EXP-TAIPAN-001,FILE-02R-45c03790c8247819,SCAN-02R-a37edad191409e00,lattice_parse,pass,0,LAT-02R-ae4c74e47a033f66
EXP-TAIPAN-001,FILE-02R-45c03790c8247819,SCAN-02R-a37edad191409e00,numeric_block_parsing,pass,0,one nonempty contiguous block
EXP-TAIPAN-001,FILE-02R-45c03790c8247819,SCAN-02R-a37edad191409e00,point_count_reconciliation,pass,0,1138
EXP-TAIPAN-001,FILE-02R-45c03790c8247819,SCAN-02R-a37edad191409e00,raw_scan_ID_consistency,pass,0,filename compared with raw header scan ID
EXP-TAIPAN-001,FILE-02R-45c03790c8247819,SCAN-02R-a37edad191409e00,readability,pass,0,strict UTF-8 decoded
EXP-TAIPAN-001,FILE-02R-45c03790c8247819,SCAN-02R-a37edad191409e00,timestamp_validity,pass,0,header timestamps; timezone unrecorded
EXP-TAIPAN-001,FILE-02R-46a7afceafa94daa,SCAN-02R-e731681e22986e49,UB_parse,pass,0,UB-02R-1d710a6baa059bbb
EXP-TAIPAN-001,FILE-02R-46a7afceafa94daa,SCAN-02R-e731681e22986e49,all_declared_fields_preserved,pass,0,wide plus auxiliary exhaustive by declared index
EXP-TAIPAN-001,FILE-02R-46a7afceafa94daa,SCAN-02R-e731681e22986e49,count_control_semantics,pass,0,time_controlled
EXP-TAIPAN-001,FILE-02R-46a7afceafa94daa,SCAN-02R-e731681e22986e49,declared_actual_column_count,pass,0,57
EXP-TAIPAN-001,FILE-02R-46a7afceafa94daa,SCAN-02R-e731681e22986e49,detector_monitor_time_numeric_validity,pass,0,finite Decimal tokens; no correction
EXP-TAIPAN-001,FILE-02R-46a7afceafa94daa,SCAN-02R-e731681e22986e49,energy_relation,pass,0,verified_global
EXP-TAIPAN-001,FILE-02R-46a7afceafa94daa,SCAN-02R-e731681e22986e49,format_identity,pass,0,FMT-02R-25ddc2c75b1e
EXP-TAIPAN-001,FILE-02R-46a7afceafa94daa,SCAN-02R-e731681e22986e49,header_parsing,pass,0,ordered raw records retained
EXP-TAIPAN-001,FILE-02R-46a7afceafa94daa,SCAN-02R-e731681e22986e49,lattice_parse,pass,0,LAT-02R-ae4c74e47a033f66
EXP-TAIPAN-001,FILE-02R-46a7afceafa94daa,SCAN-02R-e731681e22986e49,numeric_block_parsing,pass,0,one nonempty contiguous block
EXP-TAIPAN-001,FILE-02R-46a7afceafa94daa,SCAN-02R-e731681e22986e49,point_count_reconciliation,pass,0,14
EXP-TAIPAN-001,FILE-02R-46a7afceafa94daa,SCAN-02R-e731681e22986e49,raw_scan_ID_consistency,pass,0,filename compared with raw header scan ID
EXP-TAIPAN-001,FILE-02R-46a7afceafa94daa,SCAN-02R-e731681e22986e49,readability,pass,0,strict UTF-8 decoded
EXP-TAIPAN-001,FILE-02R-46a7afceafa94daa,SCAN-02R-e731681e22986e49,timestamp_validity,pass,0,header timestamps; timezone unrecorded
EXP-TAIPAN-001,FILE-02R-46dfb210c943bc7c,SCAN-02R-94943265720dfbae,UB_parse,pass,0,UB-02R-c7cdba07fed2dfd7
EXP-TAIPAN-001,FILE-02R-46dfb210c943bc7c,SCAN-02R-94943265720dfbae,all_declared_fields_preserved,pass,0,wide plus auxiliary exhaustive by declared index
EXP-TAIPAN-001,FILE-02R-46dfb210c943bc7c,SCAN-02R-94943265720dfbae,count_control_semantics,pass,0,time_controlled
EXP-TAIPAN-001,FILE-02R-46dfb210c943bc7c,SCAN-02R-94943265720dfbae,declared_actual_column_count,pass,0,59
EXP-TAIPAN-001,FILE-02R-46dfb210c943bc7c,SCAN-02R-94943265720dfbae,detector_monitor_time_numeric_validity,pass,0,finite Decimal tokens; no correction
EXP-TAIPAN-001,FILE-02R-46dfb210c943bc7c,SCAN-02R-94943265720dfbae,energy_relation,pass,0,verified_global
EXP-TAIPAN-001,FILE-02R-46dfb210c943bc7c,SCAN-02R-94943265720dfbae,format_identity,pass,0,FMT-02R-42b66acce1bb
EXP-TAIPAN-001,FILE-02R-46dfb210c943bc7c,SCAN-02R-94943265720dfbae,header_parsing,pass,0,ordered raw records retained
EXP-TAIPAN-001,FILE-02R-46dfb210c943bc7c,SCAN-02R-94943265720dfbae,lattice_parse,pass,0,LAT-02R-517a9644e4f59287
EXP-TAIPAN-001,FILE-02R-46dfb210c943bc7c,SCAN-02R-94943265720dfbae,numeric_block_parsing,pass,0,one nonempty contiguous block
EXP-TAIPAN-001,FILE-02R-46dfb210c943bc7c,SCAN-02R-94943265720dfbae,point_count_reconciliation,pass,0,21
EXP-TAIPAN-001,FILE-02R-46dfb210c943bc7c,SCAN-02R-94943265720dfbae,raw_scan_ID_consistency,pass,0,filename compared with raw header scan ID
EXP-TAIPAN-001,FILE-02R-46dfb210c943bc7c,SCAN-02R-94943265720dfbae,readability,pass,0,strict UTF-8 decoded
EXP-TAIPAN-001,FILE-02R-46dfb210c943bc7c,SCAN-02R-94943265720dfbae,timestamp_validity,pass,0,header timestamps; timezone unrecorded
EXP-TAIPAN-001,FILE-02R-47923655f1056cab,SCAN-02R-432159a75d80f2b3,UB_parse,pass,0,UB-02R-c7cdba07fed2dfd7
EXP-TAIPAN-001,FILE-02R-47923655f1056cab,SCAN-02R-432159a75d80f2b3,all_declared_fields_preserved,pass,0,wide plus auxiliary exhaustive by declared index
EXP-TAIPAN-001,FILE-02R-47923655f1056cab,SCAN-02R-432159a75d80f2b3,count_control_semantics,pass,0,monitor_controlled
EXP-TAIPAN-001,FILE-02R-47923655f1056cab,SCAN-02R-432159a75d80f2b3,declared_actual_column_count,pass,0,59
EXP-TAIPAN-001,FILE-02R-47923655f1056cab,SCAN-02R-432159a75d80f2b3,detector_monitor_time_numeric_validity,pass,0,finite Decimal tokens; no correction
EXP-TAIPAN-001,FILE-02R-47923655f1056cab,SCAN-02R-432159a75d80f2b3,energy_relation,pass,0,verified_global
EXP-TAIPAN-001,FILE-02R-47923655f1056cab,SCAN-02R-432159a75d80f2b3,format_identity,pass,0,FMT-02R-06137a7de1ad
EXP-TAIPAN-001,FILE-02R-47923655f1056cab,SCAN-02R-432159a75d80f2b3,header_parsing,pass,0,ordered raw records retained
EXP-TAIPAN-001,FILE-02R-47923655f1056cab,SCAN-02R-432159a75d80f2b3,lattice_parse,pass,0,LAT-02R-517a9644e4f59287
EXP-TAIPAN-001,FILE-02R-47923655f1056cab,SCAN-02R-432159a75d80f2b3,numeric_block_parsing,pass,0,one nonempty contiguous block
EXP-TAIPAN-001,FILE-02R-47923655f1056cab,SCAN-02R-432159a75d80f2b3,point_count_reconciliation,pass,0,31
EXP-TAIPAN-001,FILE-02R-47923655f1056cab,SCAN-02R-432159a75d80f2b3,raw_scan_ID_consistency,pass,0,filename compared with raw header scan ID
EXP-TAIPAN-001,FILE-02R-47923655f1056cab,SCAN-02R-432159a75d80f2b3,readability,pass,0,strict UTF-8 decoded
EXP-TAIPAN-001,FILE-02R-47923655f1056cab,SCAN-02R-432159a75d80f2b3,timestamp_validity,pass,0,header timestamps; timezone unrecorded
EXP-TAIPAN-001,FILE-02R-4a07ecce43a588a4,SCAN-02R-78bcb97650a5c779,UB_parse,pass,0,UB-02R-397acad65dd9e384
EXP-TAIPAN-001,FILE-02R-4a07ecce43a588a4,SCAN-02R-78bcb97650a5c779,all_declared_fields_preserved,pass,0,wide plus auxiliary exhaustive by declared index
EXP-TAIPAN-001,FILE-02R-4a07ecce43a588a4,SCAN-02R-78bcb97650a5c779,count_control_semantics,pass,0,time_controlled
EXP-TAIPAN-001,FILE-02R-4a07ecce43a588a4,SCAN-02R-78bcb97650a5c779,declared_actual_column_count,pass,0,58
EXP-TAIPAN-001,FILE-02R-4a07ecce43a588a4,SCAN-02R-78bcb97650a5c779,detector_monitor_time_numeric_validity,pass,0,finite Decimal tokens; no correction
EXP-TAIPAN-001,FILE-02R-4a07ecce43a588a4,SCAN-02R-78bcb97650a5c779,energy_relation,pass,0,verified_global
EXP-TAIPAN-001,FILE-02R-4a07ecce43a588a4,SCAN-02R-78bcb97650a5c779,format_identity,pass,0,FMT-02R-de66a609ccd2
EXP-TAIPAN-001,FILE-02R-4a07ecce43a588a4,SCAN-02R-78bcb97650a5c779,header_parsing,pass,0,ordered raw records retained
EXP-TAIPAN-001,FILE-02R-4a07ecce43a588a4,SCAN-02R-78bcb97650a5c779,lattice_parse,pass,0,LAT-02R-ae4c74e47a033f66
EXP-TAIPAN-001,FILE-02R-4a07ecce43a588a4,SCAN-02R-78bcb97650a5c779,numeric_block_parsing,pass,0,one nonempty contiguous block
EXP-TAIPAN-001,FILE-02R-4a07ecce43a588a4,SCAN-02R-78bcb97650a5c779,point_count_reconciliation,pass,0,56
EXP-TAIPAN-001,FILE-02R-4a07ecce43a588a4,SCAN-02R-78bcb97650a5c779,raw_scan_ID_consistency,pass,0,filename compared with raw header scan ID
EXP-TAIPAN-001,FILE-02R-4a07ecce43a588a4,SCAN-02R-78bcb97650a5c779,readability,pass,0,strict UTF-8 decoded
EXP-TAIPAN-001,FILE-02R-4a07ecce43a588a4,SCAN-02R-78bcb97650a5c779,timestamp_validity,pass,0,header timestamps; timezone unrecorded
EXP-TAIPAN-001,FILE-02R-4b7dc4f88327fb96,SCAN-02R-6f7239d1961a1e4d,UB_parse,pass,0,UB-02R-c7cdba07fed2dfd7
EXP-TAIPAN-001,FILE-02R-4b7dc4f88327fb96,SCAN-02R-6f7239d1961a1e4d,all_declared_fields_preserved,pass,0,wide plus auxiliary exhaustive by declared index
EXP-TAIPAN-001,FILE-02R-4b7dc4f88327fb96,SCAN-02R-6f7239d1961a1e4d,count_control_semantics,pass,0,monitor_controlled
EXP-TAIPAN-001,FILE-02R-4b7dc4f88327fb96,SCAN-02R-6f7239d1961a1e4d,declared_actual_column_count,pass,0,59
EXP-TAIPAN-001,FILE-02R-4b7dc4f88327fb96,SCAN-02R-6f7239d1961a1e4d,detector_monitor_time_numeric_validity,pass,0,finite Decimal tokens; no correction
EXP-TAIPAN-001,FILE-02R-4b7dc4f88327fb96,SCAN-02R-6f7239d1961a1e4d,energy_relation,pass,0,verified_global
EXP-TAIPAN-001,FILE-02R-4b7dc4f88327fb96,SCAN-02R-6f7239d1961a1e4d,format_identity,pass,0,FMT-02R-06137a7de1ad
EXP-TAIPAN-001,FILE-02R-4b7dc4f88327fb96,SCAN-02R-6f7239d1961a1e4d,header_parsing,pass,0,ordered raw records retained
EXP-TAIPAN-001,FILE-02R-4b7dc4f88327fb96,SCAN-02R-6f7239d1961a1e4d,lattice_parse,pass,0,LAT-02R-517a9644e4f59287
EXP-TAIPAN-001,FILE-02R-4b7dc4f88327fb96,SCAN-02R-6f7239d1961a1e4d,numeric_block_parsing,pass,0,one nonempty contiguous block
EXP-TAIPAN-001,FILE-02R-4b7dc4f88327fb96,SCAN-02R-6f7239d1961a1e4d,point_count_reconciliation,pass,0,11
EXP-TAIPAN-001,FILE-02R-4b7dc4f88327fb96,SCAN-02R-6f7239d1961a1e4d,raw_scan_ID_consistency,pass,0,filename compared with raw header scan ID
EXP-TAIPAN-001,FILE-02R-4b7dc4f88327fb96,SCAN-02R-6f7239d1961a1e4d,readability,pass,0,strict UTF-8 decoded
EXP-TAIPAN-001,FILE-02R-4b7dc4f88327fb96,SCAN-02R-6f7239d1961a1e4d,timestamp_validity,pass,0,header timestamps; timezone unrecorded
EXP-TAIPAN-001,FILE-02R-4bf9457dca51fccc,SCAN-02R-bc0f4f0c3548d67f,UB_parse,pass,0,UB-02R-1d710a6baa059bbb
EXP-TAIPAN-001,FILE-02R-4bf9457dca51fccc,SCAN-02R-bc0f4f0c3548d67f,all_declared_fields_preserved,pass,0,wide plus auxiliary exhaustive by declared index
EXP-TAIPAN-001,FILE-02R-4bf9457dca51fccc,SCAN-02R-bc0f4f0c3548d67f,count_control_semantics,pass,0,time_controlled
EXP-TAIPAN-001,FILE-02R-4bf9457dca51fccc,SCAN-02R-bc0f4f0c3548d67f,declared_actual_column_count,pass,0,58
EXP-TAIPAN-001,FILE-02R-4bf9457dca51fccc,SCAN-02R-bc0f4f0c3548d67f,detector_monitor_time_numeric_validity,pass,0,finite Decimal tokens; no correction
EXP-TAIPAN-001,FILE-02R-4bf9457dca51fccc,SCAN-02R-bc0f4f0c3548d67f,energy_relation,pass,0,verified_global
EXP-TAIPAN-001,FILE-02R-4bf9457dca51fccc,SCAN-02R-bc0f4f0c3548d67f,format_identity,pass,0,FMT-02R-00e53630cd36
EXP-TAIPAN-001,FILE-02R-4bf9457dca51fccc,SCAN-02R-bc0f4f0c3548d67f,header_parsing,pass,0,ordered raw records retained
EXP-TAIPAN-001,FILE-02R-4bf9457dca51fccc,SCAN-02R-bc0f4f0c3548d67f,lattice_parse,pass,0,LAT-02R-ae4c74e47a033f66
EXP-TAIPAN-001,FILE-02R-4bf9457dca51fccc,SCAN-02R-bc0f4f0c3548d67f,numeric_block_parsing,pass,0,one nonempty contiguous block
EXP-TAIPAN-001,FILE-02R-4bf9457dca51fccc,SCAN-02R-bc0f4f0c3548d67f,point_count_reconciliation,pass,0,51
EXP-TAIPAN-001,FILE-02R-4bf9457dca51fccc,SCAN-02R-bc0f4f0c3548d67f,raw_scan_ID_consistency,pass,0,filename compared with raw header scan ID
EXP-TAIPAN-001,FILE-02R-4bf9457dca51fccc,SCAN-02R-bc0f4f0c3548d67f,readability,pass,0,strict UTF-8 decoded
EXP-TAIPAN-001,FILE-02R-4bf9457dca51fccc,SCAN-02R-bc0f4f0c3548d67f,timestamp_validity,pass,0,header timestamps; timezone unrecorded
EXP-TAIPAN-001,FILE-02R-4dae638e87018000,SCAN-02R-eb5b106ace121b92,UB_parse,pass,0,UB-02R-c7cdba07fed2dfd7
EXP-TAIPAN-001,FILE-02R-4dae638e87018000,SCAN-02R-eb5b106ace121b92,all_declared_fields_preserved,pass,0,wide plus auxiliary exhaustive by declared index
EXP-TAIPAN-001,FILE-02R-4dae638e87018000,SCAN-02R-eb5b106ace121b92,count_control_semantics,pass,0,time_controlled
EXP-TAIPAN-001,FILE-02R-4dae638e87018000,SCAN-02R-eb5b106ace121b92,declared_actual_column_count,pass,0,58
EXP-TAIPAN-001,FILE-02R-4dae638e87018000,SCAN-02R-eb5b106ace121b92,detector_monitor_time_numeric_validity,pass,0,finite Decimal tokens; no correction
EXP-TAIPAN-001,FILE-02R-4dae638e87018000,SCAN-02R-eb5b106ace121b92,energy_relation,pass,0,verified_global
EXP-TAIPAN-001,FILE-02R-4dae638e87018000,SCAN-02R-eb5b106ace121b92,format_identity,pass,0,FMT-02R-a20370d76087
EXP-TAIPAN-001,FILE-02R-4dae638e87018000,SCAN-02R-eb5b106ace121b92,header_parsing,pass,0,ordered raw records retained
EXP-TAIPAN-001,FILE-02R-4dae638e87018000,SCAN-02R-eb5b106ace121b92,lattice_parse,pass,0,LAT-02R-517a9644e4f59287
EXP-TAIPAN-001,FILE-02R-4dae638e87018000,SCAN-02R-eb5b106ace121b92,numeric_block_parsing,pass,0,one nonempty contiguous block
EXP-TAIPAN-001,FILE-02R-4dae638e87018000,SCAN-02R-eb5b106ace121b92,point_count_reconciliation,pass,0,21
EXP-TAIPAN-001,FILE-02R-4dae638e87018000,SCAN-02R-eb5b106ace121b92,raw_scan_ID_consistency,pass,0,filename compared with raw header scan ID
EXP-TAIPAN-001,FILE-02R-4dae638e87018000,SCAN-02R-eb5b106ace121b92,readability,pass,0,strict UTF-8 decoded
EXP-TAIPAN-001,FILE-02R-4dae638e87018000,SCAN-02R-eb5b106ace121b92,timestamp_validity,pass,0,header timestamps; timezone unrecorded
EXP-TAIPAN-001,FILE-02R-4ec5d8f394c2876a,SCAN-02R-42f2046fce901aec,UB_parse,pass,0,UB-02R-397acad65dd9e384
EXP-TAIPAN-001,FILE-02R-4ec5d8f394c2876a,SCAN-02R-42f2046fce901aec,all_declared_fields_preserved,pass,0,wide plus auxiliary exhaustive by declared index
EXP-TAIPAN-001,FILE-02R-4ec5d8f394c2876a,SCAN-02R-42f2046fce901aec,count_control_semantics,pass,0,time_controlled
EXP-TAIPAN-001,FILE-02R-4ec5d8f394c2876a,SCAN-02R-42f2046fce901aec,declared_actual_column_count,pass,0,58
EXP-TAIPAN-001,FILE-02R-4ec5d8f394c2876a,SCAN-02R-42f2046fce901aec,detector_monitor_time_numeric_validity,pass,0,finite Decimal tokens; no correction
EXP-TAIPAN-001,FILE-02R-4ec5d8f394c2876a,SCAN-02R-42f2046fce901aec,energy_relation,pass,0,verified_global
EXP-TAIPAN-001,FILE-02R-4ec5d8f394c2876a,SCAN-02R-42f2046fce901aec,format_identity,pass,0,FMT-02R-365d8346d6ba
EXP-TAIPAN-001,FILE-02R-4ec5d8f394c2876a,SCAN-02R-42f2046fce901aec,header_parsing,pass,0,ordered raw records retained
EXP-TAIPAN-001,FILE-02R-4ec5d8f394c2876a,SCAN-02R-42f2046fce901aec,lattice_parse,pass,0,LAT-02R-ae4c74e47a033f66
EXP-TAIPAN-001,FILE-02R-4ec5d8f394c2876a,SCAN-02R-42f2046fce901aec,numeric_block_parsing,pass,0,one nonempty contiguous block
EXP-TAIPAN-001,FILE-02R-4ec5d8f394c2876a,SCAN-02R-42f2046fce901aec,point_count_reconciliation,pass,0,21
EXP-TAIPAN-001,FILE-02R-4ec5d8f394c2876a,SCAN-02R-42f2046fce901aec,raw_scan_ID_consistency,pass,0,filename compared with raw header scan ID
EXP-TAIPAN-001,FILE-02R-4ec5d8f394c2876a,SCAN-02R-42f2046fce901aec,readability,pass,0,strict UTF-8 decoded
EXP-TAIPAN-001,FILE-02R-4ec5d8f394c2876a,SCAN-02R-42f2046fce901aec,timestamp_validity,pass,0,header timestamps; timezone unrecorded
EXP-TAIPAN-001,FILE-02R-4f42c03f9a4a989b,SCAN-02R-4eb3495e2e32dd73,UB_parse,pass,0,UB-02R-c7cdba07fed2dfd7
EXP-TAIPAN-001,FILE-02R-4f42c03f9a4a989b,SCAN-02R-4eb3495e2e32dd73,all_declared_fields_preserved,pass,0,wide plus auxiliary exhaustive by declared index
EXP-TAIPAN-001,FILE-02R-4f42c03f9a4a989b,SCAN-02R-4eb3495e2e32dd73,count_control_semantics,pass,0,monitor_controlled
EXP-TAIPAN-001,FILE-02R-4f42c03f9a4a989b,SCAN-02R-4eb3495e2e32dd73,declared_actual_column_count,pass,0,59
EXP-TAIPAN-001,FILE-02R-4f42c03f9a4a989b,SCAN-02R-4eb3495e2e32dd73,detector_monitor_time_numeric_validity,pass,0,finite Decimal tokens; no correction
EXP-TAIPAN-001,FILE-02R-4f42c03f9a4a989b,SCAN-02R-4eb3495e2e32dd73,energy_relation,pass,0,verified_global
EXP-TAIPAN-001,FILE-02R-4f42c03f9a4a989b,SCAN-02R-4eb3495e2e32dd73,format_identity,pass,0,FMT-02R-06137a7de1ad
EXP-TAIPAN-001,FILE-02R-4f42c03f9a4a989b,SCAN-02R-4eb3495e2e32dd73,header_parsing,pass,0,ordered raw records retained
EXP-TAIPAN-001,FILE-02R-4f42c03f9a4a989b,SCAN-02R-4eb3495e2e32dd73,lattice_parse,pass,0,LAT-02R-517a9644e4f59287
EXP-TAIPAN-001,FILE-02R-4f42c03f9a4a989b,SCAN-02R-4eb3495e2e32dd73,numeric_block_parsing,pass,0,one nonempty contiguous block
EXP-TAIPAN-001,FILE-02R-4f42c03f9a4a989b,SCAN-02R-4eb3495e2e32dd73,point_count_reconciliation,pass,0,51
EXP-TAIPAN-001,FILE-02R-4f42c03f9a4a989b,SCAN-02R-4eb3495e2e32dd73,raw_scan_ID_consistency,pass,0,filename compared with raw header scan ID
EXP-TAIPAN-001,FILE-02R-4f42c03f9a4a989b,SCAN-02R-4eb3495e2e32dd73,readability,pass,0,strict UTF-8 decoded
EXP-TAIPAN-001,FILE-02R-4f42c03f9a4a989b,SCAN-02R-4eb3495e2e32dd73,timestamp_validity,pass,0,header timestamps; timezone unrecorded
EXP-TAIPAN-001,FILE-02R-50ed3a6aa1d85618,SCAN-02R-5b80daccf8c23dd0,UB_parse,pass,0,UB-02R-c7cdba07fed2dfd7
EXP-TAIPAN-001,FILE-02R-50ed3a6aa1d85618,SCAN-02R-5b80daccf8c23dd0,all_declared_fields_preserved,pass,0,wide plus auxiliary exhaustive by declared index
EXP-TAIPAN-001,FILE-02R-50ed3a6aa1d85618,SCAN-02R-5b80daccf8c23dd0,count_control_semantics,pass,0,time_controlled
EXP-TAIPAN-001,FILE-02R-50ed3a6aa1d85618,SCAN-02R-5b80daccf8c23dd0,declared_actual_column_count,pass,0,59
EXP-TAIPAN-001,FILE-02R-50ed3a6aa1d85618,SCAN-02R-5b80daccf8c23dd0,detector_monitor_time_numeric_validity,pass,0,finite Decimal tokens; no correction
EXP-TAIPAN-001,FILE-02R-50ed3a6aa1d85618,SCAN-02R-5b80daccf8c23dd0,energy_relation,pass,0,verified_global
EXP-TAIPAN-001,FILE-02R-50ed3a6aa1d85618,SCAN-02R-5b80daccf8c23dd0,format_identity,pass,0,FMT-02R-fb75879b9023
EXP-TAIPAN-001,FILE-02R-50ed3a6aa1d85618,SCAN-02R-5b80daccf8c23dd0,header_parsing,pass,0,ordered raw records retained
EXP-TAIPAN-001,FILE-02R-50ed3a6aa1d85618,SCAN-02R-5b80daccf8c23dd0,lattice_parse,pass,0,LAT-02R-517a9644e4f59287
EXP-TAIPAN-001,FILE-02R-50ed3a6aa1d85618,SCAN-02R-5b80daccf8c23dd0,numeric_block_parsing,pass,0,one nonempty contiguous block
EXP-TAIPAN-001,FILE-02R-50ed3a6aa1d85618,SCAN-02R-5b80daccf8c23dd0,point_count_reconciliation,pass,0,21
EXP-TAIPAN-001,FILE-02R-50ed3a6aa1d85618,SCAN-02R-5b80daccf8c23dd0,raw_scan_ID_consistency,pass,0,filename compared with raw header scan ID
EXP-TAIPAN-001,FILE-02R-50ed3a6aa1d85618,SCAN-02R-5b80daccf8c23dd0,readability,pass,0,strict UTF-8 decoded
EXP-TAIPAN-001,FILE-02R-50ed3a6aa1d85618,SCAN-02R-5b80daccf8c23dd0,timestamp_validity,pass,0,header timestamps; timezone unrecorded
EXP-TAIPAN-001,FILE-02R-51cd8477e36147f8,SCAN-02R-c8f01d8d90de0c04,UB_parse,pass,0,UB-02R-c7cdba07fed2dfd7
EXP-TAIPAN-001,FILE-02R-51cd8477e36147f8,SCAN-02R-c8f01d8d90de0c04,all_declared_fields_preserved,pass,0,wide plus auxiliary exhaustive by declared index
EXP-TAIPAN-001,FILE-02R-51cd8477e36147f8,SCAN-02R-c8f01d8d90de0c04,count_control_semantics,pass,0,monitor_controlled
EXP-TAIPAN-001,FILE-02R-51cd8477e36147f8,SCAN-02R-c8f01d8d90de0c04,declared_actual_column_count,pass,0,58
EXP-TAIPAN-001,FILE-02R-51cd8477e36147f8,SCAN-02R-c8f01d8d90de0c04,detector_monitor_time_numeric_validity,pass,0,finite Decimal tokens; no correction
EXP-TAIPAN-001,FILE-02R-51cd8477e36147f8,SCAN-02R-c8f01d8d90de0c04,energy_relation,pass,0,verified_global
EXP-TAIPAN-001,FILE-02R-51cd8477e36147f8,SCAN-02R-c8f01d8d90de0c04,format_identity,pass,0,FMT-02R-00e53630cd36
EXP-TAIPAN-001,FILE-02R-51cd8477e36147f8,SCAN-02R-c8f01d8d90de0c04,header_parsing,pass,0,ordered raw records retained
EXP-TAIPAN-001,FILE-02R-51cd8477e36147f8,SCAN-02R-c8f01d8d90de0c04,lattice_parse,pass,0,LAT-02R-517a9644e4f59287
EXP-TAIPAN-001,FILE-02R-51cd8477e36147f8,SCAN-02R-c8f01d8d90de0c04,numeric_block_parsing,pass,0,one nonempty contiguous block
EXP-TAIPAN-001,FILE-02R-51cd8477e36147f8,SCAN-02R-c8f01d8d90de0c04,point_count_reconciliation,pass,0,31
EXP-TAIPAN-001,FILE-02R-51cd8477e36147f8,SCAN-02R-c8f01d8d90de0c04,raw_scan_ID_consistency,pass,0,filename compared with raw header scan ID
EXP-TAIPAN-001,FILE-02R-51cd8477e36147f8,SCAN-02R-c8f01d8d90de0c04,readability,pass,0,strict UTF-8 decoded
EXP-TAIPAN-001,FILE-02R-51cd8477e36147f8,SCAN-02R-c8f01d8d90de0c04,timestamp_validity,pass,0,header timestamps; timezone unrecorded
EXP-TAIPAN-001,FILE-02R-5220bed93a198b55,SCAN-02R-059bd02c78268a2b,UB_parse,pass,0,UB-02R-c7cdba07fed2dfd7
EXP-TAIPAN-001,FILE-02R-5220bed93a198b55,SCAN-02R-059bd02c78268a2b,all_declared_fields_preserved,pass,0,wide plus auxiliary exhaustive by declared index
EXP-TAIPAN-001,FILE-02R-5220bed93a198b55,SCAN-02R-059bd02c78268a2b,count_control_semantics,pass,0,monitor_controlled
EXP-TAIPAN-001,FILE-02R-5220bed93a198b55,SCAN-02R-059bd02c78268a2b,declared_actual_column_count,pass,0,59
EXP-TAIPAN-001,FILE-02R-5220bed93a198b55,SCAN-02R-059bd02c78268a2b,detector_monitor_time_numeric_validity,pass,0,finite Decimal tokens; no correction
EXP-TAIPAN-001,FILE-02R-5220bed93a198b55,SCAN-02R-059bd02c78268a2b,energy_relation,pass,0,verified_global
EXP-TAIPAN-001,FILE-02R-5220bed93a198b55,SCAN-02R-059bd02c78268a2b,format_identity,pass,0,FMT-02R-06137a7de1ad
EXP-TAIPAN-001,FILE-02R-5220bed93a198b55,SCAN-02R-059bd02c78268a2b,header_parsing,pass,0,ordered raw records retained
EXP-TAIPAN-001,FILE-02R-5220bed93a198b55,SCAN-02R-059bd02c78268a2b,lattice_parse,pass,0,LAT-02R-517a9644e4f59287
EXP-TAIPAN-001,FILE-02R-5220bed93a198b55,SCAN-02R-059bd02c78268a2b,numeric_block_parsing,pass,0,one nonempty contiguous block
EXP-TAIPAN-001,FILE-02R-5220bed93a198b55,SCAN-02R-059bd02c78268a2b,point_count_reconciliation,pass,0,26
EXP-TAIPAN-001,FILE-02R-5220bed93a198b55,SCAN-02R-059bd02c78268a2b,raw_scan_ID_consistency,pass,0,filename compared with raw header scan ID
EXP-TAIPAN-001,FILE-02R-5220bed93a198b55,SCAN-02R-059bd02c78268a2b,readability,pass,0,strict UTF-8 decoded
EXP-TAIPAN-001,FILE-02R-5220bed93a198b55,SCAN-02R-059bd02c78268a2b,timestamp_validity,pass,0,header timestamps; timezone unrecorded
EXP-TAIPAN-001,FILE-02R-52eba187558a3c67,SCAN-02R-8641a638f4880175,UB_parse,pass,0,UB-02R-1d710a6baa059bbb
EXP-TAIPAN-001,FILE-02R-52eba187558a3c67,SCAN-02R-8641a638f4880175,all_declared_fields_preserved,pass,0,wide plus auxiliary exhaustive by declared index
EXP-TAIPAN-001,FILE-02R-52eba187558a3c67,SCAN-02R-8641a638f4880175,count_control_semantics,pass,0,monitor_controlled
EXP-TAIPAN-001,FILE-02R-52eba187558a3c67,SCAN-02R-8641a638f4880175,declared_actual_column_count,pass,0,59
EXP-TAIPAN-001,FILE-02R-52eba187558a3c67,SCAN-02R-8641a638f4880175,detector_monitor_time_numeric_validity,pass,0,finite Decimal tokens; no correction
EXP-TAIPAN-001,FILE-02R-52eba187558a3c67,SCAN-02R-8641a638f4880175,energy_relation,pass,0,verified_global
EXP-TAIPAN-001,FILE-02R-52eba187558a3c67,SCAN-02R-8641a638f4880175,format_identity,pass,0,FMT-02R-06137a7de1ad
EXP-TAIPAN-001,FILE-02R-52eba187558a3c67,SCAN-02R-8641a638f4880175,header_parsing,pass,0,ordered raw records retained
EXP-TAIPAN-001,FILE-02R-52eba187558a3c67,SCAN-02R-8641a638f4880175,lattice_parse,pass,0,LAT-02R-ae4c74e47a033f66
EXP-TAIPAN-001,FILE-02R-52eba187558a3c67,SCAN-02R-8641a638f4880175,numeric_block_parsing,pass,0,one nonempty contiguous block
EXP-TAIPAN-001,FILE-02R-52eba187558a3c67,SCAN-02R-8641a638f4880175,point_count_reconciliation,pass,0,25
EXP-TAIPAN-001,FILE-02R-52eba187558a3c67,SCAN-02R-8641a638f4880175,raw_scan_ID_consistency,pass,0,filename compared with raw header scan ID
EXP-TAIPAN-001,FILE-02R-52eba187558a3c67,SCAN-02R-8641a638f4880175,readability,pass,0,strict UTF-8 decoded
EXP-TAIPAN-001,FILE-02R-52eba187558a3c67,SCAN-02R-8641a638f4880175,timestamp_validity,pass,0,header timestamps; timezone unrecorded
EXP-TAIPAN-001,FILE-02R-547ae22861c35e33,SCAN-02R-183e2f7a146cbdf6,UB_parse,pass,0,UB-02R-c7cdba07fed2dfd7
EXP-TAIPAN-001,FILE-02R-547ae22861c35e33,SCAN-02R-183e2f7a146cbdf6,all_declared_fields_preserved,pass,0,wide plus auxiliary exhaustive by declared index
EXP-TAIPAN-001,FILE-02R-547ae22861c35e33,SCAN-02R-183e2f7a146cbdf6,count_control_semantics,pass,0,monitor_controlled
EXP-TAIPAN-001,FILE-02R-547ae22861c35e33,SCAN-02R-183e2f7a146cbdf6,declared_actual_column_count,pass,0,57
EXP-TAIPAN-001,FILE-02R-547ae22861c35e33,SCAN-02R-183e2f7a146cbdf6,detector_monitor_time_numeric_validity,pass,0,finite Decimal tokens; no correction
EXP-TAIPAN-001,FILE-02R-547ae22861c35e33,SCAN-02R-183e2f7a146cbdf6,energy_relation,pass,0,verified_global
EXP-TAIPAN-001,FILE-02R-547ae22861c35e33,SCAN-02R-183e2f7a146cbdf6,format_identity,pass,0,FMT-02R-25ddc2c75b1e
EXP-TAIPAN-001,FILE-02R-547ae22861c35e33,SCAN-02R-183e2f7a146cbdf6,header_parsing,pass,0,ordered raw records retained
EXP-TAIPAN-001,FILE-02R-547ae22861c35e33,SCAN-02R-183e2f7a146cbdf6,lattice_parse,pass,0,LAT-02R-517a9644e4f59287
EXP-TAIPAN-001,FILE-02R-547ae22861c35e33,SCAN-02R-183e2f7a146cbdf6,numeric_block_parsing,pass,0,one nonempty contiguous block
EXP-TAIPAN-001,FILE-02R-547ae22861c35e33,SCAN-02R-183e2f7a146cbdf6,point_count_reconciliation,pass,0,11
EXP-TAIPAN-001,FILE-02R-547ae22861c35e33,SCAN-02R-183e2f7a146cbdf6,raw_scan_ID_consistency,pass,0,filename compared with raw header scan ID
EXP-TAIPAN-001,FILE-02R-547ae22861c35e33,SCAN-02R-183e2f7a146cbdf6,readability,pass,0,strict UTF-8 decoded
EXP-TAIPAN-001,FILE-02R-547ae22861c35e33,SCAN-02R-183e2f7a146cbdf6,timestamp_validity,pass,0,header timestamps; timezone unrecorded
EXP-TAIPAN-001,FILE-02R-548c132cbb5f17d6,SCAN-02R-20b2aca534749eb8,UB_parse,pass,0,UB-02R-397acad65dd9e384
EXP-TAIPAN-001,FILE-02R-548c132cbb5f17d6,SCAN-02R-20b2aca534749eb8,all_declared_fields_preserved,pass,0,wide plus auxiliary exhaustive by declared index
EXP-TAIPAN-001,FILE-02R-548c132cbb5f17d6,SCAN-02R-20b2aca534749eb8,count_control_semantics,pass,0,time_controlled
EXP-TAIPAN-001,FILE-02R-548c132cbb5f17d6,SCAN-02R-20b2aca534749eb8,declared_actual_column_count,pass,0,59
EXP-TAIPAN-001,FILE-02R-548c132cbb5f17d6,SCAN-02R-20b2aca534749eb8,detector_monitor_time_numeric_validity,pass,0,finite Decimal tokens; no correction
EXP-TAIPAN-001,FILE-02R-548c132cbb5f17d6,SCAN-02R-20b2aca534749eb8,energy_relation,pass,0,verified_global
EXP-TAIPAN-001,FILE-02R-548c132cbb5f17d6,SCAN-02R-20b2aca534749eb8,format_identity,pass,0,FMT-02R-42b66acce1bb
EXP-TAIPAN-001,FILE-02R-548c132cbb5f17d6,SCAN-02R-20b2aca534749eb8,header_parsing,pass,0,ordered raw records retained
EXP-TAIPAN-001,FILE-02R-548c132cbb5f17d6,SCAN-02R-20b2aca534749eb8,lattice_parse,pass,0,LAT-02R-ae4c74e47a033f66
EXP-TAIPAN-001,FILE-02R-548c132cbb5f17d6,SCAN-02R-20b2aca534749eb8,numeric_block_parsing,pass,0,one nonempty contiguous block
EXP-TAIPAN-001,FILE-02R-548c132cbb5f17d6,SCAN-02R-20b2aca534749eb8,point_count_reconciliation,pass,0,31
EXP-TAIPAN-001,FILE-02R-548c132cbb5f17d6,SCAN-02R-20b2aca534749eb8,raw_scan_ID_consistency,pass,0,filename compared with raw header scan ID
EXP-TAIPAN-001,FILE-02R-548c132cbb5f17d6,SCAN-02R-20b2aca534749eb8,readability,pass,0,strict UTF-8 decoded
EXP-TAIPAN-001,FILE-02R-548c132cbb5f17d6,SCAN-02R-20b2aca534749eb8,timestamp_validity,pass,0,header timestamps; timezone unrecorded
EXP-TAIPAN-001,FILE-02R-56a3d2571deda3b4,SCAN-02R-251028aabdf3c3e7,UB_parse,pass,0,UB-02R-1d710a6baa059bbb
EXP-TAIPAN-001,FILE-02R-56a3d2571deda3b4,SCAN-02R-251028aabdf3c3e7,all_declared_fields_preserved,pass,0,wide plus auxiliary exhaustive by declared index
EXP-TAIPAN-001,FILE-02R-56a3d2571deda3b4,SCAN-02R-251028aabdf3c3e7,count_control_semantics,pass,0,time_controlled
EXP-TAIPAN-001,FILE-02R-56a3d2571deda3b4,SCAN-02R-251028aabdf3c3e7,declared_actual_column_count,pass,0,58
EXP-TAIPAN-001,FILE-02R-56a3d2571deda3b4,SCAN-02R-251028aabdf3c3e7,detector_monitor_time_numeric_validity,pass,0,finite Decimal tokens; no correction
EXP-TAIPAN-001,FILE-02R-56a3d2571deda3b4,SCAN-02R-251028aabdf3c3e7,energy_relation,pass,0,verified_global
EXP-TAIPAN-001,FILE-02R-56a3d2571deda3b4,SCAN-02R-251028aabdf3c3e7,format_identity,pass,0,FMT-02R-a20370d76087
EXP-TAIPAN-001,FILE-02R-56a3d2571deda3b4,SCAN-02R-251028aabdf3c3e7,header_parsing,pass,0,ordered raw records retained
EXP-TAIPAN-001,FILE-02R-56a3d2571deda3b4,SCAN-02R-251028aabdf3c3e7,lattice_parse,pass,0,LAT-02R-ae4c74e47a033f66
EXP-TAIPAN-001,FILE-02R-56a3d2571deda3b4,SCAN-02R-251028aabdf3c3e7,numeric_block_parsing,pass,0,one nonempty contiguous block
EXP-TAIPAN-001,FILE-02R-56a3d2571deda3b4,SCAN-02R-251028aabdf3c3e7,point_count_reconciliation,pass,0,21
EXP-TAIPAN-001,FILE-02R-56a3d2571deda3b4,SCAN-02R-251028aabdf3c3e7,raw_scan_ID_consistency,pass,0,filename compared with raw header scan ID
EXP-TAIPAN-001,FILE-02R-56a3d2571deda3b4,SCAN-02R-251028aabdf3c3e7,readability,pass,0,strict UTF-8 decoded
EXP-TAIPAN-001,FILE-02R-56a3d2571deda3b4,SCAN-02R-251028aabdf3c3e7,timestamp_validity,pass,0,header timestamps; timezone unrecorded
EXP-TAIPAN-001,FILE-02R-575e049a16f2e04e,SCAN-02R-42d0a4d8bd2d58cc,UB_parse,pass,0,UB-02R-c7cdba07fed2dfd7
EXP-TAIPAN-001,FILE-02R-575e049a16f2e04e,SCAN-02R-42d0a4d8bd2d58cc,all_declared_fields_preserved,pass,0,wide plus auxiliary exhaustive by declared index
EXP-TAIPAN-001,FILE-02R-575e049a16f2e04e,SCAN-02R-42d0a4d8bd2d58cc,count_control_semantics,pass,0,monitor_controlled
EXP-TAIPAN-001,FILE-02R-575e049a16f2e04e,SCAN-02R-42d0a4d8bd2d58cc,declared_actual_column_count,pass,0,59
EXP-TAIPAN-001,FILE-02R-575e049a16f2e04e,SCAN-02R-42d0a4d8bd2d58cc,detector_monitor_time_numeric_validity,pass,0,finite Decimal tokens; no correction
EXP-TAIPAN-001,FILE-02R-575e049a16f2e04e,SCAN-02R-42d0a4d8bd2d58cc,energy_relation,pass,0,verified_global
EXP-TAIPAN-001,FILE-02R-575e049a16f2e04e,SCAN-02R-42d0a4d8bd2d58cc,format_identity,pass,0,FMT-02R-06137a7de1ad
EXP-TAIPAN-001,FILE-02R-575e049a16f2e04e,SCAN-02R-42d0a4d8bd2d58cc,header_parsing,pass,0,ordered raw records retained
EXP-TAIPAN-001,FILE-02R-575e049a16f2e04e,SCAN-02R-42d0a4d8bd2d58cc,lattice_parse,pass,0,LAT-02R-517a9644e4f59287
EXP-TAIPAN-001,FILE-02R-575e049a16f2e04e,SCAN-02R-42d0a4d8bd2d58cc,numeric_block_parsing,pass,0,one nonempty contiguous block
EXP-TAIPAN-001,FILE-02R-575e049a16f2e04e,SCAN-02R-42d0a4d8bd2d58cc,point_count_reconciliation,pass,0,51
EXP-TAIPAN-001,FILE-02R-575e049a16f2e04e,SCAN-02R-42d0a4d8bd2d58cc,raw_scan_ID_consistency,pass,0,filename compared with raw header scan ID
EXP-TAIPAN-001,FILE-02R-575e049a16f2e04e,SCAN-02R-42d0a4d8bd2d58cc,readability,pass,0,strict UTF-8 decoded
EXP-TAIPAN-001,FILE-02R-575e049a16f2e04e,SCAN-02R-42d0a4d8bd2d58cc,timestamp_validity,pass,0,header timestamps; timezone unrecorded
EXP-TAIPAN-001,FILE-02R-57f5d07be2ba1eae,SCAN-02R-7fc5c872db142199,UB_parse,pass,0,UB-02R-c7cdba07fed2dfd7
EXP-TAIPAN-001,FILE-02R-57f5d07be2ba1eae,SCAN-02R-7fc5c872db142199,all_declared_fields_preserved,pass,0,wide plus auxiliary exhaustive by declared index
EXP-TAIPAN-001,FILE-02R-57f5d07be2ba1eae,SCAN-02R-7fc5c872db142199,count_control_semantics,pass,0,monitor_controlled
EXP-TAIPAN-001,FILE-02R-57f5d07be2ba1eae,SCAN-02R-7fc5c872db142199,declared_actual_column_count,pass,0,58
EXP-TAIPAN-001,FILE-02R-57f5d07be2ba1eae,SCAN-02R-7fc5c872db142199,detector_monitor_time_numeric_validity,pass,0,finite Decimal tokens; no correction
EXP-TAIPAN-001,FILE-02R-57f5d07be2ba1eae,SCAN-02R-7fc5c872db142199,energy_relation,pass,0,verified_global
EXP-TAIPAN-001,FILE-02R-57f5d07be2ba1eae,SCAN-02R-7fc5c872db142199,format_identity,pass,0,FMT-02R-00e53630cd36
EXP-TAIPAN-001,FILE-02R-57f5d07be2ba1eae,SCAN-02R-7fc5c872db142199,header_parsing,pass,0,ordered raw records retained
EXP-TAIPAN-001,FILE-02R-57f5d07be2ba1eae,SCAN-02R-7fc5c872db142199,lattice_parse,pass,0,LAT-02R-517a9644e4f59287
EXP-TAIPAN-001,FILE-02R-57f5d07be2ba1eae,SCAN-02R-7fc5c872db142199,numeric_block_parsing,pass,0,one nonempty contiguous block
EXP-TAIPAN-001,FILE-02R-57f5d07be2ba1eae,SCAN-02R-7fc5c872db142199,point_count_reconciliation,pass,0,7
EXP-TAIPAN-001,FILE-02R-57f5d07be2ba1eae,SCAN-02R-7fc5c872db142199,raw_scan_ID_consistency,pass,0,filename compared with raw header scan ID
EXP-TAIPAN-001,FILE-02R-57f5d07be2ba1eae,SCAN-02R-7fc5c872db142199,readability,pass,0,strict UTF-8 decoded
EXP-TAIPAN-001,FILE-02R-57f5d07be2ba1eae,SCAN-02R-7fc5c872db142199,timestamp_validity,pass,0,header timestamps; timezone unrecorded
EXP-TAIPAN-001,FILE-02R-58cb1ca25197b413,SCAN-02R-76804d90690fee01,UB_parse,pass,0,UB-02R-c7cdba07fed2dfd7
EXP-TAIPAN-001,FILE-02R-58cb1ca25197b413,SCAN-02R-76804d90690fee01,all_declared_fields_preserved,pass,0,wide plus auxiliary exhaustive by declared index
EXP-TAIPAN-001,FILE-02R-58cb1ca25197b413,SCAN-02R-76804d90690fee01,count_control_semantics,pass,0,time_controlled
EXP-TAIPAN-001,FILE-02R-58cb1ca25197b413,SCAN-02R-76804d90690fee01,declared_actual_column_count,pass,0,59
EXP-TAIPAN-001,FILE-02R-58cb1ca25197b413,SCAN-02R-76804d90690fee01,detector_monitor_time_numeric_validity,pass,0,finite Decimal tokens; no correction
EXP-TAIPAN-001,FILE-02R-58cb1ca25197b413,SCAN-02R-76804d90690fee01,energy_relation,pass,0,verified_global
EXP-TAIPAN-001,FILE-02R-58cb1ca25197b413,SCAN-02R-76804d90690fee01,format_identity,pass,0,FMT-02R-42b66acce1bb
EXP-TAIPAN-001,FILE-02R-58cb1ca25197b413,SCAN-02R-76804d90690fee01,header_parsing,pass,0,ordered raw records retained
EXP-TAIPAN-001,FILE-02R-58cb1ca25197b413,SCAN-02R-76804d90690fee01,lattice_parse,pass,0,LAT-02R-517a9644e4f59287
EXP-TAIPAN-001,FILE-02R-58cb1ca25197b413,SCAN-02R-76804d90690fee01,numeric_block_parsing,pass,0,one nonempty contiguous block
EXP-TAIPAN-001,FILE-02R-58cb1ca25197b413,SCAN-02R-76804d90690fee01,point_count_reconciliation,pass,0,21
EXP-TAIPAN-001,FILE-02R-58cb1ca25197b413,SCAN-02R-76804d90690fee01,raw_scan_ID_consistency,pass,0,filename compared with raw header scan ID
EXP-TAIPAN-001,FILE-02R-58cb1ca25197b413,SCAN-02R-76804d90690fee01,readability,pass,0,strict UTF-8 decoded
EXP-TAIPAN-001,FILE-02R-58cb1ca25197b413,SCAN-02R-76804d90690fee01,timestamp_validity,pass,0,header timestamps; timezone unrecorded
EXP-TAIPAN-001,FILE-02R-5a38e4c96d738a19,SCAN-02R-59fa80474896a50b,UB_parse,pass,0,UB-02R-1d710a6baa059bbb
EXP-TAIPAN-001,FILE-02R-5a38e4c96d738a19,SCAN-02R-59fa80474896a50b,all_declared_fields_preserved,pass,0,wide plus auxiliary exhaustive by declared index
EXP-TAIPAN-001,FILE-02R-5a38e4c96d738a19,SCAN-02R-59fa80474896a50b,count_control_semantics,pass,0,time_controlled
EXP-TAIPAN-001,FILE-02R-5a38e4c96d738a19,SCAN-02R-59fa80474896a50b,declared_actual_column_count,pass,0,58
EXP-TAIPAN-001,FILE-02R-5a38e4c96d738a19,SCAN-02R-59fa80474896a50b,detector_monitor_time_numeric_validity,pass,0,finite Decimal tokens; no correction
EXP-TAIPAN-001,FILE-02R-5a38e4c96d738a19,SCAN-02R-59fa80474896a50b,energy_relation,pass,0,verified_global
EXP-TAIPAN-001,FILE-02R-5a38e4c96d738a19,SCAN-02R-59fa80474896a50b,format_identity,pass,0,FMT-02R-365d8346d6ba
EXP-TAIPAN-001,FILE-02R-5a38e4c96d738a19,SCAN-02R-59fa80474896a50b,header_parsing,pass,0,ordered raw records retained
EXP-TAIPAN-001,FILE-02R-5a38e4c96d738a19,SCAN-02R-59fa80474896a50b,lattice_parse,pass,0,LAT-02R-ae4c74e47a033f66
EXP-TAIPAN-001,FILE-02R-5a38e4c96d738a19,SCAN-02R-59fa80474896a50b,numeric_block_parsing,pass,0,one nonempty contiguous block
EXP-TAIPAN-001,FILE-02R-5a38e4c96d738a19,SCAN-02R-59fa80474896a50b,point_count_reconciliation,pass,0,21
EXP-TAIPAN-001,FILE-02R-5a38e4c96d738a19,SCAN-02R-59fa80474896a50b,raw_scan_ID_consistency,pass,0,filename compared with raw header scan ID
EXP-TAIPAN-001,FILE-02R-5a38e4c96d738a19,SCAN-02R-59fa80474896a50b,readability,pass,0,strict UTF-8 decoded
EXP-TAIPAN-001,FILE-02R-5a38e4c96d738a19,SCAN-02R-59fa80474896a50b,timestamp_validity,pass,0,header timestamps; timezone unrecorded
EXP-TAIPAN-001,FILE-02R-5b72ee4e48fdf768,SCAN-02R-6fded6b51e0642a8,UB_parse,pass,0,UB-02R-c7cdba07fed2dfd7
EXP-TAIPAN-001,FILE-02R-5b72ee4e48fdf768,SCAN-02R-6fded6b51e0642a8,all_declared_fields_preserved,pass,0,wide plus auxiliary exhaustive by declared index
EXP-TAIPAN-001,FILE-02R-5b72ee4e48fdf768,SCAN-02R-6fded6b51e0642a8,count_control_semantics,pass,0,monitor_controlled
EXP-TAIPAN-001,FILE-02R-5b72ee4e48fdf768,SCAN-02R-6fded6b51e0642a8,declared_actual_column_count,pass,0,59
EXP-TAIPAN-001,FILE-02R-5b72ee4e48fdf768,SCAN-02R-6fded6b51e0642a8,detector_monitor_time_numeric_validity,pass,0,finite Decimal tokens; no correction
EXP-TAIPAN-001,FILE-02R-5b72ee4e48fdf768,SCAN-02R-6fded6b51e0642a8,energy_relation,pass,0,verified_global
EXP-TAIPAN-001,FILE-02R-5b72ee4e48fdf768,SCAN-02R-6fded6b51e0642a8,format_identity,pass,0,FMT-02R-06137a7de1ad
EXP-TAIPAN-001,FILE-02R-5b72ee4e48fdf768,SCAN-02R-6fded6b51e0642a8,header_parsing,pass,0,ordered raw records retained
EXP-TAIPAN-001,FILE-02R-5b72ee4e48fdf768,SCAN-02R-6fded6b51e0642a8,lattice_parse,pass,0,LAT-02R-517a9644e4f59287
EXP-TAIPAN-001,FILE-02R-5b72ee4e48fdf768,SCAN-02R-6fded6b51e0642a8,numeric_block_parsing,pass,0,one nonempty contiguous block
EXP-TAIPAN-001,FILE-02R-5b72ee4e48fdf768,SCAN-02R-6fded6b51e0642a8,point_count_reconciliation,pass,0,26
EXP-TAIPAN-001,FILE-02R-5b72ee4e48fdf768,SCAN-02R-6fded6b51e0642a8,raw_scan_ID_consistency,pass,0,filename compared with raw header scan ID
EXP-TAIPAN-001,FILE-02R-5b72ee4e48fdf768,SCAN-02R-6fded6b51e0642a8,readability,pass,0,strict UTF-8 decoded
EXP-TAIPAN-001,FILE-02R-5b72ee4e48fdf768,SCAN-02R-6fded6b51e0642a8,timestamp_validity,pass,0,header timestamps; timezone unrecorded
EXP-TAIPAN-001,FILE-02R-5b79965e065191e7,SCAN-02R-643ff7e40bd97888,UB_parse,pass,0,UB-02R-c7cdba07fed2dfd7
EXP-TAIPAN-001,FILE-02R-5b79965e065191e7,SCAN-02R-643ff7e40bd97888,all_declared_fields_preserved,pass,0,wide plus auxiliary exhaustive by declared index
EXP-TAIPAN-001,FILE-02R-5b79965e065191e7,SCAN-02R-643ff7e40bd97888,count_control_semantics,pass,0,monitor_controlled
EXP-TAIPAN-001,FILE-02R-5b79965e065191e7,SCAN-02R-643ff7e40bd97888,declared_actual_column_count,pass,0,59
EXP-TAIPAN-001,FILE-02R-5b79965e065191e7,SCAN-02R-643ff7e40bd97888,detector_monitor_time_numeric_validity,pass,0,finite Decimal tokens; no correction
EXP-TAIPAN-001,FILE-02R-5b79965e065191e7,SCAN-02R-643ff7e40bd97888,energy_relation,pass,0,verified_global
EXP-TAIPAN-001,FILE-02R-5b79965e065191e7,SCAN-02R-643ff7e40bd97888,format_identity,pass,0,FMT-02R-06137a7de1ad
EXP-TAIPAN-001,FILE-02R-5b79965e065191e7,SCAN-02R-643ff7e40bd97888,header_parsing,pass,0,ordered raw records retained
EXP-TAIPAN-001,FILE-02R-5b79965e065191e7,SCAN-02R-643ff7e40bd97888,lattice_parse,pass,0,LAT-02R-517a9644e4f59287
EXP-TAIPAN-001,FILE-02R-5b79965e065191e7,SCAN-02R-643ff7e40bd97888,numeric_block_parsing,pass,0,one nonempty contiguous block
EXP-TAIPAN-001,FILE-02R-5b79965e065191e7,SCAN-02R-643ff7e40bd97888,point_count_reconciliation,pass,0,5
EXP-TAIPAN-001,FILE-02R-5b79965e065191e7,SCAN-02R-643ff7e40bd97888,raw_scan_ID_consistency,pass,0,filename compared with raw header scan ID
EXP-TAIPAN-001,FILE-02R-5b79965e065191e7,SCAN-02R-643ff7e40bd97888,readability,pass,0,strict UTF-8 decoded
EXP-TAIPAN-001,FILE-02R-5b79965e065191e7,SCAN-02R-643ff7e40bd97888,timestamp_validity,pass,0,header timestamps; timezone unrecorded
EXP-TAIPAN-001,FILE-02R-5baa765c008151e1,SCAN-02R-3d7ecf2f3c542662,UB_parse,pass,0,UB-02R-55ac4333b2057246
EXP-TAIPAN-001,FILE-02R-5baa765c008151e1,SCAN-02R-3d7ecf2f3c542662,all_declared_fields_preserved,pass,0,wide plus auxiliary exhaustive by declared index
EXP-TAIPAN-001,FILE-02R-5baa765c008151e1,SCAN-02R-3d7ecf2f3c542662,count_control_semantics,pass,0,time_controlled
EXP-TAIPAN-001,FILE-02R-5baa765c008151e1,SCAN-02R-3d7ecf2f3c542662,declared_actual_column_count,pass,0,58
EXP-TAIPAN-001,FILE-02R-5baa765c008151e1,SCAN-02R-3d7ecf2f3c542662,detector_monitor_time_numeric_validity,pass,0,finite Decimal tokens; no correction
EXP-TAIPAN-001,FILE-02R-5baa765c008151e1,SCAN-02R-3d7ecf2f3c542662,energy_relation,pass,0,verified_global
EXP-TAIPAN-001,FILE-02R-5baa765c008151e1,SCAN-02R-3d7ecf2f3c542662,format_identity,pass,0,FMT-02R-365d8346d6ba
EXP-TAIPAN-001,FILE-02R-5baa765c008151e1,SCAN-02R-3d7ecf2f3c542662,header_parsing,pass,0,ordered raw records retained
EXP-TAIPAN-001,FILE-02R-5baa765c008151e1,SCAN-02R-3d7ecf2f3c542662,lattice_parse,pass,0,LAT-02R-ae4c74e47a033f66
EXP-TAIPAN-001,FILE-02R-5baa765c008151e1,SCAN-02R-3d7ecf2f3c542662,numeric_block_parsing,pass,0,one nonempty contiguous block
EXP-TAIPAN-001,FILE-02R-5baa765c008151e1,SCAN-02R-3d7ecf2f3c542662,point_count_reconciliation,pass,0,11
EXP-TAIPAN-001,FILE-02R-5baa765c008151e1,SCAN-02R-3d7ecf2f3c542662,raw_scan_ID_consistency,pass,0,filename compared with raw header scan ID
EXP-TAIPAN-001,FILE-02R-5baa765c008151e1,SCAN-02R-3d7ecf2f3c542662,readability,pass,0,strict UTF-8 decoded
EXP-TAIPAN-001,FILE-02R-5baa765c008151e1,SCAN-02R-3d7ecf2f3c542662,timestamp_validity,pass,0,header timestamps; timezone unrecorded
EXP-TAIPAN-001,FILE-02R-5c81e383ba658579,SCAN-02R-f4c54e6724ab8666,UB_parse,pass,0,UB-02R-397acad65dd9e384
EXP-TAIPAN-001,FILE-02R-5c81e383ba658579,SCAN-02R-f4c54e6724ab8666,all_declared_fields_preserved,pass,0,wide plus auxiliary exhaustive by declared index
EXP-TAIPAN-001,FILE-02R-5c81e383ba658579,SCAN-02R-f4c54e6724ab8666,count_control_semantics,pass,0,time_controlled
EXP-TAIPAN-001,FILE-02R-5c81e383ba658579,SCAN-02R-f4c54e6724ab8666,declared_actual_column_count,pass,0,61
EXP-TAIPAN-001,FILE-02R-5c81e383ba658579,SCAN-02R-f4c54e6724ab8666,detector_monitor_time_numeric_validity,pass,0,finite Decimal tokens; no correction
EXP-TAIPAN-001,FILE-02R-5c81e383ba658579,SCAN-02R-f4c54e6724ab8666,energy_relation,pass,0,verified_global
EXP-TAIPAN-001,FILE-02R-5c81e383ba658579,SCAN-02R-f4c54e6724ab8666,format_identity,pass,0,FMT-02R-a96f4c9633b6
EXP-TAIPAN-001,FILE-02R-5c81e383ba658579,SCAN-02R-f4c54e6724ab8666,header_parsing,pass,0,ordered raw records retained
EXP-TAIPAN-001,FILE-02R-5c81e383ba658579,SCAN-02R-f4c54e6724ab8666,lattice_parse,pass,0,LAT-02R-ae4c74e47a033f66
EXP-TAIPAN-001,FILE-02R-5c81e383ba658579,SCAN-02R-f4c54e6724ab8666,numeric_block_parsing,pass,0,one nonempty contiguous block
EXP-TAIPAN-001,FILE-02R-5c81e383ba658579,SCAN-02R-f4c54e6724ab8666,point_count_reconciliation,pass,0,24
EXP-TAIPAN-001,FILE-02R-5c81e383ba658579,SCAN-02R-f4c54e6724ab8666,raw_scan_ID_consistency,pass,0,filename compared with raw header scan ID
EXP-TAIPAN-001,FILE-02R-5c81e383ba658579,SCAN-02R-f4c54e6724ab8666,readability,pass,0,strict UTF-8 decoded
EXP-TAIPAN-001,FILE-02R-5c81e383ba658579,SCAN-02R-f4c54e6724ab8666,timestamp_validity,pass,0,header timestamps; timezone unrecorded
EXP-TAIPAN-001,FILE-02R-5cf0ec7dc8dfcd7d,SCAN-02R-c74d6df747d6fccd,UB_parse,pass,0,UB-02R-c7cdba07fed2dfd7
EXP-TAIPAN-001,FILE-02R-5cf0ec7dc8dfcd7d,SCAN-02R-c74d6df747d6fccd,all_declared_fields_preserved,pass,0,wide plus auxiliary exhaustive by declared index
EXP-TAIPAN-001,FILE-02R-5cf0ec7dc8dfcd7d,SCAN-02R-c74d6df747d6fccd,count_control_semantics,pass,0,monitor_controlled
EXP-TAIPAN-001,FILE-02R-5cf0ec7dc8dfcd7d,SCAN-02R-c74d6df747d6fccd,declared_actual_column_count,pass,0,57
EXP-TAIPAN-001,FILE-02R-5cf0ec7dc8dfcd7d,SCAN-02R-c74d6df747d6fccd,detector_monitor_time_numeric_validity,pass,0,finite Decimal tokens; no correction
EXP-TAIPAN-001,FILE-02R-5cf0ec7dc8dfcd7d,SCAN-02R-c74d6df747d6fccd,energy_relation,pass,0,verified_global
EXP-TAIPAN-001,FILE-02R-5cf0ec7dc8dfcd7d,SCAN-02R-c74d6df747d6fccd,format_identity,pass,0,FMT-02R-ab302e8146f8
EXP-TAIPAN-001,FILE-02R-5cf0ec7dc8dfcd7d,SCAN-02R-c74d6df747d6fccd,header_parsing,pass,0,ordered raw records retained
EXP-TAIPAN-001,FILE-02R-5cf0ec7dc8dfcd7d,SCAN-02R-c74d6df747d6fccd,lattice_parse,pass,0,LAT-02R-517a9644e4f59287
EXP-TAIPAN-001,FILE-02R-5cf0ec7dc8dfcd7d,SCAN-02R-c74d6df747d6fccd,numeric_block_parsing,pass,0,one nonempty contiguous block
EXP-TAIPAN-001,FILE-02R-5cf0ec7dc8dfcd7d,SCAN-02R-c74d6df747d6fccd,point_count_reconciliation,pass,0,13
EXP-TAIPAN-001,FILE-02R-5cf0ec7dc8dfcd7d,SCAN-02R-c74d6df747d6fccd,raw_scan_ID_consistency,pass,0,filename compared with raw header scan ID
EXP-TAIPAN-001,FILE-02R-5cf0ec7dc8dfcd7d,SCAN-02R-c74d6df747d6fccd,readability,pass,0,strict UTF-8 decoded
EXP-TAIPAN-001,FILE-02R-5cf0ec7dc8dfcd7d,SCAN-02R-c74d6df747d6fccd,timestamp_validity,pass,0,header timestamps; timezone unrecorded
EXP-TAIPAN-001,FILE-02R-6034a133895cf720,SCAN-02R-48f6ae0dc1c99d07,UB_parse,pass,0,UB-02R-c7cdba07fed2dfd7
EXP-TAIPAN-001,FILE-02R-6034a133895cf720,SCAN-02R-48f6ae0dc1c99d07,all_declared_fields_preserved,pass,0,wide plus auxiliary exhaustive by declared index
EXP-TAIPAN-001,FILE-02R-6034a133895cf720,SCAN-02R-48f6ae0dc1c99d07,count_control_semantics,pass,0,monitor_controlled
EXP-TAIPAN-001,FILE-02R-6034a133895cf720,SCAN-02R-48f6ae0dc1c99d07,declared_actual_column_count,pass,0,59
EXP-TAIPAN-001,FILE-02R-6034a133895cf720,SCAN-02R-48f6ae0dc1c99d07,detector_monitor_time_numeric_validity,pass,0,finite Decimal tokens; no correction
EXP-TAIPAN-001,FILE-02R-6034a133895cf720,SCAN-02R-48f6ae0dc1c99d07,energy_relation,pass,0,verified_global
EXP-TAIPAN-001,FILE-02R-6034a133895cf720,SCAN-02R-48f6ae0dc1c99d07,format_identity,pass,0,FMT-02R-06137a7de1ad
EXP-TAIPAN-001,FILE-02R-6034a133895cf720,SCAN-02R-48f6ae0dc1c99d07,header_parsing,pass,0,ordered raw records retained
EXP-TAIPAN-001,FILE-02R-6034a133895cf720,SCAN-02R-48f6ae0dc1c99d07,lattice_parse,pass,0,LAT-02R-517a9644e4f59287
EXP-TAIPAN-001,FILE-02R-6034a133895cf720,SCAN-02R-48f6ae0dc1c99d07,numeric_block_parsing,pass,0,one nonempty contiguous block
EXP-TAIPAN-001,FILE-02R-6034a133895cf720,SCAN-02R-48f6ae0dc1c99d07,point_count_reconciliation,pass,0,26
EXP-TAIPAN-001,FILE-02R-6034a133895cf720,SCAN-02R-48f6ae0dc1c99d07,raw_scan_ID_consistency,pass,0,filename compared with raw header scan ID
EXP-TAIPAN-001,FILE-02R-6034a133895cf720,SCAN-02R-48f6ae0dc1c99d07,readability,pass,0,strict UTF-8 decoded
EXP-TAIPAN-001,FILE-02R-6034a133895cf720,SCAN-02R-48f6ae0dc1c99d07,timestamp_validity,pass,0,header timestamps; timezone unrecorded
EXP-TAIPAN-001,FILE-02R-617a2a398a2b60f6,SCAN-02R-43d400370d39ebe7,UB_parse,pass,0,UB-02R-1d710a6baa059bbb
EXP-TAIPAN-001,FILE-02R-617a2a398a2b60f6,SCAN-02R-43d400370d39ebe7,all_declared_fields_preserved,pass,0,wide plus auxiliary exhaustive by declared index
EXP-TAIPAN-001,FILE-02R-617a2a398a2b60f6,SCAN-02R-43d400370d39ebe7,count_control_semantics,pass,0,time_controlled
EXP-TAIPAN-001,FILE-02R-617a2a398a2b60f6,SCAN-02R-43d400370d39ebe7,declared_actual_column_count,pass,0,58
EXP-TAIPAN-001,FILE-02R-617a2a398a2b60f6,SCAN-02R-43d400370d39ebe7,detector_monitor_time_numeric_validity,pass,0,finite Decimal tokens; no correction
EXP-TAIPAN-001,FILE-02R-617a2a398a2b60f6,SCAN-02R-43d400370d39ebe7,energy_relation,pass,0,verified_global
EXP-TAIPAN-001,FILE-02R-617a2a398a2b60f6,SCAN-02R-43d400370d39ebe7,format_identity,pass,0,FMT-02R-00e53630cd36
EXP-TAIPAN-001,FILE-02R-617a2a398a2b60f6,SCAN-02R-43d400370d39ebe7,header_parsing,pass,0,ordered raw records retained
EXP-TAIPAN-001,FILE-02R-617a2a398a2b60f6,SCAN-02R-43d400370d39ebe7,lattice_parse,pass,0,LAT-02R-ae4c74e47a033f66
EXP-TAIPAN-001,FILE-02R-617a2a398a2b60f6,SCAN-02R-43d400370d39ebe7,numeric_block_parsing,pass,0,one nonempty contiguous block
EXP-TAIPAN-001,FILE-02R-617a2a398a2b60f6,SCAN-02R-43d400370d39ebe7,point_count_reconciliation,pass,0,21
EXP-TAIPAN-001,FILE-02R-617a2a398a2b60f6,SCAN-02R-43d400370d39ebe7,raw_scan_ID_consistency,pass,0,filename compared with raw header scan ID
EXP-TAIPAN-001,FILE-02R-617a2a398a2b60f6,SCAN-02R-43d400370d39ebe7,readability,pass,0,strict UTF-8 decoded
EXP-TAIPAN-001,FILE-02R-617a2a398a2b60f6,SCAN-02R-43d400370d39ebe7,timestamp_validity,pass,0,header timestamps; timezone unrecorded
EXP-TAIPAN-001,FILE-02R-6189a97c1406ead2,SCAN-02R-2c07251df8824bce,UB_parse,pass,0,UB-02R-397acad65dd9e384
EXP-TAIPAN-001,FILE-02R-6189a97c1406ead2,SCAN-02R-2c07251df8824bce,all_declared_fields_preserved,pass,0,wide plus auxiliary exhaustive by declared index
EXP-TAIPAN-001,FILE-02R-6189a97c1406ead2,SCAN-02R-2c07251df8824bce,count_control_semantics,pass,0,time_controlled
EXP-TAIPAN-001,FILE-02R-6189a97c1406ead2,SCAN-02R-2c07251df8824bce,declared_actual_column_count,pass,0,58
EXP-TAIPAN-001,FILE-02R-6189a97c1406ead2,SCAN-02R-2c07251df8824bce,detector_monitor_time_numeric_validity,pass,0,finite Decimal tokens; no correction
EXP-TAIPAN-001,FILE-02R-6189a97c1406ead2,SCAN-02R-2c07251df8824bce,energy_relation,pass,0,verified_global
EXP-TAIPAN-001,FILE-02R-6189a97c1406ead2,SCAN-02R-2c07251df8824bce,format_identity,pass,0,FMT-02R-de66a609ccd2
EXP-TAIPAN-001,FILE-02R-6189a97c1406ead2,SCAN-02R-2c07251df8824bce,header_parsing,pass,0,ordered raw records retained
EXP-TAIPAN-001,FILE-02R-6189a97c1406ead2,SCAN-02R-2c07251df8824bce,lattice_parse,pass,0,LAT-02R-ae4c74e47a033f66
EXP-TAIPAN-001,FILE-02R-6189a97c1406ead2,SCAN-02R-2c07251df8824bce,numeric_block_parsing,pass,0,one nonempty contiguous block
EXP-TAIPAN-001,FILE-02R-6189a97c1406ead2,SCAN-02R-2c07251df8824bce,point_count_reconciliation,pass,0,801
EXP-TAIPAN-001,FILE-02R-6189a97c1406ead2,SCAN-02R-2c07251df8824bce,raw_scan_ID_consistency,pass,0,filename compared with raw header scan ID
EXP-TAIPAN-001,FILE-02R-6189a97c1406ead2,SCAN-02R-2c07251df8824bce,readability,pass,0,strict UTF-8 decoded
EXP-TAIPAN-001,FILE-02R-6189a97c1406ead2,SCAN-02R-2c07251df8824bce,timestamp_validity,pass,0,header timestamps; timezone unrecorded
EXP-TAIPAN-001,FILE-02R-62d24cd256ac118d,SCAN-02R-87edbdf74d1e5fb1,UB_parse,pass,0,UB-02R-c7cdba07fed2dfd7
EXP-TAIPAN-001,FILE-02R-62d24cd256ac118d,SCAN-02R-87edbdf74d1e5fb1,all_declared_fields_preserved,pass,0,wide plus auxiliary exhaustive by declared index
EXP-TAIPAN-001,FILE-02R-62d24cd256ac118d,SCAN-02R-87edbdf74d1e5fb1,count_control_semantics,pass,0,monitor_controlled
EXP-TAIPAN-001,FILE-02R-62d24cd256ac118d,SCAN-02R-87edbdf74d1e5fb1,declared_actual_column_count,pass,0,59
EXP-TAIPAN-001,FILE-02R-62d24cd256ac118d,SCAN-02R-87edbdf74d1e5fb1,detector_monitor_time_numeric_validity,pass,0,finite Decimal tokens; no correction
EXP-TAIPAN-001,FILE-02R-62d24cd256ac118d,SCAN-02R-87edbdf74d1e5fb1,energy_relation,pass,0,verified_global
EXP-TAIPAN-001,FILE-02R-62d24cd256ac118d,SCAN-02R-87edbdf74d1e5fb1,format_identity,pass,0,FMT-02R-06137a7de1ad
EXP-TAIPAN-001,FILE-02R-62d24cd256ac118d,SCAN-02R-87edbdf74d1e5fb1,header_parsing,pass,0,ordered raw records retained
EXP-TAIPAN-001,FILE-02R-62d24cd256ac118d,SCAN-02R-87edbdf74d1e5fb1,lattice_parse,pass,0,LAT-02R-517a9644e4f59287
EXP-TAIPAN-001,FILE-02R-62d24cd256ac118d,SCAN-02R-87edbdf74d1e5fb1,numeric_block_parsing,pass,0,one nonempty contiguous block
EXP-TAIPAN-001,FILE-02R-62d24cd256ac118d,SCAN-02R-87edbdf74d1e5fb1,point_count_reconciliation,pass,0,26
EXP-TAIPAN-001,FILE-02R-62d24cd256ac118d,SCAN-02R-87edbdf74d1e5fb1,raw_scan_ID_consistency,pass,0,filename compared with raw header scan ID
EXP-TAIPAN-001,FILE-02R-62d24cd256ac118d,SCAN-02R-87edbdf74d1e5fb1,readability,pass,0,strict UTF-8 decoded
EXP-TAIPAN-001,FILE-02R-62d24cd256ac118d,SCAN-02R-87edbdf74d1e5fb1,timestamp_validity,pass,0,header timestamps; timezone unrecorded
EXP-TAIPAN-001,FILE-02R-63cb694c40fcbcba,SCAN-02R-c5843105fb81b54c,UB_parse,pass,0,UB-02R-c7cdba07fed2dfd7
EXP-TAIPAN-001,FILE-02R-63cb694c40fcbcba,SCAN-02R-c5843105fb81b54c,all_declared_fields_preserved,pass,0,wide plus auxiliary exhaustive by declared index
EXP-TAIPAN-001,FILE-02R-63cb694c40fcbcba,SCAN-02R-c5843105fb81b54c,count_control_semantics,pass,0,monitor_controlled
EXP-TAIPAN-001,FILE-02R-63cb694c40fcbcba,SCAN-02R-c5843105fb81b54c,declared_actual_column_count,pass,0,59
EXP-TAIPAN-001,FILE-02R-63cb694c40fcbcba,SCAN-02R-c5843105fb81b54c,detector_monitor_time_numeric_validity,pass,0,finite Decimal tokens; no correction
EXP-TAIPAN-001,FILE-02R-63cb694c40fcbcba,SCAN-02R-c5843105fb81b54c,energy_relation,pass,0,verified_global
EXP-TAIPAN-001,FILE-02R-63cb694c40fcbcba,SCAN-02R-c5843105fb81b54c,format_identity,pass,0,FMT-02R-06137a7de1ad
EXP-TAIPAN-001,FILE-02R-63cb694c40fcbcba,SCAN-02R-c5843105fb81b54c,header_parsing,pass,0,ordered raw records retained
EXP-TAIPAN-001,FILE-02R-63cb694c40fcbcba,SCAN-02R-c5843105fb81b54c,lattice_parse,pass,0,LAT-02R-517a9644e4f59287
EXP-TAIPAN-001,FILE-02R-63cb694c40fcbcba,SCAN-02R-c5843105fb81b54c,numeric_block_parsing,pass,0,one nonempty contiguous block
EXP-TAIPAN-001,FILE-02R-63cb694c40fcbcba,SCAN-02R-c5843105fb81b54c,point_count_reconciliation,pass,0,26
EXP-TAIPAN-001,FILE-02R-63cb694c40fcbcba,SCAN-02R-c5843105fb81b54c,raw_scan_ID_consistency,pass,0,filename compared with raw header scan ID
EXP-TAIPAN-001,FILE-02R-63cb694c40fcbcba,SCAN-02R-c5843105fb81b54c,readability,pass,0,strict UTF-8 decoded
EXP-TAIPAN-001,FILE-02R-63cb694c40fcbcba,SCAN-02R-c5843105fb81b54c,timestamp_validity,pass,0,header timestamps; timezone unrecorded
EXP-TAIPAN-001,FILE-02R-64501f6fb06d7fd7,SCAN-02R-f52305deb1f82a3a,UB_parse,pass,0,UB-02R-c7cdba07fed2dfd7
EXP-TAIPAN-001,FILE-02R-64501f6fb06d7fd7,SCAN-02R-f52305deb1f82a3a,all_declared_fields_preserved,pass,0,wide plus auxiliary exhaustive by declared index
EXP-TAIPAN-001,FILE-02R-64501f6fb06d7fd7,SCAN-02R-f52305deb1f82a3a,count_control_semantics,pass,0,monitor_controlled
EXP-TAIPAN-001,FILE-02R-64501f6fb06d7fd7,SCAN-02R-f52305deb1f82a3a,declared_actual_column_count,pass,0,59
EXP-TAIPAN-001,FILE-02R-64501f6fb06d7fd7,SCAN-02R-f52305deb1f82a3a,detector_monitor_time_numeric_validity,pass,0,finite Decimal tokens; no correction
EXP-TAIPAN-001,FILE-02R-64501f6fb06d7fd7,SCAN-02R-f52305deb1f82a3a,energy_relation,pass,0,verified_global
EXP-TAIPAN-001,FILE-02R-64501f6fb06d7fd7,SCAN-02R-f52305deb1f82a3a,format_identity,pass,0,FMT-02R-06137a7de1ad
EXP-TAIPAN-001,FILE-02R-64501f6fb06d7fd7,SCAN-02R-f52305deb1f82a3a,header_parsing,pass,0,ordered raw records retained
EXP-TAIPAN-001,FILE-02R-64501f6fb06d7fd7,SCAN-02R-f52305deb1f82a3a,lattice_parse,pass,0,LAT-02R-517a9644e4f59287
EXP-TAIPAN-001,FILE-02R-64501f6fb06d7fd7,SCAN-02R-f52305deb1f82a3a,numeric_block_parsing,pass,0,one nonempty contiguous block
EXP-TAIPAN-001,FILE-02R-64501f6fb06d7fd7,SCAN-02R-f52305deb1f82a3a,point_count_reconciliation,pass,0,5
EXP-TAIPAN-001,FILE-02R-64501f6fb06d7fd7,SCAN-02R-f52305deb1f82a3a,raw_scan_ID_consistency,pass,0,filename compared with raw header scan ID
EXP-TAIPAN-001,FILE-02R-64501f6fb06d7fd7,SCAN-02R-f52305deb1f82a3a,readability,pass,0,strict UTF-8 decoded
EXP-TAIPAN-001,FILE-02R-64501f6fb06d7fd7,SCAN-02R-f52305deb1f82a3a,timestamp_validity,pass,0,header timestamps; timezone unrecorded
EXP-TAIPAN-001,FILE-02R-66851aafa89e085d,SCAN-02R-5e9a406134424e15,UB_parse,pass,0,UB-02R-397acad65dd9e384
EXP-TAIPAN-001,FILE-02R-66851aafa89e085d,SCAN-02R-5e9a406134424e15,all_declared_fields_preserved,pass,0,wide plus auxiliary exhaustive by declared index
EXP-TAIPAN-001,FILE-02R-66851aafa89e085d,SCAN-02R-5e9a406134424e15,count_control_semantics,pass,0,time_controlled
EXP-TAIPAN-001,FILE-02R-66851aafa89e085d,SCAN-02R-5e9a406134424e15,declared_actual_column_count,pass,0,58
EXP-TAIPAN-001,FILE-02R-66851aafa89e085d,SCAN-02R-5e9a406134424e15,detector_monitor_time_numeric_validity,pass,0,finite Decimal tokens; no correction
EXP-TAIPAN-001,FILE-02R-66851aafa89e085d,SCAN-02R-5e9a406134424e15,energy_relation,pass,0,verified_global
EXP-TAIPAN-001,FILE-02R-66851aafa89e085d,SCAN-02R-5e9a406134424e15,format_identity,pass,0,FMT-02R-a20370d76087
EXP-TAIPAN-001,FILE-02R-66851aafa89e085d,SCAN-02R-5e9a406134424e15,header_parsing,pass,0,ordered raw records retained
EXP-TAIPAN-001,FILE-02R-66851aafa89e085d,SCAN-02R-5e9a406134424e15,lattice_parse,pass,0,LAT-02R-ae4c74e47a033f66
EXP-TAIPAN-001,FILE-02R-66851aafa89e085d,SCAN-02R-5e9a406134424e15,numeric_block_parsing,pass,0,one nonempty contiguous block
EXP-TAIPAN-001,FILE-02R-66851aafa89e085d,SCAN-02R-5e9a406134424e15,point_count_reconciliation,pass,0,21
EXP-TAIPAN-001,FILE-02R-66851aafa89e085d,SCAN-02R-5e9a406134424e15,raw_scan_ID_consistency,pass,0,filename compared with raw header scan ID
EXP-TAIPAN-001,FILE-02R-66851aafa89e085d,SCAN-02R-5e9a406134424e15,readability,pass,0,strict UTF-8 decoded
EXP-TAIPAN-001,FILE-02R-66851aafa89e085d,SCAN-02R-5e9a406134424e15,timestamp_validity,pass,0,header timestamps; timezone unrecorded
EXP-TAIPAN-001,FILE-02R-67de6714e483831a,SCAN-02R-403532c05321d7d2,UB_parse,pass,0,UB-02R-c7cdba07fed2dfd7
EXP-TAIPAN-001,FILE-02R-67de6714e483831a,SCAN-02R-403532c05321d7d2,all_declared_fields_preserved,pass,0,wide plus auxiliary exhaustive by declared index
EXP-TAIPAN-001,FILE-02R-67de6714e483831a,SCAN-02R-403532c05321d7d2,count_control_semantics,pass,0,monitor_controlled
EXP-TAIPAN-001,FILE-02R-67de6714e483831a,SCAN-02R-403532c05321d7d2,declared_actual_column_count,pass,0,59
EXP-TAIPAN-001,FILE-02R-67de6714e483831a,SCAN-02R-403532c05321d7d2,detector_monitor_time_numeric_validity,pass,0,finite Decimal tokens; no correction
EXP-TAIPAN-001,FILE-02R-67de6714e483831a,SCAN-02R-403532c05321d7d2,energy_relation,pass,0,verified_global
EXP-TAIPAN-001,FILE-02R-67de6714e483831a,SCAN-02R-403532c05321d7d2,format_identity,pass,0,FMT-02R-06137a7de1ad
EXP-TAIPAN-001,FILE-02R-67de6714e483831a,SCAN-02R-403532c05321d7d2,header_parsing,pass,0,ordered raw records retained
EXP-TAIPAN-001,FILE-02R-67de6714e483831a,SCAN-02R-403532c05321d7d2,lattice_parse,pass,0,LAT-02R-517a9644e4f59287
EXP-TAIPAN-001,FILE-02R-67de6714e483831a,SCAN-02R-403532c05321d7d2,numeric_block_parsing,pass,0,one nonempty contiguous block
EXP-TAIPAN-001,FILE-02R-67de6714e483831a,SCAN-02R-403532c05321d7d2,point_count_reconciliation,pass,0,2
EXP-TAIPAN-001,FILE-02R-67de6714e483831a,SCAN-02R-403532c05321d7d2,raw_scan_ID_consistency,pass,0,filename compared with raw header scan ID
EXP-TAIPAN-001,FILE-02R-67de6714e483831a,SCAN-02R-403532c05321d7d2,readability,pass,0,strict UTF-8 decoded
EXP-TAIPAN-001,FILE-02R-67de6714e483831a,SCAN-02R-403532c05321d7d2,timestamp_validity,pass,0,header timestamps; timezone unrecorded
EXP-TAIPAN-001,FILE-02R-695aceb0fa62cd6c,SCAN-02R-f4da1c738ba8c661,UB_parse,pass,0,UB-02R-397acad65dd9e384
EXP-TAIPAN-001,FILE-02R-695aceb0fa62cd6c,SCAN-02R-f4da1c738ba8c661,all_declared_fields_preserved,pass,0,wide plus auxiliary exhaustive by declared index
EXP-TAIPAN-001,FILE-02R-695aceb0fa62cd6c,SCAN-02R-f4da1c738ba8c661,count_control_semantics,pass,0,time_controlled
EXP-TAIPAN-001,FILE-02R-695aceb0fa62cd6c,SCAN-02R-f4da1c738ba8c661,declared_actual_column_count,pass,0,58
EXP-TAIPAN-001,FILE-02R-695aceb0fa62cd6c,SCAN-02R-f4da1c738ba8c661,detector_monitor_time_numeric_validity,pass,0,finite Decimal tokens; no correction
EXP-TAIPAN-001,FILE-02R-695aceb0fa62cd6c,SCAN-02R-f4da1c738ba8c661,energy_relation,pass,0,verified_global
EXP-TAIPAN-001,FILE-02R-695aceb0fa62cd6c,SCAN-02R-f4da1c738ba8c661,format_identity,pass,0,FMT-02R-92d14f023eb1
EXP-TAIPAN-001,FILE-02R-695aceb0fa62cd6c,SCAN-02R-f4da1c738ba8c661,header_parsing,pass,0,ordered raw records retained
EXP-TAIPAN-001,FILE-02R-695aceb0fa62cd6c,SCAN-02R-f4da1c738ba8c661,lattice_parse,pass,0,LAT-02R-ae4c74e47a033f66
EXP-TAIPAN-001,FILE-02R-695aceb0fa62cd6c,SCAN-02R-f4da1c738ba8c661,numeric_block_parsing,pass,0,one nonempty contiguous block
EXP-TAIPAN-001,FILE-02R-695aceb0fa62cd6c,SCAN-02R-f4da1c738ba8c661,point_count_reconciliation,pass,0,121
EXP-TAIPAN-001,FILE-02R-695aceb0fa62cd6c,SCAN-02R-f4da1c738ba8c661,raw_scan_ID_consistency,pass,0,filename compared with raw header scan ID
EXP-TAIPAN-001,FILE-02R-695aceb0fa62cd6c,SCAN-02R-f4da1c738ba8c661,readability,pass,0,strict UTF-8 decoded
EXP-TAIPAN-001,FILE-02R-695aceb0fa62cd6c,SCAN-02R-f4da1c738ba8c661,timestamp_validity,pass,0,header timestamps; timezone unrecorded
EXP-TAIPAN-001,FILE-02R-69a9daffcc832bf3,SCAN-02R-95f55247c2e05782,UB_parse,pass,0,UB-02R-397acad65dd9e384
EXP-TAIPAN-001,FILE-02R-69a9daffcc832bf3,SCAN-02R-95f55247c2e05782,all_declared_fields_preserved,pass,0,wide plus auxiliary exhaustive by declared index
EXP-TAIPAN-001,FILE-02R-69a9daffcc832bf3,SCAN-02R-95f55247c2e05782,count_control_semantics,pass,0,time_controlled
EXP-TAIPAN-001,FILE-02R-69a9daffcc832bf3,SCAN-02R-95f55247c2e05782,declared_actual_column_count,pass,0,58
EXP-TAIPAN-001,FILE-02R-69a9daffcc832bf3,SCAN-02R-95f55247c2e05782,detector_monitor_time_numeric_validity,pass,0,finite Decimal tokens; no correction
EXP-TAIPAN-001,FILE-02R-69a9daffcc832bf3,SCAN-02R-95f55247c2e05782,energy_relation,pass,0,verified_global
EXP-TAIPAN-001,FILE-02R-69a9daffcc832bf3,SCAN-02R-95f55247c2e05782,format_identity,pass,0,FMT-02R-de66a609ccd2
EXP-TAIPAN-001,FILE-02R-69a9daffcc832bf3,SCAN-02R-95f55247c2e05782,header_parsing,pass,0,ordered raw records retained
EXP-TAIPAN-001,FILE-02R-69a9daffcc832bf3,SCAN-02R-95f55247c2e05782,lattice_parse,pass,0,LAT-02R-ae4c74e47a033f66
EXP-TAIPAN-001,FILE-02R-69a9daffcc832bf3,SCAN-02R-95f55247c2e05782,numeric_block_parsing,pass,0,one nonempty contiguous block
EXP-TAIPAN-001,FILE-02R-69a9daffcc832bf3,SCAN-02R-95f55247c2e05782,point_count_reconciliation,pass,0,21
EXP-TAIPAN-001,FILE-02R-69a9daffcc832bf3,SCAN-02R-95f55247c2e05782,raw_scan_ID_consistency,pass,0,filename compared with raw header scan ID
EXP-TAIPAN-001,FILE-02R-69a9daffcc832bf3,SCAN-02R-95f55247c2e05782,readability,pass,0,strict UTF-8 decoded
EXP-TAIPAN-001,FILE-02R-69a9daffcc832bf3,SCAN-02R-95f55247c2e05782,timestamp_validity,pass,0,header timestamps; timezone unrecorded
EXP-TAIPAN-001,FILE-02R-6a8bab42345cf933,SCAN-02R-af1610dac9676d6c,UB_parse,pass,0,UB-02R-1d710a6baa059bbb
EXP-TAIPAN-001,FILE-02R-6a8bab42345cf933,SCAN-02R-af1610dac9676d6c,all_declared_fields_preserved,pass,0,wide plus auxiliary exhaustive by declared index
EXP-TAIPAN-001,FILE-02R-6a8bab42345cf933,SCAN-02R-af1610dac9676d6c,count_control_semantics,pass,0,time_controlled
EXP-TAIPAN-001,FILE-02R-6a8bab42345cf933,SCAN-02R-af1610dac9676d6c,declared_actual_column_count,pass,0,58
EXP-TAIPAN-001,FILE-02R-6a8bab42345cf933,SCAN-02R-af1610dac9676d6c,detector_monitor_time_numeric_validity,pass,0,finite Decimal tokens; no correction
EXP-TAIPAN-001,FILE-02R-6a8bab42345cf933,SCAN-02R-af1610dac9676d6c,energy_relation,pass,0,verified_global
EXP-TAIPAN-001,FILE-02R-6a8bab42345cf933,SCAN-02R-af1610dac9676d6c,format_identity,pass,0,FMT-02R-00e53630cd36
EXP-TAIPAN-001,FILE-02R-6a8bab42345cf933,SCAN-02R-af1610dac9676d6c,header_parsing,pass,0,ordered raw records retained
EXP-TAIPAN-001,FILE-02R-6a8bab42345cf933,SCAN-02R-af1610dac9676d6c,lattice_parse,pass,0,LAT-02R-ae4c74e47a033f66
EXP-TAIPAN-001,FILE-02R-6a8bab42345cf933,SCAN-02R-af1610dac9676d6c,numeric_block_parsing,pass,0,one nonempty contiguous block
EXP-TAIPAN-001,FILE-02R-6a8bab42345cf933,SCAN-02R-af1610dac9676d6c,point_count_reconciliation,pass,0,21
EXP-TAIPAN-001,FILE-02R-6a8bab42345cf933,SCAN-02R-af1610dac9676d6c,raw_scan_ID_consistency,pass,0,filename compared with raw header scan ID
EXP-TAIPAN-001,FILE-02R-6a8bab42345cf933,SCAN-02R-af1610dac9676d6c,readability,pass,0,strict UTF-8 decoded
EXP-TAIPAN-001,FILE-02R-6a8bab42345cf933,SCAN-02R-af1610dac9676d6c,timestamp_validity,pass,0,header timestamps; timezone unrecorded
EXP-TAIPAN-001,FILE-02R-6b300108d97c50d7,SCAN-02R-4979cab4b4eed413,UB_parse,pass,0,UB-02R-c7cdba07fed2dfd7
EXP-TAIPAN-001,FILE-02R-6b300108d97c50d7,SCAN-02R-4979cab4b4eed413,all_declared_fields_preserved,pass,0,wide plus auxiliary exhaustive by declared index
EXP-TAIPAN-001,FILE-02R-6b300108d97c50d7,SCAN-02R-4979cab4b4eed413,count_control_semantics,pass,0,monitor_controlled
EXP-TAIPAN-001,FILE-02R-6b300108d97c50d7,SCAN-02R-4979cab4b4eed413,declared_actual_column_count,pass,0,59
EXP-TAIPAN-001,FILE-02R-6b300108d97c50d7,SCAN-02R-4979cab4b4eed413,detector_monitor_time_numeric_validity,pass,0,finite Decimal tokens; no correction
EXP-TAIPAN-001,FILE-02R-6b300108d97c50d7,SCAN-02R-4979cab4b4eed413,energy_relation,pass,0,verified_global
EXP-TAIPAN-001,FILE-02R-6b300108d97c50d7,SCAN-02R-4979cab4b4eed413,format_identity,pass,0,FMT-02R-fb75879b9023
EXP-TAIPAN-001,FILE-02R-6b300108d97c50d7,SCAN-02R-4979cab4b4eed413,header_parsing,pass,0,ordered raw records retained
EXP-TAIPAN-001,FILE-02R-6b300108d97c50d7,SCAN-02R-4979cab4b4eed413,lattice_parse,pass,0,LAT-02R-517a9644e4f59287
EXP-TAIPAN-001,FILE-02R-6b300108d97c50d7,SCAN-02R-4979cab4b4eed413,numeric_block_parsing,pass,0,one nonempty contiguous block
EXP-TAIPAN-001,FILE-02R-6b300108d97c50d7,SCAN-02R-4979cab4b4eed413,point_count_reconciliation,pass,0,16
EXP-TAIPAN-001,FILE-02R-6b300108d97c50d7,SCAN-02R-4979cab4b4eed413,raw_scan_ID_consistency,pass,0,filename compared with raw header scan ID
EXP-TAIPAN-001,FILE-02R-6b300108d97c50d7,SCAN-02R-4979cab4b4eed413,readability,pass,0,strict UTF-8 decoded
EXP-TAIPAN-001,FILE-02R-6b300108d97c50d7,SCAN-02R-4979cab4b4eed413,timestamp_validity,pass,0,header timestamps; timezone unrecorded
EXP-TAIPAN-001,FILE-02R-6dcf21ad3b5ea3ee,SCAN-02R-d934969a642de523,UB_parse,pass,0,UB-02R-c7cdba07fed2dfd7
EXP-TAIPAN-001,FILE-02R-6dcf21ad3b5ea3ee,SCAN-02R-d934969a642de523,all_declared_fields_preserved,pass,0,wide plus auxiliary exhaustive by declared index
EXP-TAIPAN-001,FILE-02R-6dcf21ad3b5ea3ee,SCAN-02R-d934969a642de523,count_control_semantics,pass,0,monitor_controlled
EXP-TAIPAN-001,FILE-02R-6dcf21ad3b5ea3ee,SCAN-02R-d934969a642de523,declared_actual_column_count,pass,0,57
EXP-TAIPAN-001,FILE-02R-6dcf21ad3b5ea3ee,SCAN-02R-d934969a642de523,detector_monitor_time_numeric_validity,pass,0,finite Decimal tokens; no correction
EXP-TAIPAN-001,FILE-02R-6dcf21ad3b5ea3ee,SCAN-02R-d934969a642de523,energy_relation,pass,0,verified_global
EXP-TAIPAN-001,FILE-02R-6dcf21ad3b5ea3ee,SCAN-02R-d934969a642de523,format_identity,pass,0,FMT-02R-029bacfa64d8
EXP-TAIPAN-001,FILE-02R-6dcf21ad3b5ea3ee,SCAN-02R-d934969a642de523,header_parsing,pass,0,ordered raw records retained
EXP-TAIPAN-001,FILE-02R-6dcf21ad3b5ea3ee,SCAN-02R-d934969a642de523,lattice_parse,pass,0,LAT-02R-517a9644e4f59287
EXP-TAIPAN-001,FILE-02R-6dcf21ad3b5ea3ee,SCAN-02R-d934969a642de523,numeric_block_parsing,pass,0,one nonempty contiguous block
EXP-TAIPAN-001,FILE-02R-6dcf21ad3b5ea3ee,SCAN-02R-d934969a642de523,point_count_reconciliation,pass,0,13
EXP-TAIPAN-001,FILE-02R-6dcf21ad3b5ea3ee,SCAN-02R-d934969a642de523,raw_scan_ID_consistency,pass,0,filename compared with raw header scan ID
EXP-TAIPAN-001,FILE-02R-6dcf21ad3b5ea3ee,SCAN-02R-d934969a642de523,readability,pass,0,strict UTF-8 decoded
EXP-TAIPAN-001,FILE-02R-6dcf21ad3b5ea3ee,SCAN-02R-d934969a642de523,timestamp_validity,pass,0,header timestamps; timezone unrecorded
EXP-TAIPAN-001,FILE-02R-759b1548e2848432,SCAN-02R-0f8fb12fa9acc5a9,UB_parse,pass,0,UB-02R-c7cdba07fed2dfd7
EXP-TAIPAN-001,FILE-02R-759b1548e2848432,SCAN-02R-0f8fb12fa9acc5a9,all_declared_fields_preserved,pass,0,wide plus auxiliary exhaustive by declared index
EXP-TAIPAN-001,FILE-02R-759b1548e2848432,SCAN-02R-0f8fb12fa9acc5a9,count_control_semantics,pass,0,time_controlled
EXP-TAIPAN-001,FILE-02R-759b1548e2848432,SCAN-02R-0f8fb12fa9acc5a9,declared_actual_column_count,pass,0,59
EXP-TAIPAN-001,FILE-02R-759b1548e2848432,SCAN-02R-0f8fb12fa9acc5a9,detector_monitor_time_numeric_validity,pass,0,finite Decimal tokens; no correction
EXP-TAIPAN-001,FILE-02R-759b1548e2848432,SCAN-02R-0f8fb12fa9acc5a9,energy_relation,pass,0,verified_global
EXP-TAIPAN-001,FILE-02R-759b1548e2848432,SCAN-02R-0f8fb12fa9acc5a9,format_identity,pass,0,FMT-02R-fb75879b9023
EXP-TAIPAN-001,FILE-02R-759b1548e2848432,SCAN-02R-0f8fb12fa9acc5a9,header_parsing,pass,0,ordered raw records retained
EXP-TAIPAN-001,FILE-02R-759b1548e2848432,SCAN-02R-0f8fb12fa9acc5a9,lattice_parse,pass,0,LAT-02R-517a9644e4f59287
EXP-TAIPAN-001,FILE-02R-759b1548e2848432,SCAN-02R-0f8fb12fa9acc5a9,numeric_block_parsing,pass,0,one nonempty contiguous block
EXP-TAIPAN-001,FILE-02R-759b1548e2848432,SCAN-02R-0f8fb12fa9acc5a9,point_count_reconciliation,pass,0,1
EXP-TAIPAN-001,FILE-02R-759b1548e2848432,SCAN-02R-0f8fb12fa9acc5a9,raw_scan_ID_consistency,pass,0,filename compared with raw header scan ID
EXP-TAIPAN-001,FILE-02R-759b1548e2848432,SCAN-02R-0f8fb12fa9acc5a9,readability,pass,0,strict UTF-8 decoded
EXP-TAIPAN-001,FILE-02R-759b1548e2848432,SCAN-02R-0f8fb12fa9acc5a9,timestamp_validity,pass,0,header timestamps; timezone unrecorded
EXP-TAIPAN-001,FILE-02R-794180199909af6d,SCAN-02R-51cfd518e3a0c6ec,UB_parse,pass,0,UB-02R-c7cdba07fed2dfd7
EXP-TAIPAN-001,FILE-02R-794180199909af6d,SCAN-02R-51cfd518e3a0c6ec,all_declared_fields_preserved,pass,0,wide plus auxiliary exhaustive by declared index
EXP-TAIPAN-001,FILE-02R-794180199909af6d,SCAN-02R-51cfd518e3a0c6ec,count_control_semantics,pass,0,time_controlled
EXP-TAIPAN-001,FILE-02R-794180199909af6d,SCAN-02R-51cfd518e3a0c6ec,declared_actual_column_count,pass,0,58
EXP-TAIPAN-001,FILE-02R-794180199909af6d,SCAN-02R-51cfd518e3a0c6ec,detector_monitor_time_numeric_validity,pass,0,finite Decimal tokens; no correction
EXP-TAIPAN-001,FILE-02R-794180199909af6d,SCAN-02R-51cfd518e3a0c6ec,energy_relation,pass,0,verified_global
EXP-TAIPAN-001,FILE-02R-794180199909af6d,SCAN-02R-51cfd518e3a0c6ec,format_identity,pass,0,FMT-02R-00e53630cd36
EXP-TAIPAN-001,FILE-02R-794180199909af6d,SCAN-02R-51cfd518e3a0c6ec,header_parsing,pass,0,ordered raw records retained
EXP-TAIPAN-001,FILE-02R-794180199909af6d,SCAN-02R-51cfd518e3a0c6ec,lattice_parse,pass,0,LAT-02R-517a9644e4f59287
EXP-TAIPAN-001,FILE-02R-794180199909af6d,SCAN-02R-51cfd518e3a0c6ec,numeric_block_parsing,pass,0,one nonempty contiguous block
EXP-TAIPAN-001,FILE-02R-794180199909af6d,SCAN-02R-51cfd518e3a0c6ec,point_count_reconciliation,pass,0,21
EXP-TAIPAN-001,FILE-02R-794180199909af6d,SCAN-02R-51cfd518e3a0c6ec,raw_scan_ID_consistency,pass,0,filename compared with raw header scan ID
EXP-TAIPAN-001,FILE-02R-794180199909af6d,SCAN-02R-51cfd518e3a0c6ec,readability,pass,0,strict UTF-8 decoded
EXP-TAIPAN-001,FILE-02R-794180199909af6d,SCAN-02R-51cfd518e3a0c6ec,timestamp_validity,pass,0,header timestamps; timezone unrecorded
EXP-TAIPAN-001,FILE-02R-7987b5c1b8836d69,SCAN-02R-91f840c137c7a43c,UB_parse,pass,0,UB-02R-c7cdba07fed2dfd7
EXP-TAIPAN-001,FILE-02R-7987b5c1b8836d69,SCAN-02R-91f840c137c7a43c,all_declared_fields_preserved,pass,0,wide plus auxiliary exhaustive by declared index
EXP-TAIPAN-001,FILE-02R-7987b5c1b8836d69,SCAN-02R-91f840c137c7a43c,count_control_semantics,pass,0,monitor_controlled
EXP-TAIPAN-001,FILE-02R-7987b5c1b8836d69,SCAN-02R-91f840c137c7a43c,declared_actual_column_count,pass,0,59
EXP-TAIPAN-001,FILE-02R-7987b5c1b8836d69,SCAN-02R-91f840c137c7a43c,detector_monitor_time_numeric_validity,pass,0,finite Decimal tokens; no correction
EXP-TAIPAN-001,FILE-02R-7987b5c1b8836d69,SCAN-02R-91f840c137c7a43c,energy_relation,pass,0,verified_global
EXP-TAIPAN-001,FILE-02R-7987b5c1b8836d69,SCAN-02R-91f840c137c7a43c,format_identity,pass,0,FMT-02R-06137a7de1ad
EXP-TAIPAN-001,FILE-02R-7987b5c1b8836d69,SCAN-02R-91f840c137c7a43c,header_parsing,pass,0,ordered raw records retained
EXP-TAIPAN-001,FILE-02R-7987b5c1b8836d69,SCAN-02R-91f840c137c7a43c,lattice_parse,pass,0,LAT-02R-517a9644e4f59287
EXP-TAIPAN-001,FILE-02R-7987b5c1b8836d69,SCAN-02R-91f840c137c7a43c,numeric_block_parsing,pass,0,one nonempty contiguous block
EXP-TAIPAN-001,FILE-02R-7987b5c1b8836d69,SCAN-02R-91f840c137c7a43c,point_count_reconciliation,pass,0,56
EXP-TAIPAN-001,FILE-02R-7987b5c1b8836d69,SCAN-02R-91f840c137c7a43c,raw_scan_ID_consistency,pass,0,filename compared with raw header scan ID
EXP-TAIPAN-001,FILE-02R-7987b5c1b8836d69,SCAN-02R-91f840c137c7a43c,readability,pass,0,strict UTF-8 decoded
EXP-TAIPAN-001,FILE-02R-7987b5c1b8836d69,SCAN-02R-91f840c137c7a43c,timestamp_validity,pass,0,header timestamps; timezone unrecorded
EXP-TAIPAN-001,FILE-02R-79943ebb90eea890,SCAN-02R-ebc55d8b20e3cec0,UB_parse,pass,0,UB-02R-c7cdba07fed2dfd7
EXP-TAIPAN-001,FILE-02R-79943ebb90eea890,SCAN-02R-ebc55d8b20e3cec0,all_declared_fields_preserved,pass,0,wide plus auxiliary exhaustive by declared index
EXP-TAIPAN-001,FILE-02R-79943ebb90eea890,SCAN-02R-ebc55d8b20e3cec0,count_control_semantics,pass,0,monitor_controlled
EXP-TAIPAN-001,FILE-02R-79943ebb90eea890,SCAN-02R-ebc55d8b20e3cec0,declared_actual_column_count,pass,0,59
EXP-TAIPAN-001,FILE-02R-79943ebb90eea890,SCAN-02R-ebc55d8b20e3cec0,detector_monitor_time_numeric_validity,pass,0,finite Decimal tokens; no correction
EXP-TAIPAN-001,FILE-02R-79943ebb90eea890,SCAN-02R-ebc55d8b20e3cec0,energy_relation,pass,0,verified_global
EXP-TAIPAN-001,FILE-02R-79943ebb90eea890,SCAN-02R-ebc55d8b20e3cec0,format_identity,pass,0,FMT-02R-06137a7de1ad
EXP-TAIPAN-001,FILE-02R-79943ebb90eea890,SCAN-02R-ebc55d8b20e3cec0,header_parsing,pass,0,ordered raw records retained
EXP-TAIPAN-001,FILE-02R-79943ebb90eea890,SCAN-02R-ebc55d8b20e3cec0,lattice_parse,pass,0,LAT-02R-517a9644e4f59287
EXP-TAIPAN-001,FILE-02R-79943ebb90eea890,SCAN-02R-ebc55d8b20e3cec0,numeric_block_parsing,pass,0,one nonempty contiguous block
EXP-TAIPAN-001,FILE-02R-79943ebb90eea890,SCAN-02R-ebc55d8b20e3cec0,point_count_reconciliation,pass,0,56
EXP-TAIPAN-001,FILE-02R-79943ebb90eea890,SCAN-02R-ebc55d8b20e3cec0,raw_scan_ID_consistency,pass,0,filename compared with raw header scan ID
EXP-TAIPAN-001,FILE-02R-79943ebb90eea890,SCAN-02R-ebc55d8b20e3cec0,readability,pass,0,strict UTF-8 decoded
EXP-TAIPAN-001,FILE-02R-79943ebb90eea890,SCAN-02R-ebc55d8b20e3cec0,timestamp_validity,pass,0,header timestamps; timezone unrecorded
EXP-TAIPAN-001,FILE-02R-79cf8c5a8e4232ec,SCAN-02R-3f903a520f921d83,UB_parse,pass,0,UB-02R-c7cdba07fed2dfd7
EXP-TAIPAN-001,FILE-02R-79cf8c5a8e4232ec,SCAN-02R-3f903a520f921d83,all_declared_fields_preserved,pass,0,wide plus auxiliary exhaustive by declared index
EXP-TAIPAN-001,FILE-02R-79cf8c5a8e4232ec,SCAN-02R-3f903a520f921d83,count_control_semantics,pass,0,monitor_controlled
EXP-TAIPAN-001,FILE-02R-79cf8c5a8e4232ec,SCAN-02R-3f903a520f921d83,declared_actual_column_count,pass,0,59
EXP-TAIPAN-001,FILE-02R-79cf8c5a8e4232ec,SCAN-02R-3f903a520f921d83,detector_monitor_time_numeric_validity,pass,0,finite Decimal tokens; no correction
EXP-TAIPAN-001,FILE-02R-79cf8c5a8e4232ec,SCAN-02R-3f903a520f921d83,energy_relation,pass,0,verified_global
EXP-TAIPAN-001,FILE-02R-79cf8c5a8e4232ec,SCAN-02R-3f903a520f921d83,format_identity,pass,0,FMT-02R-06137a7de1ad
EXP-TAIPAN-001,FILE-02R-79cf8c5a8e4232ec,SCAN-02R-3f903a520f921d83,header_parsing,pass,0,ordered raw records retained
EXP-TAIPAN-001,FILE-02R-79cf8c5a8e4232ec,SCAN-02R-3f903a520f921d83,lattice_parse,pass,0,LAT-02R-517a9644e4f59287
EXP-TAIPAN-001,FILE-02R-79cf8c5a8e4232ec,SCAN-02R-3f903a520f921d83,numeric_block_parsing,pass,0,one nonempty contiguous block
EXP-TAIPAN-001,FILE-02R-79cf8c5a8e4232ec,SCAN-02R-3f903a520f921d83,point_count_reconciliation,pass,0,26
EXP-TAIPAN-001,FILE-02R-79cf8c5a8e4232ec,SCAN-02R-3f903a520f921d83,raw_scan_ID_consistency,pass,0,filename compared with raw header scan ID
EXP-TAIPAN-001,FILE-02R-79cf8c5a8e4232ec,SCAN-02R-3f903a520f921d83,readability,pass,0,strict UTF-8 decoded
EXP-TAIPAN-001,FILE-02R-79cf8c5a8e4232ec,SCAN-02R-3f903a520f921d83,timestamp_validity,pass,0,header timestamps; timezone unrecorded
EXP-TAIPAN-001,FILE-02R-7adfcda5fa810ed3,SCAN-02R-c18c53ef408b1d89,UB_parse,pass,0,UB-02R-1d710a6baa059bbb
EXP-TAIPAN-001,FILE-02R-7adfcda5fa810ed3,SCAN-02R-c18c53ef408b1d89,all_declared_fields_preserved,pass,0,wide plus auxiliary exhaustive by declared index
EXP-TAIPAN-001,FILE-02R-7adfcda5fa810ed3,SCAN-02R-c18c53ef408b1d89,count_control_semantics,pass,0,time_controlled
EXP-TAIPAN-001,FILE-02R-7adfcda5fa810ed3,SCAN-02R-c18c53ef408b1d89,declared_actual_column_count,pass,0,59
EXP-TAIPAN-001,FILE-02R-7adfcda5fa810ed3,SCAN-02R-c18c53ef408b1d89,detector_monitor_time_numeric_validity,pass,0,finite Decimal tokens; no correction
EXP-TAIPAN-001,FILE-02R-7adfcda5fa810ed3,SCAN-02R-c18c53ef408b1d89,energy_relation,pass,0,verified_global
EXP-TAIPAN-001,FILE-02R-7adfcda5fa810ed3,SCAN-02R-c18c53ef408b1d89,format_identity,pass,0,FMT-02R-fb75879b9023
EXP-TAIPAN-001,FILE-02R-7adfcda5fa810ed3,SCAN-02R-c18c53ef408b1d89,header_parsing,pass,0,ordered raw records retained
EXP-TAIPAN-001,FILE-02R-7adfcda5fa810ed3,SCAN-02R-c18c53ef408b1d89,lattice_parse,pass,0,LAT-02R-ae4c74e47a033f66
EXP-TAIPAN-001,FILE-02R-7adfcda5fa810ed3,SCAN-02R-c18c53ef408b1d89,numeric_block_parsing,pass,0,one nonempty contiguous block
EXP-TAIPAN-001,FILE-02R-7adfcda5fa810ed3,SCAN-02R-c18c53ef408b1d89,point_count_reconciliation,pass,0,21
EXP-TAIPAN-001,FILE-02R-7adfcda5fa810ed3,SCAN-02R-c18c53ef408b1d89,raw_scan_ID_consistency,pass,0,filename compared with raw header scan ID
EXP-TAIPAN-001,FILE-02R-7adfcda5fa810ed3,SCAN-02R-c18c53ef408b1d89,readability,pass,0,strict UTF-8 decoded
EXP-TAIPAN-001,FILE-02R-7adfcda5fa810ed3,SCAN-02R-c18c53ef408b1d89,timestamp_validity,pass,0,header timestamps; timezone unrecorded
EXP-TAIPAN-001,FILE-02R-7b4c7320a63d5cd3,SCAN-02R-dc90a5b672d54c2c,UB_parse,pass,0,UB-02R-c7cdba07fed2dfd7
EXP-TAIPAN-001,FILE-02R-7b4c7320a63d5cd3,SCAN-02R-dc90a5b672d54c2c,all_declared_fields_preserved,pass,0,wide plus auxiliary exhaustive by declared index
EXP-TAIPAN-001,FILE-02R-7b4c7320a63d5cd3,SCAN-02R-dc90a5b672d54c2c,count_control_semantics,pass,0,time_controlled
EXP-TAIPAN-001,FILE-02R-7b4c7320a63d5cd3,SCAN-02R-dc90a5b672d54c2c,declared_actual_column_count,pass,0,58
EXP-TAIPAN-001,FILE-02R-7b4c7320a63d5cd3,SCAN-02R-dc90a5b672d54c2c,detector_monitor_time_numeric_validity,pass,0,finite Decimal tokens; no correction
EXP-TAIPAN-001,FILE-02R-7b4c7320a63d5cd3,SCAN-02R-dc90a5b672d54c2c,energy_relation,pass,0,verified_global
EXP-TAIPAN-001,FILE-02R-7b4c7320a63d5cd3,SCAN-02R-dc90a5b672d54c2c,format_identity,pass,0,FMT-02R-365d8346d6ba
EXP-TAIPAN-001,FILE-02R-7b4c7320a63d5cd3,SCAN-02R-dc90a5b672d54c2c,header_parsing,pass,0,ordered raw records retained
EXP-TAIPAN-001,FILE-02R-7b4c7320a63d5cd3,SCAN-02R-dc90a5b672d54c2c,lattice_parse,pass,0,LAT-02R-517a9644e4f59287
EXP-TAIPAN-001,FILE-02R-7b4c7320a63d5cd3,SCAN-02R-dc90a5b672d54c2c,numeric_block_parsing,pass,0,one nonempty contiguous block
EXP-TAIPAN-001,FILE-02R-7b4c7320a63d5cd3,SCAN-02R-dc90a5b672d54c2c,point_count_reconciliation,pass,0,21
EXP-TAIPAN-001,FILE-02R-7b4c7320a63d5cd3,SCAN-02R-dc90a5b672d54c2c,raw_scan_ID_consistency,pass,0,filename compared with raw header scan ID
EXP-TAIPAN-001,FILE-02R-7b4c7320a63d5cd3,SCAN-02R-dc90a5b672d54c2c,readability,pass,0,strict UTF-8 decoded
EXP-TAIPAN-001,FILE-02R-7b4c7320a63d5cd3,SCAN-02R-dc90a5b672d54c2c,timestamp_validity,pass,0,header timestamps; timezone unrecorded
EXP-TAIPAN-001,FILE-02R-7becabec9104d679,SCAN-02R-51f6ed2eb7632349,UB_parse,pass,0,UB-02R-c7cdba07fed2dfd7
EXP-TAIPAN-001,FILE-02R-7becabec9104d679,SCAN-02R-51f6ed2eb7632349,all_declared_fields_preserved,pass,0,wide plus auxiliary exhaustive by declared index
EXP-TAIPAN-001,FILE-02R-7becabec9104d679,SCAN-02R-51f6ed2eb7632349,count_control_semantics,pass,0,monitor_controlled
EXP-TAIPAN-001,FILE-02R-7becabec9104d679,SCAN-02R-51f6ed2eb7632349,declared_actual_column_count,pass,0,59
EXP-TAIPAN-001,FILE-02R-7becabec9104d679,SCAN-02R-51f6ed2eb7632349,detector_monitor_time_numeric_validity,pass,0,finite Decimal tokens; no correction
EXP-TAIPAN-001,FILE-02R-7becabec9104d679,SCAN-02R-51f6ed2eb7632349,energy_relation,pass,0,verified_global
EXP-TAIPAN-001,FILE-02R-7becabec9104d679,SCAN-02R-51f6ed2eb7632349,format_identity,pass,0,FMT-02R-06137a7de1ad
EXP-TAIPAN-001,FILE-02R-7becabec9104d679,SCAN-02R-51f6ed2eb7632349,header_parsing,pass,0,ordered raw records retained
EXP-TAIPAN-001,FILE-02R-7becabec9104d679,SCAN-02R-51f6ed2eb7632349,lattice_parse,pass,0,LAT-02R-517a9644e4f59287
EXP-TAIPAN-001,FILE-02R-7becabec9104d679,SCAN-02R-51f6ed2eb7632349,numeric_block_parsing,pass,0,one nonempty contiguous block
EXP-TAIPAN-001,FILE-02R-7becabec9104d679,SCAN-02R-51f6ed2eb7632349,point_count_reconciliation,pass,0,46
EXP-TAIPAN-001,FILE-02R-7becabec9104d679,SCAN-02R-51f6ed2eb7632349,raw_scan_ID_consistency,pass,0,filename compared with raw header scan ID
EXP-TAIPAN-001,FILE-02R-7becabec9104d679,SCAN-02R-51f6ed2eb7632349,readability,pass,0,strict UTF-8 decoded
EXP-TAIPAN-001,FILE-02R-7becabec9104d679,SCAN-02R-51f6ed2eb7632349,timestamp_validity,pass,0,header timestamps; timezone unrecorded
EXP-TAIPAN-001,FILE-02R-7cd079bcfb286b69,SCAN-02R-a4d537ac569af0ba,UB_parse,pass,0,UB-02R-397acad65dd9e384
EXP-TAIPAN-001,FILE-02R-7cd079bcfb286b69,SCAN-02R-a4d537ac569af0ba,all_declared_fields_preserved,pass,0,wide plus auxiliary exhaustive by declared index
EXP-TAIPAN-001,FILE-02R-7cd079bcfb286b69,SCAN-02R-a4d537ac569af0ba,count_control_semantics,pass,0,time_controlled
EXP-TAIPAN-001,FILE-02R-7cd079bcfb286b69,SCAN-02R-a4d537ac569af0ba,declared_actual_column_count,pass,0,58
EXP-TAIPAN-001,FILE-02R-7cd079bcfb286b69,SCAN-02R-a4d537ac569af0ba,detector_monitor_time_numeric_validity,pass,0,finite Decimal tokens; no correction
EXP-TAIPAN-001,FILE-02R-7cd079bcfb286b69,SCAN-02R-a4d537ac569af0ba,energy_relation,pass,0,verified_global
EXP-TAIPAN-001,FILE-02R-7cd079bcfb286b69,SCAN-02R-a4d537ac569af0ba,format_identity,pass,0,FMT-02R-de66a609ccd2
EXP-TAIPAN-001,FILE-02R-7cd079bcfb286b69,SCAN-02R-a4d537ac569af0ba,header_parsing,pass,0,ordered raw records retained
EXP-TAIPAN-001,FILE-02R-7cd079bcfb286b69,SCAN-02R-a4d537ac569af0ba,lattice_parse,pass,0,LAT-02R-ae4c74e47a033f66
EXP-TAIPAN-001,FILE-02R-7cd079bcfb286b69,SCAN-02R-a4d537ac569af0ba,numeric_block_parsing,pass,0,one nonempty contiguous block
EXP-TAIPAN-001,FILE-02R-7cd079bcfb286b69,SCAN-02R-a4d537ac569af0ba,point_count_reconciliation,pass,0,61
EXP-TAIPAN-001,FILE-02R-7cd079bcfb286b69,SCAN-02R-a4d537ac569af0ba,raw_scan_ID_consistency,pass,0,filename compared with raw header scan ID
EXP-TAIPAN-001,FILE-02R-7cd079bcfb286b69,SCAN-02R-a4d537ac569af0ba,readability,pass,0,strict UTF-8 decoded
EXP-TAIPAN-001,FILE-02R-7cd079bcfb286b69,SCAN-02R-a4d537ac569af0ba,timestamp_validity,pass,0,header timestamps; timezone unrecorded
EXP-TAIPAN-001,FILE-02R-7cec5631778ed46c,SCAN-02R-097d0c674875ad7d,UB_parse,pass,0,UB-02R-397acad65dd9e384
EXP-TAIPAN-001,FILE-02R-7cec5631778ed46c,SCAN-02R-097d0c674875ad7d,all_declared_fields_preserved,pass,0,wide plus auxiliary exhaustive by declared index
EXP-TAIPAN-001,FILE-02R-7cec5631778ed46c,SCAN-02R-097d0c674875ad7d,count_control_semantics,pass,0,time_controlled
EXP-TAIPAN-001,FILE-02R-7cec5631778ed46c,SCAN-02R-097d0c674875ad7d,declared_actual_column_count,pass,0,61
EXP-TAIPAN-001,FILE-02R-7cec5631778ed46c,SCAN-02R-097d0c674875ad7d,detector_monitor_time_numeric_validity,pass,0,finite Decimal tokens; no correction
EXP-TAIPAN-001,FILE-02R-7cec5631778ed46c,SCAN-02R-097d0c674875ad7d,energy_relation,pass,0,verified_global
EXP-TAIPAN-001,FILE-02R-7cec5631778ed46c,SCAN-02R-097d0c674875ad7d,format_identity,pass,0,FMT-02R-a96f4c9633b6
EXP-TAIPAN-001,FILE-02R-7cec5631778ed46c,SCAN-02R-097d0c674875ad7d,header_parsing,pass,0,ordered raw records retained
EXP-TAIPAN-001,FILE-02R-7cec5631778ed46c,SCAN-02R-097d0c674875ad7d,lattice_parse,pass,0,LAT-02R-ae4c74e47a033f66
EXP-TAIPAN-001,FILE-02R-7cec5631778ed46c,SCAN-02R-097d0c674875ad7d,numeric_block_parsing,pass,0,one nonempty contiguous block
EXP-TAIPAN-001,FILE-02R-7cec5631778ed46c,SCAN-02R-097d0c674875ad7d,point_count_reconciliation,pass,0,21
EXP-TAIPAN-001,FILE-02R-7cec5631778ed46c,SCAN-02R-097d0c674875ad7d,raw_scan_ID_consistency,pass,0,filename compared with raw header scan ID
EXP-TAIPAN-001,FILE-02R-7cec5631778ed46c,SCAN-02R-097d0c674875ad7d,readability,pass,0,strict UTF-8 decoded
EXP-TAIPAN-001,FILE-02R-7cec5631778ed46c,SCAN-02R-097d0c674875ad7d,timestamp_validity,pass,0,header timestamps; timezone unrecorded
EXP-TAIPAN-001,FILE-02R-7d4ff218c97d28d4,SCAN-02R-5467ba1e21b73319,UB_parse,pass,0,UB-02R-c7cdba07fed2dfd7
EXP-TAIPAN-001,FILE-02R-7d4ff218c97d28d4,SCAN-02R-5467ba1e21b73319,all_declared_fields_preserved,pass,0,wide plus auxiliary exhaustive by declared index
EXP-TAIPAN-001,FILE-02R-7d4ff218c97d28d4,SCAN-02R-5467ba1e21b73319,count_control_semantics,pass,0,monitor_controlled
EXP-TAIPAN-001,FILE-02R-7d4ff218c97d28d4,SCAN-02R-5467ba1e21b73319,declared_actual_column_count,pass,0,57
EXP-TAIPAN-001,FILE-02R-7d4ff218c97d28d4,SCAN-02R-5467ba1e21b73319,detector_monitor_time_numeric_validity,pass,0,finite Decimal tokens; no correction
EXP-TAIPAN-001,FILE-02R-7d4ff218c97d28d4,SCAN-02R-5467ba1e21b73319,energy_relation,pass,0,verified_global
EXP-TAIPAN-001,FILE-02R-7d4ff218c97d28d4,SCAN-02R-5467ba1e21b73319,format_identity,pass,0,FMT-02R-35f17153f38f
EXP-TAIPAN-001,FILE-02R-7d4ff218c97d28d4,SCAN-02R-5467ba1e21b73319,header_parsing,pass,0,ordered raw records retained
EXP-TAIPAN-001,FILE-02R-7d4ff218c97d28d4,SCAN-02R-5467ba1e21b73319,lattice_parse,pass,0,LAT-02R-517a9644e4f59287
EXP-TAIPAN-001,FILE-02R-7d4ff218c97d28d4,SCAN-02R-5467ba1e21b73319,numeric_block_parsing,pass,0,one nonempty contiguous block
EXP-TAIPAN-001,FILE-02R-7d4ff218c97d28d4,SCAN-02R-5467ba1e21b73319,point_count_reconciliation,pass,0,15
EXP-TAIPAN-001,FILE-02R-7d4ff218c97d28d4,SCAN-02R-5467ba1e21b73319,raw_scan_ID_consistency,pass,0,filename compared with raw header scan ID
EXP-TAIPAN-001,FILE-02R-7d4ff218c97d28d4,SCAN-02R-5467ba1e21b73319,readability,pass,0,strict UTF-8 decoded
EXP-TAIPAN-001,FILE-02R-7d4ff218c97d28d4,SCAN-02R-5467ba1e21b73319,timestamp_validity,pass,0,header timestamps; timezone unrecorded
EXP-TAIPAN-001,FILE-02R-7d8d4710d9fda42d,SCAN-02R-88b013f641209af6,UB_parse,pass,0,UB-02R-c7cdba07fed2dfd7
EXP-TAIPAN-001,FILE-02R-7d8d4710d9fda42d,SCAN-02R-88b013f641209af6,all_declared_fields_preserved,pass,0,wide plus auxiliary exhaustive by declared index
EXP-TAIPAN-001,FILE-02R-7d8d4710d9fda42d,SCAN-02R-88b013f641209af6,count_control_semantics,pass,0,monitor_controlled
EXP-TAIPAN-001,FILE-02R-7d8d4710d9fda42d,SCAN-02R-88b013f641209af6,declared_actual_column_count,pass,0,59
EXP-TAIPAN-001,FILE-02R-7d8d4710d9fda42d,SCAN-02R-88b013f641209af6,detector_monitor_time_numeric_validity,pass,0,finite Decimal tokens; no correction
EXP-TAIPAN-001,FILE-02R-7d8d4710d9fda42d,SCAN-02R-88b013f641209af6,energy_relation,pass,0,verified_global
EXP-TAIPAN-001,FILE-02R-7d8d4710d9fda42d,SCAN-02R-88b013f641209af6,format_identity,pass,0,FMT-02R-06137a7de1ad
EXP-TAIPAN-001,FILE-02R-7d8d4710d9fda42d,SCAN-02R-88b013f641209af6,header_parsing,pass,0,ordered raw records retained
EXP-TAIPAN-001,FILE-02R-7d8d4710d9fda42d,SCAN-02R-88b013f641209af6,lattice_parse,pass,0,LAT-02R-517a9644e4f59287
EXP-TAIPAN-001,FILE-02R-7d8d4710d9fda42d,SCAN-02R-88b013f641209af6,numeric_block_parsing,pass,0,one nonempty contiguous block
EXP-TAIPAN-001,FILE-02R-7d8d4710d9fda42d,SCAN-02R-88b013f641209af6,point_count_reconciliation,pass,0,5
EXP-TAIPAN-001,FILE-02R-7d8d4710d9fda42d,SCAN-02R-88b013f641209af6,raw_scan_ID_consistency,pass,0,filename compared with raw header scan ID
EXP-TAIPAN-001,FILE-02R-7d8d4710d9fda42d,SCAN-02R-88b013f641209af6,readability,pass,0,strict UTF-8 decoded
EXP-TAIPAN-001,FILE-02R-7d8d4710d9fda42d,SCAN-02R-88b013f641209af6,timestamp_validity,pass,0,header timestamps; timezone unrecorded
EXP-TAIPAN-001,FILE-02R-805bf0b29dd5a40f,SCAN-02R-ae86f327e3ed5623,UB_parse,pass,0,UB-02R-c7cdba07fed2dfd7
EXP-TAIPAN-001,FILE-02R-805bf0b29dd5a40f,SCAN-02R-ae86f327e3ed5623,all_declared_fields_preserved,pass,0,wide plus auxiliary exhaustive by declared index
EXP-TAIPAN-001,FILE-02R-805bf0b29dd5a40f,SCAN-02R-ae86f327e3ed5623,count_control_semantics,pass,0,monitor_controlled
EXP-TAIPAN-001,FILE-02R-805bf0b29dd5a40f,SCAN-02R-ae86f327e3ed5623,declared_actual_column_count,pass,0,59
EXP-TAIPAN-001,FILE-02R-805bf0b29dd5a40f,SCAN-02R-ae86f327e3ed5623,detector_monitor_time_numeric_validity,pass,0,finite Decimal tokens; no correction
EXP-TAIPAN-001,FILE-02R-805bf0b29dd5a40f,SCAN-02R-ae86f327e3ed5623,energy_relation,pass,0,verified_global
EXP-TAIPAN-001,FILE-02R-805bf0b29dd5a40f,SCAN-02R-ae86f327e3ed5623,format_identity,pass,0,FMT-02R-06137a7de1ad
EXP-TAIPAN-001,FILE-02R-805bf0b29dd5a40f,SCAN-02R-ae86f327e3ed5623,header_parsing,pass,0,ordered raw records retained
EXP-TAIPAN-001,FILE-02R-805bf0b29dd5a40f,SCAN-02R-ae86f327e3ed5623,lattice_parse,pass,0,LAT-02R-517a9644e4f59287
EXP-TAIPAN-001,FILE-02R-805bf0b29dd5a40f,SCAN-02R-ae86f327e3ed5623,numeric_block_parsing,pass,0,one nonempty contiguous block
EXP-TAIPAN-001,FILE-02R-805bf0b29dd5a40f,SCAN-02R-ae86f327e3ed5623,point_count_reconciliation,pass,0,26
EXP-TAIPAN-001,FILE-02R-805bf0b29dd5a40f,SCAN-02R-ae86f327e3ed5623,raw_scan_ID_consistency,pass,0,filename compared with raw header scan ID
EXP-TAIPAN-001,FILE-02R-805bf0b29dd5a40f,SCAN-02R-ae86f327e3ed5623,readability,pass,0,strict UTF-8 decoded
EXP-TAIPAN-001,FILE-02R-805bf0b29dd5a40f,SCAN-02R-ae86f327e3ed5623,timestamp_validity,pass,0,header timestamps; timezone unrecorded
EXP-TAIPAN-001,FILE-02R-8520bbc912b86a63,SCAN-02R-32cf60066cdcd074,UB_parse,pass,0,UB-02R-397acad65dd9e384
EXP-TAIPAN-001,FILE-02R-8520bbc912b86a63,SCAN-02R-32cf60066cdcd074,all_declared_fields_preserved,pass,0,wide plus auxiliary exhaustive by declared index
EXP-TAIPAN-001,FILE-02R-8520bbc912b86a63,SCAN-02R-32cf60066cdcd074,count_control_semantics,pass,0,time_controlled
EXP-TAIPAN-001,FILE-02R-8520bbc912b86a63,SCAN-02R-32cf60066cdcd074,declared_actual_column_count,pass,0,58
EXP-TAIPAN-001,FILE-02R-8520bbc912b86a63,SCAN-02R-32cf60066cdcd074,detector_monitor_time_numeric_validity,pass,0,finite Decimal tokens; no correction
EXP-TAIPAN-001,FILE-02R-8520bbc912b86a63,SCAN-02R-32cf60066cdcd074,energy_relation,pass,0,verified_global
EXP-TAIPAN-001,FILE-02R-8520bbc912b86a63,SCAN-02R-32cf60066cdcd074,format_identity,pass,0,FMT-02R-00e53630cd36
EXP-TAIPAN-001,FILE-02R-8520bbc912b86a63,SCAN-02R-32cf60066cdcd074,header_parsing,pass,0,ordered raw records retained
EXP-TAIPAN-001,FILE-02R-8520bbc912b86a63,SCAN-02R-32cf60066cdcd074,lattice_parse,pass,0,LAT-02R-ae4c74e47a033f66
EXP-TAIPAN-001,FILE-02R-8520bbc912b86a63,SCAN-02R-32cf60066cdcd074,numeric_block_parsing,pass,0,one nonempty contiguous block
EXP-TAIPAN-001,FILE-02R-8520bbc912b86a63,SCAN-02R-32cf60066cdcd074,point_count_reconciliation,pass,0,51
EXP-TAIPAN-001,FILE-02R-8520bbc912b86a63,SCAN-02R-32cf60066cdcd074,raw_scan_ID_consistency,pass,0,filename compared with raw header scan ID
EXP-TAIPAN-001,FILE-02R-8520bbc912b86a63,SCAN-02R-32cf60066cdcd074,readability,pass,0,strict UTF-8 decoded
EXP-TAIPAN-001,FILE-02R-8520bbc912b86a63,SCAN-02R-32cf60066cdcd074,timestamp_validity,pass,0,header timestamps; timezone unrecorded
EXP-TAIPAN-001,FILE-02R-871111657c7b0483,SCAN-02R-2f690557cfd20bec,UB_parse,pass,0,UB-02R-c7cdba07fed2dfd7
EXP-TAIPAN-001,FILE-02R-871111657c7b0483,SCAN-02R-2f690557cfd20bec,all_declared_fields_preserved,pass,0,wide plus auxiliary exhaustive by declared index
EXP-TAIPAN-001,FILE-02R-871111657c7b0483,SCAN-02R-2f690557cfd20bec,count_control_semantics,pass,0,monitor_controlled
EXP-TAIPAN-001,FILE-02R-871111657c7b0483,SCAN-02R-2f690557cfd20bec,declared_actual_column_count,pass,0,59
EXP-TAIPAN-001,FILE-02R-871111657c7b0483,SCAN-02R-2f690557cfd20bec,detector_monitor_time_numeric_validity,pass,0,finite Decimal tokens; no correction
EXP-TAIPAN-001,FILE-02R-871111657c7b0483,SCAN-02R-2f690557cfd20bec,energy_relation,pass,0,verified_global
EXP-TAIPAN-001,FILE-02R-871111657c7b0483,SCAN-02R-2f690557cfd20bec,format_identity,pass,0,FMT-02R-06137a7de1ad
EXP-TAIPAN-001,FILE-02R-871111657c7b0483,SCAN-02R-2f690557cfd20bec,header_parsing,pass,0,ordered raw records retained
EXP-TAIPAN-001,FILE-02R-871111657c7b0483,SCAN-02R-2f690557cfd20bec,lattice_parse,pass,0,LAT-02R-517a9644e4f59287
EXP-TAIPAN-001,FILE-02R-871111657c7b0483,SCAN-02R-2f690557cfd20bec,numeric_block_parsing,pass,0,one nonempty contiguous block
EXP-TAIPAN-001,FILE-02R-871111657c7b0483,SCAN-02R-2f690557cfd20bec,point_count_reconciliation,pass,0,26
EXP-TAIPAN-001,FILE-02R-871111657c7b0483,SCAN-02R-2f690557cfd20bec,raw_scan_ID_consistency,pass,0,filename compared with raw header scan ID
EXP-TAIPAN-001,FILE-02R-871111657c7b0483,SCAN-02R-2f690557cfd20bec,readability,pass,0,strict UTF-8 decoded
EXP-TAIPAN-001,FILE-02R-871111657c7b0483,SCAN-02R-2f690557cfd20bec,timestamp_validity,pass,0,header timestamps; timezone unrecorded
EXP-TAIPAN-001,FILE-02R-8ae16df0090d9ece,SCAN-02R-71f68f9554b93f6c,UB_parse,pass,0,UB-02R-397acad65dd9e384
EXP-TAIPAN-001,FILE-02R-8ae16df0090d9ece,SCAN-02R-71f68f9554b93f6c,all_declared_fields_preserved,pass,0,wide plus auxiliary exhaustive by declared index
EXP-TAIPAN-001,FILE-02R-8ae16df0090d9ece,SCAN-02R-71f68f9554b93f6c,count_control_semantics,pass,0,time_controlled
EXP-TAIPAN-001,FILE-02R-8ae16df0090d9ece,SCAN-02R-71f68f9554b93f6c,declared_actual_column_count,pass,0,59
EXP-TAIPAN-001,FILE-02R-8ae16df0090d9ece,SCAN-02R-71f68f9554b93f6c,detector_monitor_time_numeric_validity,pass,0,finite Decimal tokens; no correction
EXP-TAIPAN-001,FILE-02R-8ae16df0090d9ece,SCAN-02R-71f68f9554b93f6c,energy_relation,pass,0,verified_global
EXP-TAIPAN-001,FILE-02R-8ae16df0090d9ece,SCAN-02R-71f68f9554b93f6c,format_identity,pass,0,FMT-02R-fb75879b9023
EXP-TAIPAN-001,FILE-02R-8ae16df0090d9ece,SCAN-02R-71f68f9554b93f6c,header_parsing,pass,0,ordered raw records retained
EXP-TAIPAN-001,FILE-02R-8ae16df0090d9ece,SCAN-02R-71f68f9554b93f6c,lattice_parse,pass,0,LAT-02R-ae4c74e47a033f66
EXP-TAIPAN-001,FILE-02R-8ae16df0090d9ece,SCAN-02R-71f68f9554b93f6c,numeric_block_parsing,pass,0,one nonempty contiguous block
EXP-TAIPAN-001,FILE-02R-8ae16df0090d9ece,SCAN-02R-71f68f9554b93f6c,point_count_reconciliation,pass,0,31
EXP-TAIPAN-001,FILE-02R-8ae16df0090d9ece,SCAN-02R-71f68f9554b93f6c,raw_scan_ID_consistency,pass,0,filename compared with raw header scan ID
EXP-TAIPAN-001,FILE-02R-8ae16df0090d9ece,SCAN-02R-71f68f9554b93f6c,readability,pass,0,strict UTF-8 decoded
EXP-TAIPAN-001,FILE-02R-8ae16df0090d9ece,SCAN-02R-71f68f9554b93f6c,timestamp_validity,pass,0,header timestamps; timezone unrecorded
EXP-TAIPAN-001,FILE-02R-8c648da4a5a0c8a0,SCAN-02R-2161de9a5edbe1bf,UB_parse,pass,0,UB-02R-397acad65dd9e384
EXP-TAIPAN-001,FILE-02R-8c648da4a5a0c8a0,SCAN-02R-2161de9a5edbe1bf,all_declared_fields_preserved,pass,0,wide plus auxiliary exhaustive by declared index
EXP-TAIPAN-001,FILE-02R-8c648da4a5a0c8a0,SCAN-02R-2161de9a5edbe1bf,count_control_semantics,pass,0,time_controlled
EXP-TAIPAN-001,FILE-02R-8c648da4a5a0c8a0,SCAN-02R-2161de9a5edbe1bf,declared_actual_column_count,pass,0,58
EXP-TAIPAN-001,FILE-02R-8c648da4a5a0c8a0,SCAN-02R-2161de9a5edbe1bf,detector_monitor_time_numeric_validity,pass,0,finite Decimal tokens; no correction
EXP-TAIPAN-001,FILE-02R-8c648da4a5a0c8a0,SCAN-02R-2161de9a5edbe1bf,energy_relation,pass,0,verified_global
EXP-TAIPAN-001,FILE-02R-8c648da4a5a0c8a0,SCAN-02R-2161de9a5edbe1bf,format_identity,pass,0,FMT-02R-00e53630cd36
EXP-TAIPAN-001,FILE-02R-8c648da4a5a0c8a0,SCAN-02R-2161de9a5edbe1bf,header_parsing,pass,0,ordered raw records retained
EXP-TAIPAN-001,FILE-02R-8c648da4a5a0c8a0,SCAN-02R-2161de9a5edbe1bf,lattice_parse,pass,0,LAT-02R-ae4c74e47a033f66
EXP-TAIPAN-001,FILE-02R-8c648da4a5a0c8a0,SCAN-02R-2161de9a5edbe1bf,numeric_block_parsing,pass,0,one nonempty contiguous block
EXP-TAIPAN-001,FILE-02R-8c648da4a5a0c8a0,SCAN-02R-2161de9a5edbe1bf,point_count_reconciliation,pass,0,21
EXP-TAIPAN-001,FILE-02R-8c648da4a5a0c8a0,SCAN-02R-2161de9a5edbe1bf,raw_scan_ID_consistency,pass,0,filename compared with raw header scan ID
EXP-TAIPAN-001,FILE-02R-8c648da4a5a0c8a0,SCAN-02R-2161de9a5edbe1bf,readability,pass,0,strict UTF-8 decoded
EXP-TAIPAN-001,FILE-02R-8c648da4a5a0c8a0,SCAN-02R-2161de9a5edbe1bf,timestamp_validity,pass,0,header timestamps; timezone unrecorded
EXP-TAIPAN-001,FILE-02R-8e2c879cefd110cd,SCAN-02R-113d971bbff5b0fe,UB_parse,pass,0,UB-02R-c7cdba07fed2dfd7
EXP-TAIPAN-001,FILE-02R-8e2c879cefd110cd,SCAN-02R-113d971bbff5b0fe,all_declared_fields_preserved,pass,0,wide plus auxiliary exhaustive by declared index
EXP-TAIPAN-001,FILE-02R-8e2c879cefd110cd,SCAN-02R-113d971bbff5b0fe,count_control_semantics,pass,0,time_controlled
EXP-TAIPAN-001,FILE-02R-8e2c879cefd110cd,SCAN-02R-113d971bbff5b0fe,declared_actual_column_count,pass,0,58
EXP-TAIPAN-001,FILE-02R-8e2c879cefd110cd,SCAN-02R-113d971bbff5b0fe,detector_monitor_time_numeric_validity,pass,0,finite Decimal tokens; no correction
EXP-TAIPAN-001,FILE-02R-8e2c879cefd110cd,SCAN-02R-113d971bbff5b0fe,energy_relation,pass,0,verified_global
EXP-TAIPAN-001,FILE-02R-8e2c879cefd110cd,SCAN-02R-113d971bbff5b0fe,format_identity,pass,0,FMT-02R-365d8346d6ba
EXP-TAIPAN-001,FILE-02R-8e2c879cefd110cd,SCAN-02R-113d971bbff5b0fe,header_parsing,pass,0,ordered raw records retained
EXP-TAIPAN-001,FILE-02R-8e2c879cefd110cd,SCAN-02R-113d971bbff5b0fe,lattice_parse,pass,0,LAT-02R-517a9644e4f59287
EXP-TAIPAN-001,FILE-02R-8e2c879cefd110cd,SCAN-02R-113d971bbff5b0fe,numeric_block_parsing,pass,0,one nonempty contiguous block
EXP-TAIPAN-001,FILE-02R-8e2c879cefd110cd,SCAN-02R-113d971bbff5b0fe,point_count_reconciliation,pass,0,21
EXP-TAIPAN-001,FILE-02R-8e2c879cefd110cd,SCAN-02R-113d971bbff5b0fe,raw_scan_ID_consistency,pass,0,filename compared with raw header scan ID
EXP-TAIPAN-001,FILE-02R-8e2c879cefd110cd,SCAN-02R-113d971bbff5b0fe,readability,pass,0,strict UTF-8 decoded
EXP-TAIPAN-001,FILE-02R-8e2c879cefd110cd,SCAN-02R-113d971bbff5b0fe,timestamp_validity,pass,0,header timestamps; timezone unrecorded
EXP-TAIPAN-001,FILE-02R-8e8d6f81d4ae79b3,SCAN-02R-d4d684343e0d7d6c,UB_parse,pass,0,UB-02R-397acad65dd9e384
EXP-TAIPAN-001,FILE-02R-8e8d6f81d4ae79b3,SCAN-02R-d4d684343e0d7d6c,all_declared_fields_preserved,pass,0,wide plus auxiliary exhaustive by declared index
EXP-TAIPAN-001,FILE-02R-8e8d6f81d4ae79b3,SCAN-02R-d4d684343e0d7d6c,count_control_semantics,pass,0,time_controlled
EXP-TAIPAN-001,FILE-02R-8e8d6f81d4ae79b3,SCAN-02R-d4d684343e0d7d6c,declared_actual_column_count,pass,0,58
EXP-TAIPAN-001,FILE-02R-8e8d6f81d4ae79b3,SCAN-02R-d4d684343e0d7d6c,detector_monitor_time_numeric_validity,pass,0,finite Decimal tokens; no correction
EXP-TAIPAN-001,FILE-02R-8e8d6f81d4ae79b3,SCAN-02R-d4d684343e0d7d6c,energy_relation,pass,0,verified_global
EXP-TAIPAN-001,FILE-02R-8e8d6f81d4ae79b3,SCAN-02R-d4d684343e0d7d6c,format_identity,pass,0,FMT-02R-a20370d76087
EXP-TAIPAN-001,FILE-02R-8e8d6f81d4ae79b3,SCAN-02R-d4d684343e0d7d6c,header_parsing,pass,0,ordered raw records retained
EXP-TAIPAN-001,FILE-02R-8e8d6f81d4ae79b3,SCAN-02R-d4d684343e0d7d6c,lattice_parse,pass,0,LAT-02R-ae4c74e47a033f66
EXP-TAIPAN-001,FILE-02R-8e8d6f81d4ae79b3,SCAN-02R-d4d684343e0d7d6c,numeric_block_parsing,pass,0,one nonempty contiguous block
EXP-TAIPAN-001,FILE-02R-8e8d6f81d4ae79b3,SCAN-02R-d4d684343e0d7d6c,point_count_reconciliation,pass,0,21
EXP-TAIPAN-001,FILE-02R-8e8d6f81d4ae79b3,SCAN-02R-d4d684343e0d7d6c,raw_scan_ID_consistency,pass,0,filename compared with raw header scan ID
EXP-TAIPAN-001,FILE-02R-8e8d6f81d4ae79b3,SCAN-02R-d4d684343e0d7d6c,readability,pass,0,strict UTF-8 decoded
EXP-TAIPAN-001,FILE-02R-8e8d6f81d4ae79b3,SCAN-02R-d4d684343e0d7d6c,timestamp_validity,pass,0,header timestamps; timezone unrecorded
EXP-TAIPAN-001,FILE-02R-8ed78b57325efbda,SCAN-02R-abcd8030795bc9cb,UB_parse,pass,0,UB-02R-c7cdba07fed2dfd7
EXP-TAIPAN-001,FILE-02R-8ed78b57325efbda,SCAN-02R-abcd8030795bc9cb,all_declared_fields_preserved,pass,0,wide plus auxiliary exhaustive by declared index
EXP-TAIPAN-001,FILE-02R-8ed78b57325efbda,SCAN-02R-abcd8030795bc9cb,count_control_semantics,pass,0,monitor_controlled
EXP-TAIPAN-001,FILE-02R-8ed78b57325efbda,SCAN-02R-abcd8030795bc9cb,declared_actual_column_count,pass,0,59
EXP-TAIPAN-001,FILE-02R-8ed78b57325efbda,SCAN-02R-abcd8030795bc9cb,detector_monitor_time_numeric_validity,pass,0,finite Decimal tokens; no correction
EXP-TAIPAN-001,FILE-02R-8ed78b57325efbda,SCAN-02R-abcd8030795bc9cb,energy_relation,pass,0,verified_global
EXP-TAIPAN-001,FILE-02R-8ed78b57325efbda,SCAN-02R-abcd8030795bc9cb,format_identity,pass,0,FMT-02R-06137a7de1ad
EXP-TAIPAN-001,FILE-02R-8ed78b57325efbda,SCAN-02R-abcd8030795bc9cb,header_parsing,pass,0,ordered raw records retained
EXP-TAIPAN-001,FILE-02R-8ed78b57325efbda,SCAN-02R-abcd8030795bc9cb,lattice_parse,pass,0,LAT-02R-517a9644e4f59287
EXP-TAIPAN-001,FILE-02R-8ed78b57325efbda,SCAN-02R-abcd8030795bc9cb,numeric_block_parsing,pass,0,one nonempty contiguous block
EXP-TAIPAN-001,FILE-02R-8ed78b57325efbda,SCAN-02R-abcd8030795bc9cb,point_count_reconciliation,pass,0,56
EXP-TAIPAN-001,FILE-02R-8ed78b57325efbda,SCAN-02R-abcd8030795bc9cb,raw_scan_ID_consistency,pass,0,filename compared with raw header scan ID
EXP-TAIPAN-001,FILE-02R-8ed78b57325efbda,SCAN-02R-abcd8030795bc9cb,readability,pass,0,strict UTF-8 decoded
EXP-TAIPAN-001,FILE-02R-8ed78b57325efbda,SCAN-02R-abcd8030795bc9cb,timestamp_validity,pass,0,header timestamps; timezone unrecorded
EXP-TAIPAN-001,FILE-02R-8f1ba21ed4bd7f82,SCAN-02R-f565bb6e9ffba8d0,UB_parse,pass,0,UB-02R-c7cdba07fed2dfd7
EXP-TAIPAN-001,FILE-02R-8f1ba21ed4bd7f82,SCAN-02R-f565bb6e9ffba8d0,all_declared_fields_preserved,pass,0,wide plus auxiliary exhaustive by declared index
EXP-TAIPAN-001,FILE-02R-8f1ba21ed4bd7f82,SCAN-02R-f565bb6e9ffba8d0,count_control_semantics,pass,0,time_controlled
EXP-TAIPAN-001,FILE-02R-8f1ba21ed4bd7f82,SCAN-02R-f565bb6e9ffba8d0,declared_actual_column_count,pass,0,58
EXP-TAIPAN-001,FILE-02R-8f1ba21ed4bd7f82,SCAN-02R-f565bb6e9ffba8d0,detector_monitor_time_numeric_validity,pass,0,finite Decimal tokens; no correction
EXP-TAIPAN-001,FILE-02R-8f1ba21ed4bd7f82,SCAN-02R-f565bb6e9ffba8d0,energy_relation,pass,0,verified_global
EXP-TAIPAN-001,FILE-02R-8f1ba21ed4bd7f82,SCAN-02R-f565bb6e9ffba8d0,format_identity,pass,0,FMT-02R-365d8346d6ba
EXP-TAIPAN-001,FILE-02R-8f1ba21ed4bd7f82,SCAN-02R-f565bb6e9ffba8d0,header_parsing,pass,0,ordered raw records retained
EXP-TAIPAN-001,FILE-02R-8f1ba21ed4bd7f82,SCAN-02R-f565bb6e9ffba8d0,lattice_parse,pass,0,LAT-02R-517a9644e4f59287
EXP-TAIPAN-001,FILE-02R-8f1ba21ed4bd7f82,SCAN-02R-f565bb6e9ffba8d0,numeric_block_parsing,pass,0,one nonempty contiguous block
EXP-TAIPAN-001,FILE-02R-8f1ba21ed4bd7f82,SCAN-02R-f565bb6e9ffba8d0,point_count_reconciliation,pass,0,21
EXP-TAIPAN-001,FILE-02R-8f1ba21ed4bd7f82,SCAN-02R-f565bb6e9ffba8d0,raw_scan_ID_consistency,pass,0,filename compared with raw header scan ID
EXP-TAIPAN-001,FILE-02R-8f1ba21ed4bd7f82,SCAN-02R-f565bb6e9ffba8d0,readability,pass,0,strict UTF-8 decoded
EXP-TAIPAN-001,FILE-02R-8f1ba21ed4bd7f82,SCAN-02R-f565bb6e9ffba8d0,timestamp_validity,pass,0,header timestamps; timezone unrecorded
EXP-TAIPAN-001,FILE-02R-8fc906a71e9b9ad1,SCAN-02R-4ecc00c5eac2e1b4,UB_parse,pass,0,UB-02R-1d710a6baa059bbb
EXP-TAIPAN-001,FILE-02R-8fc906a71e9b9ad1,SCAN-02R-4ecc00c5eac2e1b4,all_declared_fields_preserved,pass,0,wide plus auxiliary exhaustive by declared index
EXP-TAIPAN-001,FILE-02R-8fc906a71e9b9ad1,SCAN-02R-4ecc00c5eac2e1b4,count_control_semantics,pass,0,time_controlled
EXP-TAIPAN-001,FILE-02R-8fc906a71e9b9ad1,SCAN-02R-4ecc00c5eac2e1b4,declared_actual_column_count,pass,0,59
EXP-TAIPAN-001,FILE-02R-8fc906a71e9b9ad1,SCAN-02R-4ecc00c5eac2e1b4,detector_monitor_time_numeric_validity,pass,0,finite Decimal tokens; no correction
EXP-TAIPAN-001,FILE-02R-8fc906a71e9b9ad1,SCAN-02R-4ecc00c5eac2e1b4,energy_relation,pass,0,verified_global
EXP-TAIPAN-001,FILE-02R-8fc906a71e9b9ad1,SCAN-02R-4ecc00c5eac2e1b4,format_identity,pass,0,FMT-02R-42b66acce1bb
EXP-TAIPAN-001,FILE-02R-8fc906a71e9b9ad1,SCAN-02R-4ecc00c5eac2e1b4,header_parsing,pass,0,ordered raw records retained
EXP-TAIPAN-001,FILE-02R-8fc906a71e9b9ad1,SCAN-02R-4ecc00c5eac2e1b4,lattice_parse,pass,0,LAT-02R-ae4c74e47a033f66
EXP-TAIPAN-001,FILE-02R-8fc906a71e9b9ad1,SCAN-02R-4ecc00c5eac2e1b4,numeric_block_parsing,pass,0,one nonempty contiguous block
EXP-TAIPAN-001,FILE-02R-8fc906a71e9b9ad1,SCAN-02R-4ecc00c5eac2e1b4,point_count_reconciliation,pass,0,21
EXP-TAIPAN-001,FILE-02R-8fc906a71e9b9ad1,SCAN-02R-4ecc00c5eac2e1b4,raw_scan_ID_consistency,pass,0,filename compared with raw header scan ID
EXP-TAIPAN-001,FILE-02R-8fc906a71e9b9ad1,SCAN-02R-4ecc00c5eac2e1b4,readability,pass,0,strict UTF-8 decoded
EXP-TAIPAN-001,FILE-02R-8fc906a71e9b9ad1,SCAN-02R-4ecc00c5eac2e1b4,timestamp_validity,pass,0,header timestamps; timezone unrecorded
EXP-TAIPAN-001,FILE-02R-91cd9b689abe9b78,SCAN-02R-89614c0503a95275,UB_parse,pass,0,UB-02R-c7cdba07fed2dfd7
EXP-TAIPAN-001,FILE-02R-91cd9b689abe9b78,SCAN-02R-89614c0503a95275,all_declared_fields_preserved,pass,0,wide plus auxiliary exhaustive by declared index
EXP-TAIPAN-001,FILE-02R-91cd9b689abe9b78,SCAN-02R-89614c0503a95275,count_control_semantics,pass,0,monitor_controlled
EXP-TAIPAN-001,FILE-02R-91cd9b689abe9b78,SCAN-02R-89614c0503a95275,declared_actual_column_count,pass,0,59
EXP-TAIPAN-001,FILE-02R-91cd9b689abe9b78,SCAN-02R-89614c0503a95275,detector_monitor_time_numeric_validity,pass,0,finite Decimal tokens; no correction
EXP-TAIPAN-001,FILE-02R-91cd9b689abe9b78,SCAN-02R-89614c0503a95275,energy_relation,pass,0,verified_global
EXP-TAIPAN-001,FILE-02R-91cd9b689abe9b78,SCAN-02R-89614c0503a95275,format_identity,pass,0,FMT-02R-06137a7de1ad
EXP-TAIPAN-001,FILE-02R-91cd9b689abe9b78,SCAN-02R-89614c0503a95275,header_parsing,pass,0,ordered raw records retained
EXP-TAIPAN-001,FILE-02R-91cd9b689abe9b78,SCAN-02R-89614c0503a95275,lattice_parse,pass,0,LAT-02R-517a9644e4f59287
EXP-TAIPAN-001,FILE-02R-91cd9b689abe9b78,SCAN-02R-89614c0503a95275,numeric_block_parsing,pass,0,one nonempty contiguous block
EXP-TAIPAN-001,FILE-02R-91cd9b689abe9b78,SCAN-02R-89614c0503a95275,point_count_reconciliation,pass,0,26
EXP-TAIPAN-001,FILE-02R-91cd9b689abe9b78,SCAN-02R-89614c0503a95275,raw_scan_ID_consistency,pass,0,filename compared with raw header scan ID
EXP-TAIPAN-001,FILE-02R-91cd9b689abe9b78,SCAN-02R-89614c0503a95275,readability,pass,0,strict UTF-8 decoded
EXP-TAIPAN-001,FILE-02R-91cd9b689abe9b78,SCAN-02R-89614c0503a95275,timestamp_validity,pass,0,header timestamps; timezone unrecorded
EXP-TAIPAN-001,FILE-02R-92a7020f108c2fa4,SCAN-02R-5e52d7e5fbefbc05,UB_parse,pass,0,UB-02R-c7cdba07fed2dfd7
EXP-TAIPAN-001,FILE-02R-92a7020f108c2fa4,SCAN-02R-5e52d7e5fbefbc05,all_declared_fields_preserved,pass,0,wide plus auxiliary exhaustive by declared index
EXP-TAIPAN-001,FILE-02R-92a7020f108c2fa4,SCAN-02R-5e52d7e5fbefbc05,count_control_semantics,pass,0,monitor_controlled
EXP-TAIPAN-001,FILE-02R-92a7020f108c2fa4,SCAN-02R-5e52d7e5fbefbc05,declared_actual_column_count,pass,0,59
EXP-TAIPAN-001,FILE-02R-92a7020f108c2fa4,SCAN-02R-5e52d7e5fbefbc05,detector_monitor_time_numeric_validity,pass,0,finite Decimal tokens; no correction
EXP-TAIPAN-001,FILE-02R-92a7020f108c2fa4,SCAN-02R-5e52d7e5fbefbc05,energy_relation,pass,0,verified_global
EXP-TAIPAN-001,FILE-02R-92a7020f108c2fa4,SCAN-02R-5e52d7e5fbefbc05,format_identity,pass,0,FMT-02R-06137a7de1ad
EXP-TAIPAN-001,FILE-02R-92a7020f108c2fa4,SCAN-02R-5e52d7e5fbefbc05,header_parsing,pass,0,ordered raw records retained
EXP-TAIPAN-001,FILE-02R-92a7020f108c2fa4,SCAN-02R-5e52d7e5fbefbc05,lattice_parse,pass,0,LAT-02R-517a9644e4f59287
EXP-TAIPAN-001,FILE-02R-92a7020f108c2fa4,SCAN-02R-5e52d7e5fbefbc05,numeric_block_parsing,pass,0,one nonempty contiguous block
EXP-TAIPAN-001,FILE-02R-92a7020f108c2fa4,SCAN-02R-5e52d7e5fbefbc05,point_count_reconciliation,pass,0,20
EXP-TAIPAN-001,FILE-02R-92a7020f108c2fa4,SCAN-02R-5e52d7e5fbefbc05,raw_scan_ID_consistency,pass,0,filename compared with raw header scan ID
EXP-TAIPAN-001,FILE-02R-92a7020f108c2fa4,SCAN-02R-5e52d7e5fbefbc05,readability,pass,0,strict UTF-8 decoded
EXP-TAIPAN-001,FILE-02R-92a7020f108c2fa4,SCAN-02R-5e52d7e5fbefbc05,timestamp_validity,pass,0,header timestamps; timezone unrecorded
EXP-TAIPAN-001,FILE-02R-94e685e09ee9d021,SCAN-02R-05cdcdc49c83bec6,UB_parse,pass,0,UB-02R-c7cdba07fed2dfd7
EXP-TAIPAN-001,FILE-02R-94e685e09ee9d021,SCAN-02R-05cdcdc49c83bec6,all_declared_fields_preserved,pass,0,wide plus auxiliary exhaustive by declared index
EXP-TAIPAN-001,FILE-02R-94e685e09ee9d021,SCAN-02R-05cdcdc49c83bec6,count_control_semantics,pass,0,time_controlled
EXP-TAIPAN-001,FILE-02R-94e685e09ee9d021,SCAN-02R-05cdcdc49c83bec6,declared_actual_column_count,pass,0,58
EXP-TAIPAN-001,FILE-02R-94e685e09ee9d021,SCAN-02R-05cdcdc49c83bec6,detector_monitor_time_numeric_validity,pass,0,finite Decimal tokens; no correction
EXP-TAIPAN-001,FILE-02R-94e685e09ee9d021,SCAN-02R-05cdcdc49c83bec6,energy_relation,pass,0,verified_global
EXP-TAIPAN-001,FILE-02R-94e685e09ee9d021,SCAN-02R-05cdcdc49c83bec6,format_identity,pass,0,FMT-02R-00e53630cd36
EXP-TAIPAN-001,FILE-02R-94e685e09ee9d021,SCAN-02R-05cdcdc49c83bec6,header_parsing,pass,0,ordered raw records retained
EXP-TAIPAN-001,FILE-02R-94e685e09ee9d021,SCAN-02R-05cdcdc49c83bec6,lattice_parse,pass,0,LAT-02R-517a9644e4f59287
EXP-TAIPAN-001,FILE-02R-94e685e09ee9d021,SCAN-02R-05cdcdc49c83bec6,numeric_block_parsing,pass,0,one nonempty contiguous block
EXP-TAIPAN-001,FILE-02R-94e685e09ee9d021,SCAN-02R-05cdcdc49c83bec6,point_count_reconciliation,pass,0,31
EXP-TAIPAN-001,FILE-02R-94e685e09ee9d021,SCAN-02R-05cdcdc49c83bec6,raw_scan_ID_consistency,pass,0,filename compared with raw header scan ID
EXP-TAIPAN-001,FILE-02R-94e685e09ee9d021,SCAN-02R-05cdcdc49c83bec6,readability,pass,0,strict UTF-8 decoded
EXP-TAIPAN-001,FILE-02R-94e685e09ee9d021,SCAN-02R-05cdcdc49c83bec6,timestamp_validity,pass,0,header timestamps; timezone unrecorded
EXP-TAIPAN-001,FILE-02R-972e9ad8a53ed5c3,SCAN-02R-ebcf02322ed12a94,UB_parse,pass,0,UB-02R-c7cdba07fed2dfd7
EXP-TAIPAN-001,FILE-02R-972e9ad8a53ed5c3,SCAN-02R-ebcf02322ed12a94,all_declared_fields_preserved,pass,0,wide plus auxiliary exhaustive by declared index
EXP-TAIPAN-001,FILE-02R-972e9ad8a53ed5c3,SCAN-02R-ebcf02322ed12a94,count_control_semantics,pass,0,time_controlled
EXP-TAIPAN-001,FILE-02R-972e9ad8a53ed5c3,SCAN-02R-ebcf02322ed12a94,declared_actual_column_count,pass,0,58
EXP-TAIPAN-001,FILE-02R-972e9ad8a53ed5c3,SCAN-02R-ebcf02322ed12a94,detector_monitor_time_numeric_validity,pass,0,finite Decimal tokens; no correction
EXP-TAIPAN-001,FILE-02R-972e9ad8a53ed5c3,SCAN-02R-ebcf02322ed12a94,energy_relation,pass,0,verified_global
EXP-TAIPAN-001,FILE-02R-972e9ad8a53ed5c3,SCAN-02R-ebcf02322ed12a94,format_identity,pass,0,FMT-02R-de66a609ccd2
EXP-TAIPAN-001,FILE-02R-972e9ad8a53ed5c3,SCAN-02R-ebcf02322ed12a94,header_parsing,pass,0,ordered raw records retained
EXP-TAIPAN-001,FILE-02R-972e9ad8a53ed5c3,SCAN-02R-ebcf02322ed12a94,lattice_parse,pass,0,LAT-02R-517a9644e4f59287
EXP-TAIPAN-001,FILE-02R-972e9ad8a53ed5c3,SCAN-02R-ebcf02322ed12a94,numeric_block_parsing,pass,0,one nonempty contiguous block
EXP-TAIPAN-001,FILE-02R-972e9ad8a53ed5c3,SCAN-02R-ebcf02322ed12a94,point_count_reconciliation,pass,0,21
EXP-TAIPAN-001,FILE-02R-972e9ad8a53ed5c3,SCAN-02R-ebcf02322ed12a94,raw_scan_ID_consistency,pass,0,filename compared with raw header scan ID
EXP-TAIPAN-001,FILE-02R-972e9ad8a53ed5c3,SCAN-02R-ebcf02322ed12a94,readability,pass,0,strict UTF-8 decoded
EXP-TAIPAN-001,FILE-02R-972e9ad8a53ed5c3,SCAN-02R-ebcf02322ed12a94,timestamp_validity,pass,0,header timestamps; timezone unrecorded
EXP-TAIPAN-001,FILE-02R-975cdb1b1c0c9bd2,SCAN-02R-211255ce1a05d229,UB_parse,pass,0,UB-02R-1d710a6baa059bbb
EXP-TAIPAN-001,FILE-02R-975cdb1b1c0c9bd2,SCAN-02R-211255ce1a05d229,all_declared_fields_preserved,pass,0,wide plus auxiliary exhaustive by declared index
EXP-TAIPAN-001,FILE-02R-975cdb1b1c0c9bd2,SCAN-02R-211255ce1a05d229,count_control_semantics,pass,0,time_controlled
EXP-TAIPAN-001,FILE-02R-975cdb1b1c0c9bd2,SCAN-02R-211255ce1a05d229,declared_actual_column_count,pass,0,58
EXP-TAIPAN-001,FILE-02R-975cdb1b1c0c9bd2,SCAN-02R-211255ce1a05d229,detector_monitor_time_numeric_validity,pass,0,finite Decimal tokens; no correction
EXP-TAIPAN-001,FILE-02R-975cdb1b1c0c9bd2,SCAN-02R-211255ce1a05d229,energy_relation,pass,0,verified_global
EXP-TAIPAN-001,FILE-02R-975cdb1b1c0c9bd2,SCAN-02R-211255ce1a05d229,format_identity,pass,0,FMT-02R-00e53630cd36
EXP-TAIPAN-001,FILE-02R-975cdb1b1c0c9bd2,SCAN-02R-211255ce1a05d229,header_parsing,pass,0,ordered raw records retained
EXP-TAIPAN-001,FILE-02R-975cdb1b1c0c9bd2,SCAN-02R-211255ce1a05d229,lattice_parse,pass,0,LAT-02R-ae4c74e47a033f66
EXP-TAIPAN-001,FILE-02R-975cdb1b1c0c9bd2,SCAN-02R-211255ce1a05d229,numeric_block_parsing,pass,0,one nonempty contiguous block
EXP-TAIPAN-001,FILE-02R-975cdb1b1c0c9bd2,SCAN-02R-211255ce1a05d229,point_count_reconciliation,pass,0,201
EXP-TAIPAN-001,FILE-02R-975cdb1b1c0c9bd2,SCAN-02R-211255ce1a05d229,raw_scan_ID_consistency,pass,0,filename compared with raw header scan ID
EXP-TAIPAN-001,FILE-02R-975cdb1b1c0c9bd2,SCAN-02R-211255ce1a05d229,readability,pass,0,strict UTF-8 decoded
EXP-TAIPAN-001,FILE-02R-975cdb1b1c0c9bd2,SCAN-02R-211255ce1a05d229,timestamp_validity,pass,0,header timestamps; timezone unrecorded
EXP-TAIPAN-001,FILE-02R-97c73e3850f8c504,SCAN-02R-076c78acdde2d2d0,UB_parse,pass,0,UB-02R-1d710a6baa059bbb
EXP-TAIPAN-001,FILE-02R-97c73e3850f8c504,SCAN-02R-076c78acdde2d2d0,all_declared_fields_preserved,pass,0,wide plus auxiliary exhaustive by declared index
EXP-TAIPAN-001,FILE-02R-97c73e3850f8c504,SCAN-02R-076c78acdde2d2d0,count_control_semantics,pass,0,time_controlled
EXP-TAIPAN-001,FILE-02R-97c73e3850f8c504,SCAN-02R-076c78acdde2d2d0,declared_actual_column_count,pass,0,58
EXP-TAIPAN-001,FILE-02R-97c73e3850f8c504,SCAN-02R-076c78acdde2d2d0,detector_monitor_time_numeric_validity,pass,0,finite Decimal tokens; no correction
EXP-TAIPAN-001,FILE-02R-97c73e3850f8c504,SCAN-02R-076c78acdde2d2d0,energy_relation,pass,0,verified_global
EXP-TAIPAN-001,FILE-02R-97c73e3850f8c504,SCAN-02R-076c78acdde2d2d0,format_identity,pass,0,FMT-02R-00e53630cd36
EXP-TAIPAN-001,FILE-02R-97c73e3850f8c504,SCAN-02R-076c78acdde2d2d0,header_parsing,pass,0,ordered raw records retained
EXP-TAIPAN-001,FILE-02R-97c73e3850f8c504,SCAN-02R-076c78acdde2d2d0,lattice_parse,pass,0,LAT-02R-ae4c74e47a033f66
EXP-TAIPAN-001,FILE-02R-97c73e3850f8c504,SCAN-02R-076c78acdde2d2d0,numeric_block_parsing,pass,0,one nonempty contiguous block
EXP-TAIPAN-001,FILE-02R-97c73e3850f8c504,SCAN-02R-076c78acdde2d2d0,point_count_reconciliation,pass,0,21
EXP-TAIPAN-001,FILE-02R-97c73e3850f8c504,SCAN-02R-076c78acdde2d2d0,raw_scan_ID_consistency,pass,0,filename compared with raw header scan ID
EXP-TAIPAN-001,FILE-02R-97c73e3850f8c504,SCAN-02R-076c78acdde2d2d0,readability,pass,0,strict UTF-8 decoded
EXP-TAIPAN-001,FILE-02R-97c73e3850f8c504,SCAN-02R-076c78acdde2d2d0,timestamp_validity,pass,0,header timestamps; timezone unrecorded
EXP-TAIPAN-001,FILE-02R-97f6d9fb82b77f9b,SCAN-02R-4fb9fc6716a3e65a,UB_parse,pass,0,UB-02R-397acad65dd9e384
EXP-TAIPAN-001,FILE-02R-97f6d9fb82b77f9b,SCAN-02R-4fb9fc6716a3e65a,all_declared_fields_preserved,pass,0,wide plus auxiliary exhaustive by declared index
EXP-TAIPAN-001,FILE-02R-97f6d9fb82b77f9b,SCAN-02R-4fb9fc6716a3e65a,count_control_semantics,pass,0,time_controlled
EXP-TAIPAN-001,FILE-02R-97f6d9fb82b77f9b,SCAN-02R-4fb9fc6716a3e65a,declared_actual_column_count,pass,0,59
EXP-TAIPAN-001,FILE-02R-97f6d9fb82b77f9b,SCAN-02R-4fb9fc6716a3e65a,detector_monitor_time_numeric_validity,pass,0,finite Decimal tokens; no correction
EXP-TAIPAN-001,FILE-02R-97f6d9fb82b77f9b,SCAN-02R-4fb9fc6716a3e65a,energy_relation,pass,0,verified_global
EXP-TAIPAN-001,FILE-02R-97f6d9fb82b77f9b,SCAN-02R-4fb9fc6716a3e65a,format_identity,pass,0,FMT-02R-06137a7de1ad
EXP-TAIPAN-001,FILE-02R-97f6d9fb82b77f9b,SCAN-02R-4fb9fc6716a3e65a,header_parsing,pass,0,ordered raw records retained
EXP-TAIPAN-001,FILE-02R-97f6d9fb82b77f9b,SCAN-02R-4fb9fc6716a3e65a,lattice_parse,pass,0,LAT-02R-ae4c74e47a033f66
EXP-TAIPAN-001,FILE-02R-97f6d9fb82b77f9b,SCAN-02R-4fb9fc6716a3e65a,numeric_block_parsing,pass,0,one nonempty contiguous block
EXP-TAIPAN-001,FILE-02R-97f6d9fb82b77f9b,SCAN-02R-4fb9fc6716a3e65a,point_count_reconciliation,pass,0,17
EXP-TAIPAN-001,FILE-02R-97f6d9fb82b77f9b,SCAN-02R-4fb9fc6716a3e65a,raw_scan_ID_consistency,pass,0,filename compared with raw header scan ID
EXP-TAIPAN-001,FILE-02R-97f6d9fb82b77f9b,SCAN-02R-4fb9fc6716a3e65a,readability,pass,0,strict UTF-8 decoded
EXP-TAIPAN-001,FILE-02R-97f6d9fb82b77f9b,SCAN-02R-4fb9fc6716a3e65a,timestamp_validity,pass,0,header timestamps; timezone unrecorded
EXP-TAIPAN-001,FILE-02R-98ae70bbe8082ef4,SCAN-02R-762111064d108c6d,UB_parse,pass,0,UB-02R-c7cdba07fed2dfd7
EXP-TAIPAN-001,FILE-02R-98ae70bbe8082ef4,SCAN-02R-762111064d108c6d,all_declared_fields_preserved,pass,0,wide plus auxiliary exhaustive by declared index
EXP-TAIPAN-001,FILE-02R-98ae70bbe8082ef4,SCAN-02R-762111064d108c6d,count_control_semantics,pass,0,monitor_controlled
EXP-TAIPAN-001,FILE-02R-98ae70bbe8082ef4,SCAN-02R-762111064d108c6d,declared_actual_column_count,pass,0,59
EXP-TAIPAN-001,FILE-02R-98ae70bbe8082ef4,SCAN-02R-762111064d108c6d,detector_monitor_time_numeric_validity,pass,0,finite Decimal tokens; no correction
EXP-TAIPAN-001,FILE-02R-98ae70bbe8082ef4,SCAN-02R-762111064d108c6d,energy_relation,pass,0,verified_global
EXP-TAIPAN-001,FILE-02R-98ae70bbe8082ef4,SCAN-02R-762111064d108c6d,format_identity,pass,0,FMT-02R-06137a7de1ad
EXP-TAIPAN-001,FILE-02R-98ae70bbe8082ef4,SCAN-02R-762111064d108c6d,header_parsing,pass,0,ordered raw records retained
EXP-TAIPAN-001,FILE-02R-98ae70bbe8082ef4,SCAN-02R-762111064d108c6d,lattice_parse,pass,0,LAT-02R-517a9644e4f59287
EXP-TAIPAN-001,FILE-02R-98ae70bbe8082ef4,SCAN-02R-762111064d108c6d,numeric_block_parsing,pass,0,one nonempty contiguous block
EXP-TAIPAN-001,FILE-02R-98ae70bbe8082ef4,SCAN-02R-762111064d108c6d,point_count_reconciliation,pass,0,31
EXP-TAIPAN-001,FILE-02R-98ae70bbe8082ef4,SCAN-02R-762111064d108c6d,raw_scan_ID_consistency,pass,0,filename compared with raw header scan ID
EXP-TAIPAN-001,FILE-02R-98ae70bbe8082ef4,SCAN-02R-762111064d108c6d,readability,pass,0,strict UTF-8 decoded
EXP-TAIPAN-001,FILE-02R-98ae70bbe8082ef4,SCAN-02R-762111064d108c6d,timestamp_validity,pass,0,header timestamps; timezone unrecorded
EXP-TAIPAN-001,FILE-02R-9aad2f08ff8b0092,SCAN-02R-e5f864cf4587fc19,UB_parse,pass,0,UB-02R-397acad65dd9e384
EXP-TAIPAN-001,FILE-02R-9aad2f08ff8b0092,SCAN-02R-e5f864cf4587fc19,all_declared_fields_preserved,pass,0,wide plus auxiliary exhaustive by declared index
EXP-TAIPAN-001,FILE-02R-9aad2f08ff8b0092,SCAN-02R-e5f864cf4587fc19,count_control_semantics,pass,0,time_controlled
EXP-TAIPAN-001,FILE-02R-9aad2f08ff8b0092,SCAN-02R-e5f864cf4587fc19,declared_actual_column_count,pass,0,58
EXP-TAIPAN-001,FILE-02R-9aad2f08ff8b0092,SCAN-02R-e5f864cf4587fc19,detector_monitor_time_numeric_validity,pass,0,finite Decimal tokens; no correction
EXP-TAIPAN-001,FILE-02R-9aad2f08ff8b0092,SCAN-02R-e5f864cf4587fc19,energy_relation,pass,0,verified_global
EXP-TAIPAN-001,FILE-02R-9aad2f08ff8b0092,SCAN-02R-e5f864cf4587fc19,format_identity,pass,0,FMT-02R-92d14f023eb1
EXP-TAIPAN-001,FILE-02R-9aad2f08ff8b0092,SCAN-02R-e5f864cf4587fc19,header_parsing,pass,0,ordered raw records retained
EXP-TAIPAN-001,FILE-02R-9aad2f08ff8b0092,SCAN-02R-e5f864cf4587fc19,lattice_parse,pass,0,LAT-02R-ae4c74e47a033f66
EXP-TAIPAN-001,FILE-02R-9aad2f08ff8b0092,SCAN-02R-e5f864cf4587fc19,numeric_block_parsing,pass,0,one nonempty contiguous block
EXP-TAIPAN-001,FILE-02R-9aad2f08ff8b0092,SCAN-02R-e5f864cf4587fc19,point_count_reconciliation,pass,0,121
EXP-TAIPAN-001,FILE-02R-9aad2f08ff8b0092,SCAN-02R-e5f864cf4587fc19,raw_scan_ID_consistency,pass,0,filename compared with raw header scan ID
EXP-TAIPAN-001,FILE-02R-9aad2f08ff8b0092,SCAN-02R-e5f864cf4587fc19,readability,pass,0,strict UTF-8 decoded
EXP-TAIPAN-001,FILE-02R-9aad2f08ff8b0092,SCAN-02R-e5f864cf4587fc19,timestamp_validity,pass,0,header timestamps; timezone unrecorded
EXP-TAIPAN-001,FILE-02R-9aae17c864f1b80f,SCAN-02R-fb555611767fe647,UB_parse,pass,0,UB-02R-c7cdba07fed2dfd7
EXP-TAIPAN-001,FILE-02R-9aae17c864f1b80f,SCAN-02R-fb555611767fe647,all_declared_fields_preserved,pass,0,wide plus auxiliary exhaustive by declared index
EXP-TAIPAN-001,FILE-02R-9aae17c864f1b80f,SCAN-02R-fb555611767fe647,count_control_semantics,pass,0,time_controlled
EXP-TAIPAN-001,FILE-02R-9aae17c864f1b80f,SCAN-02R-fb555611767fe647,declared_actual_column_count,pass,0,59
EXP-TAIPAN-001,FILE-02R-9aae17c864f1b80f,SCAN-02R-fb555611767fe647,detector_monitor_time_numeric_validity,pass,0,finite Decimal tokens; no correction
EXP-TAIPAN-001,FILE-02R-9aae17c864f1b80f,SCAN-02R-fb555611767fe647,energy_relation,pass,0,verified_global
EXP-TAIPAN-001,FILE-02R-9aae17c864f1b80f,SCAN-02R-fb555611767fe647,format_identity,pass,0,FMT-02R-fb75879b9023
EXP-TAIPAN-001,FILE-02R-9aae17c864f1b80f,SCAN-02R-fb555611767fe647,header_parsing,pass,0,ordered raw records retained
EXP-TAIPAN-001,FILE-02R-9aae17c864f1b80f,SCAN-02R-fb555611767fe647,lattice_parse,pass,0,LAT-02R-517a9644e4f59287
EXP-TAIPAN-001,FILE-02R-9aae17c864f1b80f,SCAN-02R-fb555611767fe647,numeric_block_parsing,pass,0,one nonempty contiguous block
EXP-TAIPAN-001,FILE-02R-9aae17c864f1b80f,SCAN-02R-fb555611767fe647,point_count_reconciliation,pass,0,21
EXP-TAIPAN-001,FILE-02R-9aae17c864f1b80f,SCAN-02R-fb555611767fe647,raw_scan_ID_consistency,pass,0,filename compared with raw header scan ID
EXP-TAIPAN-001,FILE-02R-9aae17c864f1b80f,SCAN-02R-fb555611767fe647,readability,pass,0,strict UTF-8 decoded
EXP-TAIPAN-001,FILE-02R-9aae17c864f1b80f,SCAN-02R-fb555611767fe647,timestamp_validity,pass,0,header timestamps; timezone unrecorded
EXP-TAIPAN-001,FILE-02R-9b86ca5f436ba496,SCAN-02R-325ad9a57ee92673,UB_parse,pass,0,UB-02R-c7cdba07fed2dfd7
EXP-TAIPAN-001,FILE-02R-9b86ca5f436ba496,SCAN-02R-325ad9a57ee92673,all_declared_fields_preserved,pass,0,wide plus auxiliary exhaustive by declared index
EXP-TAIPAN-001,FILE-02R-9b86ca5f436ba496,SCAN-02R-325ad9a57ee92673,count_control_semantics,pass,0,time_controlled
EXP-TAIPAN-001,FILE-02R-9b86ca5f436ba496,SCAN-02R-325ad9a57ee92673,declared_actual_column_count,pass,0,58
EXP-TAIPAN-001,FILE-02R-9b86ca5f436ba496,SCAN-02R-325ad9a57ee92673,detector_monitor_time_numeric_validity,pass,0,finite Decimal tokens; no correction
EXP-TAIPAN-001,FILE-02R-9b86ca5f436ba496,SCAN-02R-325ad9a57ee92673,energy_relation,pass,0,verified_global
EXP-TAIPAN-001,FILE-02R-9b86ca5f436ba496,SCAN-02R-325ad9a57ee92673,format_identity,pass,0,FMT-02R-00e53630cd36
EXP-TAIPAN-001,FILE-02R-9b86ca5f436ba496,SCAN-02R-325ad9a57ee92673,header_parsing,pass,0,ordered raw records retained
EXP-TAIPAN-001,FILE-02R-9b86ca5f436ba496,SCAN-02R-325ad9a57ee92673,lattice_parse,pass,0,LAT-02R-517a9644e4f59287
EXP-TAIPAN-001,FILE-02R-9b86ca5f436ba496,SCAN-02R-325ad9a57ee92673,numeric_block_parsing,pass,0,one nonempty contiguous block
EXP-TAIPAN-001,FILE-02R-9b86ca5f436ba496,SCAN-02R-325ad9a57ee92673,point_count_reconciliation,pass,0,21
EXP-TAIPAN-001,FILE-02R-9b86ca5f436ba496,SCAN-02R-325ad9a57ee92673,raw_scan_ID_consistency,pass,0,filename compared with raw header scan ID
EXP-TAIPAN-001,FILE-02R-9b86ca5f436ba496,SCAN-02R-325ad9a57ee92673,readability,pass,0,strict UTF-8 decoded
EXP-TAIPAN-001,FILE-02R-9b86ca5f436ba496,SCAN-02R-325ad9a57ee92673,timestamp_validity,pass,0,header timestamps; timezone unrecorded
EXP-TAIPAN-001,FILE-02R-9c94dad236447dac,SCAN-02R-a1d82bdc331e2df4,UB_parse,pass,0,UB-02R-c7cdba07fed2dfd7
EXP-TAIPAN-001,FILE-02R-9c94dad236447dac,SCAN-02R-a1d82bdc331e2df4,all_declared_fields_preserved,pass,0,wide plus auxiliary exhaustive by declared index
EXP-TAIPAN-001,FILE-02R-9c94dad236447dac,SCAN-02R-a1d82bdc331e2df4,count_control_semantics,pass,0,monitor_controlled
EXP-TAIPAN-001,FILE-02R-9c94dad236447dac,SCAN-02R-a1d82bdc331e2df4,declared_actual_column_count,pass,0,59
EXP-TAIPAN-001,FILE-02R-9c94dad236447dac,SCAN-02R-a1d82bdc331e2df4,detector_monitor_time_numeric_validity,pass,0,finite Decimal tokens; no correction
EXP-TAIPAN-001,FILE-02R-9c94dad236447dac,SCAN-02R-a1d82bdc331e2df4,energy_relation,pass,0,verified_global
EXP-TAIPAN-001,FILE-02R-9c94dad236447dac,SCAN-02R-a1d82bdc331e2df4,format_identity,pass,0,FMT-02R-06137a7de1ad
EXP-TAIPAN-001,FILE-02R-9c94dad236447dac,SCAN-02R-a1d82bdc331e2df4,header_parsing,pass,0,ordered raw records retained
EXP-TAIPAN-001,FILE-02R-9c94dad236447dac,SCAN-02R-a1d82bdc331e2df4,lattice_parse,pass,0,LAT-02R-517a9644e4f59287
EXP-TAIPAN-001,FILE-02R-9c94dad236447dac,SCAN-02R-a1d82bdc331e2df4,numeric_block_parsing,pass,0,one nonempty contiguous block
EXP-TAIPAN-001,FILE-02R-9c94dad236447dac,SCAN-02R-a1d82bdc331e2df4,point_count_reconciliation,pass,0,56
EXP-TAIPAN-001,FILE-02R-9c94dad236447dac,SCAN-02R-a1d82bdc331e2df4,raw_scan_ID_consistency,pass,0,filename compared with raw header scan ID
EXP-TAIPAN-001,FILE-02R-9c94dad236447dac,SCAN-02R-a1d82bdc331e2df4,readability,pass,0,strict UTF-8 decoded
EXP-TAIPAN-001,FILE-02R-9c94dad236447dac,SCAN-02R-a1d82bdc331e2df4,timestamp_validity,pass,0,header timestamps; timezone unrecorded
EXP-TAIPAN-001,FILE-02R-a119883ca3dcd30c,SCAN-02R-731f452fb62a55bd,UB_parse,pass,0,UB-02R-1d710a6baa059bbb
EXP-TAIPAN-001,FILE-02R-a119883ca3dcd30c,SCAN-02R-731f452fb62a55bd,all_declared_fields_preserved,pass,0,wide plus auxiliary exhaustive by declared index
EXP-TAIPAN-001,FILE-02R-a119883ca3dcd30c,SCAN-02R-731f452fb62a55bd,count_control_semantics,pass,0,monitor_controlled
EXP-TAIPAN-001,FILE-02R-a119883ca3dcd30c,SCAN-02R-731f452fb62a55bd,declared_actual_column_count,pass,0,59
EXP-TAIPAN-001,FILE-02R-a119883ca3dcd30c,SCAN-02R-731f452fb62a55bd,detector_monitor_time_numeric_validity,pass,0,finite Decimal tokens; no correction
EXP-TAIPAN-001,FILE-02R-a119883ca3dcd30c,SCAN-02R-731f452fb62a55bd,energy_relation,pass,0,verified_global
EXP-TAIPAN-001,FILE-02R-a119883ca3dcd30c,SCAN-02R-731f452fb62a55bd,format_identity,pass,0,FMT-02R-06137a7de1ad
EXP-TAIPAN-001,FILE-02R-a119883ca3dcd30c,SCAN-02R-731f452fb62a55bd,header_parsing,pass,0,ordered raw records retained
EXP-TAIPAN-001,FILE-02R-a119883ca3dcd30c,SCAN-02R-731f452fb62a55bd,lattice_parse,pass,0,LAT-02R-ae4c74e47a033f66
EXP-TAIPAN-001,FILE-02R-a119883ca3dcd30c,SCAN-02R-731f452fb62a55bd,numeric_block_parsing,pass,0,one nonempty contiguous block
EXP-TAIPAN-001,FILE-02R-a119883ca3dcd30c,SCAN-02R-731f452fb62a55bd,point_count_reconciliation,pass,0,25
EXP-TAIPAN-001,FILE-02R-a119883ca3dcd30c,SCAN-02R-731f452fb62a55bd,raw_scan_ID_consistency,pass,0,filename compared with raw header scan ID
EXP-TAIPAN-001,FILE-02R-a119883ca3dcd30c,SCAN-02R-731f452fb62a55bd,readability,pass,0,strict UTF-8 decoded
EXP-TAIPAN-001,FILE-02R-a119883ca3dcd30c,SCAN-02R-731f452fb62a55bd,timestamp_validity,pass,0,header timestamps; timezone unrecorded
EXP-TAIPAN-001,FILE-02R-a2d17d3a2580b423,SCAN-02R-a9a9857e0e5183b2,UB_parse,pass,0,UB-02R-1d710a6baa059bbb
EXP-TAIPAN-001,FILE-02R-a2d17d3a2580b423,SCAN-02R-a9a9857e0e5183b2,all_declared_fields_preserved,pass,0,wide plus auxiliary exhaustive by declared index
EXP-TAIPAN-001,FILE-02R-a2d17d3a2580b423,SCAN-02R-a9a9857e0e5183b2,count_control_semantics,pass,0,time_controlled
EXP-TAIPAN-001,FILE-02R-a2d17d3a2580b423,SCAN-02R-a9a9857e0e5183b2,declared_actual_column_count,pass,0,58
EXP-TAIPAN-001,FILE-02R-a2d17d3a2580b423,SCAN-02R-a9a9857e0e5183b2,detector_monitor_time_numeric_validity,pass,0,finite Decimal tokens; no correction
EXP-TAIPAN-001,FILE-02R-a2d17d3a2580b423,SCAN-02R-a9a9857e0e5183b2,energy_relation,pass,0,verified_global
EXP-TAIPAN-001,FILE-02R-a2d17d3a2580b423,SCAN-02R-a9a9857e0e5183b2,format_identity,pass,0,FMT-02R-00e53630cd36
EXP-TAIPAN-001,FILE-02R-a2d17d3a2580b423,SCAN-02R-a9a9857e0e5183b2,header_parsing,pass,0,ordered raw records retained
EXP-TAIPAN-001,FILE-02R-a2d17d3a2580b423,SCAN-02R-a9a9857e0e5183b2,lattice_parse,pass,0,LAT-02R-ae4c74e47a033f66
EXP-TAIPAN-001,FILE-02R-a2d17d3a2580b423,SCAN-02R-a9a9857e0e5183b2,numeric_block_parsing,pass,0,one nonempty contiguous block
EXP-TAIPAN-001,FILE-02R-a2d17d3a2580b423,SCAN-02R-a9a9857e0e5183b2,point_count_reconciliation,pass,0,21
EXP-TAIPAN-001,FILE-02R-a2d17d3a2580b423,SCAN-02R-a9a9857e0e5183b2,raw_scan_ID_consistency,pass,0,filename compared with raw header scan ID
EXP-TAIPAN-001,FILE-02R-a2d17d3a2580b423,SCAN-02R-a9a9857e0e5183b2,readability,pass,0,strict UTF-8 decoded
EXP-TAIPAN-001,FILE-02R-a2d17d3a2580b423,SCAN-02R-a9a9857e0e5183b2,timestamp_validity,pass,0,header timestamps; timezone unrecorded
EXP-TAIPAN-001,FILE-02R-a31d6cff4c90e94e,SCAN-02R-074afad5a6b92ea4,UB_parse,pass,0,UB-02R-c7cdba07fed2dfd7
EXP-TAIPAN-001,FILE-02R-a31d6cff4c90e94e,SCAN-02R-074afad5a6b92ea4,all_declared_fields_preserved,pass,0,wide plus auxiliary exhaustive by declared index
EXP-TAIPAN-001,FILE-02R-a31d6cff4c90e94e,SCAN-02R-074afad5a6b92ea4,count_control_semantics,pass,0,monitor_controlled
EXP-TAIPAN-001,FILE-02R-a31d6cff4c90e94e,SCAN-02R-074afad5a6b92ea4,declared_actual_column_count,pass,0,59
EXP-TAIPAN-001,FILE-02R-a31d6cff4c90e94e,SCAN-02R-074afad5a6b92ea4,detector_monitor_time_numeric_validity,pass,0,finite Decimal tokens; no correction
EXP-TAIPAN-001,FILE-02R-a31d6cff4c90e94e,SCAN-02R-074afad5a6b92ea4,energy_relation,pass,0,verified_global
EXP-TAIPAN-001,FILE-02R-a31d6cff4c90e94e,SCAN-02R-074afad5a6b92ea4,format_identity,pass,0,FMT-02R-06137a7de1ad
EXP-TAIPAN-001,FILE-02R-a31d6cff4c90e94e,SCAN-02R-074afad5a6b92ea4,header_parsing,pass,0,ordered raw records retained
EXP-TAIPAN-001,FILE-02R-a31d6cff4c90e94e,SCAN-02R-074afad5a6b92ea4,lattice_parse,pass,0,LAT-02R-517a9644e4f59287
EXP-TAIPAN-001,FILE-02R-a31d6cff4c90e94e,SCAN-02R-074afad5a6b92ea4,numeric_block_parsing,pass,0,one nonempty contiguous block
EXP-TAIPAN-001,FILE-02R-a31d6cff4c90e94e,SCAN-02R-074afad5a6b92ea4,point_count_reconciliation,pass,0,36
EXP-TAIPAN-001,FILE-02R-a31d6cff4c90e94e,SCAN-02R-074afad5a6b92ea4,raw_scan_ID_consistency,pass,0,filename compared with raw header scan ID
EXP-TAIPAN-001,FILE-02R-a31d6cff4c90e94e,SCAN-02R-074afad5a6b92ea4,readability,pass,0,strict UTF-8 decoded
EXP-TAIPAN-001,FILE-02R-a31d6cff4c90e94e,SCAN-02R-074afad5a6b92ea4,timestamp_validity,pass,0,header timestamps; timezone unrecorded
EXP-TAIPAN-001,FILE-02R-a486a5a1a77ae9d6,SCAN-02R-68a1fdbd8955d9a4,UB_parse,pass,0,UB-02R-c7cdba07fed2dfd7
EXP-TAIPAN-001,FILE-02R-a486a5a1a77ae9d6,SCAN-02R-68a1fdbd8955d9a4,all_declared_fields_preserved,pass,0,wide plus auxiliary exhaustive by declared index
EXP-TAIPAN-001,FILE-02R-a486a5a1a77ae9d6,SCAN-02R-68a1fdbd8955d9a4,count_control_semantics,pass,0,monitor_controlled
EXP-TAIPAN-001,FILE-02R-a486a5a1a77ae9d6,SCAN-02R-68a1fdbd8955d9a4,declared_actual_column_count,pass,0,59
EXP-TAIPAN-001,FILE-02R-a486a5a1a77ae9d6,SCAN-02R-68a1fdbd8955d9a4,detector_monitor_time_numeric_validity,pass,0,finite Decimal tokens; no correction
EXP-TAIPAN-001,FILE-02R-a486a5a1a77ae9d6,SCAN-02R-68a1fdbd8955d9a4,energy_relation,pass,0,verified_global
EXP-TAIPAN-001,FILE-02R-a486a5a1a77ae9d6,SCAN-02R-68a1fdbd8955d9a4,format_identity,pass,0,FMT-02R-06137a7de1ad
EXP-TAIPAN-001,FILE-02R-a486a5a1a77ae9d6,SCAN-02R-68a1fdbd8955d9a4,header_parsing,pass,0,ordered raw records retained
EXP-TAIPAN-001,FILE-02R-a486a5a1a77ae9d6,SCAN-02R-68a1fdbd8955d9a4,lattice_parse,pass,0,LAT-02R-517a9644e4f59287
EXP-TAIPAN-001,FILE-02R-a486a5a1a77ae9d6,SCAN-02R-68a1fdbd8955d9a4,numeric_block_parsing,pass,0,one nonempty contiguous block
EXP-TAIPAN-001,FILE-02R-a486a5a1a77ae9d6,SCAN-02R-68a1fdbd8955d9a4,point_count_reconciliation,pass,0,51
EXP-TAIPAN-001,FILE-02R-a486a5a1a77ae9d6,SCAN-02R-68a1fdbd8955d9a4,raw_scan_ID_consistency,pass,0,filename compared with raw header scan ID
EXP-TAIPAN-001,FILE-02R-a486a5a1a77ae9d6,SCAN-02R-68a1fdbd8955d9a4,readability,pass,0,strict UTF-8 decoded
EXP-TAIPAN-001,FILE-02R-a486a5a1a77ae9d6,SCAN-02R-68a1fdbd8955d9a4,timestamp_validity,pass,0,header timestamps; timezone unrecorded
EXP-TAIPAN-001,FILE-02R-a4f1d0ae9a0b3bf3,SCAN-02R-c3dcce6e5bc72678,UB_parse,pass,0,UB-02R-c7cdba07fed2dfd7
EXP-TAIPAN-001,FILE-02R-a4f1d0ae9a0b3bf3,SCAN-02R-c3dcce6e5bc72678,all_declared_fields_preserved,pass,0,wide plus auxiliary exhaustive by declared index
EXP-TAIPAN-001,FILE-02R-a4f1d0ae9a0b3bf3,SCAN-02R-c3dcce6e5bc72678,count_control_semantics,pass,0,monitor_controlled
EXP-TAIPAN-001,FILE-02R-a4f1d0ae9a0b3bf3,SCAN-02R-c3dcce6e5bc72678,declared_actual_column_count,pass,0,59
EXP-TAIPAN-001,FILE-02R-a4f1d0ae9a0b3bf3,SCAN-02R-c3dcce6e5bc72678,detector_monitor_time_numeric_validity,pass,0,finite Decimal tokens; no correction
EXP-TAIPAN-001,FILE-02R-a4f1d0ae9a0b3bf3,SCAN-02R-c3dcce6e5bc72678,energy_relation,pass,0,verified_global
EXP-TAIPAN-001,FILE-02R-a4f1d0ae9a0b3bf3,SCAN-02R-c3dcce6e5bc72678,format_identity,pass,0,FMT-02R-06137a7de1ad
EXP-TAIPAN-001,FILE-02R-a4f1d0ae9a0b3bf3,SCAN-02R-c3dcce6e5bc72678,header_parsing,pass,0,ordered raw records retained
EXP-TAIPAN-001,FILE-02R-a4f1d0ae9a0b3bf3,SCAN-02R-c3dcce6e5bc72678,lattice_parse,pass,0,LAT-02R-517a9644e4f59287
EXP-TAIPAN-001,FILE-02R-a4f1d0ae9a0b3bf3,SCAN-02R-c3dcce6e5bc72678,numeric_block_parsing,pass,0,one nonempty contiguous block
EXP-TAIPAN-001,FILE-02R-a4f1d0ae9a0b3bf3,SCAN-02R-c3dcce6e5bc72678,point_count_reconciliation,pass,0,11
EXP-TAIPAN-001,FILE-02R-a4f1d0ae9a0b3bf3,SCAN-02R-c3dcce6e5bc72678,raw_scan_ID_consistency,pass,0,filename compared with raw header scan ID
EXP-TAIPAN-001,FILE-02R-a4f1d0ae9a0b3bf3,SCAN-02R-c3dcce6e5bc72678,readability,pass,0,strict UTF-8 decoded
EXP-TAIPAN-001,FILE-02R-a4f1d0ae9a0b3bf3,SCAN-02R-c3dcce6e5bc72678,timestamp_validity,pass,0,header timestamps; timezone unrecorded
EXP-TAIPAN-001,FILE-02R-a8f25df3c5847d30,SCAN-02R-da644119c60690fc,UB_parse,pass,0,UB-02R-c7cdba07fed2dfd7
EXP-TAIPAN-001,FILE-02R-a8f25df3c5847d30,SCAN-02R-da644119c60690fc,all_declared_fields_preserved,pass,0,wide plus auxiliary exhaustive by declared index
EXP-TAIPAN-001,FILE-02R-a8f25df3c5847d30,SCAN-02R-da644119c60690fc,count_control_semantics,pass,0,time_controlled
EXP-TAIPAN-001,FILE-02R-a8f25df3c5847d30,SCAN-02R-da644119c60690fc,declared_actual_column_count,pass,0,58
EXP-TAIPAN-001,FILE-02R-a8f25df3c5847d30,SCAN-02R-da644119c60690fc,detector_monitor_time_numeric_validity,pass,0,finite Decimal tokens; no correction
EXP-TAIPAN-001,FILE-02R-a8f25df3c5847d30,SCAN-02R-da644119c60690fc,energy_relation,pass,0,verified_global
EXP-TAIPAN-001,FILE-02R-a8f25df3c5847d30,SCAN-02R-da644119c60690fc,format_identity,pass,0,FMT-02R-a20370d76087
EXP-TAIPAN-001,FILE-02R-a8f25df3c5847d30,SCAN-02R-da644119c60690fc,header_parsing,pass,0,ordered raw records retained
EXP-TAIPAN-001,FILE-02R-a8f25df3c5847d30,SCAN-02R-da644119c60690fc,lattice_parse,pass,0,LAT-02R-517a9644e4f59287
EXP-TAIPAN-001,FILE-02R-a8f25df3c5847d30,SCAN-02R-da644119c60690fc,numeric_block_parsing,pass,0,one nonempty contiguous block
EXP-TAIPAN-001,FILE-02R-a8f25df3c5847d30,SCAN-02R-da644119c60690fc,point_count_reconciliation,pass,0,2
EXP-TAIPAN-001,FILE-02R-a8f25df3c5847d30,SCAN-02R-da644119c60690fc,raw_scan_ID_consistency,pass,0,filename compared with raw header scan ID
EXP-TAIPAN-001,FILE-02R-a8f25df3c5847d30,SCAN-02R-da644119c60690fc,readability,pass,0,strict UTF-8 decoded
EXP-TAIPAN-001,FILE-02R-a8f25df3c5847d30,SCAN-02R-da644119c60690fc,timestamp_validity,pass,0,header timestamps; timezone unrecorded
EXP-TAIPAN-001,FILE-02R-a91939947e7b8665,SCAN-02R-e7c2e1a042f607c2,UB_parse,pass,0,UB-02R-c7cdba07fed2dfd7
EXP-TAIPAN-001,FILE-02R-a91939947e7b8665,SCAN-02R-e7c2e1a042f607c2,all_declared_fields_preserved,pass,0,wide plus auxiliary exhaustive by declared index
EXP-TAIPAN-001,FILE-02R-a91939947e7b8665,SCAN-02R-e7c2e1a042f607c2,count_control_semantics,pass,0,monitor_controlled
EXP-TAIPAN-001,FILE-02R-a91939947e7b8665,SCAN-02R-e7c2e1a042f607c2,declared_actual_column_count,pass,0,59
EXP-TAIPAN-001,FILE-02R-a91939947e7b8665,SCAN-02R-e7c2e1a042f607c2,detector_monitor_time_numeric_validity,pass,0,finite Decimal tokens; no correction
EXP-TAIPAN-001,FILE-02R-a91939947e7b8665,SCAN-02R-e7c2e1a042f607c2,energy_relation,pass,0,verified_global
EXP-TAIPAN-001,FILE-02R-a91939947e7b8665,SCAN-02R-e7c2e1a042f607c2,format_identity,pass,0,FMT-02R-06137a7de1ad
EXP-TAIPAN-001,FILE-02R-a91939947e7b8665,SCAN-02R-e7c2e1a042f607c2,header_parsing,pass,0,ordered raw records retained
EXP-TAIPAN-001,FILE-02R-a91939947e7b8665,SCAN-02R-e7c2e1a042f607c2,lattice_parse,pass,0,LAT-02R-517a9644e4f59287
EXP-TAIPAN-001,FILE-02R-a91939947e7b8665,SCAN-02R-e7c2e1a042f607c2,numeric_block_parsing,pass,0,one nonempty contiguous block
EXP-TAIPAN-001,FILE-02R-a91939947e7b8665,SCAN-02R-e7c2e1a042f607c2,point_count_reconciliation,pass,0,5
EXP-TAIPAN-001,FILE-02R-a91939947e7b8665,SCAN-02R-e7c2e1a042f607c2,raw_scan_ID_consistency,pass,0,filename compared with raw header scan ID
EXP-TAIPAN-001,FILE-02R-a91939947e7b8665,SCAN-02R-e7c2e1a042f607c2,readability,pass,0,strict UTF-8 decoded
EXP-TAIPAN-001,FILE-02R-a91939947e7b8665,SCAN-02R-e7c2e1a042f607c2,timestamp_validity,pass,0,header timestamps; timezone unrecorded
EXP-TAIPAN-001,FILE-02R-a98cdafc1ca03212,SCAN-02R-49c7081b477e8f3d,UB_parse,pass,0,UB-02R-1d710a6baa059bbb
EXP-TAIPAN-001,FILE-02R-a98cdafc1ca03212,SCAN-02R-49c7081b477e8f3d,all_declared_fields_preserved,pass,0,wide plus auxiliary exhaustive by declared index
EXP-TAIPAN-001,FILE-02R-a98cdafc1ca03212,SCAN-02R-49c7081b477e8f3d,count_control_semantics,pass,0,time_controlled
EXP-TAIPAN-001,FILE-02R-a98cdafc1ca03212,SCAN-02R-49c7081b477e8f3d,declared_actual_column_count,pass,0,58
EXP-TAIPAN-001,FILE-02R-a98cdafc1ca03212,SCAN-02R-49c7081b477e8f3d,detector_monitor_time_numeric_validity,pass,0,finite Decimal tokens; no correction
EXP-TAIPAN-001,FILE-02R-a98cdafc1ca03212,SCAN-02R-49c7081b477e8f3d,energy_relation,pass,0,verified_global
EXP-TAIPAN-001,FILE-02R-a98cdafc1ca03212,SCAN-02R-49c7081b477e8f3d,format_identity,pass,0,FMT-02R-00e53630cd36
EXP-TAIPAN-001,FILE-02R-a98cdafc1ca03212,SCAN-02R-49c7081b477e8f3d,header_parsing,pass,0,ordered raw records retained
EXP-TAIPAN-001,FILE-02R-a98cdafc1ca03212,SCAN-02R-49c7081b477e8f3d,lattice_parse,pass,0,LAT-02R-ae4c74e47a033f66
EXP-TAIPAN-001,FILE-02R-a98cdafc1ca03212,SCAN-02R-49c7081b477e8f3d,numeric_block_parsing,pass,0,one nonempty contiguous block
EXP-TAIPAN-001,FILE-02R-a98cdafc1ca03212,SCAN-02R-49c7081b477e8f3d,point_count_reconciliation,pass,0,51
EXP-TAIPAN-001,FILE-02R-a98cdafc1ca03212,SCAN-02R-49c7081b477e8f3d,raw_scan_ID_consistency,pass,0,filename compared with raw header scan ID
EXP-TAIPAN-001,FILE-02R-a98cdafc1ca03212,SCAN-02R-49c7081b477e8f3d,readability,pass,0,strict UTF-8 decoded
EXP-TAIPAN-001,FILE-02R-a98cdafc1ca03212,SCAN-02R-49c7081b477e8f3d,timestamp_validity,pass,0,header timestamps; timezone unrecorded
EXP-TAIPAN-001,FILE-02R-aa07ebe39d21c0b8,SCAN-02R-d5e00829a2a54fb6,UB_parse,pass,0,UB-02R-1d710a6baa059bbb
EXP-TAIPAN-001,FILE-02R-aa07ebe39d21c0b8,SCAN-02R-d5e00829a2a54fb6,all_declared_fields_preserved,pass,0,wide plus auxiliary exhaustive by declared index
EXP-TAIPAN-001,FILE-02R-aa07ebe39d21c0b8,SCAN-02R-d5e00829a2a54fb6,count_control_semantics,pass,0,time_controlled
EXP-TAIPAN-001,FILE-02R-aa07ebe39d21c0b8,SCAN-02R-d5e00829a2a54fb6,declared_actual_column_count,pass,0,59
EXP-TAIPAN-001,FILE-02R-aa07ebe39d21c0b8,SCAN-02R-d5e00829a2a54fb6,detector_monitor_time_numeric_validity,pass,0,finite Decimal tokens; no correction
EXP-TAIPAN-001,FILE-02R-aa07ebe39d21c0b8,SCAN-02R-d5e00829a2a54fb6,energy_relation,pass,0,verified_global
EXP-TAIPAN-001,FILE-02R-aa07ebe39d21c0b8,SCAN-02R-d5e00829a2a54fb6,format_identity,pass,0,FMT-02R-fb75879b9023
EXP-TAIPAN-001,FILE-02R-aa07ebe39d21c0b8,SCAN-02R-d5e00829a2a54fb6,header_parsing,pass,0,ordered raw records retained
EXP-TAIPAN-001,FILE-02R-aa07ebe39d21c0b8,SCAN-02R-d5e00829a2a54fb6,lattice_parse,pass,0,LAT-02R-ae4c74e47a033f66
EXP-TAIPAN-001,FILE-02R-aa07ebe39d21c0b8,SCAN-02R-d5e00829a2a54fb6,numeric_block_parsing,pass,0,one nonempty contiguous block
EXP-TAIPAN-001,FILE-02R-aa07ebe39d21c0b8,SCAN-02R-d5e00829a2a54fb6,point_count_reconciliation,pass,0,21
EXP-TAIPAN-001,FILE-02R-aa07ebe39d21c0b8,SCAN-02R-d5e00829a2a54fb6,raw_scan_ID_consistency,pass,0,filename compared with raw header scan ID
EXP-TAIPAN-001,FILE-02R-aa07ebe39d21c0b8,SCAN-02R-d5e00829a2a54fb6,readability,pass,0,strict UTF-8 decoded
EXP-TAIPAN-001,FILE-02R-aa07ebe39d21c0b8,SCAN-02R-d5e00829a2a54fb6,timestamp_validity,pass,0,header timestamps; timezone unrecorded
EXP-TAIPAN-001,FILE-02R-ac00d0136c230341,SCAN-02R-a0737ac6a3eb4604,UB_parse,pass,0,UB-02R-c7cdba07fed2dfd7
EXP-TAIPAN-001,FILE-02R-ac00d0136c230341,SCAN-02R-a0737ac6a3eb4604,all_declared_fields_preserved,pass,0,wide plus auxiliary exhaustive by declared index
EXP-TAIPAN-001,FILE-02R-ac00d0136c230341,SCAN-02R-a0737ac6a3eb4604,count_control_semantics,pass,0,monitor_controlled
EXP-TAIPAN-001,FILE-02R-ac00d0136c230341,SCAN-02R-a0737ac6a3eb4604,declared_actual_column_count,pass,0,58
EXP-TAIPAN-001,FILE-02R-ac00d0136c230341,SCAN-02R-a0737ac6a3eb4604,detector_monitor_time_numeric_validity,pass,0,finite Decimal tokens; no correction
EXP-TAIPAN-001,FILE-02R-ac00d0136c230341,SCAN-02R-a0737ac6a3eb4604,energy_relation,pass,0,verified_global
EXP-TAIPAN-001,FILE-02R-ac00d0136c230341,SCAN-02R-a0737ac6a3eb4604,format_identity,pass,0,FMT-02R-00e53630cd36
EXP-TAIPAN-001,FILE-02R-ac00d0136c230341,SCAN-02R-a0737ac6a3eb4604,header_parsing,pass,0,ordered raw records retained
EXP-TAIPAN-001,FILE-02R-ac00d0136c230341,SCAN-02R-a0737ac6a3eb4604,lattice_parse,pass,0,LAT-02R-517a9644e4f59287
EXP-TAIPAN-001,FILE-02R-ac00d0136c230341,SCAN-02R-a0737ac6a3eb4604,numeric_block_parsing,pass,0,one nonempty contiguous block
EXP-TAIPAN-001,FILE-02R-ac00d0136c230341,SCAN-02R-a0737ac6a3eb4604,point_count_reconciliation,pass,0,31
EXP-TAIPAN-001,FILE-02R-ac00d0136c230341,SCAN-02R-a0737ac6a3eb4604,raw_scan_ID_consistency,pass,0,filename compared with raw header scan ID
EXP-TAIPAN-001,FILE-02R-ac00d0136c230341,SCAN-02R-a0737ac6a3eb4604,readability,pass,0,strict UTF-8 decoded
EXP-TAIPAN-001,FILE-02R-ac00d0136c230341,SCAN-02R-a0737ac6a3eb4604,timestamp_validity,pass,0,header timestamps; timezone unrecorded
EXP-TAIPAN-001,FILE-02R-ad5a7d1fd9cfbffb,SCAN-02R-391364dde623200d,UB_parse,pass,0,UB-02R-c7cdba07fed2dfd7
EXP-TAIPAN-001,FILE-02R-ad5a7d1fd9cfbffb,SCAN-02R-391364dde623200d,all_declared_fields_preserved,pass,0,wide plus auxiliary exhaustive by declared index
EXP-TAIPAN-001,FILE-02R-ad5a7d1fd9cfbffb,SCAN-02R-391364dde623200d,count_control_semantics,pass,0,time_controlled
EXP-TAIPAN-001,FILE-02R-ad5a7d1fd9cfbffb,SCAN-02R-391364dde623200d,declared_actual_column_count,pass,0,58
EXP-TAIPAN-001,FILE-02R-ad5a7d1fd9cfbffb,SCAN-02R-391364dde623200d,detector_monitor_time_numeric_validity,pass,0,finite Decimal tokens; no correction
EXP-TAIPAN-001,FILE-02R-ad5a7d1fd9cfbffb,SCAN-02R-391364dde623200d,energy_relation,pass,0,verified_global
EXP-TAIPAN-001,FILE-02R-ad5a7d1fd9cfbffb,SCAN-02R-391364dde623200d,format_identity,pass,0,FMT-02R-a20370d76087
EXP-TAIPAN-001,FILE-02R-ad5a7d1fd9cfbffb,SCAN-02R-391364dde623200d,header_parsing,pass,0,ordered raw records retained
EXP-TAIPAN-001,FILE-02R-ad5a7d1fd9cfbffb,SCAN-02R-391364dde623200d,lattice_parse,pass,0,LAT-02R-517a9644e4f59287
EXP-TAIPAN-001,FILE-02R-ad5a7d1fd9cfbffb,SCAN-02R-391364dde623200d,numeric_block_parsing,pass,0,one nonempty contiguous block
EXP-TAIPAN-001,FILE-02R-ad5a7d1fd9cfbffb,SCAN-02R-391364dde623200d,point_count_reconciliation,pass,0,21
EXP-TAIPAN-001,FILE-02R-ad5a7d1fd9cfbffb,SCAN-02R-391364dde623200d,raw_scan_ID_consistency,pass,0,filename compared with raw header scan ID
EXP-TAIPAN-001,FILE-02R-ad5a7d1fd9cfbffb,SCAN-02R-391364dde623200d,readability,pass,0,strict UTF-8 decoded
EXP-TAIPAN-001,FILE-02R-ad5a7d1fd9cfbffb,SCAN-02R-391364dde623200d,timestamp_validity,pass,0,header timestamps; timezone unrecorded
EXP-TAIPAN-001,FILE-02R-afd3d05ceefc8cfc,SCAN-02R-46abc72aaf86494c,UB_parse,pass,0,UB-02R-c7cdba07fed2dfd7
EXP-TAIPAN-001,FILE-02R-afd3d05ceefc8cfc,SCAN-02R-46abc72aaf86494c,all_declared_fields_preserved,pass,0,wide plus auxiliary exhaustive by declared index
EXP-TAIPAN-001,FILE-02R-afd3d05ceefc8cfc,SCAN-02R-46abc72aaf86494c,count_control_semantics,pass,0,monitor_controlled
EXP-TAIPAN-001,FILE-02R-afd3d05ceefc8cfc,SCAN-02R-46abc72aaf86494c,declared_actual_column_count,pass,0,59
EXP-TAIPAN-001,FILE-02R-afd3d05ceefc8cfc,SCAN-02R-46abc72aaf86494c,detector_monitor_time_numeric_validity,pass,0,finite Decimal tokens; no correction
EXP-TAIPAN-001,FILE-02R-afd3d05ceefc8cfc,SCAN-02R-46abc72aaf86494c,energy_relation,pass,0,verified_global
EXP-TAIPAN-001,FILE-02R-afd3d05ceefc8cfc,SCAN-02R-46abc72aaf86494c,format_identity,pass,0,FMT-02R-06137a7de1ad
EXP-TAIPAN-001,FILE-02R-afd3d05ceefc8cfc,SCAN-02R-46abc72aaf86494c,header_parsing,pass,0,ordered raw records retained
EXP-TAIPAN-001,FILE-02R-afd3d05ceefc8cfc,SCAN-02R-46abc72aaf86494c,lattice_parse,pass,0,LAT-02R-517a9644e4f59287
EXP-TAIPAN-001,FILE-02R-afd3d05ceefc8cfc,SCAN-02R-46abc72aaf86494c,numeric_block_parsing,pass,0,one nonempty contiguous block
EXP-TAIPAN-001,FILE-02R-afd3d05ceefc8cfc,SCAN-02R-46abc72aaf86494c,point_count_reconciliation,pass,0,5
EXP-TAIPAN-001,FILE-02R-afd3d05ceefc8cfc,SCAN-02R-46abc72aaf86494c,raw_scan_ID_consistency,pass,0,filename compared with raw header scan ID
EXP-TAIPAN-001,FILE-02R-afd3d05ceefc8cfc,SCAN-02R-46abc72aaf86494c,readability,pass,0,strict UTF-8 decoded
EXP-TAIPAN-001,FILE-02R-afd3d05ceefc8cfc,SCAN-02R-46abc72aaf86494c,timestamp_validity,pass,0,header timestamps; timezone unrecorded
EXP-TAIPAN-001,FILE-02R-b026e7e938fde3e5,SCAN-02R-b30351ae2c4fc24c,UB_parse,pass,0,UB-02R-c7cdba07fed2dfd7
EXP-TAIPAN-001,FILE-02R-b026e7e938fde3e5,SCAN-02R-b30351ae2c4fc24c,all_declared_fields_preserved,pass,0,wide plus auxiliary exhaustive by declared index
EXP-TAIPAN-001,FILE-02R-b026e7e938fde3e5,SCAN-02R-b30351ae2c4fc24c,count_control_semantics,pass,0,time_controlled
EXP-TAIPAN-001,FILE-02R-b026e7e938fde3e5,SCAN-02R-b30351ae2c4fc24c,declared_actual_column_count,pass,0,59
EXP-TAIPAN-001,FILE-02R-b026e7e938fde3e5,SCAN-02R-b30351ae2c4fc24c,detector_monitor_time_numeric_validity,pass,0,finite Decimal tokens; no correction
EXP-TAIPAN-001,FILE-02R-b026e7e938fde3e5,SCAN-02R-b30351ae2c4fc24c,energy_relation,pass,0,verified_global
EXP-TAIPAN-001,FILE-02R-b026e7e938fde3e5,SCAN-02R-b30351ae2c4fc24c,format_identity,pass,0,FMT-02R-42b66acce1bb
EXP-TAIPAN-001,FILE-02R-b026e7e938fde3e5,SCAN-02R-b30351ae2c4fc24c,header_parsing,pass,0,ordered raw records retained
EXP-TAIPAN-001,FILE-02R-b026e7e938fde3e5,SCAN-02R-b30351ae2c4fc24c,lattice_parse,pass,0,LAT-02R-517a9644e4f59287
EXP-TAIPAN-001,FILE-02R-b026e7e938fde3e5,SCAN-02R-b30351ae2c4fc24c,numeric_block_parsing,pass,0,one nonempty contiguous block
EXP-TAIPAN-001,FILE-02R-b026e7e938fde3e5,SCAN-02R-b30351ae2c4fc24c,point_count_reconciliation,pass,0,21
EXP-TAIPAN-001,FILE-02R-b026e7e938fde3e5,SCAN-02R-b30351ae2c4fc24c,raw_scan_ID_consistency,pass,0,filename compared with raw header scan ID
EXP-TAIPAN-001,FILE-02R-b026e7e938fde3e5,SCAN-02R-b30351ae2c4fc24c,readability,pass,0,strict UTF-8 decoded
EXP-TAIPAN-001,FILE-02R-b026e7e938fde3e5,SCAN-02R-b30351ae2c4fc24c,timestamp_validity,pass,0,header timestamps; timezone unrecorded
EXP-TAIPAN-001,FILE-02R-b2043e6967551433,SCAN-02R-84cb0b6150577fdc,UB_parse,pass,0,UB-02R-397acad65dd9e384
EXP-TAIPAN-001,FILE-02R-b2043e6967551433,SCAN-02R-84cb0b6150577fdc,all_declared_fields_preserved,pass,0,wide plus auxiliary exhaustive by declared index
EXP-TAIPAN-001,FILE-02R-b2043e6967551433,SCAN-02R-84cb0b6150577fdc,count_control_semantics,pass,0,time_controlled
EXP-TAIPAN-001,FILE-02R-b2043e6967551433,SCAN-02R-84cb0b6150577fdc,declared_actual_column_count,pass,0,58
EXP-TAIPAN-001,FILE-02R-b2043e6967551433,SCAN-02R-84cb0b6150577fdc,detector_monitor_time_numeric_validity,pass,0,finite Decimal tokens; no correction
EXP-TAIPAN-001,FILE-02R-b2043e6967551433,SCAN-02R-84cb0b6150577fdc,energy_relation,pass,0,verified_global
EXP-TAIPAN-001,FILE-02R-b2043e6967551433,SCAN-02R-84cb0b6150577fdc,format_identity,pass,0,FMT-02R-00e53630cd36
EXP-TAIPAN-001,FILE-02R-b2043e6967551433,SCAN-02R-84cb0b6150577fdc,header_parsing,pass,0,ordered raw records retained
EXP-TAIPAN-001,FILE-02R-b2043e6967551433,SCAN-02R-84cb0b6150577fdc,lattice_parse,pass,0,LAT-02R-ae4c74e47a033f66
EXP-TAIPAN-001,FILE-02R-b2043e6967551433,SCAN-02R-84cb0b6150577fdc,numeric_block_parsing,pass,0,one nonempty contiguous block
EXP-TAIPAN-001,FILE-02R-b2043e6967551433,SCAN-02R-84cb0b6150577fdc,point_count_reconciliation,pass,0,51
EXP-TAIPAN-001,FILE-02R-b2043e6967551433,SCAN-02R-84cb0b6150577fdc,raw_scan_ID_consistency,pass,0,filename compared with raw header scan ID
EXP-TAIPAN-001,FILE-02R-b2043e6967551433,SCAN-02R-84cb0b6150577fdc,readability,pass,0,strict UTF-8 decoded
EXP-TAIPAN-001,FILE-02R-b2043e6967551433,SCAN-02R-84cb0b6150577fdc,timestamp_validity,pass,0,header timestamps; timezone unrecorded
EXP-TAIPAN-001,FILE-02R-b3c55d12147f0b5a,SCAN-02R-2a0e91f43e0fe127,UB_parse,pass,0,UB-02R-c7cdba07fed2dfd7
EXP-TAIPAN-001,FILE-02R-b3c55d12147f0b5a,SCAN-02R-2a0e91f43e0fe127,all_declared_fields_preserved,pass,0,wide plus auxiliary exhaustive by declared index
EXP-TAIPAN-001,FILE-02R-b3c55d12147f0b5a,SCAN-02R-2a0e91f43e0fe127,count_control_semantics,pass,0,monitor_controlled
EXP-TAIPAN-001,FILE-02R-b3c55d12147f0b5a,SCAN-02R-2a0e91f43e0fe127,declared_actual_column_count,pass,0,59
EXP-TAIPAN-001,FILE-02R-b3c55d12147f0b5a,SCAN-02R-2a0e91f43e0fe127,detector_monitor_time_numeric_validity,pass,0,finite Decimal tokens; no correction
EXP-TAIPAN-001,FILE-02R-b3c55d12147f0b5a,SCAN-02R-2a0e91f43e0fe127,energy_relation,pass,0,verified_global
EXP-TAIPAN-001,FILE-02R-b3c55d12147f0b5a,SCAN-02R-2a0e91f43e0fe127,format_identity,pass,0,FMT-02R-06137a7de1ad
EXP-TAIPAN-001,FILE-02R-b3c55d12147f0b5a,SCAN-02R-2a0e91f43e0fe127,header_parsing,pass,0,ordered raw records retained
EXP-TAIPAN-001,FILE-02R-b3c55d12147f0b5a,SCAN-02R-2a0e91f43e0fe127,lattice_parse,pass,0,LAT-02R-517a9644e4f59287
EXP-TAIPAN-001,FILE-02R-b3c55d12147f0b5a,SCAN-02R-2a0e91f43e0fe127,numeric_block_parsing,pass,0,one nonempty contiguous block
EXP-TAIPAN-001,FILE-02R-b3c55d12147f0b5a,SCAN-02R-2a0e91f43e0fe127,point_count_reconciliation,pass,0,31
EXP-TAIPAN-001,FILE-02R-b3c55d12147f0b5a,SCAN-02R-2a0e91f43e0fe127,raw_scan_ID_consistency,pass,0,filename compared with raw header scan ID
EXP-TAIPAN-001,FILE-02R-b3c55d12147f0b5a,SCAN-02R-2a0e91f43e0fe127,readability,pass,0,strict UTF-8 decoded
EXP-TAIPAN-001,FILE-02R-b3c55d12147f0b5a,SCAN-02R-2a0e91f43e0fe127,timestamp_validity,pass,0,header timestamps; timezone unrecorded
EXP-TAIPAN-001,FILE-02R-b3edfec0667b8f81,SCAN-02R-91de8f7a5ce6984b,UB_parse,pass,0,UB-02R-1d710a6baa059bbb
EXP-TAIPAN-001,FILE-02R-b3edfec0667b8f81,SCAN-02R-91de8f7a5ce6984b,all_declared_fields_preserved,pass,0,wide plus auxiliary exhaustive by declared index
EXP-TAIPAN-001,FILE-02R-b3edfec0667b8f81,SCAN-02R-91de8f7a5ce6984b,count_control_semantics,pass,0,monitor_controlled
EXP-TAIPAN-001,FILE-02R-b3edfec0667b8f81,SCAN-02R-91de8f7a5ce6984b,declared_actual_column_count,pass,0,59
EXP-TAIPAN-001,FILE-02R-b3edfec0667b8f81,SCAN-02R-91de8f7a5ce6984b,detector_monitor_time_numeric_validity,pass,0,finite Decimal tokens; no correction
EXP-TAIPAN-001,FILE-02R-b3edfec0667b8f81,SCAN-02R-91de8f7a5ce6984b,energy_relation,pass,0,verified_global
EXP-TAIPAN-001,FILE-02R-b3edfec0667b8f81,SCAN-02R-91de8f7a5ce6984b,format_identity,pass,0,FMT-02R-06137a7de1ad
EXP-TAIPAN-001,FILE-02R-b3edfec0667b8f81,SCAN-02R-91de8f7a5ce6984b,header_parsing,pass,0,ordered raw records retained
EXP-TAIPAN-001,FILE-02R-b3edfec0667b8f81,SCAN-02R-91de8f7a5ce6984b,lattice_parse,pass,0,LAT-02R-ae4c74e47a033f66
EXP-TAIPAN-001,FILE-02R-b3edfec0667b8f81,SCAN-02R-91de8f7a5ce6984b,numeric_block_parsing,pass,0,one nonempty contiguous block
EXP-TAIPAN-001,FILE-02R-b3edfec0667b8f81,SCAN-02R-91de8f7a5ce6984b,point_count_reconciliation,pass,0,25
EXP-TAIPAN-001,FILE-02R-b3edfec0667b8f81,SCAN-02R-91de8f7a5ce6984b,raw_scan_ID_consistency,pass,0,filename compared with raw header scan ID
EXP-TAIPAN-001,FILE-02R-b3edfec0667b8f81,SCAN-02R-91de8f7a5ce6984b,readability,pass,0,strict UTF-8 decoded
EXP-TAIPAN-001,FILE-02R-b3edfec0667b8f81,SCAN-02R-91de8f7a5ce6984b,timestamp_validity,pass,0,header timestamps; timezone unrecorded
EXP-TAIPAN-001,FILE-02R-b40b4e01e3d73fa0,SCAN-02R-11f9a7978abc2be1,UB_parse,pass,0,UB-02R-c7cdba07fed2dfd7
EXP-TAIPAN-001,FILE-02R-b40b4e01e3d73fa0,SCAN-02R-11f9a7978abc2be1,all_declared_fields_preserved,pass,0,wide plus auxiliary exhaustive by declared index
EXP-TAIPAN-001,FILE-02R-b40b4e01e3d73fa0,SCAN-02R-11f9a7978abc2be1,count_control_semantics,pass,0,monitor_controlled
EXP-TAIPAN-001,FILE-02R-b40b4e01e3d73fa0,SCAN-02R-11f9a7978abc2be1,declared_actual_column_count,pass,0,57
EXP-TAIPAN-001,FILE-02R-b40b4e01e3d73fa0,SCAN-02R-11f9a7978abc2be1,detector_monitor_time_numeric_validity,pass,0,finite Decimal tokens; no correction
EXP-TAIPAN-001,FILE-02R-b40b4e01e3d73fa0,SCAN-02R-11f9a7978abc2be1,energy_relation,pass,0,verified_global
EXP-TAIPAN-001,FILE-02R-b40b4e01e3d73fa0,SCAN-02R-11f9a7978abc2be1,format_identity,pass,0,FMT-02R-a9e025c2acce
EXP-TAIPAN-001,FILE-02R-b40b4e01e3d73fa0,SCAN-02R-11f9a7978abc2be1,header_parsing,pass,0,ordered raw records retained
EXP-TAIPAN-001,FILE-02R-b40b4e01e3d73fa0,SCAN-02R-11f9a7978abc2be1,lattice_parse,pass,0,LAT-02R-517a9644e4f59287
EXP-TAIPAN-001,FILE-02R-b40b4e01e3d73fa0,SCAN-02R-11f9a7978abc2be1,numeric_block_parsing,pass,0,one nonempty contiguous block
EXP-TAIPAN-001,FILE-02R-b40b4e01e3d73fa0,SCAN-02R-11f9a7978abc2be1,point_count_reconciliation,pass,0,13
EXP-TAIPAN-001,FILE-02R-b40b4e01e3d73fa0,SCAN-02R-11f9a7978abc2be1,raw_scan_ID_consistency,pass,0,filename compared with raw header scan ID
EXP-TAIPAN-001,FILE-02R-b40b4e01e3d73fa0,SCAN-02R-11f9a7978abc2be1,readability,pass,0,strict UTF-8 decoded
EXP-TAIPAN-001,FILE-02R-b40b4e01e3d73fa0,SCAN-02R-11f9a7978abc2be1,timestamp_validity,pass,0,header timestamps; timezone unrecorded
EXP-TAIPAN-001,FILE-02R-b4ceb51089e2f382,SCAN-02R-6d3fa023f691129f,UB_parse,pass,0,UB-02R-55ac4333b2057246
EXP-TAIPAN-001,FILE-02R-b4ceb51089e2f382,SCAN-02R-6d3fa023f691129f,all_declared_fields_preserved,pass,0,wide plus auxiliary exhaustive by declared index
EXP-TAIPAN-001,FILE-02R-b4ceb51089e2f382,SCAN-02R-6d3fa023f691129f,count_control_semantics,pass,0,time_controlled
EXP-TAIPAN-001,FILE-02R-b4ceb51089e2f382,SCAN-02R-6d3fa023f691129f,declared_actual_column_count,pass,0,58
EXP-TAIPAN-001,FILE-02R-b4ceb51089e2f382,SCAN-02R-6d3fa023f691129f,detector_monitor_time_numeric_validity,pass,0,finite Decimal tokens; no correction
EXP-TAIPAN-001,FILE-02R-b4ceb51089e2f382,SCAN-02R-6d3fa023f691129f,energy_relation,pass,0,verified_global
EXP-TAIPAN-001,FILE-02R-b4ceb51089e2f382,SCAN-02R-6d3fa023f691129f,format_identity,pass,0,FMT-02R-00e53630cd36
EXP-TAIPAN-001,FILE-02R-b4ceb51089e2f382,SCAN-02R-6d3fa023f691129f,header_parsing,pass,0,ordered raw records retained
EXP-TAIPAN-001,FILE-02R-b4ceb51089e2f382,SCAN-02R-6d3fa023f691129f,lattice_parse,pass,0,LAT-02R-ae4c74e47a033f66
EXP-TAIPAN-001,FILE-02R-b4ceb51089e2f382,SCAN-02R-6d3fa023f691129f,numeric_block_parsing,pass,0,one nonempty contiguous block
EXP-TAIPAN-001,FILE-02R-b4ceb51089e2f382,SCAN-02R-6d3fa023f691129f,point_count_reconciliation,pass,0,41
EXP-TAIPAN-001,FILE-02R-b4ceb51089e2f382,SCAN-02R-6d3fa023f691129f,raw_scan_ID_consistency,pass,0,filename compared with raw header scan ID
EXP-TAIPAN-001,FILE-02R-b4ceb51089e2f382,SCAN-02R-6d3fa023f691129f,readability,pass,0,strict UTF-8 decoded
EXP-TAIPAN-001,FILE-02R-b4ceb51089e2f382,SCAN-02R-6d3fa023f691129f,timestamp_validity,pass,0,header timestamps; timezone unrecorded
EXP-TAIPAN-001,FILE-02R-b59b6a3cc82d9e1d,SCAN-02R-8e9939a05c893131,UB_parse,pass,0,UB-02R-397acad65dd9e384
EXP-TAIPAN-001,FILE-02R-b59b6a3cc82d9e1d,SCAN-02R-8e9939a05c893131,all_declared_fields_preserved,pass,0,wide plus auxiliary exhaustive by declared index
EXP-TAIPAN-001,FILE-02R-b59b6a3cc82d9e1d,SCAN-02R-8e9939a05c893131,count_control_semantics,pass,0,time_controlled
EXP-TAIPAN-001,FILE-02R-b59b6a3cc82d9e1d,SCAN-02R-8e9939a05c893131,declared_actual_column_count,pass,0,58
EXP-TAIPAN-001,FILE-02R-b59b6a3cc82d9e1d,SCAN-02R-8e9939a05c893131,detector_monitor_time_numeric_validity,pass,0,finite Decimal tokens; no correction
EXP-TAIPAN-001,FILE-02R-b59b6a3cc82d9e1d,SCAN-02R-8e9939a05c893131,energy_relation,pass,0,verified_global
EXP-TAIPAN-001,FILE-02R-b59b6a3cc82d9e1d,SCAN-02R-8e9939a05c893131,format_identity,pass,0,FMT-02R-de66a609ccd2
EXP-TAIPAN-001,FILE-02R-b59b6a3cc82d9e1d,SCAN-02R-8e9939a05c893131,header_parsing,pass,0,ordered raw records retained
EXP-TAIPAN-001,FILE-02R-b59b6a3cc82d9e1d,SCAN-02R-8e9939a05c893131,lattice_parse,pass,0,LAT-02R-ae4c74e47a033f66
EXP-TAIPAN-001,FILE-02R-b59b6a3cc82d9e1d,SCAN-02R-8e9939a05c893131,numeric_block_parsing,pass,0,one nonempty contiguous block
EXP-TAIPAN-001,FILE-02R-b59b6a3cc82d9e1d,SCAN-02R-8e9939a05c893131,point_count_reconciliation,pass,0,31
EXP-TAIPAN-001,FILE-02R-b59b6a3cc82d9e1d,SCAN-02R-8e9939a05c893131,raw_scan_ID_consistency,pass,0,filename compared with raw header scan ID
EXP-TAIPAN-001,FILE-02R-b59b6a3cc82d9e1d,SCAN-02R-8e9939a05c893131,readability,pass,0,strict UTF-8 decoded
EXP-TAIPAN-001,FILE-02R-b59b6a3cc82d9e1d,SCAN-02R-8e9939a05c893131,timestamp_validity,pass,0,header timestamps; timezone unrecorded
EXP-TAIPAN-001,FILE-02R-b721852cd2326ced,SCAN-02R-93657997ed968c54,UB_parse,pass,0,UB-02R-397acad65dd9e384
EXP-TAIPAN-001,FILE-02R-b721852cd2326ced,SCAN-02R-93657997ed968c54,all_declared_fields_preserved,pass,0,wide plus auxiliary exhaustive by declared index
EXP-TAIPAN-001,FILE-02R-b721852cd2326ced,SCAN-02R-93657997ed968c54,count_control_semantics,pass,0,time_controlled
EXP-TAIPAN-001,FILE-02R-b721852cd2326ced,SCAN-02R-93657997ed968c54,declared_actual_column_count,pass,0,58
EXP-TAIPAN-001,FILE-02R-b721852cd2326ced,SCAN-02R-93657997ed968c54,detector_monitor_time_numeric_validity,pass,0,finite Decimal tokens; no correction
EXP-TAIPAN-001,FILE-02R-b721852cd2326ced,SCAN-02R-93657997ed968c54,energy_relation,pass,0,verified_global
EXP-TAIPAN-001,FILE-02R-b721852cd2326ced,SCAN-02R-93657997ed968c54,format_identity,pass,0,FMT-02R-00e53630cd36
EXP-TAIPAN-001,FILE-02R-b721852cd2326ced,SCAN-02R-93657997ed968c54,header_parsing,pass,0,ordered raw records retained
EXP-TAIPAN-001,FILE-02R-b721852cd2326ced,SCAN-02R-93657997ed968c54,lattice_parse,pass,0,LAT-02R-ae4c74e47a033f66
EXP-TAIPAN-001,FILE-02R-b721852cd2326ced,SCAN-02R-93657997ed968c54,numeric_block_parsing,pass,0,one nonempty contiguous block
EXP-TAIPAN-001,FILE-02R-b721852cd2326ced,SCAN-02R-93657997ed968c54,point_count_reconciliation,pass,0,101
EXP-TAIPAN-001,FILE-02R-b721852cd2326ced,SCAN-02R-93657997ed968c54,raw_scan_ID_consistency,pass,0,filename compared with raw header scan ID
EXP-TAIPAN-001,FILE-02R-b721852cd2326ced,SCAN-02R-93657997ed968c54,readability,pass,0,strict UTF-8 decoded
EXP-TAIPAN-001,FILE-02R-b721852cd2326ced,SCAN-02R-93657997ed968c54,timestamp_validity,pass,0,header timestamps; timezone unrecorded
EXP-TAIPAN-001,FILE-02R-b730d75fdfeddc6e,SCAN-02R-eea1fadd4abbd144,UB_parse,pass,0,UB-02R-c7cdba07fed2dfd7
EXP-TAIPAN-001,FILE-02R-b730d75fdfeddc6e,SCAN-02R-eea1fadd4abbd144,all_declared_fields_preserved,pass,0,wide plus auxiliary exhaustive by declared index
EXP-TAIPAN-001,FILE-02R-b730d75fdfeddc6e,SCAN-02R-eea1fadd4abbd144,count_control_semantics,pass,0,monitor_controlled
EXP-TAIPAN-001,FILE-02R-b730d75fdfeddc6e,SCAN-02R-eea1fadd4abbd144,declared_actual_column_count,pass,0,59
EXP-TAIPAN-001,FILE-02R-b730d75fdfeddc6e,SCAN-02R-eea1fadd4abbd144,detector_monitor_time_numeric_validity,pass,0,finite Decimal tokens; no correction
EXP-TAIPAN-001,FILE-02R-b730d75fdfeddc6e,SCAN-02R-eea1fadd4abbd144,energy_relation,pass,0,verified_global
EXP-TAIPAN-001,FILE-02R-b730d75fdfeddc6e,SCAN-02R-eea1fadd4abbd144,format_identity,pass,0,FMT-02R-06137a7de1ad
EXP-TAIPAN-001,FILE-02R-b730d75fdfeddc6e,SCAN-02R-eea1fadd4abbd144,header_parsing,pass,0,ordered raw records retained
EXP-TAIPAN-001,FILE-02R-b730d75fdfeddc6e,SCAN-02R-eea1fadd4abbd144,lattice_parse,pass,0,LAT-02R-517a9644e4f59287
EXP-TAIPAN-001,FILE-02R-b730d75fdfeddc6e,SCAN-02R-eea1fadd4abbd144,numeric_block_parsing,pass,0,one nonempty contiguous block
EXP-TAIPAN-001,FILE-02R-b730d75fdfeddc6e,SCAN-02R-eea1fadd4abbd144,point_count_reconciliation,pass,0,26
EXP-TAIPAN-001,FILE-02R-b730d75fdfeddc6e,SCAN-02R-eea1fadd4abbd144,raw_scan_ID_consistency,pass,0,filename compared with raw header scan ID
EXP-TAIPAN-001,FILE-02R-b730d75fdfeddc6e,SCAN-02R-eea1fadd4abbd144,readability,pass,0,strict UTF-8 decoded
EXP-TAIPAN-001,FILE-02R-b730d75fdfeddc6e,SCAN-02R-eea1fadd4abbd144,timestamp_validity,pass,0,header timestamps; timezone unrecorded
EXP-TAIPAN-001,FILE-02R-b8820660a9c99eff,SCAN-02R-2c38778fb264b3af,UB_parse,pass,0,UB-02R-397acad65dd9e384
EXP-TAIPAN-001,FILE-02R-b8820660a9c99eff,SCAN-02R-2c38778fb264b3af,all_declared_fields_preserved,pass,0,wide plus auxiliary exhaustive by declared index
EXP-TAIPAN-001,FILE-02R-b8820660a9c99eff,SCAN-02R-2c38778fb264b3af,count_control_semantics,pass,0,time_controlled
EXP-TAIPAN-001,FILE-02R-b8820660a9c99eff,SCAN-02R-2c38778fb264b3af,declared_actual_column_count,pass,0,58
EXP-TAIPAN-001,FILE-02R-b8820660a9c99eff,SCAN-02R-2c38778fb264b3af,detector_monitor_time_numeric_validity,pass,0,finite Decimal tokens; no correction
EXP-TAIPAN-001,FILE-02R-b8820660a9c99eff,SCAN-02R-2c38778fb264b3af,energy_relation,pass,0,verified_global
EXP-TAIPAN-001,FILE-02R-b8820660a9c99eff,SCAN-02R-2c38778fb264b3af,format_identity,pass,0,FMT-02R-de66a609ccd2
EXP-TAIPAN-001,FILE-02R-b8820660a9c99eff,SCAN-02R-2c38778fb264b3af,header_parsing,pass,0,ordered raw records retained
EXP-TAIPAN-001,FILE-02R-b8820660a9c99eff,SCAN-02R-2c38778fb264b3af,lattice_parse,pass,0,LAT-02R-ae4c74e47a033f66
EXP-TAIPAN-001,FILE-02R-b8820660a9c99eff,SCAN-02R-2c38778fb264b3af,numeric_block_parsing,pass,0,one nonempty contiguous block
EXP-TAIPAN-001,FILE-02R-b8820660a9c99eff,SCAN-02R-2c38778fb264b3af,point_count_reconciliation,pass,0,41
EXP-TAIPAN-001,FILE-02R-b8820660a9c99eff,SCAN-02R-2c38778fb264b3af,raw_scan_ID_consistency,pass,0,filename compared with raw header scan ID
EXP-TAIPAN-001,FILE-02R-b8820660a9c99eff,SCAN-02R-2c38778fb264b3af,readability,pass,0,strict UTF-8 decoded
EXP-TAIPAN-001,FILE-02R-b8820660a9c99eff,SCAN-02R-2c38778fb264b3af,timestamp_validity,pass,0,header timestamps; timezone unrecorded
EXP-TAIPAN-001,FILE-02R-b8d95c80bf59904b,SCAN-02R-fb62d31e5c3c1dbf,UB_parse,pass,0,UB-02R-c7cdba07fed2dfd7
EXP-TAIPAN-001,FILE-02R-b8d95c80bf59904b,SCAN-02R-fb62d31e5c3c1dbf,all_declared_fields_preserved,pass,0,wide plus auxiliary exhaustive by declared index
EXP-TAIPAN-001,FILE-02R-b8d95c80bf59904b,SCAN-02R-fb62d31e5c3c1dbf,count_control_semantics,pass,0,monitor_controlled
EXP-TAIPAN-001,FILE-02R-b8d95c80bf59904b,SCAN-02R-fb62d31e5c3c1dbf,declared_actual_column_count,pass,0,59
EXP-TAIPAN-001,FILE-02R-b8d95c80bf59904b,SCAN-02R-fb62d31e5c3c1dbf,detector_monitor_time_numeric_validity,pass,0,finite Decimal tokens; no correction
EXP-TAIPAN-001,FILE-02R-b8d95c80bf59904b,SCAN-02R-fb62d31e5c3c1dbf,energy_relation,pass,0,verified_global
EXP-TAIPAN-001,FILE-02R-b8d95c80bf59904b,SCAN-02R-fb62d31e5c3c1dbf,format_identity,pass,0,FMT-02R-06137a7de1ad
EXP-TAIPAN-001,FILE-02R-b8d95c80bf59904b,SCAN-02R-fb62d31e5c3c1dbf,header_parsing,pass,0,ordered raw records retained
EXP-TAIPAN-001,FILE-02R-b8d95c80bf59904b,SCAN-02R-fb62d31e5c3c1dbf,lattice_parse,pass,0,LAT-02R-517a9644e4f59287
EXP-TAIPAN-001,FILE-02R-b8d95c80bf59904b,SCAN-02R-fb62d31e5c3c1dbf,numeric_block_parsing,pass,0,one nonempty contiguous block
EXP-TAIPAN-001,FILE-02R-b8d95c80bf59904b,SCAN-02R-fb62d31e5c3c1dbf,point_count_reconciliation,pass,0,20
EXP-TAIPAN-001,FILE-02R-b8d95c80bf59904b,SCAN-02R-fb62d31e5c3c1dbf,raw_scan_ID_consistency,pass,0,filename compared with raw header scan ID
EXP-TAIPAN-001,FILE-02R-b8d95c80bf59904b,SCAN-02R-fb62d31e5c3c1dbf,readability,pass,0,strict UTF-8 decoded
EXP-TAIPAN-001,FILE-02R-b8d95c80bf59904b,SCAN-02R-fb62d31e5c3c1dbf,timestamp_validity,pass,0,header timestamps; timezone unrecorded
EXP-TAIPAN-001,FILE-02R-b8ec3f5c2c448132,SCAN-02R-7d946974f8e94f38,UB_parse,pass,0,UB-02R-1d710a6baa059bbb
EXP-TAIPAN-001,FILE-02R-b8ec3f5c2c448132,SCAN-02R-7d946974f8e94f38,all_declared_fields_preserved,pass,0,wide plus auxiliary exhaustive by declared index
EXP-TAIPAN-001,FILE-02R-b8ec3f5c2c448132,SCAN-02R-7d946974f8e94f38,count_control_semantics,pass,0,time_controlled
EXP-TAIPAN-001,FILE-02R-b8ec3f5c2c448132,SCAN-02R-7d946974f8e94f38,declared_actual_column_count,pass,0,58
EXP-TAIPAN-001,FILE-02R-b8ec3f5c2c448132,SCAN-02R-7d946974f8e94f38,detector_monitor_time_numeric_validity,pass,0,finite Decimal tokens; no correction
EXP-TAIPAN-001,FILE-02R-b8ec3f5c2c448132,SCAN-02R-7d946974f8e94f38,energy_relation,pass,0,verified_global
EXP-TAIPAN-001,FILE-02R-b8ec3f5c2c448132,SCAN-02R-7d946974f8e94f38,format_identity,pass,0,FMT-02R-a20370d76087
EXP-TAIPAN-001,FILE-02R-b8ec3f5c2c448132,SCAN-02R-7d946974f8e94f38,header_parsing,pass,0,ordered raw records retained
EXP-TAIPAN-001,FILE-02R-b8ec3f5c2c448132,SCAN-02R-7d946974f8e94f38,lattice_parse,pass,0,LAT-02R-ae4c74e47a033f66
EXP-TAIPAN-001,FILE-02R-b8ec3f5c2c448132,SCAN-02R-7d946974f8e94f38,numeric_block_parsing,pass,0,one nonempty contiguous block
EXP-TAIPAN-001,FILE-02R-b8ec3f5c2c448132,SCAN-02R-7d946974f8e94f38,point_count_reconciliation,pass,0,21
EXP-TAIPAN-001,FILE-02R-b8ec3f5c2c448132,SCAN-02R-7d946974f8e94f38,raw_scan_ID_consistency,pass,0,filename compared with raw header scan ID
EXP-TAIPAN-001,FILE-02R-b8ec3f5c2c448132,SCAN-02R-7d946974f8e94f38,readability,pass,0,strict UTF-8 decoded
EXP-TAIPAN-001,FILE-02R-b8ec3f5c2c448132,SCAN-02R-7d946974f8e94f38,timestamp_validity,pass,0,header timestamps; timezone unrecorded
EXP-TAIPAN-001,FILE-02R-bbc5fdf4c121156c,SCAN-02R-cb3c11e0b8e28580,UB_parse,pass,0,UB-02R-397acad65dd9e384
EXP-TAIPAN-001,FILE-02R-bbc5fdf4c121156c,SCAN-02R-cb3c11e0b8e28580,all_declared_fields_preserved,pass,0,wide plus auxiliary exhaustive by declared index
EXP-TAIPAN-001,FILE-02R-bbc5fdf4c121156c,SCAN-02R-cb3c11e0b8e28580,count_control_semantics,pass,0,time_controlled
EXP-TAIPAN-001,FILE-02R-bbc5fdf4c121156c,SCAN-02R-cb3c11e0b8e28580,declared_actual_column_count,pass,0,57
EXP-TAIPAN-001,FILE-02R-bbc5fdf4c121156c,SCAN-02R-cb3c11e0b8e28580,detector_monitor_time_numeric_validity,pass,0,finite Decimal tokens; no correction
EXP-TAIPAN-001,FILE-02R-bbc5fdf4c121156c,SCAN-02R-cb3c11e0b8e28580,energy_relation,pass,0,verified_global
EXP-TAIPAN-001,FILE-02R-bbc5fdf4c121156c,SCAN-02R-cb3c11e0b8e28580,format_identity,pass,0,FMT-02R-c8f545518171
EXP-TAIPAN-001,FILE-02R-bbc5fdf4c121156c,SCAN-02R-cb3c11e0b8e28580,header_parsing,pass,0,ordered raw records retained
EXP-TAIPAN-001,FILE-02R-bbc5fdf4c121156c,SCAN-02R-cb3c11e0b8e28580,lattice_parse,pass,0,LAT-02R-ae4c74e47a033f66
EXP-TAIPAN-001,FILE-02R-bbc5fdf4c121156c,SCAN-02R-cb3c11e0b8e28580,numeric_block_parsing,pass,0,one nonempty contiguous block
EXP-TAIPAN-001,FILE-02R-bbc5fdf4c121156c,SCAN-02R-cb3c11e0b8e28580,point_count_reconciliation,pass,0,21
EXP-TAIPAN-001,FILE-02R-bbc5fdf4c121156c,SCAN-02R-cb3c11e0b8e28580,raw_scan_ID_consistency,pass,0,filename compared with raw header scan ID
EXP-TAIPAN-001,FILE-02R-bbc5fdf4c121156c,SCAN-02R-cb3c11e0b8e28580,readability,pass,0,strict UTF-8 decoded
EXP-TAIPAN-001,FILE-02R-bbc5fdf4c121156c,SCAN-02R-cb3c11e0b8e28580,timestamp_validity,pass,0,header timestamps; timezone unrecorded
EXP-TAIPAN-001,FILE-02R-bd0a749a22eed9a0,SCAN-02R-4cc04512e6886f13,UB_parse,pass,0,UB-02R-c7cdba07fed2dfd7
EXP-TAIPAN-001,FILE-02R-bd0a749a22eed9a0,SCAN-02R-4cc04512e6886f13,all_declared_fields_preserved,pass,0,wide plus auxiliary exhaustive by declared index
EXP-TAIPAN-001,FILE-02R-bd0a749a22eed9a0,SCAN-02R-4cc04512e6886f13,count_control_semantics,pass,0,time_controlled
EXP-TAIPAN-001,FILE-02R-bd0a749a22eed9a0,SCAN-02R-4cc04512e6886f13,declared_actual_column_count,pass,0,58
EXP-TAIPAN-001,FILE-02R-bd0a749a22eed9a0,SCAN-02R-4cc04512e6886f13,detector_monitor_time_numeric_validity,pass,0,finite Decimal tokens; no correction
EXP-TAIPAN-001,FILE-02R-bd0a749a22eed9a0,SCAN-02R-4cc04512e6886f13,energy_relation,pass,0,verified_global
EXP-TAIPAN-001,FILE-02R-bd0a749a22eed9a0,SCAN-02R-4cc04512e6886f13,format_identity,pass,0,FMT-02R-de66a609ccd2
EXP-TAIPAN-001,FILE-02R-bd0a749a22eed9a0,SCAN-02R-4cc04512e6886f13,header_parsing,pass,0,ordered raw records retained
EXP-TAIPAN-001,FILE-02R-bd0a749a22eed9a0,SCAN-02R-4cc04512e6886f13,lattice_parse,pass,0,LAT-02R-517a9644e4f59287
EXP-TAIPAN-001,FILE-02R-bd0a749a22eed9a0,SCAN-02R-4cc04512e6886f13,numeric_block_parsing,pass,0,one nonempty contiguous block
EXP-TAIPAN-001,FILE-02R-bd0a749a22eed9a0,SCAN-02R-4cc04512e6886f13,point_count_reconciliation,pass,0,21
EXP-TAIPAN-001,FILE-02R-bd0a749a22eed9a0,SCAN-02R-4cc04512e6886f13,raw_scan_ID_consistency,pass,0,filename compared with raw header scan ID
EXP-TAIPAN-001,FILE-02R-bd0a749a22eed9a0,SCAN-02R-4cc04512e6886f13,readability,pass,0,strict UTF-8 decoded
EXP-TAIPAN-001,FILE-02R-bd0a749a22eed9a0,SCAN-02R-4cc04512e6886f13,timestamp_validity,pass,0,header timestamps; timezone unrecorded
EXP-TAIPAN-001,FILE-02R-bd241a68da8cc714,SCAN-02R-291dabeaaa79ad80,UB_parse,pass,0,UB-02R-397acad65dd9e384
EXP-TAIPAN-001,FILE-02R-bd241a68da8cc714,SCAN-02R-291dabeaaa79ad80,all_declared_fields_preserved,pass,0,wide plus auxiliary exhaustive by declared index
EXP-TAIPAN-001,FILE-02R-bd241a68da8cc714,SCAN-02R-291dabeaaa79ad80,count_control_semantics,pass,0,time_controlled
EXP-TAIPAN-001,FILE-02R-bd241a68da8cc714,SCAN-02R-291dabeaaa79ad80,declared_actual_column_count,pass,0,58
EXP-TAIPAN-001,FILE-02R-bd241a68da8cc714,SCAN-02R-291dabeaaa79ad80,detector_monitor_time_numeric_validity,pass,0,finite Decimal tokens; no correction
EXP-TAIPAN-001,FILE-02R-bd241a68da8cc714,SCAN-02R-291dabeaaa79ad80,energy_relation,pass,0,verified_global
EXP-TAIPAN-001,FILE-02R-bd241a68da8cc714,SCAN-02R-291dabeaaa79ad80,format_identity,pass,0,FMT-02R-de66a609ccd2
EXP-TAIPAN-001,FILE-02R-bd241a68da8cc714,SCAN-02R-291dabeaaa79ad80,header_parsing,pass,0,ordered raw records retained
EXP-TAIPAN-001,FILE-02R-bd241a68da8cc714,SCAN-02R-291dabeaaa79ad80,lattice_parse,pass,0,LAT-02R-ae4c74e47a033f66
EXP-TAIPAN-001,FILE-02R-bd241a68da8cc714,SCAN-02R-291dabeaaa79ad80,numeric_block_parsing,pass,0,one nonempty contiguous block
EXP-TAIPAN-001,FILE-02R-bd241a68da8cc714,SCAN-02R-291dabeaaa79ad80,point_count_reconciliation,pass,0,41
EXP-TAIPAN-001,FILE-02R-bd241a68da8cc714,SCAN-02R-291dabeaaa79ad80,raw_scan_ID_consistency,pass,0,filename compared with raw header scan ID
EXP-TAIPAN-001,FILE-02R-bd241a68da8cc714,SCAN-02R-291dabeaaa79ad80,readability,pass,0,strict UTF-8 decoded
EXP-TAIPAN-001,FILE-02R-bd241a68da8cc714,SCAN-02R-291dabeaaa79ad80,timestamp_validity,pass,0,header timestamps; timezone unrecorded
EXP-TAIPAN-001,FILE-02R-bd94cd4cf6e4e3f5,SCAN-02R-43979cdff2eef525,UB_parse,pass,0,UB-02R-1d710a6baa059bbb
EXP-TAIPAN-001,FILE-02R-bd94cd4cf6e4e3f5,SCAN-02R-43979cdff2eef525,all_declared_fields_preserved,pass,0,wide plus auxiliary exhaustive by declared index
EXP-TAIPAN-001,FILE-02R-bd94cd4cf6e4e3f5,SCAN-02R-43979cdff2eef525,count_control_semantics,pass,0,monitor_controlled
EXP-TAIPAN-001,FILE-02R-bd94cd4cf6e4e3f5,SCAN-02R-43979cdff2eef525,declared_actual_column_count,pass,0,59
EXP-TAIPAN-001,FILE-02R-bd94cd4cf6e4e3f5,SCAN-02R-43979cdff2eef525,detector_monitor_time_numeric_validity,pass,0,finite Decimal tokens; no correction
EXP-TAIPAN-001,FILE-02R-bd94cd4cf6e4e3f5,SCAN-02R-43979cdff2eef525,energy_relation,pass,0,verified_global
EXP-TAIPAN-001,FILE-02R-bd94cd4cf6e4e3f5,SCAN-02R-43979cdff2eef525,format_identity,pass,0,FMT-02R-06137a7de1ad
EXP-TAIPAN-001,FILE-02R-bd94cd4cf6e4e3f5,SCAN-02R-43979cdff2eef525,header_parsing,pass,0,ordered raw records retained
EXP-TAIPAN-001,FILE-02R-bd94cd4cf6e4e3f5,SCAN-02R-43979cdff2eef525,lattice_parse,pass,0,LAT-02R-ae4c74e47a033f66
EXP-TAIPAN-001,FILE-02R-bd94cd4cf6e4e3f5,SCAN-02R-43979cdff2eef525,numeric_block_parsing,pass,0,one nonempty contiguous block
EXP-TAIPAN-001,FILE-02R-bd94cd4cf6e4e3f5,SCAN-02R-43979cdff2eef525,point_count_reconciliation,pass,0,25
EXP-TAIPAN-001,FILE-02R-bd94cd4cf6e4e3f5,SCAN-02R-43979cdff2eef525,raw_scan_ID_consistency,pass,0,filename compared with raw header scan ID
EXP-TAIPAN-001,FILE-02R-bd94cd4cf6e4e3f5,SCAN-02R-43979cdff2eef525,readability,pass,0,strict UTF-8 decoded
EXP-TAIPAN-001,FILE-02R-bd94cd4cf6e4e3f5,SCAN-02R-43979cdff2eef525,timestamp_validity,pass,0,header timestamps; timezone unrecorded
EXP-TAIPAN-001,FILE-02R-bdf26dd096fe3d32,SCAN-02R-936cf3ec1b1f48e0,UB_parse,pass,0,UB-02R-c7cdba07fed2dfd7
EXP-TAIPAN-001,FILE-02R-bdf26dd096fe3d32,SCAN-02R-936cf3ec1b1f48e0,all_declared_fields_preserved,pass,0,wide plus auxiliary exhaustive by declared index
EXP-TAIPAN-001,FILE-02R-bdf26dd096fe3d32,SCAN-02R-936cf3ec1b1f48e0,count_control_semantics,pass,0,time_controlled
EXP-TAIPAN-001,FILE-02R-bdf26dd096fe3d32,SCAN-02R-936cf3ec1b1f48e0,declared_actual_column_count,pass,0,59
EXP-TAIPAN-001,FILE-02R-bdf26dd096fe3d32,SCAN-02R-936cf3ec1b1f48e0,detector_monitor_time_numeric_validity,pass,0,finite Decimal tokens; no correction
EXP-TAIPAN-001,FILE-02R-bdf26dd096fe3d32,SCAN-02R-936cf3ec1b1f48e0,energy_relation,pass,0,verified_global
EXP-TAIPAN-001,FILE-02R-bdf26dd096fe3d32,SCAN-02R-936cf3ec1b1f48e0,format_identity,pass,0,FMT-02R-42b66acce1bb
EXP-TAIPAN-001,FILE-02R-bdf26dd096fe3d32,SCAN-02R-936cf3ec1b1f48e0,header_parsing,pass,0,ordered raw records retained
EXP-TAIPAN-001,FILE-02R-bdf26dd096fe3d32,SCAN-02R-936cf3ec1b1f48e0,lattice_parse,pass,0,LAT-02R-517a9644e4f59287
EXP-TAIPAN-001,FILE-02R-bdf26dd096fe3d32,SCAN-02R-936cf3ec1b1f48e0,numeric_block_parsing,pass,0,one nonempty contiguous block
EXP-TAIPAN-001,FILE-02R-bdf26dd096fe3d32,SCAN-02R-936cf3ec1b1f48e0,point_count_reconciliation,pass,0,21
EXP-TAIPAN-001,FILE-02R-bdf26dd096fe3d32,SCAN-02R-936cf3ec1b1f48e0,raw_scan_ID_consistency,pass,0,filename compared with raw header scan ID
EXP-TAIPAN-001,FILE-02R-bdf26dd096fe3d32,SCAN-02R-936cf3ec1b1f48e0,readability,pass,0,strict UTF-8 decoded
EXP-TAIPAN-001,FILE-02R-bdf26dd096fe3d32,SCAN-02R-936cf3ec1b1f48e0,timestamp_validity,pass,0,header timestamps; timezone unrecorded
EXP-TAIPAN-001,FILE-02R-be39377fb913fc52,SCAN-02R-5e02dde1da14be55,UB_parse,pass,0,UB-02R-1d710a6baa059bbb
EXP-TAIPAN-001,FILE-02R-be39377fb913fc52,SCAN-02R-5e02dde1da14be55,all_declared_fields_preserved,pass,0,wide plus auxiliary exhaustive by declared index
EXP-TAIPAN-001,FILE-02R-be39377fb913fc52,SCAN-02R-5e02dde1da14be55,count_control_semantics,pass,0,monitor_controlled
EXP-TAIPAN-001,FILE-02R-be39377fb913fc52,SCAN-02R-5e02dde1da14be55,declared_actual_column_count,pass,0,59
EXP-TAIPAN-001,FILE-02R-be39377fb913fc52,SCAN-02R-5e02dde1da14be55,detector_monitor_time_numeric_validity,pass,0,finite Decimal tokens; no correction
EXP-TAIPAN-001,FILE-02R-be39377fb913fc52,SCAN-02R-5e02dde1da14be55,energy_relation,pass,0,verified_global
EXP-TAIPAN-001,FILE-02R-be39377fb913fc52,SCAN-02R-5e02dde1da14be55,format_identity,pass,0,FMT-02R-06137a7de1ad
EXP-TAIPAN-001,FILE-02R-be39377fb913fc52,SCAN-02R-5e02dde1da14be55,header_parsing,pass,0,ordered raw records retained
EXP-TAIPAN-001,FILE-02R-be39377fb913fc52,SCAN-02R-5e02dde1da14be55,lattice_parse,pass,0,LAT-02R-ae4c74e47a033f66
EXP-TAIPAN-001,FILE-02R-be39377fb913fc52,SCAN-02R-5e02dde1da14be55,numeric_block_parsing,pass,0,one nonempty contiguous block
EXP-TAIPAN-001,FILE-02R-be39377fb913fc52,SCAN-02R-5e02dde1da14be55,point_count_reconciliation,pass,0,25
EXP-TAIPAN-001,FILE-02R-be39377fb913fc52,SCAN-02R-5e02dde1da14be55,raw_scan_ID_consistency,pass,0,filename compared with raw header scan ID
EXP-TAIPAN-001,FILE-02R-be39377fb913fc52,SCAN-02R-5e02dde1da14be55,readability,pass,0,strict UTF-8 decoded
EXP-TAIPAN-001,FILE-02R-be39377fb913fc52,SCAN-02R-5e02dde1da14be55,timestamp_validity,pass,0,header timestamps; timezone unrecorded
EXP-TAIPAN-001,FILE-02R-beccc20ba43b8f5e,SCAN-02R-e772d925e68f4477,UB_parse,pass,0,UB-02R-c7cdba07fed2dfd7
EXP-TAIPAN-001,FILE-02R-beccc20ba43b8f5e,SCAN-02R-e772d925e68f4477,all_declared_fields_preserved,pass,0,wide plus auxiliary exhaustive by declared index
EXP-TAIPAN-001,FILE-02R-beccc20ba43b8f5e,SCAN-02R-e772d925e68f4477,count_control_semantics,pass,0,monitor_controlled
EXP-TAIPAN-001,FILE-02R-beccc20ba43b8f5e,SCAN-02R-e772d925e68f4477,declared_actual_column_count,pass,0,58
EXP-TAIPAN-001,FILE-02R-beccc20ba43b8f5e,SCAN-02R-e772d925e68f4477,detector_monitor_time_numeric_validity,pass,0,finite Decimal tokens; no correction
EXP-TAIPAN-001,FILE-02R-beccc20ba43b8f5e,SCAN-02R-e772d925e68f4477,energy_relation,pass,0,verified_global
EXP-TAIPAN-001,FILE-02R-beccc20ba43b8f5e,SCAN-02R-e772d925e68f4477,format_identity,pass,0,FMT-02R-00e53630cd36
EXP-TAIPAN-001,FILE-02R-beccc20ba43b8f5e,SCAN-02R-e772d925e68f4477,header_parsing,pass,0,ordered raw records retained
EXP-TAIPAN-001,FILE-02R-beccc20ba43b8f5e,SCAN-02R-e772d925e68f4477,lattice_parse,pass,0,LAT-02R-517a9644e4f59287
EXP-TAIPAN-001,FILE-02R-beccc20ba43b8f5e,SCAN-02R-e772d925e68f4477,numeric_block_parsing,pass,0,one nonempty contiguous block
EXP-TAIPAN-001,FILE-02R-beccc20ba43b8f5e,SCAN-02R-e772d925e68f4477,point_count_reconciliation,pass,0,16
EXP-TAIPAN-001,FILE-02R-beccc20ba43b8f5e,SCAN-02R-e772d925e68f4477,raw_scan_ID_consistency,pass,0,filename compared with raw header scan ID
EXP-TAIPAN-001,FILE-02R-beccc20ba43b8f5e,SCAN-02R-e772d925e68f4477,readability,pass,0,strict UTF-8 decoded
EXP-TAIPAN-001,FILE-02R-beccc20ba43b8f5e,SCAN-02R-e772d925e68f4477,timestamp_validity,pass,0,header timestamps; timezone unrecorded
EXP-TAIPAN-001,FILE-02R-bede7d78a8ceca86,SCAN-02R-4f5e09d1864ac832,UB_parse,pass,0,UB-02R-c7cdba07fed2dfd7
EXP-TAIPAN-001,FILE-02R-bede7d78a8ceca86,SCAN-02R-4f5e09d1864ac832,all_declared_fields_preserved,pass,0,wide plus auxiliary exhaustive by declared index
EXP-TAIPAN-001,FILE-02R-bede7d78a8ceca86,SCAN-02R-4f5e09d1864ac832,count_control_semantics,pass,0,monitor_controlled
EXP-TAIPAN-001,FILE-02R-bede7d78a8ceca86,SCAN-02R-4f5e09d1864ac832,declared_actual_column_count,pass,0,59
EXP-TAIPAN-001,FILE-02R-bede7d78a8ceca86,SCAN-02R-4f5e09d1864ac832,detector_monitor_time_numeric_validity,pass,0,finite Decimal tokens; no correction
EXP-TAIPAN-001,FILE-02R-bede7d78a8ceca86,SCAN-02R-4f5e09d1864ac832,energy_relation,pass,0,verified_global
EXP-TAIPAN-001,FILE-02R-bede7d78a8ceca86,SCAN-02R-4f5e09d1864ac832,format_identity,pass,0,FMT-02R-06137a7de1ad
EXP-TAIPAN-001,FILE-02R-bede7d78a8ceca86,SCAN-02R-4f5e09d1864ac832,header_parsing,pass,0,ordered raw records retained
EXP-TAIPAN-001,FILE-02R-bede7d78a8ceca86,SCAN-02R-4f5e09d1864ac832,lattice_parse,pass,0,LAT-02R-517a9644e4f59287
EXP-TAIPAN-001,FILE-02R-bede7d78a8ceca86,SCAN-02R-4f5e09d1864ac832,numeric_block_parsing,pass,0,one nonempty contiguous block
EXP-TAIPAN-001,FILE-02R-bede7d78a8ceca86,SCAN-02R-4f5e09d1864ac832,point_count_reconciliation,pass,0,20
EXP-TAIPAN-001,FILE-02R-bede7d78a8ceca86,SCAN-02R-4f5e09d1864ac832,raw_scan_ID_consistency,pass,0,filename compared with raw header scan ID
EXP-TAIPAN-001,FILE-02R-bede7d78a8ceca86,SCAN-02R-4f5e09d1864ac832,readability,pass,0,strict UTF-8 decoded
EXP-TAIPAN-001,FILE-02R-bede7d78a8ceca86,SCAN-02R-4f5e09d1864ac832,timestamp_validity,pass,0,header timestamps; timezone unrecorded
EXP-TAIPAN-001,FILE-02R-bf59440a7fa73cb0,SCAN-02R-26cdfd757f62fb5b,UB_parse,pass,0,UB-02R-c7cdba07fed2dfd7
EXP-TAIPAN-001,FILE-02R-bf59440a7fa73cb0,SCAN-02R-26cdfd757f62fb5b,all_declared_fields_preserved,pass,0,wide plus auxiliary exhaustive by declared index
EXP-TAIPAN-001,FILE-02R-bf59440a7fa73cb0,SCAN-02R-26cdfd757f62fb5b,count_control_semantics,pass,0,monitor_controlled
EXP-TAIPAN-001,FILE-02R-bf59440a7fa73cb0,SCAN-02R-26cdfd757f62fb5b,declared_actual_column_count,pass,0,59
EXP-TAIPAN-001,FILE-02R-bf59440a7fa73cb0,SCAN-02R-26cdfd757f62fb5b,detector_monitor_time_numeric_validity,pass,0,finite Decimal tokens; no correction
EXP-TAIPAN-001,FILE-02R-bf59440a7fa73cb0,SCAN-02R-26cdfd757f62fb5b,energy_relation,pass,0,verified_global
EXP-TAIPAN-001,FILE-02R-bf59440a7fa73cb0,SCAN-02R-26cdfd757f62fb5b,format_identity,pass,0,FMT-02R-06137a7de1ad
EXP-TAIPAN-001,FILE-02R-bf59440a7fa73cb0,SCAN-02R-26cdfd757f62fb5b,header_parsing,pass,0,ordered raw records retained
EXP-TAIPAN-001,FILE-02R-bf59440a7fa73cb0,SCAN-02R-26cdfd757f62fb5b,lattice_parse,pass,0,LAT-02R-517a9644e4f59287
EXP-TAIPAN-001,FILE-02R-bf59440a7fa73cb0,SCAN-02R-26cdfd757f62fb5b,numeric_block_parsing,pass,0,one nonempty contiguous block
EXP-TAIPAN-001,FILE-02R-bf59440a7fa73cb0,SCAN-02R-26cdfd757f62fb5b,point_count_reconciliation,pass,0,20
EXP-TAIPAN-001,FILE-02R-bf59440a7fa73cb0,SCAN-02R-26cdfd757f62fb5b,raw_scan_ID_consistency,pass,0,filename compared with raw header scan ID
EXP-TAIPAN-001,FILE-02R-bf59440a7fa73cb0,SCAN-02R-26cdfd757f62fb5b,readability,pass,0,strict UTF-8 decoded
EXP-TAIPAN-001,FILE-02R-bf59440a7fa73cb0,SCAN-02R-26cdfd757f62fb5b,timestamp_validity,pass,0,header timestamps; timezone unrecorded
EXP-TAIPAN-001,FILE-02R-bf79ed0d77995891,SCAN-02R-79960ffd3b8a968b,UB_parse,pass,0,UB-02R-c7cdba07fed2dfd7
EXP-TAIPAN-001,FILE-02R-bf79ed0d77995891,SCAN-02R-79960ffd3b8a968b,all_declared_fields_preserved,pass,0,wide plus auxiliary exhaustive by declared index
EXP-TAIPAN-001,FILE-02R-bf79ed0d77995891,SCAN-02R-79960ffd3b8a968b,count_control_semantics,pass,0,monitor_controlled
EXP-TAIPAN-001,FILE-02R-bf79ed0d77995891,SCAN-02R-79960ffd3b8a968b,declared_actual_column_count,pass,0,59
EXP-TAIPAN-001,FILE-02R-bf79ed0d77995891,SCAN-02R-79960ffd3b8a968b,detector_monitor_time_numeric_validity,pass,0,finite Decimal tokens; no correction
EXP-TAIPAN-001,FILE-02R-bf79ed0d77995891,SCAN-02R-79960ffd3b8a968b,energy_relation,pass,0,verified_global
EXP-TAIPAN-001,FILE-02R-bf79ed0d77995891,SCAN-02R-79960ffd3b8a968b,format_identity,pass,0,FMT-02R-06137a7de1ad
EXP-TAIPAN-001,FILE-02R-bf79ed0d77995891,SCAN-02R-79960ffd3b8a968b,header_parsing,pass,0,ordered raw records retained
EXP-TAIPAN-001,FILE-02R-bf79ed0d77995891,SCAN-02R-79960ffd3b8a968b,lattice_parse,pass,0,LAT-02R-517a9644e4f59287
EXP-TAIPAN-001,FILE-02R-bf79ed0d77995891,SCAN-02R-79960ffd3b8a968b,numeric_block_parsing,pass,0,one nonempty contiguous block
EXP-TAIPAN-001,FILE-02R-bf79ed0d77995891,SCAN-02R-79960ffd3b8a968b,point_count_reconciliation,pass,0,26
EXP-TAIPAN-001,FILE-02R-bf79ed0d77995891,SCAN-02R-79960ffd3b8a968b,raw_scan_ID_consistency,pass,0,filename compared with raw header scan ID
EXP-TAIPAN-001,FILE-02R-bf79ed0d77995891,SCAN-02R-79960ffd3b8a968b,readability,pass,0,strict UTF-8 decoded
EXP-TAIPAN-001,FILE-02R-bf79ed0d77995891,SCAN-02R-79960ffd3b8a968b,timestamp_validity,pass,0,header timestamps; timezone unrecorded
EXP-TAIPAN-001,FILE-02R-bff91d54ea3694cc,SCAN-02R-5f553db9674e6d45,UB_parse,pass,0,UB-02R-c7cdba07fed2dfd7
EXP-TAIPAN-001,FILE-02R-bff91d54ea3694cc,SCAN-02R-5f553db9674e6d45,all_declared_fields_preserved,pass,0,wide plus auxiliary exhaustive by declared index
EXP-TAIPAN-001,FILE-02R-bff91d54ea3694cc,SCAN-02R-5f553db9674e6d45,count_control_semantics,pass,0,monitor_controlled
EXP-TAIPAN-001,FILE-02R-bff91d54ea3694cc,SCAN-02R-5f553db9674e6d45,declared_actual_column_count,pass,0,59
EXP-TAIPAN-001,FILE-02R-bff91d54ea3694cc,SCAN-02R-5f553db9674e6d45,detector_monitor_time_numeric_validity,pass,0,finite Decimal tokens; no correction
EXP-TAIPAN-001,FILE-02R-bff91d54ea3694cc,SCAN-02R-5f553db9674e6d45,energy_relation,pass,0,verified_global
EXP-TAIPAN-001,FILE-02R-bff91d54ea3694cc,SCAN-02R-5f553db9674e6d45,format_identity,pass,0,FMT-02R-06137a7de1ad
EXP-TAIPAN-001,FILE-02R-bff91d54ea3694cc,SCAN-02R-5f553db9674e6d45,header_parsing,pass,0,ordered raw records retained
EXP-TAIPAN-001,FILE-02R-bff91d54ea3694cc,SCAN-02R-5f553db9674e6d45,lattice_parse,pass,0,LAT-02R-517a9644e4f59287
EXP-TAIPAN-001,FILE-02R-bff91d54ea3694cc,SCAN-02R-5f553db9674e6d45,numeric_block_parsing,pass,0,one nonempty contiguous block
EXP-TAIPAN-001,FILE-02R-bff91d54ea3694cc,SCAN-02R-5f553db9674e6d45,point_count_reconciliation,pass,0,46
EXP-TAIPAN-001,FILE-02R-bff91d54ea3694cc,SCAN-02R-5f553db9674e6d45,raw_scan_ID_consistency,pass,0,filename compared with raw header scan ID
EXP-TAIPAN-001,FILE-02R-bff91d54ea3694cc,SCAN-02R-5f553db9674e6d45,readability,pass,0,strict UTF-8 decoded
EXP-TAIPAN-001,FILE-02R-bff91d54ea3694cc,SCAN-02R-5f553db9674e6d45,timestamp_validity,pass,0,header timestamps; timezone unrecorded
EXP-TAIPAN-001,FILE-02R-c05367f62e677421,SCAN-02R-7493a417e6451013,UB_parse,pass,0,UB-02R-1d710a6baa059bbb
EXP-TAIPAN-001,FILE-02R-c05367f62e677421,SCAN-02R-7493a417e6451013,all_declared_fields_preserved,pass,0,wide plus auxiliary exhaustive by declared index
EXP-TAIPAN-001,FILE-02R-c05367f62e677421,SCAN-02R-7493a417e6451013,count_control_semantics,pass,0,time_controlled
EXP-TAIPAN-001,FILE-02R-c05367f62e677421,SCAN-02R-7493a417e6451013,declared_actual_column_count,pass,0,58
EXP-TAIPAN-001,FILE-02R-c05367f62e677421,SCAN-02R-7493a417e6451013,detector_monitor_time_numeric_validity,pass,0,finite Decimal tokens; no correction
EXP-TAIPAN-001,FILE-02R-c05367f62e677421,SCAN-02R-7493a417e6451013,energy_relation,pass,0,verified_global
EXP-TAIPAN-001,FILE-02R-c05367f62e677421,SCAN-02R-7493a417e6451013,format_identity,pass,0,FMT-02R-de66a609ccd2
EXP-TAIPAN-001,FILE-02R-c05367f62e677421,SCAN-02R-7493a417e6451013,header_parsing,pass,0,ordered raw records retained
EXP-TAIPAN-001,FILE-02R-c05367f62e677421,SCAN-02R-7493a417e6451013,lattice_parse,pass,0,LAT-02R-ae4c74e47a033f66
EXP-TAIPAN-001,FILE-02R-c05367f62e677421,SCAN-02R-7493a417e6451013,numeric_block_parsing,pass,0,one nonempty contiguous block
EXP-TAIPAN-001,FILE-02R-c05367f62e677421,SCAN-02R-7493a417e6451013,point_count_reconciliation,pass,0,21
EXP-TAIPAN-001,FILE-02R-c05367f62e677421,SCAN-02R-7493a417e6451013,raw_scan_ID_consistency,pass,0,filename compared with raw header scan ID
EXP-TAIPAN-001,FILE-02R-c05367f62e677421,SCAN-02R-7493a417e6451013,readability,pass,0,strict UTF-8 decoded
EXP-TAIPAN-001,FILE-02R-c05367f62e677421,SCAN-02R-7493a417e6451013,timestamp_validity,pass,0,header timestamps; timezone unrecorded
EXP-TAIPAN-001,FILE-02R-c3e24502c9f0d434,SCAN-02R-7118d0dce593edea,UB_parse,pass,0,UB-02R-c7cdba07fed2dfd7
EXP-TAIPAN-001,FILE-02R-c3e24502c9f0d434,SCAN-02R-7118d0dce593edea,all_declared_fields_preserved,pass,0,wide plus auxiliary exhaustive by declared index
EXP-TAIPAN-001,FILE-02R-c3e24502c9f0d434,SCAN-02R-7118d0dce593edea,count_control_semantics,pass,0,monitor_controlled
EXP-TAIPAN-001,FILE-02R-c3e24502c9f0d434,SCAN-02R-7118d0dce593edea,declared_actual_column_count,pass,0,59
EXP-TAIPAN-001,FILE-02R-c3e24502c9f0d434,SCAN-02R-7118d0dce593edea,detector_monitor_time_numeric_validity,pass,0,finite Decimal tokens; no correction
EXP-TAIPAN-001,FILE-02R-c3e24502c9f0d434,SCAN-02R-7118d0dce593edea,energy_relation,pass,0,verified_global
EXP-TAIPAN-001,FILE-02R-c3e24502c9f0d434,SCAN-02R-7118d0dce593edea,format_identity,pass,0,FMT-02R-06137a7de1ad
EXP-TAIPAN-001,FILE-02R-c3e24502c9f0d434,SCAN-02R-7118d0dce593edea,header_parsing,pass,0,ordered raw records retained
EXP-TAIPAN-001,FILE-02R-c3e24502c9f0d434,SCAN-02R-7118d0dce593edea,lattice_parse,pass,0,LAT-02R-517a9644e4f59287
EXP-TAIPAN-001,FILE-02R-c3e24502c9f0d434,SCAN-02R-7118d0dce593edea,numeric_block_parsing,pass,0,one nonempty contiguous block
EXP-TAIPAN-001,FILE-02R-c3e24502c9f0d434,SCAN-02R-7118d0dce593edea,point_count_reconciliation,pass,0,56
EXP-TAIPAN-001,FILE-02R-c3e24502c9f0d434,SCAN-02R-7118d0dce593edea,raw_scan_ID_consistency,pass,0,filename compared with raw header scan ID
EXP-TAIPAN-001,FILE-02R-c3e24502c9f0d434,SCAN-02R-7118d0dce593edea,readability,pass,0,strict UTF-8 decoded
EXP-TAIPAN-001,FILE-02R-c3e24502c9f0d434,SCAN-02R-7118d0dce593edea,timestamp_validity,pass,0,header timestamps; timezone unrecorded
EXP-TAIPAN-001,FILE-02R-c53e15719794e79d,SCAN-02R-957a8834d758202b,UB_parse,pass,0,UB-02R-c7cdba07fed2dfd7
EXP-TAIPAN-001,FILE-02R-c53e15719794e79d,SCAN-02R-957a8834d758202b,all_declared_fields_preserved,pass,0,wide plus auxiliary exhaustive by declared index
EXP-TAIPAN-001,FILE-02R-c53e15719794e79d,SCAN-02R-957a8834d758202b,count_control_semantics,pass,0,monitor_controlled
EXP-TAIPAN-001,FILE-02R-c53e15719794e79d,SCAN-02R-957a8834d758202b,declared_actual_column_count,pass,0,59
EXP-TAIPAN-001,FILE-02R-c53e15719794e79d,SCAN-02R-957a8834d758202b,detector_monitor_time_numeric_validity,pass,0,finite Decimal tokens; no correction
EXP-TAIPAN-001,FILE-02R-c53e15719794e79d,SCAN-02R-957a8834d758202b,energy_relation,pass,0,verified_global
EXP-TAIPAN-001,FILE-02R-c53e15719794e79d,SCAN-02R-957a8834d758202b,format_identity,pass,0,FMT-02R-06137a7de1ad
EXP-TAIPAN-001,FILE-02R-c53e15719794e79d,SCAN-02R-957a8834d758202b,header_parsing,pass,0,ordered raw records retained
EXP-TAIPAN-001,FILE-02R-c53e15719794e79d,SCAN-02R-957a8834d758202b,lattice_parse,pass,0,LAT-02R-517a9644e4f59287
EXP-TAIPAN-001,FILE-02R-c53e15719794e79d,SCAN-02R-957a8834d758202b,numeric_block_parsing,pass,0,one nonempty contiguous block
EXP-TAIPAN-001,FILE-02R-c53e15719794e79d,SCAN-02R-957a8834d758202b,point_count_reconciliation,pass,0,26
EXP-TAIPAN-001,FILE-02R-c53e15719794e79d,SCAN-02R-957a8834d758202b,raw_scan_ID_consistency,pass,0,filename compared with raw header scan ID
EXP-TAIPAN-001,FILE-02R-c53e15719794e79d,SCAN-02R-957a8834d758202b,readability,pass,0,strict UTF-8 decoded
EXP-TAIPAN-001,FILE-02R-c53e15719794e79d,SCAN-02R-957a8834d758202b,timestamp_validity,pass,0,header timestamps; timezone unrecorded
EXP-TAIPAN-001,FILE-02R-c5bcebfd15547df9,SCAN-02R-35c1a2ccd5e9e62e,UB_parse,pass,0,UB-02R-397acad65dd9e384
EXP-TAIPAN-001,FILE-02R-c5bcebfd15547df9,SCAN-02R-35c1a2ccd5e9e62e,all_declared_fields_preserved,pass,0,wide plus auxiliary exhaustive by declared index
EXP-TAIPAN-001,FILE-02R-c5bcebfd15547df9,SCAN-02R-35c1a2ccd5e9e62e,count_control_semantics,pass,0,time_controlled
EXP-TAIPAN-001,FILE-02R-c5bcebfd15547df9,SCAN-02R-35c1a2ccd5e9e62e,declared_actual_column_count,pass,0,58
EXP-TAIPAN-001,FILE-02R-c5bcebfd15547df9,SCAN-02R-35c1a2ccd5e9e62e,detector_monitor_time_numeric_validity,pass,0,finite Decimal tokens; no correction
EXP-TAIPAN-001,FILE-02R-c5bcebfd15547df9,SCAN-02R-35c1a2ccd5e9e62e,energy_relation,pass,0,verified_global
EXP-TAIPAN-001,FILE-02R-c5bcebfd15547df9,SCAN-02R-35c1a2ccd5e9e62e,format_identity,pass,0,FMT-02R-365d8346d6ba
EXP-TAIPAN-001,FILE-02R-c5bcebfd15547df9,SCAN-02R-35c1a2ccd5e9e62e,header_parsing,pass,0,ordered raw records retained
EXP-TAIPAN-001,FILE-02R-c5bcebfd15547df9,SCAN-02R-35c1a2ccd5e9e62e,lattice_parse,pass,0,LAT-02R-ae4c74e47a033f66
EXP-TAIPAN-001,FILE-02R-c5bcebfd15547df9,SCAN-02R-35c1a2ccd5e9e62e,numeric_block_parsing,pass,0,one nonempty contiguous block
EXP-TAIPAN-001,FILE-02R-c5bcebfd15547df9,SCAN-02R-35c1a2ccd5e9e62e,point_count_reconciliation,pass,0,21
EXP-TAIPAN-001,FILE-02R-c5bcebfd15547df9,SCAN-02R-35c1a2ccd5e9e62e,raw_scan_ID_consistency,pass,0,filename compared with raw header scan ID
EXP-TAIPAN-001,FILE-02R-c5bcebfd15547df9,SCAN-02R-35c1a2ccd5e9e62e,readability,pass,0,strict UTF-8 decoded
EXP-TAIPAN-001,FILE-02R-c5bcebfd15547df9,SCAN-02R-35c1a2ccd5e9e62e,timestamp_validity,pass,0,header timestamps; timezone unrecorded
EXP-TAIPAN-001,FILE-02R-c6551e798a983dea,SCAN-02R-7acd4c14a0007418,UB_parse,pass,0,UB-02R-c7cdba07fed2dfd7
EXP-TAIPAN-001,FILE-02R-c6551e798a983dea,SCAN-02R-7acd4c14a0007418,all_declared_fields_preserved,pass,0,wide plus auxiliary exhaustive by declared index
EXP-TAIPAN-001,FILE-02R-c6551e798a983dea,SCAN-02R-7acd4c14a0007418,count_control_semantics,pass,0,monitor_controlled
EXP-TAIPAN-001,FILE-02R-c6551e798a983dea,SCAN-02R-7acd4c14a0007418,declared_actual_column_count,pass,0,59
EXP-TAIPAN-001,FILE-02R-c6551e798a983dea,SCAN-02R-7acd4c14a0007418,detector_monitor_time_numeric_validity,pass,0,finite Decimal tokens; no correction
EXP-TAIPAN-001,FILE-02R-c6551e798a983dea,SCAN-02R-7acd4c14a0007418,energy_relation,pass,0,verified_global
EXP-TAIPAN-001,FILE-02R-c6551e798a983dea,SCAN-02R-7acd4c14a0007418,format_identity,pass,0,FMT-02R-06137a7de1ad
EXP-TAIPAN-001,FILE-02R-c6551e798a983dea,SCAN-02R-7acd4c14a0007418,header_parsing,pass,0,ordered raw records retained
EXP-TAIPAN-001,FILE-02R-c6551e798a983dea,SCAN-02R-7acd4c14a0007418,lattice_parse,pass,0,LAT-02R-517a9644e4f59287
EXP-TAIPAN-001,FILE-02R-c6551e798a983dea,SCAN-02R-7acd4c14a0007418,numeric_block_parsing,pass,0,one nonempty contiguous block
EXP-TAIPAN-001,FILE-02R-c6551e798a983dea,SCAN-02R-7acd4c14a0007418,point_count_reconciliation,pass,0,46
EXP-TAIPAN-001,FILE-02R-c6551e798a983dea,SCAN-02R-7acd4c14a0007418,raw_scan_ID_consistency,pass,0,filename compared with raw header scan ID
EXP-TAIPAN-001,FILE-02R-c6551e798a983dea,SCAN-02R-7acd4c14a0007418,readability,pass,0,strict UTF-8 decoded
EXP-TAIPAN-001,FILE-02R-c6551e798a983dea,SCAN-02R-7acd4c14a0007418,timestamp_validity,pass,0,header timestamps; timezone unrecorded
EXP-TAIPAN-001,FILE-02R-c69ab82458056286,SCAN-02R-baae22000a534323,UB_parse,pass,0,UB-02R-c7cdba07fed2dfd7
EXP-TAIPAN-001,FILE-02R-c69ab82458056286,SCAN-02R-baae22000a534323,all_declared_fields_preserved,pass,0,wide plus auxiliary exhaustive by declared index
EXP-TAIPAN-001,FILE-02R-c69ab82458056286,SCAN-02R-baae22000a534323,count_control_semantics,pass,0,monitor_controlled
EXP-TAIPAN-001,FILE-02R-c69ab82458056286,SCAN-02R-baae22000a534323,declared_actual_column_count,pass,0,59
EXP-TAIPAN-001,FILE-02R-c69ab82458056286,SCAN-02R-baae22000a534323,detector_monitor_time_numeric_validity,pass,0,finite Decimal tokens; no correction
EXP-TAIPAN-001,FILE-02R-c69ab82458056286,SCAN-02R-baae22000a534323,energy_relation,pass,0,verified_global
EXP-TAIPAN-001,FILE-02R-c69ab82458056286,SCAN-02R-baae22000a534323,format_identity,pass,0,FMT-02R-06137a7de1ad
EXP-TAIPAN-001,FILE-02R-c69ab82458056286,SCAN-02R-baae22000a534323,header_parsing,pass,0,ordered raw records retained
EXP-TAIPAN-001,FILE-02R-c69ab82458056286,SCAN-02R-baae22000a534323,lattice_parse,pass,0,LAT-02R-517a9644e4f59287
EXP-TAIPAN-001,FILE-02R-c69ab82458056286,SCAN-02R-baae22000a534323,numeric_block_parsing,pass,0,one nonempty contiguous block
EXP-TAIPAN-001,FILE-02R-c69ab82458056286,SCAN-02R-baae22000a534323,point_count_reconciliation,pass,0,51
EXP-TAIPAN-001,FILE-02R-c69ab82458056286,SCAN-02R-baae22000a534323,raw_scan_ID_consistency,pass,0,filename compared with raw header scan ID
EXP-TAIPAN-001,FILE-02R-c69ab82458056286,SCAN-02R-baae22000a534323,readability,pass,0,strict UTF-8 decoded
EXP-TAIPAN-001,FILE-02R-c69ab82458056286,SCAN-02R-baae22000a534323,timestamp_validity,pass,0,header timestamps; timezone unrecorded
EXP-TAIPAN-001,FILE-02R-c912be15b436a763,SCAN-02R-4650765ebe11f415,UB_parse,pass,0,UB-02R-c7cdba07fed2dfd7
EXP-TAIPAN-001,FILE-02R-c912be15b436a763,SCAN-02R-4650765ebe11f415,all_declared_fields_preserved,pass,0,wide plus auxiliary exhaustive by declared index
EXP-TAIPAN-001,FILE-02R-c912be15b436a763,SCAN-02R-4650765ebe11f415,count_control_semantics,pass,0,monitor_controlled
EXP-TAIPAN-001,FILE-02R-c912be15b436a763,SCAN-02R-4650765ebe11f415,declared_actual_column_count,pass,0,59
EXP-TAIPAN-001,FILE-02R-c912be15b436a763,SCAN-02R-4650765ebe11f415,detector_monitor_time_numeric_validity,pass,0,finite Decimal tokens; no correction
EXP-TAIPAN-001,FILE-02R-c912be15b436a763,SCAN-02R-4650765ebe11f415,energy_relation,pass,0,verified_global
EXP-TAIPAN-001,FILE-02R-c912be15b436a763,SCAN-02R-4650765ebe11f415,format_identity,pass,0,FMT-02R-06137a7de1ad
EXP-TAIPAN-001,FILE-02R-c912be15b436a763,SCAN-02R-4650765ebe11f415,header_parsing,pass,0,ordered raw records retained
EXP-TAIPAN-001,FILE-02R-c912be15b436a763,SCAN-02R-4650765ebe11f415,lattice_parse,pass,0,LAT-02R-517a9644e4f59287
EXP-TAIPAN-001,FILE-02R-c912be15b436a763,SCAN-02R-4650765ebe11f415,numeric_block_parsing,pass,0,one nonempty contiguous block
EXP-TAIPAN-001,FILE-02R-c912be15b436a763,SCAN-02R-4650765ebe11f415,point_count_reconciliation,pass,0,20
EXP-TAIPAN-001,FILE-02R-c912be15b436a763,SCAN-02R-4650765ebe11f415,raw_scan_ID_consistency,pass,0,filename compared with raw header scan ID
EXP-TAIPAN-001,FILE-02R-c912be15b436a763,SCAN-02R-4650765ebe11f415,readability,pass,0,strict UTF-8 decoded
EXP-TAIPAN-001,FILE-02R-c912be15b436a763,SCAN-02R-4650765ebe11f415,timestamp_validity,pass,0,header timestamps; timezone unrecorded
EXP-TAIPAN-001,FILE-02R-cc89eb40bfc37a5e,SCAN-02R-f36bb8e354cf21b7,UB_parse,pass,0,UB-02R-c7cdba07fed2dfd7
EXP-TAIPAN-001,FILE-02R-cc89eb40bfc37a5e,SCAN-02R-f36bb8e354cf21b7,all_declared_fields_preserved,pass,0,wide plus auxiliary exhaustive by declared index
EXP-TAIPAN-001,FILE-02R-cc89eb40bfc37a5e,SCAN-02R-f36bb8e354cf21b7,count_control_semantics,pass,0,monitor_controlled
EXP-TAIPAN-001,FILE-02R-cc89eb40bfc37a5e,SCAN-02R-f36bb8e354cf21b7,declared_actual_column_count,pass,0,59
EXP-TAIPAN-001,FILE-02R-cc89eb40bfc37a5e,SCAN-02R-f36bb8e354cf21b7,detector_monitor_time_numeric_validity,pass,0,finite Decimal tokens; no correction
EXP-TAIPAN-001,FILE-02R-cc89eb40bfc37a5e,SCAN-02R-f36bb8e354cf21b7,energy_relation,pass,0,verified_global
EXP-TAIPAN-001,FILE-02R-cc89eb40bfc37a5e,SCAN-02R-f36bb8e354cf21b7,format_identity,pass,0,FMT-02R-06137a7de1ad
EXP-TAIPAN-001,FILE-02R-cc89eb40bfc37a5e,SCAN-02R-f36bb8e354cf21b7,header_parsing,pass,0,ordered raw records retained
EXP-TAIPAN-001,FILE-02R-cc89eb40bfc37a5e,SCAN-02R-f36bb8e354cf21b7,lattice_parse,pass,0,LAT-02R-517a9644e4f59287
EXP-TAIPAN-001,FILE-02R-cc89eb40bfc37a5e,SCAN-02R-f36bb8e354cf21b7,numeric_block_parsing,pass,0,one nonempty contiguous block
EXP-TAIPAN-001,FILE-02R-cc89eb40bfc37a5e,SCAN-02R-f36bb8e354cf21b7,point_count_reconciliation,pass,0,26
EXP-TAIPAN-001,FILE-02R-cc89eb40bfc37a5e,SCAN-02R-f36bb8e354cf21b7,raw_scan_ID_consistency,pass,0,filename compared with raw header scan ID
EXP-TAIPAN-001,FILE-02R-cc89eb40bfc37a5e,SCAN-02R-f36bb8e354cf21b7,readability,pass,0,strict UTF-8 decoded
EXP-TAIPAN-001,FILE-02R-cc89eb40bfc37a5e,SCAN-02R-f36bb8e354cf21b7,timestamp_validity,pass,0,header timestamps; timezone unrecorded
EXP-TAIPAN-001,FILE-02R-cce1ab2377a518c4,SCAN-02R-8c948345fe20cada,UB_parse,pass,0,UB-02R-397acad65dd9e384
EXP-TAIPAN-001,FILE-02R-cce1ab2377a518c4,SCAN-02R-8c948345fe20cada,all_declared_fields_preserved,pass,0,wide plus auxiliary exhaustive by declared index
EXP-TAIPAN-001,FILE-02R-cce1ab2377a518c4,SCAN-02R-8c948345fe20cada,count_control_semantics,pass,0,time_controlled
EXP-TAIPAN-001,FILE-02R-cce1ab2377a518c4,SCAN-02R-8c948345fe20cada,declared_actual_column_count,pass,0,59
EXP-TAIPAN-001,FILE-02R-cce1ab2377a518c4,SCAN-02R-8c948345fe20cada,detector_monitor_time_numeric_validity,pass,0,finite Decimal tokens; no correction
EXP-TAIPAN-001,FILE-02R-cce1ab2377a518c4,SCAN-02R-8c948345fe20cada,energy_relation,pass,0,verified_global
EXP-TAIPAN-001,FILE-02R-cce1ab2377a518c4,SCAN-02R-8c948345fe20cada,format_identity,pass,0,FMT-02R-fb75879b9023
EXP-TAIPAN-001,FILE-02R-cce1ab2377a518c4,SCAN-02R-8c948345fe20cada,header_parsing,pass,0,ordered raw records retained
EXP-TAIPAN-001,FILE-02R-cce1ab2377a518c4,SCAN-02R-8c948345fe20cada,lattice_parse,pass,0,LAT-02R-ae4c74e47a033f66
EXP-TAIPAN-001,FILE-02R-cce1ab2377a518c4,SCAN-02R-8c948345fe20cada,numeric_block_parsing,pass,0,one nonempty contiguous block
EXP-TAIPAN-001,FILE-02R-cce1ab2377a518c4,SCAN-02R-8c948345fe20cada,point_count_reconciliation,pass,0,16
EXP-TAIPAN-001,FILE-02R-cce1ab2377a518c4,SCAN-02R-8c948345fe20cada,raw_scan_ID_consistency,pass,0,filename compared with raw header scan ID
EXP-TAIPAN-001,FILE-02R-cce1ab2377a518c4,SCAN-02R-8c948345fe20cada,readability,pass,0,strict UTF-8 decoded
EXP-TAIPAN-001,FILE-02R-cce1ab2377a518c4,SCAN-02R-8c948345fe20cada,timestamp_validity,pass,0,header timestamps; timezone unrecorded
EXP-TAIPAN-001,FILE-02R-ce58ed2f984920f7,SCAN-02R-87a18bddebeb7046,UB_parse,pass,0,UB-02R-c7cdba07fed2dfd7
EXP-TAIPAN-001,FILE-02R-ce58ed2f984920f7,SCAN-02R-87a18bddebeb7046,all_declared_fields_preserved,pass,0,wide plus auxiliary exhaustive by declared index
EXP-TAIPAN-001,FILE-02R-ce58ed2f984920f7,SCAN-02R-87a18bddebeb7046,count_control_semantics,pass,0,monitor_controlled
EXP-TAIPAN-001,FILE-02R-ce58ed2f984920f7,SCAN-02R-87a18bddebeb7046,declared_actual_column_count,pass,0,58
EXP-TAIPAN-001,FILE-02R-ce58ed2f984920f7,SCAN-02R-87a18bddebeb7046,detector_monitor_time_numeric_validity,pass,0,finite Decimal tokens; no correction
EXP-TAIPAN-001,FILE-02R-ce58ed2f984920f7,SCAN-02R-87a18bddebeb7046,energy_relation,pass,0,verified_global
EXP-TAIPAN-001,FILE-02R-ce58ed2f984920f7,SCAN-02R-87a18bddebeb7046,format_identity,pass,0,FMT-02R-00e53630cd36
EXP-TAIPAN-001,FILE-02R-ce58ed2f984920f7,SCAN-02R-87a18bddebeb7046,header_parsing,pass,0,ordered raw records retained
EXP-TAIPAN-001,FILE-02R-ce58ed2f984920f7,SCAN-02R-87a18bddebeb7046,lattice_parse,pass,0,LAT-02R-517a9644e4f59287
EXP-TAIPAN-001,FILE-02R-ce58ed2f984920f7,SCAN-02R-87a18bddebeb7046,numeric_block_parsing,pass,0,one nonempty contiguous block
EXP-TAIPAN-001,FILE-02R-ce58ed2f984920f7,SCAN-02R-87a18bddebeb7046,point_count_reconciliation,pass,0,21
EXP-TAIPAN-001,FILE-02R-ce58ed2f984920f7,SCAN-02R-87a18bddebeb7046,raw_scan_ID_consistency,pass,0,filename compared with raw header scan ID
EXP-TAIPAN-001,FILE-02R-ce58ed2f984920f7,SCAN-02R-87a18bddebeb7046,readability,pass,0,strict UTF-8 decoded
EXP-TAIPAN-001,FILE-02R-ce58ed2f984920f7,SCAN-02R-87a18bddebeb7046,timestamp_validity,pass,0,header timestamps; timezone unrecorded
EXP-TAIPAN-001,FILE-02R-ceb7bd14d0317a9e,SCAN-02R-c09396a290b0d6b2,UB_parse,pass,0,UB-02R-c7cdba07fed2dfd7
EXP-TAIPAN-001,FILE-02R-ceb7bd14d0317a9e,SCAN-02R-c09396a290b0d6b2,all_declared_fields_preserved,pass,0,wide plus auxiliary exhaustive by declared index
EXP-TAIPAN-001,FILE-02R-ceb7bd14d0317a9e,SCAN-02R-c09396a290b0d6b2,count_control_semantics,pass,0,time_controlled
EXP-TAIPAN-001,FILE-02R-ceb7bd14d0317a9e,SCAN-02R-c09396a290b0d6b2,declared_actual_column_count,pass,0,59
EXP-TAIPAN-001,FILE-02R-ceb7bd14d0317a9e,SCAN-02R-c09396a290b0d6b2,detector_monitor_time_numeric_validity,pass,0,finite Decimal tokens; no correction
EXP-TAIPAN-001,FILE-02R-ceb7bd14d0317a9e,SCAN-02R-c09396a290b0d6b2,energy_relation,pass,0,verified_global
EXP-TAIPAN-001,FILE-02R-ceb7bd14d0317a9e,SCAN-02R-c09396a290b0d6b2,format_identity,pass,0,FMT-02R-42b66acce1bb
EXP-TAIPAN-001,FILE-02R-ceb7bd14d0317a9e,SCAN-02R-c09396a290b0d6b2,header_parsing,pass,0,ordered raw records retained
EXP-TAIPAN-001,FILE-02R-ceb7bd14d0317a9e,SCAN-02R-c09396a290b0d6b2,lattice_parse,pass,0,LAT-02R-517a9644e4f59287
EXP-TAIPAN-001,FILE-02R-ceb7bd14d0317a9e,SCAN-02R-c09396a290b0d6b2,numeric_block_parsing,pass,0,one nonempty contiguous block
EXP-TAIPAN-001,FILE-02R-ceb7bd14d0317a9e,SCAN-02R-c09396a290b0d6b2,point_count_reconciliation,pass,0,21
EXP-TAIPAN-001,FILE-02R-ceb7bd14d0317a9e,SCAN-02R-c09396a290b0d6b2,raw_scan_ID_consistency,pass,0,filename compared with raw header scan ID
EXP-TAIPAN-001,FILE-02R-ceb7bd14d0317a9e,SCAN-02R-c09396a290b0d6b2,readability,pass,0,strict UTF-8 decoded
EXP-TAIPAN-001,FILE-02R-ceb7bd14d0317a9e,SCAN-02R-c09396a290b0d6b2,timestamp_validity,pass,0,header timestamps; timezone unrecorded
EXP-TAIPAN-001,FILE-02R-ceedca39f412c49d,SCAN-02R-77b71bd09c7eb4b4,UB_parse,pass,0,UB-02R-c7cdba07fed2dfd7
EXP-TAIPAN-001,FILE-02R-ceedca39f412c49d,SCAN-02R-77b71bd09c7eb4b4,all_declared_fields_preserved,pass,0,wide plus auxiliary exhaustive by declared index
EXP-TAIPAN-001,FILE-02R-ceedca39f412c49d,SCAN-02R-77b71bd09c7eb4b4,count_control_semantics,pass,0,monitor_controlled
EXP-TAIPAN-001,FILE-02R-ceedca39f412c49d,SCAN-02R-77b71bd09c7eb4b4,declared_actual_column_count,pass,0,59
EXP-TAIPAN-001,FILE-02R-ceedca39f412c49d,SCAN-02R-77b71bd09c7eb4b4,detector_monitor_time_numeric_validity,pass,0,finite Decimal tokens; no correction
EXP-TAIPAN-001,FILE-02R-ceedca39f412c49d,SCAN-02R-77b71bd09c7eb4b4,energy_relation,pass,0,verified_global
EXP-TAIPAN-001,FILE-02R-ceedca39f412c49d,SCAN-02R-77b71bd09c7eb4b4,format_identity,pass,0,FMT-02R-06137a7de1ad
EXP-TAIPAN-001,FILE-02R-ceedca39f412c49d,SCAN-02R-77b71bd09c7eb4b4,header_parsing,pass,0,ordered raw records retained
EXP-TAIPAN-001,FILE-02R-ceedca39f412c49d,SCAN-02R-77b71bd09c7eb4b4,lattice_parse,pass,0,LAT-02R-517a9644e4f59287
EXP-TAIPAN-001,FILE-02R-ceedca39f412c49d,SCAN-02R-77b71bd09c7eb4b4,numeric_block_parsing,pass,0,one nonempty contiguous block
EXP-TAIPAN-001,FILE-02R-ceedca39f412c49d,SCAN-02R-77b71bd09c7eb4b4,point_count_reconciliation,pass,0,56
EXP-TAIPAN-001,FILE-02R-ceedca39f412c49d,SCAN-02R-77b71bd09c7eb4b4,raw_scan_ID_consistency,pass,0,filename compared with raw header scan ID
EXP-TAIPAN-001,FILE-02R-ceedca39f412c49d,SCAN-02R-77b71bd09c7eb4b4,readability,pass,0,strict UTF-8 decoded
EXP-TAIPAN-001,FILE-02R-ceedca39f412c49d,SCAN-02R-77b71bd09c7eb4b4,timestamp_validity,pass,0,header timestamps; timezone unrecorded
EXP-TAIPAN-001,FILE-02R-cfd92f7a26e7ac76,SCAN-02R-4ad1398a663b7933,UB_parse,pass,0,UB-02R-c7cdba07fed2dfd7
EXP-TAIPAN-001,FILE-02R-cfd92f7a26e7ac76,SCAN-02R-4ad1398a663b7933,all_declared_fields_preserved,pass,0,wide plus auxiliary exhaustive by declared index
EXP-TAIPAN-001,FILE-02R-cfd92f7a26e7ac76,SCAN-02R-4ad1398a663b7933,count_control_semantics,pass,0,monitor_controlled
EXP-TAIPAN-001,FILE-02R-cfd92f7a26e7ac76,SCAN-02R-4ad1398a663b7933,declared_actual_column_count,pass,0,59
EXP-TAIPAN-001,FILE-02R-cfd92f7a26e7ac76,SCAN-02R-4ad1398a663b7933,detector_monitor_time_numeric_validity,pass,0,finite Decimal tokens; no correction
EXP-TAIPAN-001,FILE-02R-cfd92f7a26e7ac76,SCAN-02R-4ad1398a663b7933,energy_relation,pass,0,verified_global
EXP-TAIPAN-001,FILE-02R-cfd92f7a26e7ac76,SCAN-02R-4ad1398a663b7933,format_identity,pass,0,FMT-02R-06137a7de1ad
EXP-TAIPAN-001,FILE-02R-cfd92f7a26e7ac76,SCAN-02R-4ad1398a663b7933,header_parsing,pass,0,ordered raw records retained
EXP-TAIPAN-001,FILE-02R-cfd92f7a26e7ac76,SCAN-02R-4ad1398a663b7933,lattice_parse,pass,0,LAT-02R-517a9644e4f59287
EXP-TAIPAN-001,FILE-02R-cfd92f7a26e7ac76,SCAN-02R-4ad1398a663b7933,numeric_block_parsing,pass,0,one nonempty contiguous block
EXP-TAIPAN-001,FILE-02R-cfd92f7a26e7ac76,SCAN-02R-4ad1398a663b7933,point_count_reconciliation,pass,0,56
EXP-TAIPAN-001,FILE-02R-cfd92f7a26e7ac76,SCAN-02R-4ad1398a663b7933,raw_scan_ID_consistency,pass,0,filename compared with raw header scan ID
EXP-TAIPAN-001,FILE-02R-cfd92f7a26e7ac76,SCAN-02R-4ad1398a663b7933,readability,pass,0,strict UTF-8 decoded
EXP-TAIPAN-001,FILE-02R-cfd92f7a26e7ac76,SCAN-02R-4ad1398a663b7933,timestamp_validity,pass,0,header timestamps; timezone unrecorded
EXP-TAIPAN-001,FILE-02R-cfedb7dee4a8071f,SCAN-02R-72904b63e5e6e883,UB_parse,pass,0,UB-02R-397acad65dd9e384
EXP-TAIPAN-001,FILE-02R-cfedb7dee4a8071f,SCAN-02R-72904b63e5e6e883,all_declared_fields_preserved,pass,0,wide plus auxiliary exhaustive by declared index
EXP-TAIPAN-001,FILE-02R-cfedb7dee4a8071f,SCAN-02R-72904b63e5e6e883,count_control_semantics,pass,0,time_controlled
EXP-TAIPAN-001,FILE-02R-cfedb7dee4a8071f,SCAN-02R-72904b63e5e6e883,declared_actual_column_count,pass,0,58
EXP-TAIPAN-001,FILE-02R-cfedb7dee4a8071f,SCAN-02R-72904b63e5e6e883,detector_monitor_time_numeric_validity,pass,0,finite Decimal tokens; no correction
EXP-TAIPAN-001,FILE-02R-cfedb7dee4a8071f,SCAN-02R-72904b63e5e6e883,energy_relation,pass,0,verified_global
EXP-TAIPAN-001,FILE-02R-cfedb7dee4a8071f,SCAN-02R-72904b63e5e6e883,format_identity,pass,0,FMT-02R-a20370d76087
EXP-TAIPAN-001,FILE-02R-cfedb7dee4a8071f,SCAN-02R-72904b63e5e6e883,header_parsing,pass,0,ordered raw records retained
EXP-TAIPAN-001,FILE-02R-cfedb7dee4a8071f,SCAN-02R-72904b63e5e6e883,lattice_parse,pass,0,LAT-02R-ae4c74e47a033f66
EXP-TAIPAN-001,FILE-02R-cfedb7dee4a8071f,SCAN-02R-72904b63e5e6e883,numeric_block_parsing,pass,0,one nonempty contiguous block
EXP-TAIPAN-001,FILE-02R-cfedb7dee4a8071f,SCAN-02R-72904b63e5e6e883,point_count_reconciliation,pass,0,21
EXP-TAIPAN-001,FILE-02R-cfedb7dee4a8071f,SCAN-02R-72904b63e5e6e883,raw_scan_ID_consistency,pass,0,filename compared with raw header scan ID
EXP-TAIPAN-001,FILE-02R-cfedb7dee4a8071f,SCAN-02R-72904b63e5e6e883,readability,pass,0,strict UTF-8 decoded
EXP-TAIPAN-001,FILE-02R-cfedb7dee4a8071f,SCAN-02R-72904b63e5e6e883,timestamp_validity,pass,0,header timestamps; timezone unrecorded
EXP-TAIPAN-001,FILE-02R-d0f83ca7a2fc0fa2,SCAN-02R-4d54ea7698000638,UB_parse,pass,0,UB-02R-c7cdba07fed2dfd7
EXP-TAIPAN-001,FILE-02R-d0f83ca7a2fc0fa2,SCAN-02R-4d54ea7698000638,all_declared_fields_preserved,pass,0,wide plus auxiliary exhaustive by declared index
EXP-TAIPAN-001,FILE-02R-d0f83ca7a2fc0fa2,SCAN-02R-4d54ea7698000638,count_control_semantics,pass,0,monitor_controlled
EXP-TAIPAN-001,FILE-02R-d0f83ca7a2fc0fa2,SCAN-02R-4d54ea7698000638,declared_actual_column_count,pass,0,59
EXP-TAIPAN-001,FILE-02R-d0f83ca7a2fc0fa2,SCAN-02R-4d54ea7698000638,detector_monitor_time_numeric_validity,pass,0,finite Decimal tokens; no correction
EXP-TAIPAN-001,FILE-02R-d0f83ca7a2fc0fa2,SCAN-02R-4d54ea7698000638,energy_relation,pass,0,verified_global
EXP-TAIPAN-001,FILE-02R-d0f83ca7a2fc0fa2,SCAN-02R-4d54ea7698000638,format_identity,pass,0,FMT-02R-06137a7de1ad
EXP-TAIPAN-001,FILE-02R-d0f83ca7a2fc0fa2,SCAN-02R-4d54ea7698000638,header_parsing,pass,0,ordered raw records retained
EXP-TAIPAN-001,FILE-02R-d0f83ca7a2fc0fa2,SCAN-02R-4d54ea7698000638,lattice_parse,pass,0,LAT-02R-517a9644e4f59287
EXP-TAIPAN-001,FILE-02R-d0f83ca7a2fc0fa2,SCAN-02R-4d54ea7698000638,numeric_block_parsing,pass,0,one nonempty contiguous block
EXP-TAIPAN-001,FILE-02R-d0f83ca7a2fc0fa2,SCAN-02R-4d54ea7698000638,point_count_reconciliation,pass,0,20
EXP-TAIPAN-001,FILE-02R-d0f83ca7a2fc0fa2,SCAN-02R-4d54ea7698000638,raw_scan_ID_consistency,pass,0,filename compared with raw header scan ID
EXP-TAIPAN-001,FILE-02R-d0f83ca7a2fc0fa2,SCAN-02R-4d54ea7698000638,readability,pass,0,strict UTF-8 decoded
EXP-TAIPAN-001,FILE-02R-d0f83ca7a2fc0fa2,SCAN-02R-4d54ea7698000638,timestamp_validity,pass,0,header timestamps; timezone unrecorded
EXP-TAIPAN-001,FILE-02R-d2b0ec8a459c99cd,SCAN-02R-54bfea84553b4c65,UB_parse,pass,0,UB-02R-1d710a6baa059bbb
EXP-TAIPAN-001,FILE-02R-d2b0ec8a459c99cd,SCAN-02R-54bfea84553b4c65,all_declared_fields_preserved,pass,0,wide plus auxiliary exhaustive by declared index
EXP-TAIPAN-001,FILE-02R-d2b0ec8a459c99cd,SCAN-02R-54bfea84553b4c65,count_control_semantics,pass,0,monitor_controlled
EXP-TAIPAN-001,FILE-02R-d2b0ec8a459c99cd,SCAN-02R-54bfea84553b4c65,declared_actual_column_count,pass,0,59
EXP-TAIPAN-001,FILE-02R-d2b0ec8a459c99cd,SCAN-02R-54bfea84553b4c65,detector_monitor_time_numeric_validity,pass,0,finite Decimal tokens; no correction
EXP-TAIPAN-001,FILE-02R-d2b0ec8a459c99cd,SCAN-02R-54bfea84553b4c65,energy_relation,pass,0,verified_global
EXP-TAIPAN-001,FILE-02R-d2b0ec8a459c99cd,SCAN-02R-54bfea84553b4c65,format_identity,pass,0,FMT-02R-06137a7de1ad
EXP-TAIPAN-001,FILE-02R-d2b0ec8a459c99cd,SCAN-02R-54bfea84553b4c65,header_parsing,pass,0,ordered raw records retained
EXP-TAIPAN-001,FILE-02R-d2b0ec8a459c99cd,SCAN-02R-54bfea84553b4c65,lattice_parse,pass,0,LAT-02R-ae4c74e47a033f66
EXP-TAIPAN-001,FILE-02R-d2b0ec8a459c99cd,SCAN-02R-54bfea84553b4c65,numeric_block_parsing,pass,0,one nonempty contiguous block
EXP-TAIPAN-001,FILE-02R-d2b0ec8a459c99cd,SCAN-02R-54bfea84553b4c65,point_count_reconciliation,pass,0,25
EXP-TAIPAN-001,FILE-02R-d2b0ec8a459c99cd,SCAN-02R-54bfea84553b4c65,raw_scan_ID_consistency,pass,0,filename compared with raw header scan ID
EXP-TAIPAN-001,FILE-02R-d2b0ec8a459c99cd,SCAN-02R-54bfea84553b4c65,readability,pass,0,strict UTF-8 decoded
EXP-TAIPAN-001,FILE-02R-d2b0ec8a459c99cd,SCAN-02R-54bfea84553b4c65,timestamp_validity,pass,0,header timestamps; timezone unrecorded
EXP-TAIPAN-001,FILE-02R-d4c0ddac62527f9b,SCAN-02R-58a76874c3967085,UB_parse,pass,0,UB-02R-c7cdba07fed2dfd7
EXP-TAIPAN-001,FILE-02R-d4c0ddac62527f9b,SCAN-02R-58a76874c3967085,all_declared_fields_preserved,pass,0,wide plus auxiliary exhaustive by declared index
EXP-TAIPAN-001,FILE-02R-d4c0ddac62527f9b,SCAN-02R-58a76874c3967085,count_control_semantics,pass,0,monitor_controlled
EXP-TAIPAN-001,FILE-02R-d4c0ddac62527f9b,SCAN-02R-58a76874c3967085,declared_actual_column_count,pass,0,59
EXP-TAIPAN-001,FILE-02R-d4c0ddac62527f9b,SCAN-02R-58a76874c3967085,detector_monitor_time_numeric_validity,pass,0,finite Decimal tokens; no correction
EXP-TAIPAN-001,FILE-02R-d4c0ddac62527f9b,SCAN-02R-58a76874c3967085,energy_relation,pass,0,verified_global
EXP-TAIPAN-001,FILE-02R-d4c0ddac62527f9b,SCAN-02R-58a76874c3967085,format_identity,pass,0,FMT-02R-06137a7de1ad
EXP-TAIPAN-001,FILE-02R-d4c0ddac62527f9b,SCAN-02R-58a76874c3967085,header_parsing,pass,0,ordered raw records retained
EXP-TAIPAN-001,FILE-02R-d4c0ddac62527f9b,SCAN-02R-58a76874c3967085,lattice_parse,pass,0,LAT-02R-517a9644e4f59287
EXP-TAIPAN-001,FILE-02R-d4c0ddac62527f9b,SCAN-02R-58a76874c3967085,numeric_block_parsing,pass,0,one nonempty contiguous block
EXP-TAIPAN-001,FILE-02R-d4c0ddac62527f9b,SCAN-02R-58a76874c3967085,point_count_reconciliation,pass,0,26
EXP-TAIPAN-001,FILE-02R-d4c0ddac62527f9b,SCAN-02R-58a76874c3967085,raw_scan_ID_consistency,pass,0,filename compared with raw header scan ID
EXP-TAIPAN-001,FILE-02R-d4c0ddac62527f9b,SCAN-02R-58a76874c3967085,readability,pass,0,strict UTF-8 decoded
EXP-TAIPAN-001,FILE-02R-d4c0ddac62527f9b,SCAN-02R-58a76874c3967085,timestamp_validity,pass,0,header timestamps; timezone unrecorded
EXP-TAIPAN-001,FILE-02R-d5b9b7d27e8a1098,SCAN-02R-f56f915bc229d6aa,UB_parse,pass,0,UB-02R-c7cdba07fed2dfd7
EXP-TAIPAN-001,FILE-02R-d5b9b7d27e8a1098,SCAN-02R-f56f915bc229d6aa,all_declared_fields_preserved,pass,0,wide plus auxiliary exhaustive by declared index
EXP-TAIPAN-001,FILE-02R-d5b9b7d27e8a1098,SCAN-02R-f56f915bc229d6aa,count_control_semantics,pass,0,monitor_controlled
EXP-TAIPAN-001,FILE-02R-d5b9b7d27e8a1098,SCAN-02R-f56f915bc229d6aa,declared_actual_column_count,pass,0,59
EXP-TAIPAN-001,FILE-02R-d5b9b7d27e8a1098,SCAN-02R-f56f915bc229d6aa,detector_monitor_time_numeric_validity,pass,0,finite Decimal tokens; no correction
EXP-TAIPAN-001,FILE-02R-d5b9b7d27e8a1098,SCAN-02R-f56f915bc229d6aa,energy_relation,pass,0,verified_global
EXP-TAIPAN-001,FILE-02R-d5b9b7d27e8a1098,SCAN-02R-f56f915bc229d6aa,format_identity,pass,0,FMT-02R-06137a7de1ad
EXP-TAIPAN-001,FILE-02R-d5b9b7d27e8a1098,SCAN-02R-f56f915bc229d6aa,header_parsing,pass,0,ordered raw records retained
EXP-TAIPAN-001,FILE-02R-d5b9b7d27e8a1098,SCAN-02R-f56f915bc229d6aa,lattice_parse,pass,0,LAT-02R-517a9644e4f59287
EXP-TAIPAN-001,FILE-02R-d5b9b7d27e8a1098,SCAN-02R-f56f915bc229d6aa,numeric_block_parsing,pass,0,one nonempty contiguous block
EXP-TAIPAN-001,FILE-02R-d5b9b7d27e8a1098,SCAN-02R-f56f915bc229d6aa,point_count_reconciliation,pass,0,26
EXP-TAIPAN-001,FILE-02R-d5b9b7d27e8a1098,SCAN-02R-f56f915bc229d6aa,raw_scan_ID_consistency,pass,0,filename compared with raw header scan ID
EXP-TAIPAN-001,FILE-02R-d5b9b7d27e8a1098,SCAN-02R-f56f915bc229d6aa,readability,pass,0,strict UTF-8 decoded
EXP-TAIPAN-001,FILE-02R-d5b9b7d27e8a1098,SCAN-02R-f56f915bc229d6aa,timestamp_validity,pass,0,header timestamps; timezone unrecorded
EXP-TAIPAN-001,FILE-02R-d79d25b742a78b2f,SCAN-02R-616075842b1e4c6e,UB_parse,pass,0,UB-02R-c7cdba07fed2dfd7
EXP-TAIPAN-001,FILE-02R-d79d25b742a78b2f,SCAN-02R-616075842b1e4c6e,all_declared_fields_preserved,pass,0,wide plus auxiliary exhaustive by declared index
EXP-TAIPAN-001,FILE-02R-d79d25b742a78b2f,SCAN-02R-616075842b1e4c6e,count_control_semantics,pass,0,monitor_controlled
EXP-TAIPAN-001,FILE-02R-d79d25b742a78b2f,SCAN-02R-616075842b1e4c6e,declared_actual_column_count,pass,0,59
EXP-TAIPAN-001,FILE-02R-d79d25b742a78b2f,SCAN-02R-616075842b1e4c6e,detector_monitor_time_numeric_validity,pass,0,finite Decimal tokens; no correction
EXP-TAIPAN-001,FILE-02R-d79d25b742a78b2f,SCAN-02R-616075842b1e4c6e,energy_relation,pass,0,verified_global
EXP-TAIPAN-001,FILE-02R-d79d25b742a78b2f,SCAN-02R-616075842b1e4c6e,format_identity,pass,0,FMT-02R-06137a7de1ad
EXP-TAIPAN-001,FILE-02R-d79d25b742a78b2f,SCAN-02R-616075842b1e4c6e,header_parsing,pass,0,ordered raw records retained
EXP-TAIPAN-001,FILE-02R-d79d25b742a78b2f,SCAN-02R-616075842b1e4c6e,lattice_parse,pass,0,LAT-02R-517a9644e4f59287
EXP-TAIPAN-001,FILE-02R-d79d25b742a78b2f,SCAN-02R-616075842b1e4c6e,numeric_block_parsing,pass,0,one nonempty contiguous block
EXP-TAIPAN-001,FILE-02R-d79d25b742a78b2f,SCAN-02R-616075842b1e4c6e,point_count_reconciliation,pass,0,5
EXP-TAIPAN-001,FILE-02R-d79d25b742a78b2f,SCAN-02R-616075842b1e4c6e,raw_scan_ID_consistency,pass,0,filename compared with raw header scan ID
EXP-TAIPAN-001,FILE-02R-d79d25b742a78b2f,SCAN-02R-616075842b1e4c6e,readability,pass,0,strict UTF-8 decoded
EXP-TAIPAN-001,FILE-02R-d79d25b742a78b2f,SCAN-02R-616075842b1e4c6e,timestamp_validity,pass,0,header timestamps; timezone unrecorded
EXP-TAIPAN-001,FILE-02R-d845fea91633e63c,SCAN-02R-facac32c4f9e5032,UB_parse,pass,0,UB-02R-c7cdba07fed2dfd7
EXP-TAIPAN-001,FILE-02R-d845fea91633e63c,SCAN-02R-facac32c4f9e5032,all_declared_fields_preserved,pass,0,wide plus auxiliary exhaustive by declared index
EXP-TAIPAN-001,FILE-02R-d845fea91633e63c,SCAN-02R-facac32c4f9e5032,count_control_semantics,pass,0,time_controlled
EXP-TAIPAN-001,FILE-02R-d845fea91633e63c,SCAN-02R-facac32c4f9e5032,declared_actual_column_count,pass,0,59
EXP-TAIPAN-001,FILE-02R-d845fea91633e63c,SCAN-02R-facac32c4f9e5032,detector_monitor_time_numeric_validity,pass,0,finite Decimal tokens; no correction
EXP-TAIPAN-001,FILE-02R-d845fea91633e63c,SCAN-02R-facac32c4f9e5032,energy_relation,pass,0,verified_global
EXP-TAIPAN-001,FILE-02R-d845fea91633e63c,SCAN-02R-facac32c4f9e5032,format_identity,pass,0,FMT-02R-fb75879b9023
EXP-TAIPAN-001,FILE-02R-d845fea91633e63c,SCAN-02R-facac32c4f9e5032,header_parsing,pass,0,ordered raw records retained
EXP-TAIPAN-001,FILE-02R-d845fea91633e63c,SCAN-02R-facac32c4f9e5032,lattice_parse,pass,0,LAT-02R-517a9644e4f59287
EXP-TAIPAN-001,FILE-02R-d845fea91633e63c,SCAN-02R-facac32c4f9e5032,numeric_block_parsing,pass,0,one nonempty contiguous block
EXP-TAIPAN-001,FILE-02R-d845fea91633e63c,SCAN-02R-facac32c4f9e5032,point_count_reconciliation,pass,0,21
EXP-TAIPAN-001,FILE-02R-d845fea91633e63c,SCAN-02R-facac32c4f9e5032,raw_scan_ID_consistency,pass,0,filename compared with raw header scan ID
EXP-TAIPAN-001,FILE-02R-d845fea91633e63c,SCAN-02R-facac32c4f9e5032,readability,pass,0,strict UTF-8 decoded
EXP-TAIPAN-001,FILE-02R-d845fea91633e63c,SCAN-02R-facac32c4f9e5032,timestamp_validity,pass,0,header timestamps; timezone unrecorded
EXP-TAIPAN-001,FILE-02R-d916c8d3b071c3ae,SCAN-02R-b654b4eb1ebe23d6,UB_parse,pass,0,UB-02R-c7cdba07fed2dfd7
EXP-TAIPAN-001,FILE-02R-d916c8d3b071c3ae,SCAN-02R-b654b4eb1ebe23d6,all_declared_fields_preserved,pass,0,wide plus auxiliary exhaustive by declared index
EXP-TAIPAN-001,FILE-02R-d916c8d3b071c3ae,SCAN-02R-b654b4eb1ebe23d6,count_control_semantics,pass,0,monitor_controlled
EXP-TAIPAN-001,FILE-02R-d916c8d3b071c3ae,SCAN-02R-b654b4eb1ebe23d6,declared_actual_column_count,pass,0,57
EXP-TAIPAN-001,FILE-02R-d916c8d3b071c3ae,SCAN-02R-b654b4eb1ebe23d6,detector_monitor_time_numeric_validity,pass,0,finite Decimal tokens; no correction
EXP-TAIPAN-001,FILE-02R-d916c8d3b071c3ae,SCAN-02R-b654b4eb1ebe23d6,energy_relation,pass,0,verified_global
EXP-TAIPAN-001,FILE-02R-d916c8d3b071c3ae,SCAN-02R-b654b4eb1ebe23d6,format_identity,pass,0,FMT-02R-33ee702b9adc
EXP-TAIPAN-001,FILE-02R-d916c8d3b071c3ae,SCAN-02R-b654b4eb1ebe23d6,header_parsing,pass,0,ordered raw records retained
EXP-TAIPAN-001,FILE-02R-d916c8d3b071c3ae,SCAN-02R-b654b4eb1ebe23d6,lattice_parse,pass,0,LAT-02R-517a9644e4f59287
EXP-TAIPAN-001,FILE-02R-d916c8d3b071c3ae,SCAN-02R-b654b4eb1ebe23d6,numeric_block_parsing,pass,0,one nonempty contiguous block
EXP-TAIPAN-001,FILE-02R-d916c8d3b071c3ae,SCAN-02R-b654b4eb1ebe23d6,point_count_reconciliation,pass,0,6
EXP-TAIPAN-001,FILE-02R-d916c8d3b071c3ae,SCAN-02R-b654b4eb1ebe23d6,raw_scan_ID_consistency,pass,0,filename compared with raw header scan ID
EXP-TAIPAN-001,FILE-02R-d916c8d3b071c3ae,SCAN-02R-b654b4eb1ebe23d6,readability,pass,0,strict UTF-8 decoded
EXP-TAIPAN-001,FILE-02R-d916c8d3b071c3ae,SCAN-02R-b654b4eb1ebe23d6,timestamp_validity,pass,0,header timestamps; timezone unrecorded
EXP-TAIPAN-001,FILE-02R-d930d58d82cc4510,SCAN-02R-1d86949e1fdc12c8,UB_parse,pass,0,UB-02R-c7cdba07fed2dfd7
EXP-TAIPAN-001,FILE-02R-d930d58d82cc4510,SCAN-02R-1d86949e1fdc12c8,all_declared_fields_preserved,pass,0,wide plus auxiliary exhaustive by declared index
EXP-TAIPAN-001,FILE-02R-d930d58d82cc4510,SCAN-02R-1d86949e1fdc12c8,count_control_semantics,pass,0,time_controlled
EXP-TAIPAN-001,FILE-02R-d930d58d82cc4510,SCAN-02R-1d86949e1fdc12c8,declared_actual_column_count,pass,0,59
EXP-TAIPAN-001,FILE-02R-d930d58d82cc4510,SCAN-02R-1d86949e1fdc12c8,detector_monitor_time_numeric_validity,pass,0,finite Decimal tokens; no correction
EXP-TAIPAN-001,FILE-02R-d930d58d82cc4510,SCAN-02R-1d86949e1fdc12c8,energy_relation,pass,0,verified_global
EXP-TAIPAN-001,FILE-02R-d930d58d82cc4510,SCAN-02R-1d86949e1fdc12c8,format_identity,pass,0,FMT-02R-fb75879b9023
EXP-TAIPAN-001,FILE-02R-d930d58d82cc4510,SCAN-02R-1d86949e1fdc12c8,header_parsing,pass,0,ordered raw records retained
EXP-TAIPAN-001,FILE-02R-d930d58d82cc4510,SCAN-02R-1d86949e1fdc12c8,lattice_parse,pass,0,LAT-02R-517a9644e4f59287
EXP-TAIPAN-001,FILE-02R-d930d58d82cc4510,SCAN-02R-1d86949e1fdc12c8,numeric_block_parsing,pass,0,one nonempty contiguous block
EXP-TAIPAN-001,FILE-02R-d930d58d82cc4510,SCAN-02R-1d86949e1fdc12c8,point_count_reconciliation,pass,0,21
EXP-TAIPAN-001,FILE-02R-d930d58d82cc4510,SCAN-02R-1d86949e1fdc12c8,raw_scan_ID_consistency,pass,0,filename compared with raw header scan ID
EXP-TAIPAN-001,FILE-02R-d930d58d82cc4510,SCAN-02R-1d86949e1fdc12c8,readability,pass,0,strict UTF-8 decoded
EXP-TAIPAN-001,FILE-02R-d930d58d82cc4510,SCAN-02R-1d86949e1fdc12c8,timestamp_validity,pass,0,header timestamps; timezone unrecorded
EXP-TAIPAN-001,FILE-02R-d967318e4569c881,SCAN-02R-f380a5a0600b447a,UB_parse,pass,0,UB-02R-c7cdba07fed2dfd7
EXP-TAIPAN-001,FILE-02R-d967318e4569c881,SCAN-02R-f380a5a0600b447a,all_declared_fields_preserved,pass,0,wide plus auxiliary exhaustive by declared index
EXP-TAIPAN-001,FILE-02R-d967318e4569c881,SCAN-02R-f380a5a0600b447a,count_control_semantics,pass,0,monitor_controlled
EXP-TAIPAN-001,FILE-02R-d967318e4569c881,SCAN-02R-f380a5a0600b447a,declared_actual_column_count,pass,0,59
EXP-TAIPAN-001,FILE-02R-d967318e4569c881,SCAN-02R-f380a5a0600b447a,detector_monitor_time_numeric_validity,pass,0,finite Decimal tokens; no correction
EXP-TAIPAN-001,FILE-02R-d967318e4569c881,SCAN-02R-f380a5a0600b447a,energy_relation,pass,0,verified_global
EXP-TAIPAN-001,FILE-02R-d967318e4569c881,SCAN-02R-f380a5a0600b447a,format_identity,pass,0,FMT-02R-06137a7de1ad
EXP-TAIPAN-001,FILE-02R-d967318e4569c881,SCAN-02R-f380a5a0600b447a,header_parsing,pass,0,ordered raw records retained
EXP-TAIPAN-001,FILE-02R-d967318e4569c881,SCAN-02R-f380a5a0600b447a,lattice_parse,pass,0,LAT-02R-517a9644e4f59287
EXP-TAIPAN-001,FILE-02R-d967318e4569c881,SCAN-02R-f380a5a0600b447a,numeric_block_parsing,pass,0,one nonempty contiguous block
EXP-TAIPAN-001,FILE-02R-d967318e4569c881,SCAN-02R-f380a5a0600b447a,point_count_reconciliation,pass,0,26
EXP-TAIPAN-001,FILE-02R-d967318e4569c881,SCAN-02R-f380a5a0600b447a,raw_scan_ID_consistency,pass,0,filename compared with raw header scan ID
EXP-TAIPAN-001,FILE-02R-d967318e4569c881,SCAN-02R-f380a5a0600b447a,readability,pass,0,strict UTF-8 decoded
EXP-TAIPAN-001,FILE-02R-d967318e4569c881,SCAN-02R-f380a5a0600b447a,timestamp_validity,pass,0,header timestamps; timezone unrecorded
EXP-TAIPAN-001,FILE-02R-da1d0700d24ca297,SCAN-02R-eb6fd74d04998612,UB_parse,pass,0,UB-02R-c7cdba07fed2dfd7
EXP-TAIPAN-001,FILE-02R-da1d0700d24ca297,SCAN-02R-eb6fd74d04998612,all_declared_fields_preserved,pass,0,wide plus auxiliary exhaustive by declared index
EXP-TAIPAN-001,FILE-02R-da1d0700d24ca297,SCAN-02R-eb6fd74d04998612,count_control_semantics,pass,0,time_controlled
EXP-TAIPAN-001,FILE-02R-da1d0700d24ca297,SCAN-02R-eb6fd74d04998612,declared_actual_column_count,pass,0,58
EXP-TAIPAN-001,FILE-02R-da1d0700d24ca297,SCAN-02R-eb6fd74d04998612,detector_monitor_time_numeric_validity,pass,0,finite Decimal tokens; no correction
EXP-TAIPAN-001,FILE-02R-da1d0700d24ca297,SCAN-02R-eb6fd74d04998612,energy_relation,pass,0,verified_global
EXP-TAIPAN-001,FILE-02R-da1d0700d24ca297,SCAN-02R-eb6fd74d04998612,format_identity,pass,0,FMT-02R-00e53630cd36
EXP-TAIPAN-001,FILE-02R-da1d0700d24ca297,SCAN-02R-eb6fd74d04998612,header_parsing,pass,0,ordered raw records retained
EXP-TAIPAN-001,FILE-02R-da1d0700d24ca297,SCAN-02R-eb6fd74d04998612,lattice_parse,pass,0,LAT-02R-517a9644e4f59287
EXP-TAIPAN-001,FILE-02R-da1d0700d24ca297,SCAN-02R-eb6fd74d04998612,numeric_block_parsing,pass,0,one nonempty contiguous block
EXP-TAIPAN-001,FILE-02R-da1d0700d24ca297,SCAN-02R-eb6fd74d04998612,point_count_reconciliation,pass,0,31
EXP-TAIPAN-001,FILE-02R-da1d0700d24ca297,SCAN-02R-eb6fd74d04998612,raw_scan_ID_consistency,pass,0,filename compared with raw header scan ID
EXP-TAIPAN-001,FILE-02R-da1d0700d24ca297,SCAN-02R-eb6fd74d04998612,readability,pass,0,strict UTF-8 decoded
EXP-TAIPAN-001,FILE-02R-da1d0700d24ca297,SCAN-02R-eb6fd74d04998612,timestamp_validity,pass,0,header timestamps; timezone unrecorded
EXP-TAIPAN-001,FILE-02R-dab3078e810d2874,SCAN-02R-73adc0625f7869df,UB_parse,pass,0,UB-02R-c7cdba07fed2dfd7
EXP-TAIPAN-001,FILE-02R-dab3078e810d2874,SCAN-02R-73adc0625f7869df,all_declared_fields_preserved,pass,0,wide plus auxiliary exhaustive by declared index
EXP-TAIPAN-001,FILE-02R-dab3078e810d2874,SCAN-02R-73adc0625f7869df,count_control_semantics,pass,0,monitor_controlled
EXP-TAIPAN-001,FILE-02R-dab3078e810d2874,SCAN-02R-73adc0625f7869df,declared_actual_column_count,pass,0,57
EXP-TAIPAN-001,FILE-02R-dab3078e810d2874,SCAN-02R-73adc0625f7869df,detector_monitor_time_numeric_validity,pass,0,finite Decimal tokens; no correction
EXP-TAIPAN-001,FILE-02R-dab3078e810d2874,SCAN-02R-73adc0625f7869df,energy_relation,pass,0,verified_global
EXP-TAIPAN-001,FILE-02R-dab3078e810d2874,SCAN-02R-73adc0625f7869df,format_identity,pass,0,FMT-02R-7d9e3f2fd3b3
EXP-TAIPAN-001,FILE-02R-dab3078e810d2874,SCAN-02R-73adc0625f7869df,header_parsing,pass,0,ordered raw records retained
EXP-TAIPAN-001,FILE-02R-dab3078e810d2874,SCAN-02R-73adc0625f7869df,lattice_parse,pass,0,LAT-02R-517a9644e4f59287
EXP-TAIPAN-001,FILE-02R-dab3078e810d2874,SCAN-02R-73adc0625f7869df,numeric_block_parsing,pass,0,one nonempty contiguous block
EXP-TAIPAN-001,FILE-02R-dab3078e810d2874,SCAN-02R-73adc0625f7869df,point_count_reconciliation,pass,0,6
EXP-TAIPAN-001,FILE-02R-dab3078e810d2874,SCAN-02R-73adc0625f7869df,raw_scan_ID_consistency,pass,0,filename compared with raw header scan ID
EXP-TAIPAN-001,FILE-02R-dab3078e810d2874,SCAN-02R-73adc0625f7869df,readability,pass,0,strict UTF-8 decoded
EXP-TAIPAN-001,FILE-02R-dab3078e810d2874,SCAN-02R-73adc0625f7869df,timestamp_validity,pass,0,header timestamps; timezone unrecorded
EXP-TAIPAN-001,FILE-02R-db3216aa4bbb640f,SCAN-02R-1e5b02c69224108d,UB_parse,pass,0,UB-02R-c7cdba07fed2dfd7
EXP-TAIPAN-001,FILE-02R-db3216aa4bbb640f,SCAN-02R-1e5b02c69224108d,all_declared_fields_preserved,pass,0,wide plus auxiliary exhaustive by declared index
EXP-TAIPAN-001,FILE-02R-db3216aa4bbb640f,SCAN-02R-1e5b02c69224108d,count_control_semantics,pass,0,monitor_controlled
EXP-TAIPAN-001,FILE-02R-db3216aa4bbb640f,SCAN-02R-1e5b02c69224108d,declared_actual_column_count,pass,0,59
EXP-TAIPAN-001,FILE-02R-db3216aa4bbb640f,SCAN-02R-1e5b02c69224108d,detector_monitor_time_numeric_validity,pass,0,finite Decimal tokens; no correction
EXP-TAIPAN-001,FILE-02R-db3216aa4bbb640f,SCAN-02R-1e5b02c69224108d,energy_relation,pass,0,verified_global
EXP-TAIPAN-001,FILE-02R-db3216aa4bbb640f,SCAN-02R-1e5b02c69224108d,format_identity,pass,0,FMT-02R-06137a7de1ad
EXP-TAIPAN-001,FILE-02R-db3216aa4bbb640f,SCAN-02R-1e5b02c69224108d,header_parsing,pass,0,ordered raw records retained
EXP-TAIPAN-001,FILE-02R-db3216aa4bbb640f,SCAN-02R-1e5b02c69224108d,lattice_parse,pass,0,LAT-02R-517a9644e4f59287
EXP-TAIPAN-001,FILE-02R-db3216aa4bbb640f,SCAN-02R-1e5b02c69224108d,numeric_block_parsing,pass,0,one nonempty contiguous block
EXP-TAIPAN-001,FILE-02R-db3216aa4bbb640f,SCAN-02R-1e5b02c69224108d,point_count_reconciliation,pass,0,31
EXP-TAIPAN-001,FILE-02R-db3216aa4bbb640f,SCAN-02R-1e5b02c69224108d,raw_scan_ID_consistency,pass,0,filename compared with raw header scan ID
EXP-TAIPAN-001,FILE-02R-db3216aa4bbb640f,SCAN-02R-1e5b02c69224108d,readability,pass,0,strict UTF-8 decoded
EXP-TAIPAN-001,FILE-02R-db3216aa4bbb640f,SCAN-02R-1e5b02c69224108d,timestamp_validity,pass,0,header timestamps; timezone unrecorded
EXP-TAIPAN-001,FILE-02R-dc3481f974957a00,SCAN-02R-379ac295ed92a194,UB_parse,pass,0,UB-02R-1d710a6baa059bbb
EXP-TAIPAN-001,FILE-02R-dc3481f974957a00,SCAN-02R-379ac295ed92a194,all_declared_fields_preserved,pass,0,wide plus auxiliary exhaustive by declared index
EXP-TAIPAN-001,FILE-02R-dc3481f974957a00,SCAN-02R-379ac295ed92a194,count_control_semantics,pass,0,time_controlled
EXP-TAIPAN-001,FILE-02R-dc3481f974957a00,SCAN-02R-379ac295ed92a194,declared_actual_column_count,pass,0,58
EXP-TAIPAN-001,FILE-02R-dc3481f974957a00,SCAN-02R-379ac295ed92a194,detector_monitor_time_numeric_validity,pass,0,finite Decimal tokens; no correction
EXP-TAIPAN-001,FILE-02R-dc3481f974957a00,SCAN-02R-379ac295ed92a194,energy_relation,pass,0,verified_global
EXP-TAIPAN-001,FILE-02R-dc3481f974957a00,SCAN-02R-379ac295ed92a194,format_identity,pass,0,FMT-02R-365d8346d6ba
EXP-TAIPAN-001,FILE-02R-dc3481f974957a00,SCAN-02R-379ac295ed92a194,header_parsing,pass,0,ordered raw records retained
EXP-TAIPAN-001,FILE-02R-dc3481f974957a00,SCAN-02R-379ac295ed92a194,lattice_parse,pass,0,LAT-02R-ae4c74e47a033f66
EXP-TAIPAN-001,FILE-02R-dc3481f974957a00,SCAN-02R-379ac295ed92a194,numeric_block_parsing,pass,0,one nonempty contiguous block
EXP-TAIPAN-001,FILE-02R-dc3481f974957a00,SCAN-02R-379ac295ed92a194,point_count_reconciliation,pass,0,21
EXP-TAIPAN-001,FILE-02R-dc3481f974957a00,SCAN-02R-379ac295ed92a194,raw_scan_ID_consistency,pass,0,filename compared with raw header scan ID
EXP-TAIPAN-001,FILE-02R-dc3481f974957a00,SCAN-02R-379ac295ed92a194,readability,pass,0,strict UTF-8 decoded
EXP-TAIPAN-001,FILE-02R-dc3481f974957a00,SCAN-02R-379ac295ed92a194,timestamp_validity,pass,0,header timestamps; timezone unrecorded
EXP-TAIPAN-001,FILE-02R-dd4dd855dd7e599d,SCAN-02R-cfcdc3a373b26fb0,UB_parse,pass,0,UB-02R-c7cdba07fed2dfd7
EXP-TAIPAN-001,FILE-02R-dd4dd855dd7e599d,SCAN-02R-cfcdc3a373b26fb0,all_declared_fields_preserved,pass,0,wide plus auxiliary exhaustive by declared index
EXP-TAIPAN-001,FILE-02R-dd4dd855dd7e599d,SCAN-02R-cfcdc3a373b26fb0,count_control_semantics,pass,0,time_controlled
EXP-TAIPAN-001,FILE-02R-dd4dd855dd7e599d,SCAN-02R-cfcdc3a373b26fb0,declared_actual_column_count,pass,0,58
EXP-TAIPAN-001,FILE-02R-dd4dd855dd7e599d,SCAN-02R-cfcdc3a373b26fb0,detector_monitor_time_numeric_validity,pass,0,finite Decimal tokens; no correction
EXP-TAIPAN-001,FILE-02R-dd4dd855dd7e599d,SCAN-02R-cfcdc3a373b26fb0,energy_relation,pass,0,verified_global
EXP-TAIPAN-001,FILE-02R-dd4dd855dd7e599d,SCAN-02R-cfcdc3a373b26fb0,format_identity,pass,0,FMT-02R-00e53630cd36
EXP-TAIPAN-001,FILE-02R-dd4dd855dd7e599d,SCAN-02R-cfcdc3a373b26fb0,header_parsing,pass,0,ordered raw records retained
EXP-TAIPAN-001,FILE-02R-dd4dd855dd7e599d,SCAN-02R-cfcdc3a373b26fb0,lattice_parse,pass,0,LAT-02R-517a9644e4f59287
EXP-TAIPAN-001,FILE-02R-dd4dd855dd7e599d,SCAN-02R-cfcdc3a373b26fb0,numeric_block_parsing,pass,0,one nonempty contiguous block
EXP-TAIPAN-001,FILE-02R-dd4dd855dd7e599d,SCAN-02R-cfcdc3a373b26fb0,point_count_reconciliation,pass,0,21
EXP-TAIPAN-001,FILE-02R-dd4dd855dd7e599d,SCAN-02R-cfcdc3a373b26fb0,raw_scan_ID_consistency,pass,0,filename compared with raw header scan ID
EXP-TAIPAN-001,FILE-02R-dd4dd855dd7e599d,SCAN-02R-cfcdc3a373b26fb0,readability,pass,0,strict UTF-8 decoded
EXP-TAIPAN-001,FILE-02R-dd4dd855dd7e599d,SCAN-02R-cfcdc3a373b26fb0,timestamp_validity,pass,0,header timestamps; timezone unrecorded
EXP-TAIPAN-001,FILE-02R-dd821b445967b77e,SCAN-02R-75faa4a614a8f130,UB_parse,pass,0,UB-02R-c7cdba07fed2dfd7
EXP-TAIPAN-001,FILE-02R-dd821b445967b77e,SCAN-02R-75faa4a614a8f130,all_declared_fields_preserved,pass,0,wide plus auxiliary exhaustive by declared index
EXP-TAIPAN-001,FILE-02R-dd821b445967b77e,SCAN-02R-75faa4a614a8f130,count_control_semantics,pass,0,monitor_controlled
EXP-TAIPAN-001,FILE-02R-dd821b445967b77e,SCAN-02R-75faa4a614a8f130,declared_actual_column_count,pass,0,59
EXP-TAIPAN-001,FILE-02R-dd821b445967b77e,SCAN-02R-75faa4a614a8f130,detector_monitor_time_numeric_validity,pass,0,finite Decimal tokens; no correction
EXP-TAIPAN-001,FILE-02R-dd821b445967b77e,SCAN-02R-75faa4a614a8f130,energy_relation,pass,0,verified_global
EXP-TAIPAN-001,FILE-02R-dd821b445967b77e,SCAN-02R-75faa4a614a8f130,format_identity,pass,0,FMT-02R-06137a7de1ad
EXP-TAIPAN-001,FILE-02R-dd821b445967b77e,SCAN-02R-75faa4a614a8f130,header_parsing,pass,0,ordered raw records retained
EXP-TAIPAN-001,FILE-02R-dd821b445967b77e,SCAN-02R-75faa4a614a8f130,lattice_parse,pass,0,LAT-02R-517a9644e4f59287
EXP-TAIPAN-001,FILE-02R-dd821b445967b77e,SCAN-02R-75faa4a614a8f130,numeric_block_parsing,pass,0,one nonempty contiguous block
EXP-TAIPAN-001,FILE-02R-dd821b445967b77e,SCAN-02R-75faa4a614a8f130,point_count_reconciliation,pass,0,26
EXP-TAIPAN-001,FILE-02R-dd821b445967b77e,SCAN-02R-75faa4a614a8f130,raw_scan_ID_consistency,pass,0,filename compared with raw header scan ID
EXP-TAIPAN-001,FILE-02R-dd821b445967b77e,SCAN-02R-75faa4a614a8f130,readability,pass,0,strict UTF-8 decoded
EXP-TAIPAN-001,FILE-02R-dd821b445967b77e,SCAN-02R-75faa4a614a8f130,timestamp_validity,pass,0,header timestamps; timezone unrecorded
EXP-TAIPAN-001,FILE-02R-e01fe2a67d288032,SCAN-02R-59701ee4cf5ede45,UB_parse,pass,0,UB-02R-397acad65dd9e384
EXP-TAIPAN-001,FILE-02R-e01fe2a67d288032,SCAN-02R-59701ee4cf5ede45,all_declared_fields_preserved,pass,0,wide plus auxiliary exhaustive by declared index
EXP-TAIPAN-001,FILE-02R-e01fe2a67d288032,SCAN-02R-59701ee4cf5ede45,count_control_semantics,pass,0,time_controlled
EXP-TAIPAN-001,FILE-02R-e01fe2a67d288032,SCAN-02R-59701ee4cf5ede45,declared_actual_column_count,pass,0,57
EXP-TAIPAN-001,FILE-02R-e01fe2a67d288032,SCAN-02R-59701ee4cf5ede45,detector_monitor_time_numeric_validity,pass,0,finite Decimal tokens; no correction
EXP-TAIPAN-001,FILE-02R-e01fe2a67d288032,SCAN-02R-59701ee4cf5ede45,energy_relation,pass,0,verified_global
EXP-TAIPAN-001,FILE-02R-e01fe2a67d288032,SCAN-02R-59701ee4cf5ede45,format_identity,pass,0,FMT-02R-172bb66a767d
EXP-TAIPAN-001,FILE-02R-e01fe2a67d288032,SCAN-02R-59701ee4cf5ede45,header_parsing,pass,0,ordered raw records retained
EXP-TAIPAN-001,FILE-02R-e01fe2a67d288032,SCAN-02R-59701ee4cf5ede45,lattice_parse,pass,0,LAT-02R-ae4c74e47a033f66
EXP-TAIPAN-001,FILE-02R-e01fe2a67d288032,SCAN-02R-59701ee4cf5ede45,numeric_block_parsing,pass,0,one nonempty contiguous block
EXP-TAIPAN-001,FILE-02R-e01fe2a67d288032,SCAN-02R-59701ee4cf5ede45,point_count_reconciliation,pass,0,21
EXP-TAIPAN-001,FILE-02R-e01fe2a67d288032,SCAN-02R-59701ee4cf5ede45,raw_scan_ID_consistency,pass,0,filename compared with raw header scan ID
EXP-TAIPAN-001,FILE-02R-e01fe2a67d288032,SCAN-02R-59701ee4cf5ede45,readability,pass,0,strict UTF-8 decoded
EXP-TAIPAN-001,FILE-02R-e01fe2a67d288032,SCAN-02R-59701ee4cf5ede45,timestamp_validity,pass,0,header timestamps; timezone unrecorded
EXP-TAIPAN-001,FILE-02R-e3217e8bc718c0e2,SCAN-02R-774f62fc1777bc6b,UB_parse,pass,0,UB-02R-1d710a6baa059bbb
EXP-TAIPAN-001,FILE-02R-e3217e8bc718c0e2,SCAN-02R-774f62fc1777bc6b,all_declared_fields_preserved,pass,0,wide plus auxiliary exhaustive by declared index
EXP-TAIPAN-001,FILE-02R-e3217e8bc718c0e2,SCAN-02R-774f62fc1777bc6b,count_control_semantics,pass,0,monitor_controlled
EXP-TAIPAN-001,FILE-02R-e3217e8bc718c0e2,SCAN-02R-774f62fc1777bc6b,declared_actual_column_count,pass,0,59
EXP-TAIPAN-001,FILE-02R-e3217e8bc718c0e2,SCAN-02R-774f62fc1777bc6b,detector_monitor_time_numeric_validity,pass,0,finite Decimal tokens; no correction
EXP-TAIPAN-001,FILE-02R-e3217e8bc718c0e2,SCAN-02R-774f62fc1777bc6b,energy_relation,pass,0,verified_global
EXP-TAIPAN-001,FILE-02R-e3217e8bc718c0e2,SCAN-02R-774f62fc1777bc6b,format_identity,pass,0,FMT-02R-06137a7de1ad
EXP-TAIPAN-001,FILE-02R-e3217e8bc718c0e2,SCAN-02R-774f62fc1777bc6b,header_parsing,pass,0,ordered raw records retained
EXP-TAIPAN-001,FILE-02R-e3217e8bc718c0e2,SCAN-02R-774f62fc1777bc6b,lattice_parse,pass,0,LAT-02R-ae4c74e47a033f66
EXP-TAIPAN-001,FILE-02R-e3217e8bc718c0e2,SCAN-02R-774f62fc1777bc6b,numeric_block_parsing,pass,0,one nonempty contiguous block
EXP-TAIPAN-001,FILE-02R-e3217e8bc718c0e2,SCAN-02R-774f62fc1777bc6b,point_count_reconciliation,pass,0,25
EXP-TAIPAN-001,FILE-02R-e3217e8bc718c0e2,SCAN-02R-774f62fc1777bc6b,raw_scan_ID_consistency,pass,0,filename compared with raw header scan ID
EXP-TAIPAN-001,FILE-02R-e3217e8bc718c0e2,SCAN-02R-774f62fc1777bc6b,readability,pass,0,strict UTF-8 decoded
EXP-TAIPAN-001,FILE-02R-e3217e8bc718c0e2,SCAN-02R-774f62fc1777bc6b,timestamp_validity,pass,0,header timestamps; timezone unrecorded
EXP-TAIPAN-001,FILE-02R-e3e3f990249fa8c7,SCAN-02R-a88a59b9d2315a05,UB_parse,pass,0,UB-02R-c7cdba07fed2dfd7
EXP-TAIPAN-001,FILE-02R-e3e3f990249fa8c7,SCAN-02R-a88a59b9d2315a05,all_declared_fields_preserved,pass,0,wide plus auxiliary exhaustive by declared index
EXP-TAIPAN-001,FILE-02R-e3e3f990249fa8c7,SCAN-02R-a88a59b9d2315a05,count_control_semantics,pass,0,monitor_controlled
EXP-TAIPAN-001,FILE-02R-e3e3f990249fa8c7,SCAN-02R-a88a59b9d2315a05,declared_actual_column_count,pass,0,59
EXP-TAIPAN-001,FILE-02R-e3e3f990249fa8c7,SCAN-02R-a88a59b9d2315a05,detector_monitor_time_numeric_validity,pass,0,finite Decimal tokens; no correction
EXP-TAIPAN-001,FILE-02R-e3e3f990249fa8c7,SCAN-02R-a88a59b9d2315a05,energy_relation,pass,0,verified_global
EXP-TAIPAN-001,FILE-02R-e3e3f990249fa8c7,SCAN-02R-a88a59b9d2315a05,format_identity,pass,0,FMT-02R-06137a7de1ad
EXP-TAIPAN-001,FILE-02R-e3e3f990249fa8c7,SCAN-02R-a88a59b9d2315a05,header_parsing,pass,0,ordered raw records retained
EXP-TAIPAN-001,FILE-02R-e3e3f990249fa8c7,SCAN-02R-a88a59b9d2315a05,lattice_parse,pass,0,LAT-02R-517a9644e4f59287
EXP-TAIPAN-001,FILE-02R-e3e3f990249fa8c7,SCAN-02R-a88a59b9d2315a05,numeric_block_parsing,pass,0,one nonempty contiguous block
EXP-TAIPAN-001,FILE-02R-e3e3f990249fa8c7,SCAN-02R-a88a59b9d2315a05,point_count_reconciliation,pass,0,36
EXP-TAIPAN-001,FILE-02R-e3e3f990249fa8c7,SCAN-02R-a88a59b9d2315a05,raw_scan_ID_consistency,pass,0,filename compared with raw header scan ID
EXP-TAIPAN-001,FILE-02R-e3e3f990249fa8c7,SCAN-02R-a88a59b9d2315a05,readability,pass,0,strict UTF-8 decoded
EXP-TAIPAN-001,FILE-02R-e3e3f990249fa8c7,SCAN-02R-a88a59b9d2315a05,timestamp_validity,pass,0,header timestamps; timezone unrecorded
EXP-TAIPAN-001,FILE-02R-e45fe04d518b6e17,SCAN-02R-b704f6a14f738619,UB_parse,pass,0,UB-02R-c7cdba07fed2dfd7
EXP-TAIPAN-001,FILE-02R-e45fe04d518b6e17,SCAN-02R-b704f6a14f738619,all_declared_fields_preserved,pass,0,wide plus auxiliary exhaustive by declared index
EXP-TAIPAN-001,FILE-02R-e45fe04d518b6e17,SCAN-02R-b704f6a14f738619,count_control_semantics,pass,0,monitor_controlled
EXP-TAIPAN-001,FILE-02R-e45fe04d518b6e17,SCAN-02R-b704f6a14f738619,declared_actual_column_count,pass,0,59
EXP-TAIPAN-001,FILE-02R-e45fe04d518b6e17,SCAN-02R-b704f6a14f738619,detector_monitor_time_numeric_validity,pass,0,finite Decimal tokens; no correction
EXP-TAIPAN-001,FILE-02R-e45fe04d518b6e17,SCAN-02R-b704f6a14f738619,energy_relation,pass,0,verified_global
EXP-TAIPAN-001,FILE-02R-e45fe04d518b6e17,SCAN-02R-b704f6a14f738619,format_identity,pass,0,FMT-02R-06137a7de1ad
EXP-TAIPAN-001,FILE-02R-e45fe04d518b6e17,SCAN-02R-b704f6a14f738619,header_parsing,pass,0,ordered raw records retained
EXP-TAIPAN-001,FILE-02R-e45fe04d518b6e17,SCAN-02R-b704f6a14f738619,lattice_parse,pass,0,LAT-02R-517a9644e4f59287
EXP-TAIPAN-001,FILE-02R-e45fe04d518b6e17,SCAN-02R-b704f6a14f738619,numeric_block_parsing,pass,0,one nonempty contiguous block
EXP-TAIPAN-001,FILE-02R-e45fe04d518b6e17,SCAN-02R-b704f6a14f738619,point_count_reconciliation,pass,0,20
EXP-TAIPAN-001,FILE-02R-e45fe04d518b6e17,SCAN-02R-b704f6a14f738619,raw_scan_ID_consistency,pass,0,filename compared with raw header scan ID
EXP-TAIPAN-001,FILE-02R-e45fe04d518b6e17,SCAN-02R-b704f6a14f738619,readability,pass,0,strict UTF-8 decoded
EXP-TAIPAN-001,FILE-02R-e45fe04d518b6e17,SCAN-02R-b704f6a14f738619,timestamp_validity,pass,0,header timestamps; timezone unrecorded
EXP-TAIPAN-001,FILE-02R-e779a19e4e2249cb,SCAN-02R-c7a73b4824a01210,UB_parse,pass,0,UB-02R-c7cdba07fed2dfd7
EXP-TAIPAN-001,FILE-02R-e779a19e4e2249cb,SCAN-02R-c7a73b4824a01210,all_declared_fields_preserved,pass,0,wide plus auxiliary exhaustive by declared index
EXP-TAIPAN-001,FILE-02R-e779a19e4e2249cb,SCAN-02R-c7a73b4824a01210,count_control_semantics,pass,0,monitor_controlled
EXP-TAIPAN-001,FILE-02R-e779a19e4e2249cb,SCAN-02R-c7a73b4824a01210,declared_actual_column_count,pass,0,59
EXP-TAIPAN-001,FILE-02R-e779a19e4e2249cb,SCAN-02R-c7a73b4824a01210,detector_monitor_time_numeric_validity,pass,0,finite Decimal tokens; no correction
EXP-TAIPAN-001,FILE-02R-e779a19e4e2249cb,SCAN-02R-c7a73b4824a01210,energy_relation,pass,0,verified_global
EXP-TAIPAN-001,FILE-02R-e779a19e4e2249cb,SCAN-02R-c7a73b4824a01210,format_identity,pass,0,FMT-02R-06137a7de1ad
EXP-TAIPAN-001,FILE-02R-e779a19e4e2249cb,SCAN-02R-c7a73b4824a01210,header_parsing,pass,0,ordered raw records retained
EXP-TAIPAN-001,FILE-02R-e779a19e4e2249cb,SCAN-02R-c7a73b4824a01210,lattice_parse,pass,0,LAT-02R-517a9644e4f59287
EXP-TAIPAN-001,FILE-02R-e779a19e4e2249cb,SCAN-02R-c7a73b4824a01210,numeric_block_parsing,pass,0,one nonempty contiguous block
EXP-TAIPAN-001,FILE-02R-e779a19e4e2249cb,SCAN-02R-c7a73b4824a01210,point_count_reconciliation,pass,0,20
EXP-TAIPAN-001,FILE-02R-e779a19e4e2249cb,SCAN-02R-c7a73b4824a01210,raw_scan_ID_consistency,pass,0,filename compared with raw header scan ID
EXP-TAIPAN-001,FILE-02R-e779a19e4e2249cb,SCAN-02R-c7a73b4824a01210,readability,pass,0,strict UTF-8 decoded
EXP-TAIPAN-001,FILE-02R-e779a19e4e2249cb,SCAN-02R-c7a73b4824a01210,timestamp_validity,pass,0,header timestamps; timezone unrecorded
EXP-TAIPAN-001,FILE-02R-e84e50e653a6e631,SCAN-02R-b14e49e20117cb08,UB_parse,pass,0,UB-02R-c7cdba07fed2dfd7
EXP-TAIPAN-001,FILE-02R-e84e50e653a6e631,SCAN-02R-b14e49e20117cb08,all_declared_fields_preserved,pass,0,wide plus auxiliary exhaustive by declared index
EXP-TAIPAN-001,FILE-02R-e84e50e653a6e631,SCAN-02R-b14e49e20117cb08,count_control_semantics,pass,0,monitor_controlled
EXP-TAIPAN-001,FILE-02R-e84e50e653a6e631,SCAN-02R-b14e49e20117cb08,declared_actual_column_count,pass,0,59
EXP-TAIPAN-001,FILE-02R-e84e50e653a6e631,SCAN-02R-b14e49e20117cb08,detector_monitor_time_numeric_validity,pass,0,finite Decimal tokens; no correction
EXP-TAIPAN-001,FILE-02R-e84e50e653a6e631,SCAN-02R-b14e49e20117cb08,energy_relation,pass,0,verified_global
EXP-TAIPAN-001,FILE-02R-e84e50e653a6e631,SCAN-02R-b14e49e20117cb08,format_identity,pass,0,FMT-02R-06137a7de1ad
EXP-TAIPAN-001,FILE-02R-e84e50e653a6e631,SCAN-02R-b14e49e20117cb08,header_parsing,pass,0,ordered raw records retained
EXP-TAIPAN-001,FILE-02R-e84e50e653a6e631,SCAN-02R-b14e49e20117cb08,lattice_parse,pass,0,LAT-02R-517a9644e4f59287
EXP-TAIPAN-001,FILE-02R-e84e50e653a6e631,SCAN-02R-b14e49e20117cb08,numeric_block_parsing,pass,0,one nonempty contiguous block
EXP-TAIPAN-001,FILE-02R-e84e50e653a6e631,SCAN-02R-b14e49e20117cb08,point_count_reconciliation,pass,0,26
EXP-TAIPAN-001,FILE-02R-e84e50e653a6e631,SCAN-02R-b14e49e20117cb08,raw_scan_ID_consistency,pass,0,filename compared with raw header scan ID
EXP-TAIPAN-001,FILE-02R-e84e50e653a6e631,SCAN-02R-b14e49e20117cb08,readability,pass,0,strict UTF-8 decoded
EXP-TAIPAN-001,FILE-02R-e84e50e653a6e631,SCAN-02R-b14e49e20117cb08,timestamp_validity,pass,0,header timestamps; timezone unrecorded
EXP-TAIPAN-001,FILE-02R-e91eb964799b0944,SCAN-02R-072b13029deb0fba,UB_parse,pass,0,UB-02R-1d710a6baa059bbb
EXP-TAIPAN-001,FILE-02R-e91eb964799b0944,SCAN-02R-072b13029deb0fba,all_declared_fields_preserved,pass,0,wide plus auxiliary exhaustive by declared index
EXP-TAIPAN-001,FILE-02R-e91eb964799b0944,SCAN-02R-072b13029deb0fba,count_control_semantics,pass,0,time_controlled
EXP-TAIPAN-001,FILE-02R-e91eb964799b0944,SCAN-02R-072b13029deb0fba,declared_actual_column_count,pass,0,58
EXP-TAIPAN-001,FILE-02R-e91eb964799b0944,SCAN-02R-072b13029deb0fba,detector_monitor_time_numeric_validity,pass,0,finite Decimal tokens; no correction
EXP-TAIPAN-001,FILE-02R-e91eb964799b0944,SCAN-02R-072b13029deb0fba,energy_relation,pass,0,verified_global
EXP-TAIPAN-001,FILE-02R-e91eb964799b0944,SCAN-02R-072b13029deb0fba,format_identity,pass,0,FMT-02R-de66a609ccd2
EXP-TAIPAN-001,FILE-02R-e91eb964799b0944,SCAN-02R-072b13029deb0fba,header_parsing,pass,0,ordered raw records retained
EXP-TAIPAN-001,FILE-02R-e91eb964799b0944,SCAN-02R-072b13029deb0fba,lattice_parse,pass,0,LAT-02R-ae4c74e47a033f66
EXP-TAIPAN-001,FILE-02R-e91eb964799b0944,SCAN-02R-072b13029deb0fba,numeric_block_parsing,pass,0,one nonempty contiguous block
EXP-TAIPAN-001,FILE-02R-e91eb964799b0944,SCAN-02R-072b13029deb0fba,point_count_reconciliation,pass,0,21
EXP-TAIPAN-001,FILE-02R-e91eb964799b0944,SCAN-02R-072b13029deb0fba,raw_scan_ID_consistency,pass,0,filename compared with raw header scan ID
EXP-TAIPAN-001,FILE-02R-e91eb964799b0944,SCAN-02R-072b13029deb0fba,readability,pass,0,strict UTF-8 decoded
EXP-TAIPAN-001,FILE-02R-e91eb964799b0944,SCAN-02R-072b13029deb0fba,timestamp_validity,pass,0,header timestamps; timezone unrecorded
EXP-TAIPAN-001,FILE-02R-eaa93bc86930ed0f,SCAN-02R-5b1259784f010264,UB_parse,pass,0,UB-02R-397acad65dd9e384
EXP-TAIPAN-001,FILE-02R-eaa93bc86930ed0f,SCAN-02R-5b1259784f010264,all_declared_fields_preserved,pass,0,wide plus auxiliary exhaustive by declared index
EXP-TAIPAN-001,FILE-02R-eaa93bc86930ed0f,SCAN-02R-5b1259784f010264,count_control_semantics,pass,0,time_controlled
EXP-TAIPAN-001,FILE-02R-eaa93bc86930ed0f,SCAN-02R-5b1259784f010264,declared_actual_column_count,pass,0,58
EXP-TAIPAN-001,FILE-02R-eaa93bc86930ed0f,SCAN-02R-5b1259784f010264,detector_monitor_time_numeric_validity,pass,0,finite Decimal tokens; no correction
EXP-TAIPAN-001,FILE-02R-eaa93bc86930ed0f,SCAN-02R-5b1259784f010264,energy_relation,pass,0,verified_global
EXP-TAIPAN-001,FILE-02R-eaa93bc86930ed0f,SCAN-02R-5b1259784f010264,format_identity,pass,0,FMT-02R-00e53630cd36
EXP-TAIPAN-001,FILE-02R-eaa93bc86930ed0f,SCAN-02R-5b1259784f010264,header_parsing,pass,0,ordered raw records retained
EXP-TAIPAN-001,FILE-02R-eaa93bc86930ed0f,SCAN-02R-5b1259784f010264,lattice_parse,pass,0,LAT-02R-ae4c74e47a033f66
EXP-TAIPAN-001,FILE-02R-eaa93bc86930ed0f,SCAN-02R-5b1259784f010264,numeric_block_parsing,pass,0,one nonempty contiguous block
EXP-TAIPAN-001,FILE-02R-eaa93bc86930ed0f,SCAN-02R-5b1259784f010264,point_count_reconciliation,pass,0,17
EXP-TAIPAN-001,FILE-02R-eaa93bc86930ed0f,SCAN-02R-5b1259784f010264,raw_scan_ID_consistency,pass,0,filename compared with raw header scan ID
EXP-TAIPAN-001,FILE-02R-eaa93bc86930ed0f,SCAN-02R-5b1259784f010264,readability,pass,0,strict UTF-8 decoded
EXP-TAIPAN-001,FILE-02R-eaa93bc86930ed0f,SCAN-02R-5b1259784f010264,timestamp_validity,pass,0,header timestamps; timezone unrecorded
EXP-TAIPAN-001,FILE-02R-ed51193e6b95f684,SCAN-02R-708cf4d83a29d78f,UB_parse,pass,0,UB-02R-c7cdba07fed2dfd7
EXP-TAIPAN-001,FILE-02R-ed51193e6b95f684,SCAN-02R-708cf4d83a29d78f,all_declared_fields_preserved,pass,0,wide plus auxiliary exhaustive by declared index
EXP-TAIPAN-001,FILE-02R-ed51193e6b95f684,SCAN-02R-708cf4d83a29d78f,count_control_semantics,pass,0,monitor_controlled
EXP-TAIPAN-001,FILE-02R-ed51193e6b95f684,SCAN-02R-708cf4d83a29d78f,declared_actual_column_count,pass,0,59
EXP-TAIPAN-001,FILE-02R-ed51193e6b95f684,SCAN-02R-708cf4d83a29d78f,detector_monitor_time_numeric_validity,pass,0,finite Decimal tokens; no correction
EXP-TAIPAN-001,FILE-02R-ed51193e6b95f684,SCAN-02R-708cf4d83a29d78f,energy_relation,pass,0,verified_global
EXP-TAIPAN-001,FILE-02R-ed51193e6b95f684,SCAN-02R-708cf4d83a29d78f,format_identity,pass,0,FMT-02R-06137a7de1ad
EXP-TAIPAN-001,FILE-02R-ed51193e6b95f684,SCAN-02R-708cf4d83a29d78f,header_parsing,pass,0,ordered raw records retained
EXP-TAIPAN-001,FILE-02R-ed51193e6b95f684,SCAN-02R-708cf4d83a29d78f,lattice_parse,pass,0,LAT-02R-517a9644e4f59287
EXP-TAIPAN-001,FILE-02R-ed51193e6b95f684,SCAN-02R-708cf4d83a29d78f,numeric_block_parsing,pass,0,one nonempty contiguous block
EXP-TAIPAN-001,FILE-02R-ed51193e6b95f684,SCAN-02R-708cf4d83a29d78f,point_count_reconciliation,pass,0,26
EXP-TAIPAN-001,FILE-02R-ed51193e6b95f684,SCAN-02R-708cf4d83a29d78f,raw_scan_ID_consistency,pass,0,filename compared with raw header scan ID
EXP-TAIPAN-001,FILE-02R-ed51193e6b95f684,SCAN-02R-708cf4d83a29d78f,readability,pass,0,strict UTF-8 decoded
EXP-TAIPAN-001,FILE-02R-ed51193e6b95f684,SCAN-02R-708cf4d83a29d78f,timestamp_validity,pass,0,header timestamps; timezone unrecorded
EXP-TAIPAN-001,FILE-02R-f05dcc227ab4790a,SCAN-02R-d2b7e9ee069bd20e,UB_parse,pass,0,UB-02R-c7cdba07fed2dfd7
EXP-TAIPAN-001,FILE-02R-f05dcc227ab4790a,SCAN-02R-d2b7e9ee069bd20e,all_declared_fields_preserved,pass,0,wide plus auxiliary exhaustive by declared index
EXP-TAIPAN-001,FILE-02R-f05dcc227ab4790a,SCAN-02R-d2b7e9ee069bd20e,count_control_semantics,pass,0,monitor_controlled
EXP-TAIPAN-001,FILE-02R-f05dcc227ab4790a,SCAN-02R-d2b7e9ee069bd20e,declared_actual_column_count,pass,0,59
EXP-TAIPAN-001,FILE-02R-f05dcc227ab4790a,SCAN-02R-d2b7e9ee069bd20e,detector_monitor_time_numeric_validity,pass,0,finite Decimal tokens; no correction
EXP-TAIPAN-001,FILE-02R-f05dcc227ab4790a,SCAN-02R-d2b7e9ee069bd20e,energy_relation,pass,0,verified_global
EXP-TAIPAN-001,FILE-02R-f05dcc227ab4790a,SCAN-02R-d2b7e9ee069bd20e,format_identity,pass,0,FMT-02R-06137a7de1ad
EXP-TAIPAN-001,FILE-02R-f05dcc227ab4790a,SCAN-02R-d2b7e9ee069bd20e,header_parsing,pass,0,ordered raw records retained
EXP-TAIPAN-001,FILE-02R-f05dcc227ab4790a,SCAN-02R-d2b7e9ee069bd20e,lattice_parse,pass,0,LAT-02R-517a9644e4f59287
EXP-TAIPAN-001,FILE-02R-f05dcc227ab4790a,SCAN-02R-d2b7e9ee069bd20e,numeric_block_parsing,pass,0,one nonempty contiguous block
EXP-TAIPAN-001,FILE-02R-f05dcc227ab4790a,SCAN-02R-d2b7e9ee069bd20e,point_count_reconciliation,pass,0,31
EXP-TAIPAN-001,FILE-02R-f05dcc227ab4790a,SCAN-02R-d2b7e9ee069bd20e,raw_scan_ID_consistency,pass,0,filename compared with raw header scan ID
EXP-TAIPAN-001,FILE-02R-f05dcc227ab4790a,SCAN-02R-d2b7e9ee069bd20e,readability,pass,0,strict UTF-8 decoded
EXP-TAIPAN-001,FILE-02R-f05dcc227ab4790a,SCAN-02R-d2b7e9ee069bd20e,timestamp_validity,pass,0,header timestamps; timezone unrecorded
EXP-TAIPAN-001,FILE-02R-f2dd29556c77c25b,SCAN-02R-42c582e4eb747d10,UB_parse,pass,0,UB-02R-c7cdba07fed2dfd7
EXP-TAIPAN-001,FILE-02R-f2dd29556c77c25b,SCAN-02R-42c582e4eb747d10,all_declared_fields_preserved,pass,0,wide plus auxiliary exhaustive by declared index
EXP-TAIPAN-001,FILE-02R-f2dd29556c77c25b,SCAN-02R-42c582e4eb747d10,count_control_semantics,pass,0,monitor_controlled
EXP-TAIPAN-001,FILE-02R-f2dd29556c77c25b,SCAN-02R-42c582e4eb747d10,declared_actual_column_count,pass,0,58
EXP-TAIPAN-001,FILE-02R-f2dd29556c77c25b,SCAN-02R-42c582e4eb747d10,detector_monitor_time_numeric_validity,pass,0,finite Decimal tokens; no correction
EXP-TAIPAN-001,FILE-02R-f2dd29556c77c25b,SCAN-02R-42c582e4eb747d10,energy_relation,pass,0,verified_global
EXP-TAIPAN-001,FILE-02R-f2dd29556c77c25b,SCAN-02R-42c582e4eb747d10,format_identity,pass,0,FMT-02R-00e53630cd36
EXP-TAIPAN-001,FILE-02R-f2dd29556c77c25b,SCAN-02R-42c582e4eb747d10,header_parsing,pass,0,ordered raw records retained
EXP-TAIPAN-001,FILE-02R-f2dd29556c77c25b,SCAN-02R-42c582e4eb747d10,lattice_parse,pass,0,LAT-02R-517a9644e4f59287
EXP-TAIPAN-001,FILE-02R-f2dd29556c77c25b,SCAN-02R-42c582e4eb747d10,numeric_block_parsing,pass,0,one nonempty contiguous block
EXP-TAIPAN-001,FILE-02R-f2dd29556c77c25b,SCAN-02R-42c582e4eb747d10,point_count_reconciliation,pass,0,21
EXP-TAIPAN-001,FILE-02R-f2dd29556c77c25b,SCAN-02R-42c582e4eb747d10,raw_scan_ID_consistency,pass,0,filename compared with raw header scan ID
EXP-TAIPAN-001,FILE-02R-f2dd29556c77c25b,SCAN-02R-42c582e4eb747d10,readability,pass,0,strict UTF-8 decoded
EXP-TAIPAN-001,FILE-02R-f2dd29556c77c25b,SCAN-02R-42c582e4eb747d10,timestamp_validity,pass,0,header timestamps; timezone unrecorded
EXP-TAIPAN-001,FILE-02R-f49217c971d919b9,SCAN-02R-5ef2c24fed347fd7,UB_parse,pass,0,UB-02R-c7cdba07fed2dfd7
EXP-TAIPAN-001,FILE-02R-f49217c971d919b9,SCAN-02R-5ef2c24fed347fd7,all_declared_fields_preserved,pass,0,wide plus auxiliary exhaustive by declared index
EXP-TAIPAN-001,FILE-02R-f49217c971d919b9,SCAN-02R-5ef2c24fed347fd7,count_control_semantics,pass,0,monitor_controlled
EXP-TAIPAN-001,FILE-02R-f49217c971d919b9,SCAN-02R-5ef2c24fed347fd7,declared_actual_column_count,pass,0,58
EXP-TAIPAN-001,FILE-02R-f49217c971d919b9,SCAN-02R-5ef2c24fed347fd7,detector_monitor_time_numeric_validity,pass,0,finite Decimal tokens; no correction
EXP-TAIPAN-001,FILE-02R-f49217c971d919b9,SCAN-02R-5ef2c24fed347fd7,energy_relation,pass,0,verified_global
EXP-TAIPAN-001,FILE-02R-f49217c971d919b9,SCAN-02R-5ef2c24fed347fd7,format_identity,pass,0,FMT-02R-00e53630cd36
EXP-TAIPAN-001,FILE-02R-f49217c971d919b9,SCAN-02R-5ef2c24fed347fd7,header_parsing,pass,0,ordered raw records retained
EXP-TAIPAN-001,FILE-02R-f49217c971d919b9,SCAN-02R-5ef2c24fed347fd7,lattice_parse,pass,0,LAT-02R-517a9644e4f59287
EXP-TAIPAN-001,FILE-02R-f49217c971d919b9,SCAN-02R-5ef2c24fed347fd7,numeric_block_parsing,pass,0,one nonempty contiguous block
EXP-TAIPAN-001,FILE-02R-f49217c971d919b9,SCAN-02R-5ef2c24fed347fd7,point_count_reconciliation,pass,0,21
EXP-TAIPAN-001,FILE-02R-f49217c971d919b9,SCAN-02R-5ef2c24fed347fd7,raw_scan_ID_consistency,pass,0,filename compared with raw header scan ID
EXP-TAIPAN-001,FILE-02R-f49217c971d919b9,SCAN-02R-5ef2c24fed347fd7,readability,pass,0,strict UTF-8 decoded
EXP-TAIPAN-001,FILE-02R-f49217c971d919b9,SCAN-02R-5ef2c24fed347fd7,timestamp_validity,pass,0,header timestamps; timezone unrecorded
EXP-TAIPAN-001,FILE-02R-f63ef951a1143848,SCAN-02R-2af7f44831b57311,UB_parse,pass,0,UB-02R-397acad65dd9e384
EXP-TAIPAN-001,FILE-02R-f63ef951a1143848,SCAN-02R-2af7f44831b57311,all_declared_fields_preserved,pass,0,wide plus auxiliary exhaustive by declared index
EXP-TAIPAN-001,FILE-02R-f63ef951a1143848,SCAN-02R-2af7f44831b57311,count_control_semantics,pass,0,time_controlled
EXP-TAIPAN-001,FILE-02R-f63ef951a1143848,SCAN-02R-2af7f44831b57311,declared_actual_column_count,pass,0,58
EXP-TAIPAN-001,FILE-02R-f63ef951a1143848,SCAN-02R-2af7f44831b57311,detector_monitor_time_numeric_validity,pass,0,finite Decimal tokens; no correction
EXP-TAIPAN-001,FILE-02R-f63ef951a1143848,SCAN-02R-2af7f44831b57311,energy_relation,pass,0,verified_global
EXP-TAIPAN-001,FILE-02R-f63ef951a1143848,SCAN-02R-2af7f44831b57311,format_identity,pass,0,FMT-02R-00e53630cd36
EXP-TAIPAN-001,FILE-02R-f63ef951a1143848,SCAN-02R-2af7f44831b57311,header_parsing,pass,0,ordered raw records retained
EXP-TAIPAN-001,FILE-02R-f63ef951a1143848,SCAN-02R-2af7f44831b57311,lattice_parse,pass,0,LAT-02R-ae4c74e47a033f66
EXP-TAIPAN-001,FILE-02R-f63ef951a1143848,SCAN-02R-2af7f44831b57311,numeric_block_parsing,pass,0,one nonempty contiguous block
EXP-TAIPAN-001,FILE-02R-f63ef951a1143848,SCAN-02R-2af7f44831b57311,point_count_reconciliation,pass,0,51
EXP-TAIPAN-001,FILE-02R-f63ef951a1143848,SCAN-02R-2af7f44831b57311,raw_scan_ID_consistency,pass,0,filename compared with raw header scan ID
EXP-TAIPAN-001,FILE-02R-f63ef951a1143848,SCAN-02R-2af7f44831b57311,readability,pass,0,strict UTF-8 decoded
EXP-TAIPAN-001,FILE-02R-f63ef951a1143848,SCAN-02R-2af7f44831b57311,timestamp_validity,pass,0,header timestamps; timezone unrecorded
EXP-TAIPAN-001,FILE-02R-f68cbbca810eefa6,SCAN-02R-f87c8c3cd06321c2,UB_parse,pass,0,UB-02R-c7cdba07fed2dfd7
EXP-TAIPAN-001,FILE-02R-f68cbbca810eefa6,SCAN-02R-f87c8c3cd06321c2,all_declared_fields_preserved,pass,0,wide plus auxiliary exhaustive by declared index
EXP-TAIPAN-001,FILE-02R-f68cbbca810eefa6,SCAN-02R-f87c8c3cd06321c2,count_control_semantics,pass,0,monitor_controlled
EXP-TAIPAN-001,FILE-02R-f68cbbca810eefa6,SCAN-02R-f87c8c3cd06321c2,declared_actual_column_count,pass,0,59
EXP-TAIPAN-001,FILE-02R-f68cbbca810eefa6,SCAN-02R-f87c8c3cd06321c2,detector_monitor_time_numeric_validity,pass,0,finite Decimal tokens; no correction
EXP-TAIPAN-001,FILE-02R-f68cbbca810eefa6,SCAN-02R-f87c8c3cd06321c2,energy_relation,pass,0,verified_global
EXP-TAIPAN-001,FILE-02R-f68cbbca810eefa6,SCAN-02R-f87c8c3cd06321c2,format_identity,pass,0,FMT-02R-06137a7de1ad
EXP-TAIPAN-001,FILE-02R-f68cbbca810eefa6,SCAN-02R-f87c8c3cd06321c2,header_parsing,pass,0,ordered raw records retained
EXP-TAIPAN-001,FILE-02R-f68cbbca810eefa6,SCAN-02R-f87c8c3cd06321c2,lattice_parse,pass,0,LAT-02R-517a9644e4f59287
EXP-TAIPAN-001,FILE-02R-f68cbbca810eefa6,SCAN-02R-f87c8c3cd06321c2,numeric_block_parsing,pass,0,one nonempty contiguous block
EXP-TAIPAN-001,FILE-02R-f68cbbca810eefa6,SCAN-02R-f87c8c3cd06321c2,point_count_reconciliation,pass,0,26
EXP-TAIPAN-001,FILE-02R-f68cbbca810eefa6,SCAN-02R-f87c8c3cd06321c2,raw_scan_ID_consistency,pass,0,filename compared with raw header scan ID
EXP-TAIPAN-001,FILE-02R-f68cbbca810eefa6,SCAN-02R-f87c8c3cd06321c2,readability,pass,0,strict UTF-8 decoded
EXP-TAIPAN-001,FILE-02R-f68cbbca810eefa6,SCAN-02R-f87c8c3cd06321c2,timestamp_validity,pass,0,header timestamps; timezone unrecorded
EXP-TAIPAN-001,FILE-02R-f76a47fba5e4763c,SCAN-02R-f7776e64b8dc4ae4,UB_parse,pass,0,UB-02R-c7cdba07fed2dfd7
EXP-TAIPAN-001,FILE-02R-f76a47fba5e4763c,SCAN-02R-f7776e64b8dc4ae4,all_declared_fields_preserved,pass,0,wide plus auxiliary exhaustive by declared index
EXP-TAIPAN-001,FILE-02R-f76a47fba5e4763c,SCAN-02R-f7776e64b8dc4ae4,count_control_semantics,pass,0,time_controlled
EXP-TAIPAN-001,FILE-02R-f76a47fba5e4763c,SCAN-02R-f7776e64b8dc4ae4,declared_actual_column_count,pass,0,59
EXP-TAIPAN-001,FILE-02R-f76a47fba5e4763c,SCAN-02R-f7776e64b8dc4ae4,detector_monitor_time_numeric_validity,pass,0,finite Decimal tokens; no correction
EXP-TAIPAN-001,FILE-02R-f76a47fba5e4763c,SCAN-02R-f7776e64b8dc4ae4,energy_relation,pass,0,verified_global
EXP-TAIPAN-001,FILE-02R-f76a47fba5e4763c,SCAN-02R-f7776e64b8dc4ae4,format_identity,pass,0,FMT-02R-42b66acce1bb
EXP-TAIPAN-001,FILE-02R-f76a47fba5e4763c,SCAN-02R-f7776e64b8dc4ae4,header_parsing,pass,0,ordered raw records retained
EXP-TAIPAN-001,FILE-02R-f76a47fba5e4763c,SCAN-02R-f7776e64b8dc4ae4,lattice_parse,pass,0,LAT-02R-517a9644e4f59287
EXP-TAIPAN-001,FILE-02R-f76a47fba5e4763c,SCAN-02R-f7776e64b8dc4ae4,numeric_block_parsing,pass,0,one nonempty contiguous block
EXP-TAIPAN-001,FILE-02R-f76a47fba5e4763c,SCAN-02R-f7776e64b8dc4ae4,point_count_reconciliation,pass,0,21
EXP-TAIPAN-001,FILE-02R-f76a47fba5e4763c,SCAN-02R-f7776e64b8dc4ae4,raw_scan_ID_consistency,pass,0,filename compared with raw header scan ID
EXP-TAIPAN-001,FILE-02R-f76a47fba5e4763c,SCAN-02R-f7776e64b8dc4ae4,readability,pass,0,strict UTF-8 decoded
EXP-TAIPAN-001,FILE-02R-f76a47fba5e4763c,SCAN-02R-f7776e64b8dc4ae4,timestamp_validity,pass,0,header timestamps; timezone unrecorded
EXP-TAIPAN-001,FILE-02R-f8a15a6658da3a6a,SCAN-02R-c74434b3ed5fc9b8,UB_parse,pass,0,UB-02R-c7cdba07fed2dfd7
EXP-TAIPAN-001,FILE-02R-f8a15a6658da3a6a,SCAN-02R-c74434b3ed5fc9b8,all_declared_fields_preserved,pass,0,wide plus auxiliary exhaustive by declared index
EXP-TAIPAN-001,FILE-02R-f8a15a6658da3a6a,SCAN-02R-c74434b3ed5fc9b8,count_control_semantics,pass,0,monitor_controlled
EXP-TAIPAN-001,FILE-02R-f8a15a6658da3a6a,SCAN-02R-c74434b3ed5fc9b8,declared_actual_column_count,pass,0,59
EXP-TAIPAN-001,FILE-02R-f8a15a6658da3a6a,SCAN-02R-c74434b3ed5fc9b8,detector_monitor_time_numeric_validity,pass,0,finite Decimal tokens; no correction
EXP-TAIPAN-001,FILE-02R-f8a15a6658da3a6a,SCAN-02R-c74434b3ed5fc9b8,energy_relation,pass,0,verified_global
EXP-TAIPAN-001,FILE-02R-f8a15a6658da3a6a,SCAN-02R-c74434b3ed5fc9b8,format_identity,pass,0,FMT-02R-06137a7de1ad
EXP-TAIPAN-001,FILE-02R-f8a15a6658da3a6a,SCAN-02R-c74434b3ed5fc9b8,header_parsing,pass,0,ordered raw records retained
EXP-TAIPAN-001,FILE-02R-f8a15a6658da3a6a,SCAN-02R-c74434b3ed5fc9b8,lattice_parse,pass,0,LAT-02R-517a9644e4f59287
EXP-TAIPAN-001,FILE-02R-f8a15a6658da3a6a,SCAN-02R-c74434b3ed5fc9b8,numeric_block_parsing,pass,0,one nonempty contiguous block
EXP-TAIPAN-001,FILE-02R-f8a15a6658da3a6a,SCAN-02R-c74434b3ed5fc9b8,point_count_reconciliation,pass,0,26
EXP-TAIPAN-001,FILE-02R-f8a15a6658da3a6a,SCAN-02R-c74434b3ed5fc9b8,raw_scan_ID_consistency,pass,0,filename compared with raw header scan ID
EXP-TAIPAN-001,FILE-02R-f8a15a6658da3a6a,SCAN-02R-c74434b3ed5fc9b8,readability,pass,0,strict UTF-8 decoded
EXP-TAIPAN-001,FILE-02R-f8a15a6658da3a6a,SCAN-02R-c74434b3ed5fc9b8,timestamp_validity,pass,0,header timestamps; timezone unrecorded
EXP-TAIPAN-001,FILE-02R-f8fbd7ad64cebea7,SCAN-02R-4f9204b624c2d482,UB_parse,pass,0,UB-02R-1d710a6baa059bbb
EXP-TAIPAN-001,FILE-02R-f8fbd7ad64cebea7,SCAN-02R-4f9204b624c2d482,all_declared_fields_preserved,pass,0,wide plus auxiliary exhaustive by declared index
EXP-TAIPAN-001,FILE-02R-f8fbd7ad64cebea7,SCAN-02R-4f9204b624c2d482,count_control_semantics,pass,0,time_controlled
EXP-TAIPAN-001,FILE-02R-f8fbd7ad64cebea7,SCAN-02R-4f9204b624c2d482,declared_actual_column_count,pass,0,58
EXP-TAIPAN-001,FILE-02R-f8fbd7ad64cebea7,SCAN-02R-4f9204b624c2d482,detector_monitor_time_numeric_validity,pass,0,finite Decimal tokens; no correction
EXP-TAIPAN-001,FILE-02R-f8fbd7ad64cebea7,SCAN-02R-4f9204b624c2d482,energy_relation,pass,0,verified_global
EXP-TAIPAN-001,FILE-02R-f8fbd7ad64cebea7,SCAN-02R-4f9204b624c2d482,format_identity,pass,0,FMT-02R-de66a609ccd2
EXP-TAIPAN-001,FILE-02R-f8fbd7ad64cebea7,SCAN-02R-4f9204b624c2d482,header_parsing,pass,0,ordered raw records retained
EXP-TAIPAN-001,FILE-02R-f8fbd7ad64cebea7,SCAN-02R-4f9204b624c2d482,lattice_parse,pass,0,LAT-02R-ae4c74e47a033f66
EXP-TAIPAN-001,FILE-02R-f8fbd7ad64cebea7,SCAN-02R-4f9204b624c2d482,numeric_block_parsing,pass,0,one nonempty contiguous block
EXP-TAIPAN-001,FILE-02R-f8fbd7ad64cebea7,SCAN-02R-4f9204b624c2d482,point_count_reconciliation,pass,0,21
EXP-TAIPAN-001,FILE-02R-f8fbd7ad64cebea7,SCAN-02R-4f9204b624c2d482,raw_scan_ID_consistency,pass,0,filename compared with raw header scan ID
EXP-TAIPAN-001,FILE-02R-f8fbd7ad64cebea7,SCAN-02R-4f9204b624c2d482,readability,pass,0,strict UTF-8 decoded
EXP-TAIPAN-001,FILE-02R-f8fbd7ad64cebea7,SCAN-02R-4f9204b624c2d482,timestamp_validity,pass,0,header timestamps; timezone unrecorded
EXP-TAIPAN-001,FILE-02R-f937bff285ebc9d0,SCAN-02R-fede66c26a275769,UB_parse,pass,0,UB-02R-c7cdba07fed2dfd7
EXP-TAIPAN-001,FILE-02R-f937bff285ebc9d0,SCAN-02R-fede66c26a275769,all_declared_fields_preserved,pass,0,wide plus auxiliary exhaustive by declared index
EXP-TAIPAN-001,FILE-02R-f937bff285ebc9d0,SCAN-02R-fede66c26a275769,count_control_semantics,pass,0,monitor_controlled
EXP-TAIPAN-001,FILE-02R-f937bff285ebc9d0,SCAN-02R-fede66c26a275769,declared_actual_column_count,pass,0,59
EXP-TAIPAN-001,FILE-02R-f937bff285ebc9d0,SCAN-02R-fede66c26a275769,detector_monitor_time_numeric_validity,pass,0,finite Decimal tokens; no correction
EXP-TAIPAN-001,FILE-02R-f937bff285ebc9d0,SCAN-02R-fede66c26a275769,energy_relation,pass,0,verified_global
EXP-TAIPAN-001,FILE-02R-f937bff285ebc9d0,SCAN-02R-fede66c26a275769,format_identity,pass,0,FMT-02R-06137a7de1ad
EXP-TAIPAN-001,FILE-02R-f937bff285ebc9d0,SCAN-02R-fede66c26a275769,header_parsing,pass,0,ordered raw records retained
EXP-TAIPAN-001,FILE-02R-f937bff285ebc9d0,SCAN-02R-fede66c26a275769,lattice_parse,pass,0,LAT-02R-517a9644e4f59287
EXP-TAIPAN-001,FILE-02R-f937bff285ebc9d0,SCAN-02R-fede66c26a275769,numeric_block_parsing,pass,0,one nonempty contiguous block
EXP-TAIPAN-001,FILE-02R-f937bff285ebc9d0,SCAN-02R-fede66c26a275769,point_count_reconciliation,pass,0,26
EXP-TAIPAN-001,FILE-02R-f937bff285ebc9d0,SCAN-02R-fede66c26a275769,raw_scan_ID_consistency,pass,0,filename compared with raw header scan ID
EXP-TAIPAN-001,FILE-02R-f937bff285ebc9d0,SCAN-02R-fede66c26a275769,readability,pass,0,strict UTF-8 decoded
EXP-TAIPAN-001,FILE-02R-f937bff285ebc9d0,SCAN-02R-fede66c26a275769,timestamp_validity,pass,0,header timestamps; timezone unrecorded
EXP-TAIPAN-001,FILE-02R-f9ba9fd60372aa35,SCAN-02R-0e6d00a831c04e8d,UB_parse,pass,0,UB-02R-c7cdba07fed2dfd7
EXP-TAIPAN-001,FILE-02R-f9ba9fd60372aa35,SCAN-02R-0e6d00a831c04e8d,all_declared_fields_preserved,pass,0,wide plus auxiliary exhaustive by declared index
EXP-TAIPAN-001,FILE-02R-f9ba9fd60372aa35,SCAN-02R-0e6d00a831c04e8d,count_control_semantics,pass,0,monitor_controlled
EXP-TAIPAN-001,FILE-02R-f9ba9fd60372aa35,SCAN-02R-0e6d00a831c04e8d,declared_actual_column_count,pass,0,59
EXP-TAIPAN-001,FILE-02R-f9ba9fd60372aa35,SCAN-02R-0e6d00a831c04e8d,detector_monitor_time_numeric_validity,pass,0,finite Decimal tokens; no correction
EXP-TAIPAN-001,FILE-02R-f9ba9fd60372aa35,SCAN-02R-0e6d00a831c04e8d,energy_relation,pass,0,verified_global
EXP-TAIPAN-001,FILE-02R-f9ba9fd60372aa35,SCAN-02R-0e6d00a831c04e8d,format_identity,pass,0,FMT-02R-06137a7de1ad
EXP-TAIPAN-001,FILE-02R-f9ba9fd60372aa35,SCAN-02R-0e6d00a831c04e8d,header_parsing,pass,0,ordered raw records retained
EXP-TAIPAN-001,FILE-02R-f9ba9fd60372aa35,SCAN-02R-0e6d00a831c04e8d,lattice_parse,pass,0,LAT-02R-517a9644e4f59287
EXP-TAIPAN-001,FILE-02R-f9ba9fd60372aa35,SCAN-02R-0e6d00a831c04e8d,numeric_block_parsing,pass,0,one nonempty contiguous block
EXP-TAIPAN-001,FILE-02R-f9ba9fd60372aa35,SCAN-02R-0e6d00a831c04e8d,point_count_reconciliation,pass,0,26
EXP-TAIPAN-001,FILE-02R-f9ba9fd60372aa35,SCAN-02R-0e6d00a831c04e8d,raw_scan_ID_consistency,pass,0,filename compared with raw header scan ID
EXP-TAIPAN-001,FILE-02R-f9ba9fd60372aa35,SCAN-02R-0e6d00a831c04e8d,readability,pass,0,strict UTF-8 decoded
EXP-TAIPAN-001,FILE-02R-f9ba9fd60372aa35,SCAN-02R-0e6d00a831c04e8d,timestamp_validity,pass,0,header timestamps; timezone unrecorded
EXP-TAIPAN-001,FILE-02R-fb9b9920221845cd,SCAN-02R-c949f2ba4994924e,UB_parse,pass,0,UB-02R-397acad65dd9e384
EXP-TAIPAN-001,FILE-02R-fb9b9920221845cd,SCAN-02R-c949f2ba4994924e,all_declared_fields_preserved,pass,0,wide plus auxiliary exhaustive by declared index
EXP-TAIPAN-001,FILE-02R-fb9b9920221845cd,SCAN-02R-c949f2ba4994924e,count_control_semantics,pass,0,time_controlled
EXP-TAIPAN-001,FILE-02R-fb9b9920221845cd,SCAN-02R-c949f2ba4994924e,declared_actual_column_count,pass,0,61
EXP-TAIPAN-001,FILE-02R-fb9b9920221845cd,SCAN-02R-c949f2ba4994924e,detector_monitor_time_numeric_validity,pass,0,finite Decimal tokens; no correction
EXP-TAIPAN-001,FILE-02R-fb9b9920221845cd,SCAN-02R-c949f2ba4994924e,energy_relation,pass,0,verified_global
EXP-TAIPAN-001,FILE-02R-fb9b9920221845cd,SCAN-02R-c949f2ba4994924e,format_identity,pass,0,FMT-02R-a96f4c9633b6
EXP-TAIPAN-001,FILE-02R-fb9b9920221845cd,SCAN-02R-c949f2ba4994924e,header_parsing,pass,0,ordered raw records retained
EXP-TAIPAN-001,FILE-02R-fb9b9920221845cd,SCAN-02R-c949f2ba4994924e,lattice_parse,pass,0,LAT-02R-ae4c74e47a033f66
EXP-TAIPAN-001,FILE-02R-fb9b9920221845cd,SCAN-02R-c949f2ba4994924e,numeric_block_parsing,pass,0,one nonempty contiguous block
EXP-TAIPAN-001,FILE-02R-fb9b9920221845cd,SCAN-02R-c949f2ba4994924e,point_count_reconciliation,pass,0,31
EXP-TAIPAN-001,FILE-02R-fb9b9920221845cd,SCAN-02R-c949f2ba4994924e,raw_scan_ID_consistency,pass,0,filename compared with raw header scan ID
EXP-TAIPAN-001,FILE-02R-fb9b9920221845cd,SCAN-02R-c949f2ba4994924e,readability,pass,0,strict UTF-8 decoded
EXP-TAIPAN-001,FILE-02R-fb9b9920221845cd,SCAN-02R-c949f2ba4994924e,timestamp_validity,pass,0,header timestamps; timezone unrecorded
EXP-TAIPAN-001,FILE-02R-fbeb377499311989,SCAN-02R-e99f0bd2152d59b1,UB_parse,pass,0,UB-02R-397acad65dd9e384
EXP-TAIPAN-001,FILE-02R-fbeb377499311989,SCAN-02R-e99f0bd2152d59b1,all_declared_fields_preserved,pass,0,wide plus auxiliary exhaustive by declared index
EXP-TAIPAN-001,FILE-02R-fbeb377499311989,SCAN-02R-e99f0bd2152d59b1,count_control_semantics,pass,0,time_controlled
EXP-TAIPAN-001,FILE-02R-fbeb377499311989,SCAN-02R-e99f0bd2152d59b1,declared_actual_column_count,pass,0,58
EXP-TAIPAN-001,FILE-02R-fbeb377499311989,SCAN-02R-e99f0bd2152d59b1,detector_monitor_time_numeric_validity,pass,0,finite Decimal tokens; no correction
EXP-TAIPAN-001,FILE-02R-fbeb377499311989,SCAN-02R-e99f0bd2152d59b1,energy_relation,pass,0,verified_global
EXP-TAIPAN-001,FILE-02R-fbeb377499311989,SCAN-02R-e99f0bd2152d59b1,format_identity,pass,0,FMT-02R-a20370d76087
EXP-TAIPAN-001,FILE-02R-fbeb377499311989,SCAN-02R-e99f0bd2152d59b1,header_parsing,pass,0,ordered raw records retained
EXP-TAIPAN-001,FILE-02R-fbeb377499311989,SCAN-02R-e99f0bd2152d59b1,lattice_parse,pass,0,LAT-02R-ae4c74e47a033f66
EXP-TAIPAN-001,FILE-02R-fbeb377499311989,SCAN-02R-e99f0bd2152d59b1,numeric_block_parsing,pass,0,one nonempty contiguous block
EXP-TAIPAN-001,FILE-02R-fbeb377499311989,SCAN-02R-e99f0bd2152d59b1,point_count_reconciliation,pass,0,21
EXP-TAIPAN-001,FILE-02R-fbeb377499311989,SCAN-02R-e99f0bd2152d59b1,raw_scan_ID_consistency,pass,0,filename compared with raw header scan ID
EXP-TAIPAN-001,FILE-02R-fbeb377499311989,SCAN-02R-e99f0bd2152d59b1,readability,pass,0,strict UTF-8 decoded
EXP-TAIPAN-001,FILE-02R-fbeb377499311989,SCAN-02R-e99f0bd2152d59b1,timestamp_validity,pass,0,header timestamps; timezone unrecorded
EXP-TAIPAN-001,FILE-02R-fe70440779bc92de,SCAN-02R-ed685e6e0b6d3265,UB_parse,pass,0,UB-02R-c7cdba07fed2dfd7
EXP-TAIPAN-001,FILE-02R-fe70440779bc92de,SCAN-02R-ed685e6e0b6d3265,all_declared_fields_preserved,pass,0,wide plus auxiliary exhaustive by declared index
EXP-TAIPAN-001,FILE-02R-fe70440779bc92de,SCAN-02R-ed685e6e0b6d3265,count_control_semantics,pass,0,monitor_controlled
EXP-TAIPAN-001,FILE-02R-fe70440779bc92de,SCAN-02R-ed685e6e0b6d3265,declared_actual_column_count,pass,0,59
EXP-TAIPAN-001,FILE-02R-fe70440779bc92de,SCAN-02R-ed685e6e0b6d3265,detector_monitor_time_numeric_validity,pass,0,finite Decimal tokens; no correction
EXP-TAIPAN-001,FILE-02R-fe70440779bc92de,SCAN-02R-ed685e6e0b6d3265,energy_relation,pass,0,verified_global
EXP-TAIPAN-001,FILE-02R-fe70440779bc92de,SCAN-02R-ed685e6e0b6d3265,format_identity,pass,0,FMT-02R-06137a7de1ad
EXP-TAIPAN-001,FILE-02R-fe70440779bc92de,SCAN-02R-ed685e6e0b6d3265,header_parsing,pass,0,ordered raw records retained
EXP-TAIPAN-001,FILE-02R-fe70440779bc92de,SCAN-02R-ed685e6e0b6d3265,lattice_parse,pass,0,LAT-02R-517a9644e4f59287
EXP-TAIPAN-001,FILE-02R-fe70440779bc92de,SCAN-02R-ed685e6e0b6d3265,numeric_block_parsing,pass,0,one nonempty contiguous block
EXP-TAIPAN-001,FILE-02R-fe70440779bc92de,SCAN-02R-ed685e6e0b6d3265,point_count_reconciliation,pass,0,1
EXP-TAIPAN-001,FILE-02R-fe70440779bc92de,SCAN-02R-ed685e6e0b6d3265,raw_scan_ID_consistency,pass,0,filename compared with raw header scan ID
EXP-TAIPAN-001,FILE-02R-fe70440779bc92de,SCAN-02R-ed685e6e0b6d3265,readability,pass,0,strict UTF-8 decoded
EXP-TAIPAN-001,FILE-02R-fe70440779bc92de,SCAN-02R-ed685e6e0b6d3265,timestamp_validity,pass,0,header timestamps; timezone unrecorded
EXP-TAIPAN-001,FILE-02R-fe9d4b2cadb887cb,SCAN-02R-8e62e3b1b9deee81,UB_parse,pass,0,UB-02R-c7cdba07fed2dfd7
EXP-TAIPAN-001,FILE-02R-fe9d4b2cadb887cb,SCAN-02R-8e62e3b1b9deee81,all_declared_fields_preserved,pass,0,wide plus auxiliary exhaustive by declared index
EXP-TAIPAN-001,FILE-02R-fe9d4b2cadb887cb,SCAN-02R-8e62e3b1b9deee81,count_control_semantics,pass,0,monitor_controlled
EXP-TAIPAN-001,FILE-02R-fe9d4b2cadb887cb,SCAN-02R-8e62e3b1b9deee81,declared_actual_column_count,pass,0,59
EXP-TAIPAN-001,FILE-02R-fe9d4b2cadb887cb,SCAN-02R-8e62e3b1b9deee81,detector_monitor_time_numeric_validity,pass,0,finite Decimal tokens; no correction
EXP-TAIPAN-001,FILE-02R-fe9d4b2cadb887cb,SCAN-02R-8e62e3b1b9deee81,energy_relation,pass,0,verified_global
EXP-TAIPAN-001,FILE-02R-fe9d4b2cadb887cb,SCAN-02R-8e62e3b1b9deee81,format_identity,pass,0,FMT-02R-06137a7de1ad
EXP-TAIPAN-001,FILE-02R-fe9d4b2cadb887cb,SCAN-02R-8e62e3b1b9deee81,header_parsing,pass,0,ordered raw records retained
EXP-TAIPAN-001,FILE-02R-fe9d4b2cadb887cb,SCAN-02R-8e62e3b1b9deee81,lattice_parse,pass,0,LAT-02R-517a9644e4f59287
EXP-TAIPAN-001,FILE-02R-fe9d4b2cadb887cb,SCAN-02R-8e62e3b1b9deee81,numeric_block_parsing,pass,0,one nonempty contiguous block
EXP-TAIPAN-001,FILE-02R-fe9d4b2cadb887cb,SCAN-02R-8e62e3b1b9deee81,point_count_reconciliation,pass,0,26
EXP-TAIPAN-001,FILE-02R-fe9d4b2cadb887cb,SCAN-02R-8e62e3b1b9deee81,raw_scan_ID_consistency,pass,0,filename compared with raw header scan ID
EXP-TAIPAN-001,FILE-02R-fe9d4b2cadb887cb,SCAN-02R-8e62e3b1b9deee81,readability,pass,0,strict UTF-8 decoded
EXP-TAIPAN-001,FILE-02R-fe9d4b2cadb887cb,SCAN-02R-8e62e3b1b9deee81,timestamp_validity,pass,0,header timestamps; timezone unrecorded
EXP-TAIPAN-001,FILE-02R-ffe38cef182c749b,SCAN-02R-a59dc960ac5aa7de,UB_parse,pass,0,UB-02R-397acad65dd9e384
EXP-TAIPAN-001,FILE-02R-ffe38cef182c749b,SCAN-02R-a59dc960ac5aa7de,all_declared_fields_preserved,pass,0,wide plus auxiliary exhaustive by declared index
EXP-TAIPAN-001,FILE-02R-ffe38cef182c749b,SCAN-02R-a59dc960ac5aa7de,count_control_semantics,pass,0,time_controlled
EXP-TAIPAN-001,FILE-02R-ffe38cef182c749b,SCAN-02R-a59dc960ac5aa7de,declared_actual_column_count,pass,0,57
EXP-TAIPAN-001,FILE-02R-ffe38cef182c749b,SCAN-02R-a59dc960ac5aa7de,detector_monitor_time_numeric_validity,pass,0,finite Decimal tokens; no correction
EXP-TAIPAN-001,FILE-02R-ffe38cef182c749b,SCAN-02R-a59dc960ac5aa7de,energy_relation,pass,0,verified_global
EXP-TAIPAN-001,FILE-02R-ffe38cef182c749b,SCAN-02R-a59dc960ac5aa7de,format_identity,pass,0,FMT-02R-a59075cdffed
EXP-TAIPAN-001,FILE-02R-ffe38cef182c749b,SCAN-02R-a59dc960ac5aa7de,header_parsing,pass,0,ordered raw records retained
EXP-TAIPAN-001,FILE-02R-ffe38cef182c749b,SCAN-02R-a59dc960ac5aa7de,lattice_parse,pass,0,LAT-02R-ae4c74e47a033f66
EXP-TAIPAN-001,FILE-02R-ffe38cef182c749b,SCAN-02R-a59dc960ac5aa7de,numeric_block_parsing,pass,0,one nonempty contiguous block
EXP-TAIPAN-001,FILE-02R-ffe38cef182c749b,SCAN-02R-a59dc960ac5aa7de,point_count_reconciliation,pass,0,11
EXP-TAIPAN-001,FILE-02R-ffe38cef182c749b,SCAN-02R-a59dc960ac5aa7de,raw_scan_ID_consistency,pass,0,filename compared with raw header scan ID
EXP-TAIPAN-001,FILE-02R-ffe38cef182c749b,SCAN-02R-a59dc960ac5aa7de,readability,pass,0,strict UTF-8 decoded
EXP-TAIPAN-001,FILE-02R-ffe38cef182c749b,SCAN-02R-a59dc960ac5aa7de,timestamp_validity,pass,0,header timestamps; timezone unrecorded
