scan_record_id,scan_record_fingerprint,scan_identity_version,dataset_id,experiment_id,raw_scan_id,scan_identity_status,primary_file_record_id,source_file,source_checksum,acquisition_start_time,acquisition_end_time,acquisition_timestamp_source,sequence_index,sequence_status,filesystem_mtime,filesystem_mtime_trust,raw_format_id,scan_variable_raw,scan_variable_canonical,scan_coordinate_type,scan_start_derived,scan_stop_derived,scan_range_status,scan_point_count,def_x_raw,def_y_raw,command_raw,builtin_command_raw,preset_channel_raw,count_control_mode,count_control_status,raw_time_field_status,raw_monitor_field_status,raw_detector_field_status,mode_raw,mode_semantics,mode_semantics_status,Ei_summary_meV,Ef_summary_meV,Ei_variation_status,Ef_variation_status,energy_transfer_field_raw,energy_transfer_convention,energy_relation_status,en_e_mapping_status,h_variation_status,k_variation_status,l_variation_status,q_semantics_status,lattice_state_id,UB_state_id,orientation_status,monochromator_material,monochromator_reflection,monochromator_reflection_status,monochromator_mosaic,monochromator_mosaic_status,analyzer_material,analyzer_reflection,analyzer_reflection_status,analyzer_mosaic,analyzer_mosaic_status,collimation,filter_state,filter_state_status,attenuation_state,attenuation_state_status,temperature_summary_K,temperature_variation_status,sensor_metadata_ref,setpoint_metadata_ref,repeat_candidate_status,repeat_metadata_signature,repeat_candidate_count,repeat_candidate_basis,quality_flag,quality_reasons,parser_schema_version,point_data_ref
SCAN-02R-022f7aa0bc71f84f,022f7aa0bc71f84f656ce38b6bed55426cc1183a814460b01a70a6973dd6cd77,stage02r_scan_record_v1,EXP-TAIPAN-001,1296,104040,verified,FILE-02R-18739ff9a41fff35,TAIPAN_exp1296_scan104040.dat,bcc6ccb919b413b0ee91a28925bd42dc869c32831c7e45bf3d9a6298da861283,2023-08-29T11:53:06,2023-08-29T11:54:37,header_start_time_end_time_timezone_unrecorded,0,verified_header_chronology,2023-08-28T15:54:38Z,A001_snapshot_filesystem_metadata_only,FMT-02R-00e53630cd36,s1,S1,tas_motor_angle_raw,-14.9935,-18.0023,verified_point_endpoints_not_command_range,31,s1,detector,,,time,time_controlled,verified,preserved_no_universal_exposure_assumption,verified_count_field_hardware_not_recorded,verified_count_field_hardware_not_recorded,0,,unresolved,14.8696,14.8696,constant,constant,e,Ei_minus_Ef,verified_global,not_applicable,variable,constant,variable,unresolved,LAT-02R-ae4c74e47a033f66,UB-02R-55ac4333b2057246,recorded_UB_auxiliary_orientation_unresolved,PG,,unverified,,unverified,PG,,unverified,,unverified,o-40-40-o,,not_recorded,,not_recorded,,per_channel_in_semantic_report_no_unique_temperature,semantic_verification_report.yaml#environment/SCAN-02R-022f7aa0bc71f84f,semantic_verification_report.yaml#environment/SCAN-02R-022f7aa0bc71f84f,metadata_match_only_not_validated_repeat,db4318176cdff502e7b10e6dbe07e7ae17e72b752df04630f675b05e8c3b42ae,2,recorded_header_whitelist_only_no_intensity_or_group_assignment,warning,mode_semantics_unresolved;q_semantics_unresolved;PG_reflection_mosaic_unverified;filter_attenuation_not_recorded;temperature_channel_semantics_unresolved,stage02r_a002_parser_v1,scan_points.csv#SCAN-02R-022f7aa0bc71f84f
SCAN-02R-1dda1db143c363ba,1dda1db143c363bad5a1e6110361641a2b3687a0d4b1e4aa7461bafaccd35e80,stage02r_scan_record_v1,EXP-TAIPAN-001,1296,104041,verified,FILE-02R-2bd766e8241454cd,TAIPAN_exp1296_scan104041.dat,80466a3940015ef56e5269f1a0f567dfb81b613b3ae4d800a6fc705274e889fc,2023-08-29T11:55:27,2023-08-29T11:56:02,header_start_time_end_time_timezone_unrecorded,1,verified_header_chronology,2023-08-28T15:56:02Z,A001_snapshot_filesystem_metadata_only,FMT-02R-a20370d76087,sgl,,unresolved,,,unresolved_mapping,11,sgl,detector,,,time,time_controlled,verified,preserved_no_universal_exposure_assumption,verified_count_field_hardware_not_recorded,verified_count_field_hardware_not_recorded,0,,unresolved,14.8696,14.8696,constant,constant,e,Ei_minus_Ef,verified_global,not_applicable,constant,constant,constant,unresolved,LAT-02R-ae4c74e47a033f66,UB-02R-55ac4333b2057246,recorded_UB_auxiliary_orientation_unresolved,PG,,unverified,,unverified,PG,,unverified,,unverified,o-40-40-o,,not_recorded,,not_recorded,,per_channel_in_semantic_report_no_unique_temperature,semantic_verification_report.yaml#environment/SCAN-02R-1dda1db143c363ba,semantic_verification_report.yaml#environment/SCAN-02R-1dda1db143c363ba,no_metadata_match,2ca09351ec7d475cf603c74b9e9ce99acc4e9ff3d3ea37e51d656e3f5feca88d,1,recorded_header_whitelist_only_no_intensity_or_group_assignment,warning,mode_semantics_unresolved;q_semantics_unresolved;PG_reflection_mosaic_unverified;filter_attenuation_not_recorded;temperature_channel_semantics_unresolved;scan_range_unresolved_mapping,stage02r_a002_parser_v1,scan_points.csv#SCAN-02R-1dda1db143c363ba
SCAN-02R-6d3fa023f691129f,6d3fa023f691129f855d0a88e0f6b53a6706a26e65cb21b8396a3a7943374cb5,stage02r_scan_record_v1,EXP-TAIPAN-001,1296,104042,verified,FILE-02R-b4ceb51089e2f382,TAIPAN_exp1296_scan104042.dat,266bd229f4ec226e09a09d37a4014c3180979818b2e478d973b81e35e1763679,2023-08-29T11:59:45,2023-08-29T12:01:06,header_start_time_end_time_timezone_unrecorded,2,verified_header_chronology,2023-08-28T16:01:06Z,A001_snapshot_filesystem_metadata_only,FMT-02R-00e53630cd36,s1,S1,tas_motor_angle_raw,76.9982,80.9999,verified_point_endpoints_not_command_range,41,s1,detector,,,time,time_controlled,verified,preserved_no_universal_exposure_assumption,verified_count_field_hardware_not_recorded,verified_count_field_hardware_not_recorded,0,,unresolved,14.8696,14.8692,constant,constant,e,Ei_minus_Ef,verified_global,not_applicable,variable,constant,variable,unresolved,LAT-02R-ae4c74e47a033f66,UB-02R-55ac4333b2057246,recorded_UB_auxiliary_orientation_unresolved,PG,,unverified,,unverified,PG,,unverified,,unverified,o-40-40-o,,not_recorded,,not_recorded,,per_channel_in_semantic_report_no_unique_temperature,semantic_verification_report.yaml#environment/SCAN-02R-6d3fa023f691129f,semantic_verification_report.yaml#environment/SCAN-02R-6d3fa023f691129f,metadata_match_only_not_validated_repeat,db4318176cdff502e7b10e6dbe07e7ae17e72b752df04630f675b05e8c3b42ae,2,recorded_header_whitelist_only_no_intensity_or_group_assignment,warning,mode_semantics_unresolved;q_semantics_unresolved;PG_reflection_mosaic_unverified;filter_attenuation_not_recorded;temperature_channel_semantics_unresolved,stage02r_a002_parser_v1,scan_points.csv#SCAN-02R-6d3fa023f691129f
SCAN-02R-3d7ecf2f3c542662,3d7ecf2f3c542662ff669e46ab4b5dbdd854d2d0ba5e2534f97e2d6288d83b56,stage02r_scan_record_v1,EXP-TAIPAN-001,1296,104043,verified,FILE-02R-5baa765c008151e1,TAIPAN_exp1296_scan104043.dat,5a093ea18a954962df13fd0e0e357241b50c3f8152566c5854249403a2041a25,2023-08-29T12:01:31,2023-08-29T12:02:06,header_start_time_end_time_timezone_unrecorded,3,verified_header_chronology,2023-08-28T16:02:06Z,A001_snapshot_filesystem_metadata_only,FMT-02R-365d8346d6ba,sgu,,unresolved,,,unresolved_mapping,11,sgu,detector,,,time,time_controlled,verified,preserved_no_universal_exposure_assumption,verified_count_field_hardware_not_recorded,verified_count_field_hardware_not_recorded,0,,unresolved,14.8696,14.8692,constant,constant,e,Ei_minus_Ef,verified_global,not_applicable,constant,constant,constant,unresolved,LAT-02R-ae4c74e47a033f66,UB-02R-55ac4333b2057246,recorded_UB_auxiliary_orientation_unresolved,PG,,unverified,,unverified,PG,,unverified,,unverified,o-40-40-o,,not_recorded,,not_recorded,,per_channel_in_semantic_report_no_unique_temperature,semantic_verification_report.yaml#environment/SCAN-02R-3d7ecf2f3c542662,semantic_verification_report.yaml#environment/SCAN-02R-3d7ecf2f3c542662,no_metadata_match,666fafc1d974724da6dea2394dc89f85ddd0aeb0e77dd479271bf2425538631a,1,recorded_header_whitelist_only_no_intensity_or_group_assignment,warning,mode_semantics_unresolved;q_semantics_unresolved;PG_reflection_mosaic_unverified;filter_attenuation_not_recorded;temperature_channel_semantics_unresolved;scan_range_unresolved_mapping,stage02r_a002_parser_v1,scan_points.csv#SCAN-02R-3d7ecf2f3c542662
SCAN-02R-c949f2ba4994924e,c949f2ba4994924e2c4a3cd851db0ee8efdee4d3042e01af28924721febff769,stage02r_scan_record_v1,EXP-TAIPAN-001,1296,104044,verified,FILE-02R-fb9b9920221845cd,TAIPAN_exp1296_scan104044.dat,88cbe409f3f920c9f17ae52b25a361dc27c0d7e099bf45ed77f065ed54dafb6e,2023-08-29T12:13:46,2023-08-29T12:20:16,header_start_time_end_time_timezone_unrecorded,4,verified_header_chronology,2023-08-28T16:20:16Z,A001_snapshot_filesystem_metadata_only,FMT-02R-a96f4c9633b6,qk,k,reciprocal_lattice_coordinate,0.9201,1.0701,verified_point_endpoints_not_command_range,31,qk,detector,,,time,time_controlled,verified,preserved_no_universal_exposure_assumption,verified_count_field_hardware_not_recorded,verified_count_field_hardware_not_recorded,0,,unresolved,14.8696,,constant,variable,e,Ei_minus_Ef,verified_global,not_applicable,constant,variable,variable,unresolved,LAT-02R-ae4c74e47a033f66,UB-02R-397acad65dd9e384,recorded_UB_auxiliary_orientation_unresolved,PG,,unverified,,unverified,PG,,unverified,,unverified,o-40-40-o,,not_recorded,,not_recorded,,per_channel_in_semantic_report_no_unique_temperature,semantic_verification_report.yaml#environment/SCAN-02R-c949f2ba4994924e,semantic_verification_report.yaml#environment/SCAN-02R-c949f2ba4994924e,metadata_match_only_not_validated_repeat,a352836d8adc434f94b59531046c8cf2b6745c97b00591a85ba9f445567d31ea,5,recorded_header_whitelist_only_no_intensity_or_group_assignment,warning,mode_semantics_unresolved;q_semantics_unresolved;PG_reflection_mosaic_unverified;filter_attenuation_not_recorded;temperature_channel_semantics_unresolved,stage02r_a002_parser_v1,scan_points.csv#SCAN-02R-c949f2ba4994924e
SCAN-02R-20b2aca534749eb8,20b2aca534749eb89d3a2c08ed30689fc23c4b6cf1f544ee8955d254a6293223,stage02r_scan_record_v1,EXP-TAIPAN-001,1296,104045,verified,FILE-02R-548c132cbb5f17d6,TAIPAN_exp1296_scan104045.dat,cdee53a95667701e48648731838d93ecf014dc1a800ac892be4153e600aedeaa,2023-08-29T12:20:43,2023-08-29T12:27:16,header_start_time_end_time_timezone_unrecorded,5,verified_header_chronology,2023-08-28T16:27:16Z,A001_snapshot_filesystem_metadata_only,FMT-02R-42b66acce1bb,ql,l,reciprocal_lattice_coordinate,1.9202,2.0801,verified_point_endpoints_not_command_range,31,ql,detector,,,time,time_controlled,verified,preserved_no_universal_exposure_assumption,verified_count_field_hardware_not_recorded,verified_count_field_hardware_not_recorded,0,,unresolved,14.8696,,constant,variable,e,Ei_minus_Ef,verified_global,not_applicable,constant,constant,variable,unresolved,LAT-02R-ae4c74e47a033f66,UB-02R-397acad65dd9e384,recorded_UB_auxiliary_orientation_unresolved,PG,,unverified,,unverified,PG,,unverified,,unverified,o-40-40-o,,not_recorded,,not_recorded,,per_channel_in_semantic_report_no_unique_temperature,semantic_verification_report.yaml#environment/SCAN-02R-20b2aca534749eb8,semantic_verification_report.yaml#environment/SCAN-02R-20b2aca534749eb8,no_metadata_match,2378ea2f121692a0b8712ff5422bc38257e782f2346923d63933a70a78dcb70b,1,recorded_header_whitelist_only_no_intensity_or_group_assignment,warning,mode_semantics_unresolved;q_semantics_unresolved;PG_reflection_mosaic_unverified;filter_attenuation_not_recorded;temperature_channel_semantics_unresolved,stage02r_a002_parser_v1,scan_points.csv#SCAN-02R-20b2aca534749eb8
SCAN-02R-71f68f9554b93f6c,71f68f9554b93f6c1136f646aa6b2a2d10e26721941d12e91775112b959c3546,stage02r_scan_record_v1,EXP-TAIPAN-001,1296,104046,verified,FILE-02R-8ae16df0090d9ece,TAIPAN_exp1296_scan104046.dat,dcef408e00fb946942e8f7d6424bf037272f3fffb0ce198ec5795a85b6ee87a6,2023-08-29T12:27:55,2023-08-29T12:34:29,header_start_time_end_time_timezone_unrecorded,6,verified_header_chronology,2023-08-28T16:34:30Z,A001_snapshot_filesystem_metadata_only,FMT-02R-fb75879b9023,qk,k,reciprocal_lattice_coordinate,1.9201,2.0800,verified_point_endpoints_not_command_range,31,qk,detector,,,time,time_controlled,verified,preserved_no_universal_exposure_assumption,verified_count_field_hardware_not_recorded,verified_count_field_hardware_not_recorded,0,,unresolved,14.8696,,constant,variable,e,Ei_minus_Ef,verified_global,not_applicable,constant,variable,variable,unresolved,LAT-02R-ae4c74e47a033f66,UB-02R-397acad65dd9e384,recorded_UB_auxiliary_orientation_unresolved,PG,,unverified,,unverified,PG,,unverified,,unverified,o-40-40-o,,not_recorded,,not_recorded,,per_channel_in_semantic_report_no_unique_temperature,semantic_verification_report.yaml#environment/SCAN-02R-71f68f9554b93f6c,semantic_verification_report.yaml#environment/SCAN-02R-71f68f9554b93f6c,metadata_match_only_not_validated_repeat,a352836d8adc434f94b59531046c8cf2b6745c97b00591a85ba9f445567d31ea,5,recorded_header_whitelist_only_no_intensity_or_group_assignment,warning,mode_semantics_unresolved;q_semantics_unresolved;PG_reflection_mosaic_unverified;filter_attenuation_not_recorded;temperature_channel_semantics_unresolved,stage02r_a002_parser_v1,scan_points.csv#SCAN-02R-71f68f9554b93f6c
SCAN-02R-097d0c674875ad7d,097d0c674875ad7daeeceb2fb6dc7f49ee87044a41b6c9c3b72e9718e923c534,stage02r_scan_record_v1,EXP-TAIPAN-001,1296,104047,verified,FILE-02R-7cec5631778ed46c,TAIPAN_exp1296_scan104047.dat,847144472ad9358dae01cb6e67f3af4c7b0c75c46c61537b69784d002fb48fa8,2023-08-29T12:35:31,2023-08-29T12:40:06,header_start_time_end_time_timezone_unrecorded,7,verified_header_chronology,2023-08-28T16:40:18Z,A001_snapshot_filesystem_metadata_only,FMT-02R-a96f4c9633b6,qk,k,reciprocal_lattice_coordinate,2.7601,3.0601,verified_point_endpoints_not_command_range,21,qk,detector,,,time,time_controlled,verified,preserved_no_universal_exposure_assumption,verified_count_field_hardware_not_recorded,verified_count_field_hardware_not_recorded,0,,unresolved,14.8696,,constant,variable,e,Ei_minus_Ef,verified_global,not_applicable,constant,variable,variable,unresolved,LAT-02R-ae4c74e47a033f66,UB-02R-397acad65dd9e384,recorded_UB_auxiliary_orientation_unresolved,PG,,unverified,,unverified,PG,,unverified,,unverified,o-40-40-o,,not_recorded,,not_recorded,,per_channel_in_semantic_report_no_unique_temperature,semantic_verification_report.yaml#environment/SCAN-02R-097d0c674875ad7d,semantic_verification_report.yaml#environment/SCAN-02R-097d0c674875ad7d,metadata_match_only_not_validated_repeat,a352836d8adc434f94b59531046c8cf2b6745c97b00591a85ba9f445567d31ea,5,recorded_header_whitelist_only_no_intensity_or_group_assignment,warning,mode_semantics_unresolved;q_semantics_unresolved;PG_reflection_mosaic_unverified;filter_attenuation_not_recorded;temperature_channel_semantics_unresolved,stage02r_a002_parser_v1,scan_points.csv#SCAN-02R-097d0c674875ad7d
SCAN-02R-f4c54e6724ab8666,f4c54e6724ab86663d2935e8d755cfd15ac9584b2b2acd1a9be98fbbcde21722,stage02r_scan_record_v1,EXP-TAIPAN-001,1296,104048,verified,FILE-02R-5c81e383ba658579,TAIPAN_exp1296_scan104048.dat,0315f582d5aac24750d03a537445b9696186541c0bdbe9a404ed8d6b38c2755e,2023-08-29T12:41:37,2023-08-29T12:46:42,header_start_time_end_time_timezone_unrecorded,8,verified_header_chronology,2023-08-28T16:46:54Z,A001_snapshot_filesystem_metadata_only,FMT-02R-a96f4c9633b6,qk,k,reciprocal_lattice_coordinate,0.9200,1.0350,verified_point_endpoints_not_command_range,24,qk,detector,,,time,time_controlled,verified,preserved_no_universal_exposure_assumption,verified_count_field_hardware_not_recorded,verified_count_field_hardware_not_recorded,0,,unresolved,14.8696,,constant,variable,e,Ei_minus_Ef,verified_global,not_applicable,constant,variable,variable,unresolved,LAT-02R-ae4c74e47a033f66,UB-02R-397acad65dd9e384,recorded_UB_auxiliary_orientation_unresolved,PG,,unverified,,unverified,PG,,unverified,,unverified,o-40-40-o,,not_recorded,,not_recorded,,per_channel_in_semantic_report_no_unique_temperature,semantic_verification_report.yaml#environment/SCAN-02R-f4c54e6724ab8666,semantic_verification_report.yaml#environment/SCAN-02R-f4c54e6724ab8666,metadata_match_only_not_validated_repeat,a352836d8adc434f94b59531046c8cf2b6745c97b00591a85ba9f445567d31ea,5,recorded_header_whitelist_only_no_intensity_or_group_assignment,warning,mode_semantics_unresolved;q_semantics_unresolved;PG_reflection_mosaic_unverified;filter_attenuation_not_recorded;temperature_channel_semantics_unresolved,stage02r_a002_parser_v1,scan_points.csv#SCAN-02R-f4c54e6724ab8666
SCAN-02R-2c07251df8824bce,2c07251df8824bce1ede9a20729bd3d573481587d5ecef75ef426e05111e6b52,stage02r_scan_record_v1,EXP-TAIPAN-001,1296,104049,verified,FILE-02R-6189a97c1406ead2,TAIPAN_exp1296_scan104049.dat,4b7757ec5e3d79c397d14c615a9a5d4dee9b9b32ef2a36a14cc2e4c57354d402,2023-08-29T13:31:16,2023-08-29T16:22:07,header_start_time_end_time_timezone_unrecorded,9,verified_header_chronology,2023-08-28T20:22:10Z,A001_snapshot_filesystem_metadata_only,FMT-02R-de66a609ccd2,s2,S2,tas_motor_angle_raw,-30.0022,-110.0015,verified_point_endpoints_not_command_range,801,s2,detector,,,time,time_controlled,verified,preserved_no_universal_exposure_assumption,verified_count_field_hardware_not_recorded,verified_count_field_hardware_not_recorded,0,,unresolved,14.8696,,constant,variable,e,Ei_minus_Ef,verified_global,not_applicable,constant,variable,variable,unresolved,LAT-02R-ae4c74e47a033f66,UB-02R-397acad65dd9e384,recorded_UB_auxiliary_orientation_unresolved,PG,,unverified,,unverified,PG,,unverified,,unverified,o-40-40-o,,not_recorded,,not_recorded,,per_channel_in_semantic_report_no_unique_temperature,semantic_verification_report.yaml#environment/SCAN-02R-2c07251df8824bce,semantic_verification_report.yaml#environment/SCAN-02R-2c07251df8824bce,metadata_match_only_not_validated_repeat,84a53cf92e6ed1ccf80d143e156c5cf50a29630d5598b4906bf81c3da30c5d40,9,recorded_header_whitelist_only_no_intensity_or_group_assignment,warning,mode_semantics_unresolved;q_semantics_unresolved;PG_reflection_mosaic_unverified;filter_attenuation_not_recorded;temperature_channel_semantics_unresolved,stage02r_a002_parser_v1,scan_points.csv#SCAN-02R-2c07251df8824bce
SCAN-02R-cb3c11e0b8e28580,cb3c11e0b8e28580ea07fa2b6e3f0d8e8ecc0daf5e73f65cb840d3e0b0ace1c5,stage02r_scan_record_v1,EXP-TAIPAN-001,1296,104050,verified,FILE-02R-bbc5fdf4c121156c,TAIPAN_exp1296_scan104050.dat,c78ee14dfa30e3e266b1b24c8450f0cc27d7b5cc13f28b002ed21f80e917ec18,2023-08-29T17:00:48,2023-08-29T17:02:50,header_start_time_end_time_timezone_unrecorded,10,verified_header_chronology,2023-08-28T21:02:50Z,A001_snapshot_filesystem_metadata_only,FMT-02R-c8f545518171,m1,M1,tas_motor_angle_raw,18.4992,22.4988,verified_point_endpoints_not_command_range,21,m1,detector,,,time,time_controlled,verified,preserved_no_universal_exposure_assumption,verified_count_field_hardware_not_recorded,verified_count_field_hardware_not_recorded,0,,unresolved,14.8699,14.8699,constant,constant,e,Ei_minus_Ef,verified_global,not_applicable,constant,constant,constant,unresolved,LAT-02R-ae4c74e47a033f66,UB-02R-397acad65dd9e384,recorded_UB_auxiliary_orientation_unresolved,PG,,unverified,,unverified,PG,,unverified,,unverified,o-40-40-o,,not_recorded,,not_recorded,,per_channel_in_semantic_report_no_unique_temperature,semantic_verification_report.yaml#environment/SCAN-02R-cb3c11e0b8e28580,semantic_verification_report.yaml#environment/SCAN-02R-cb3c11e0b8e28580,no_metadata_match,2402d3fcf967cc70f4a68398ac8efa0ff55d8a02afdc1fa701fe2cbe6f88171f,1,recorded_header_whitelist_only_no_intensity_or_group_assignment,warning,mode_semantics_unresolved;q_semantics_unresolved;PG_reflection_mosaic_unverified;filter_attenuation_not_recorded;temperature_channel_semantics_unresolved,stage02r_a002_parser_v1,scan_points.csv#SCAN-02R-cb3c11e0b8e28580
SCAN-02R-95f55247c2e05782,95f55247c2e057828dc01a4e7c9ec23351d9adc64dbc8f2c483581c538c2f962,stage02r_scan_record_v1,EXP-TAIPAN-001,1296,104051,verified,FILE-02R-69a9daffcc832bf3,TAIPAN_exp1296_scan104051.dat,d5a41456faf57368d8187b0774469d23570c866271cee2267cc05a7d99706dcb,2023-08-29T17:04:10,2023-08-29T17:08:36,header_start_time_end_time_timezone_unrecorded,11,verified_header_chronology,2023-08-28T21:08:36Z,A001_snapshot_filesystem_metadata_only,FMT-02R-de66a609ccd2,s2,S2,tas_motor_angle_raw,1.9971,-2.0028,verified_point_endpoints_not_command_range,21,s2,detector,,,time,time_controlled,verified,preserved_no_universal_exposure_assumption,verified_count_field_hardware_not_recorded,verified_count_field_hardware_not_recorded,0,,unresolved,14.8699,14.8699,constant,constant,e,Ei_minus_Ef,verified_global,not_applicable,constant,variable,variable,unresolved,LAT-02R-ae4c74e47a033f66,UB-02R-397acad65dd9e384,recorded_UB_auxiliary_orientation_unresolved,PG,,unverified,,unverified,PG,,unverified,,unverified,o-40-40-o,,not_recorded,,not_recorded,,per_channel_in_semantic_report_no_unique_temperature,semantic_verification_report.yaml#environment/SCAN-02R-95f55247c2e05782,semantic_verification_report.yaml#environment/SCAN-02R-95f55247c2e05782,metadata_match_only_not_validated_repeat,84a53cf92e6ed1ccf80d143e156c5cf50a29630d5598b4906bf81c3da30c5d40,9,recorded_header_whitelist_only_no_intensity_or_group_assignment,warning,mode_semantics_unresolved;q_semantics_unresolved;PG_reflection_mosaic_unverified;filter_attenuation_not_recorded;temperature_channel_semantics_unresolved,stage02r_a002_parser_v1,scan_points.csv#SCAN-02R-95f55247c2e05782
SCAN-02R-59701ee4cf5ede45,59701ee4cf5ede454e479996dbf86fa755e3ba342850b571aac7e194cad396e0,stage02r_scan_record_v1,EXP-TAIPAN-001,1296,104052,verified,FILE-02R-e01fe2a67d288032,TAIPAN_exp1296_scan104052.dat,46bf27b5f93be241b54840bf575e49a56925fb036a9f771b930d8e7bc1182f84,2023-08-29T17:09:28,2023-08-29T17:14:01,header_start_time_end_time_timezone_unrecorded,12,verified_header_chronology,2023-08-28T21:14:02Z,A001_snapshot_filesystem_metadata_only,FMT-02R-172bb66a767d,a2,A2,tas_motor_angle_raw,1.9969,-2.0035,verified_point_endpoints_not_command_range,21,a2,detector,,,time,time_controlled,verified,preserved_no_universal_exposure_assumption,verified_count_field_hardware_not_recorded,verified_count_field_hardware_not_recorded,0,,unresolved,14.8699,14.8699,constant,constant,e,Ei_minus_Ef,verified_global,not_applicable,constant,constant,constant,unresolved,LAT-02R-ae4c74e47a033f66,UB-02R-397acad65dd9e384,recorded_UB_auxiliary_orientation_unresolved,PG,,unverified,,unverified,PG,,unverified,,unverified,o-40-40-o,,not_recorded,,not_recorded,,per_channel_in_semantic_report_no_unique_temperature,semantic_verification_report.yaml#environment/SCAN-02R-59701ee4cf5ede45,semantic_verification_report.yaml#environment/SCAN-02R-59701ee4cf5ede45,no_metadata_match,a4c30d032dd269caae8250fd52f7498b3704c8d7c0bbee22ce34fc2c4d187b0d,1,recorded_header_whitelist_only_no_intensity_or_group_assignment,warning,mode_semantics_unresolved;q_semantics_unresolved;PG_reflection_mosaic_unverified;filter_attenuation_not_recorded;temperature_channel_semantics_unresolved,stage02r_a002_parser_v1,scan_points.csv#SCAN-02R-59701ee4cf5ede45
SCAN-02R-d7af0511d4c5b96e,d7af0511d4c5b96e2e56327cd14621588339ef3a4eb0d3fdf487865305da86e2,stage02r_scan_record_v1,EXP-TAIPAN-001,1296,104053,verified,FILE-02R-373e6a33efd3f8e4,TAIPAN_exp1296_scan104053.dat,27bf14c574913f6ae6e6ba02b1c495fc9be4177052a977fc1115ebcf3151582b,2023-08-29T17:19:52,2023-08-29T17:28:29,header_start_time_end_time_timezone_unrecorded,13,verified_header_chronology,2023-08-28T21:28:30Z,A001_snapshot_filesystem_metadata_only,FMT-02R-de66a609ccd2,s2,S2,tas_motor_angle_raw,-31.5041,-35.5063,verified_point_endpoints_not_command_range,41,s2,detector,,,time,time_controlled,verified,preserved_no_universal_exposure_assumption,verified_count_field_hardware_not_recorded,verified_count_field_hardware_not_recorded,0,,unresolved,14.8699,0,constant,constant,e,Ei_minus_Ef,verified_global,not_applicable,constant,constant,constant,unresolved,LAT-02R-ae4c74e47a033f66,UB-02R-397acad65dd9e384,recorded_UB_auxiliary_orientation_unresolved,PG,,unverified,,unverified,PG,,unverified,,unverified,o-40-40-o,,not_recorded,,not_recorded,,per_channel_in_semantic_report_no_unique_temperature,semantic_verification_report.yaml#environment/SCAN-02R-d7af0511d4c5b96e,semantic_verification_report.yaml#environment/SCAN-02R-d7af0511d4c5b96e,metadata_match_only_not_validated_repeat,84a53cf92e6ed1ccf80d143e156c5cf50a29630d5598b4906bf81c3da30c5d40,9,recorded_header_whitelist_only_no_intensity_or_group_assignment,warning,mode_semantics_unresolved;q_semantics_unresolved;PG_reflection_mosaic_unverified;filter_attenuation_not_recorded;temperature_channel_semantics_unresolved,stage02r_a002_parser_v1,scan_points.csv#SCAN-02R-d7af0511d4c5b96e
SCAN-02R-291dabeaaa79ad80,291dabeaaa79ad804197c97d082f81a3759afe6c68ee1eb8c1d26b8c1e3873f7,stage02r_scan_record_v1,EXP-TAIPAN-001,1296,104054,verified,FILE-02R-bd241a68da8cc714,TAIPAN_exp1296_scan104054.dat,85b64705e002a24653e5da82bc4d3908e272ff640e3cadd7d0034bfb34407469,2023-08-29T17:28:48,2023-08-29T17:37:25,header_start_time_end_time_timezone_unrecorded,14,verified_header_chronology,2023-08-28T21:37:26Z,A001_snapshot_filesystem_metadata_only,FMT-02R-de66a609ccd2,s2,S2,tas_motor_angle_raw,-36.8805,-40.8818,verified_point_endpoints_not_command_range,41,s2,detector,,,time,time_controlled,verified,preserved_no_universal_exposure_assumption,verified_count_field_hardware_not_recorded,verified_count_field_hardware_not_recorded,0,,unresolved,14.8699,0,constant,constant,e,Ei_minus_Ef,verified_global,not_applicable,constant,constant,constant,unresolved,LAT-02R-ae4c74e47a033f66,UB-02R-397acad65dd9e384,recorded_UB_auxiliary_orientation_unresolved,PG,,unverified,,unverified,PG,,unverified,,unverified,o-40-40-o,,not_recorded,,not_recorded,,per_channel_in_semantic_report_no_unique_temperature,semantic_verification_report.yaml#environment/SCAN-02R-291dabeaaa79ad80,semantic_verification_report.yaml#environment/SCAN-02R-291dabeaaa79ad80,metadata_match_only_not_validated_repeat,84a53cf92e6ed1ccf80d143e156c5cf50a29630d5598b4906bf81c3da30c5d40,9,recorded_header_whitelist_only_no_intensity_or_group_assignment,warning,mode_semantics_unresolved;q_semantics_unresolved;PG_reflection_mosaic_unverified;filter_attenuation_not_recorded;temperature_channel_semantics_unresolved,stage02r_a002_parser_v1,scan_points.csv#SCAN-02R-291dabeaaa79ad80
SCAN-02R-2c38778fb264b3af,2c38778fb264b3af596ef5cc4988d8e8f011aac0f18de5d3875e3d2f083e4255,stage02r_scan_record_v1,EXP-TAIPAN-001,1296,104055,verified,FILE-02R-b8820660a9c99eff,TAIPAN_exp1296_scan104055.dat,603282e62dd22808aa628a6e327b7da6060a23ddbd04b9f7ad434d36825ab432,2023-08-29T17:37:58,2023-08-29T17:46:25,header_start_time_end_time_timezone_unrecorded,15,verified_header_chronology,2023-08-28T21:46:26Z,A001_snapshot_filesystem_metadata_only,FMT-02R-de66a609ccd2,s2,S2,tas_motor_angle_raw,-54.1571,-58.1553,verified_point_endpoints_not_command_range,41,s2,detector,,,time,time_controlled,verified,preserved_no_universal_exposure_assumption,verified_count_field_hardware_not_recorded,verified_count_field_hardware_not_recorded,0,,unresolved,14.8699,0,constant,constant,e,Ei_minus_Ef,verified_global,not_applicable,constant,constant,constant,unresolved,LAT-02R-ae4c74e47a033f66,UB-02R-397acad65dd9e384,recorded_UB_auxiliary_orientation_unresolved,PG,,unverified,,unverified,PG,,unverified,,unverified,o-40-40-o,,not_recorded,,not_recorded,,per_channel_in_semantic_report_no_unique_temperature,semantic_verification_report.yaml#environment/SCAN-02R-2c38778fb264b3af,semantic_verification_report.yaml#environment/SCAN-02R-2c38778fb264b3af,metadata_match_only_not_validated_repeat,84a53cf92e6ed1ccf80d143e156c5cf50a29630d5598b4906bf81c3da30c5d40,9,recorded_header_whitelist_only_no_intensity_or_group_assignment,warning,mode_semantics_unresolved;q_semantics_unresolved;PG_reflection_mosaic_unverified;filter_attenuation_not_recorded;temperature_channel_semantics_unresolved,stage02r_a002_parser_v1,scan_points.csv#SCAN-02R-2c38778fb264b3af
SCAN-02R-ccdf6f79b6e3b5fc,ccdf6f79b6e3b5fc6bb9727a248acf9ca76112b2bad1b46d63374238edfb83a4,stage02r_scan_record_v1,EXP-TAIPAN-001,1296,104056,verified,FILE-02R-2794450f4a6036d5,TAIPAN_exp1296_scan104056.dat,d169be89b69318798debd9508249a7b6cdbe5764d49494a090de7d522dac67fe,2023-08-29T17:46:49,2023-08-29T17:59:34,header_start_time_end_time_timezone_unrecorded,16,verified_header_chronology,2023-08-28T21:59:34Z,A001_snapshot_filesystem_metadata_only,FMT-02R-de66a609ccd2,s2,S2,tas_motor_angle_raw,-64.4988,-70.4963,verified_point_endpoints_not_command_range,61,s2,detector,,,time,time_controlled,verified,preserved_no_universal_exposure_assumption,verified_count_field_hardware_not_recorded,verified_count_field_hardware_not_recorded,0,,unresolved,14.8699,0,constant,constant,e,Ei_minus_Ef,verified_global,not_applicable,constant,constant,constant,unresolved,LAT-02R-ae4c74e47a033f66,UB-02R-397acad65dd9e384,recorded_UB_auxiliary_orientation_unresolved,PG,,unverified,,unverified,PG,,unverified,,unverified,o-40-40-o,,not_recorded,,not_recorded,,per_channel_in_semantic_report_no_unique_temperature,semantic_verification_report.yaml#environment/SCAN-02R-ccdf6f79b6e3b5fc,semantic_verification_report.yaml#environment/SCAN-02R-ccdf6f79b6e3b5fc,metadata_match_only_not_validated_repeat,84a53cf92e6ed1ccf80d143e156c5cf50a29630d5598b4906bf81c3da30c5d40,9,recorded_header_whitelist_only_no_intensity_or_group_assignment,warning,mode_semantics_unresolved;q_semantics_unresolved;PG_reflection_mosaic_unverified;filter_attenuation_not_recorded;temperature_channel_semantics_unresolved,stage02r_a002_parser_v1,scan_points.csv#SCAN-02R-ccdf6f79b6e3b5fc
SCAN-02R-78bcb97650a5c779,78bcb97650a5c779f8833e5dbf711afdd24c42faa0694d66fb4ad61e75107de4,stage02r_scan_record_v1,EXP-TAIPAN-001,1296,104057,verified,FILE-02R-4a07ecce43a588a4,TAIPAN_exp1296_scan104057.dat,271778e399850f99462420d5a042e30004226e10df1ccdf3c2853241ebc4f535,2023-08-29T17:59:49,2023-08-29T18:11:29,header_start_time_end_time_timezone_unrecorded,17,verified_header_chronology,2023-08-28T22:11:30Z,A001_snapshot_filesystem_metadata_only,FMT-02R-de66a609ccd2,s2,S2,tas_motor_angle_raw,-67.4025,-72.9011,verified_point_endpoints_not_command_range,56,s2,detector,,,time,time_controlled,verified,preserved_no_universal_exposure_assumption,verified_count_field_hardware_not_recorded,verified_count_field_hardware_not_recorded,0,,unresolved,14.8699,0,constant,constant,e,Ei_minus_Ef,verified_global,not_applicable,constant,constant,constant,unresolved,LAT-02R-ae4c74e47a033f66,UB-02R-397acad65dd9e384,recorded_UB_auxiliary_orientation_unresolved,PG,,unverified,,unverified,PG,,unverified,,unverified,o-40-40-o,,not_recorded,,not_recorded,,per_channel_in_semantic_report_no_unique_temperature,semantic_verification_report.yaml#environment/SCAN-02R-78bcb97650a5c779,semantic_verification_report.yaml#environment/SCAN-02R-78bcb97650a5c779,metadata_match_only_not_validated_repeat,84a53cf92e6ed1ccf80d143e156c5cf50a29630d5598b4906bf81c3da30c5d40,9,recorded_header_whitelist_only_no_intensity_or_group_assignment,warning,mode_semantics_unresolved;q_semantics_unresolved;PG_reflection_mosaic_unverified;filter_attenuation_not_recorded;temperature_channel_semantics_unresolved,stage02r_a002_parser_v1,scan_points.csv#SCAN-02R-78bcb97650a5c779
SCAN-02R-a4d537ac569af0ba,a4d537ac569af0bae453e3369addf9ae65034c1a641fe9ed8deb14afaed0066b,stage02r_scan_record_v1,EXP-TAIPAN-001,1296,104058,verified,FILE-02R-7cd079bcfb286b69,TAIPAN_exp1296_scan104058.dat,81f19aab61fe6f47d58e3c956bd58ac4dee498cb5e3aa7d3008601e943d1e202,2023-08-29T18:11:55,2023-08-29T18:24:30,header_start_time_end_time_timezone_unrecorded,18,verified_header_chronology,2023-08-28T22:24:30Z,A001_snapshot_filesystem_metadata_only,FMT-02R-de66a609ccd2,s2,S2,tas_motor_angle_raw,-80.4618,-86.4612,verified_point_endpoints_not_command_range,61,s2,detector,,,time,time_controlled,verified,preserved_no_universal_exposure_assumption,verified_count_field_hardware_not_recorded,verified_count_field_hardware_not_recorded,0,,unresolved,14.8699,0,constant,constant,e,Ei_minus_Ef,verified_global,not_applicable,constant,constant,constant,unresolved,LAT-02R-ae4c74e47a033f66,UB-02R-397acad65dd9e384,recorded_UB_auxiliary_orientation_unresolved,PG,,unverified,,unverified,PG,,unverified,,unverified,o-40-40-o,,not_recorded,,not_recorded,,per_channel_in_semantic_report_no_unique_temperature,semantic_verification_report.yaml#environment/SCAN-02R-a4d537ac569af0ba,semantic_verification_report.yaml#environment/SCAN-02R-a4d537ac569af0ba,metadata_match_only_not_validated_repeat,84a53cf92e6ed1ccf80d143e156c5cf50a29630d5598b4906bf81c3da30c5d40,9,recorded_header_whitelist_only_no_intensity_or_group_assignment,warning,mode_semantics_unresolved;q_semantics_unresolved;PG_reflection_mosaic_unverified;filter_attenuation_not_recorded;temperature_channel_semantics_unresolved,stage02r_a002_parser_v1,scan_points.csv#SCAN-02R-a4d537ac569af0ba
SCAN-02R-8e9939a05c893131,8e9939a05c8931313de62d020514d329883075f69c14c94e645d441f9405660c,stage02r_scan_record_v1,EXP-TAIPAN-001,1296,104059,verified,FILE-02R-b59b6a3cc82d9e1d,TAIPAN_exp1296_scan104059.dat,4732b7e0e8b2ffcb568cb3a8d7d959c92e72973bcf343160d75346036d4fb0b4,2023-08-29T18:26:45,2023-08-29T18:33:03,header_start_time_end_time_timezone_unrecorded,19,verified_header_chronology,2023-08-28T22:33:04Z,A001_snapshot_filesystem_metadata_only,FMT-02R-de66a609ccd2,s2,S2,tas_motor_angle_raw,-65.5017,-68.5028,verified_point_endpoints_not_command_range,31,s2,detector,,,time,time_controlled,verified,preserved_no_universal_exposure_assumption,verified_count_field_hardware_not_recorded,verified_count_field_hardware_not_recorded,0,,unresolved,14.8699,0,constant,constant,e,Ei_minus_Ef,verified_global,not_applicable,constant,constant,constant,unresolved,LAT-02R-ae4c74e47a033f66,UB-02R-397acad65dd9e384,recorded_UB_auxiliary_orientation_unresolved,PG,,unverified,,unverified,PG,,unverified,,unverified,o-40-40-o,,not_recorded,,not_recorded,,per_channel_in_semantic_report_no_unique_temperature,semantic_verification_report.yaml#environment/SCAN-02R-8e9939a05c893131,semantic_verification_report.yaml#environment/SCAN-02R-8e9939a05c893131,metadata_match_only_not_validated_repeat,84a53cf92e6ed1ccf80d143e156c5cf50a29630d5598b4906bf81c3da30c5d40,9,recorded_header_whitelist_only_no_intensity_or_group_assignment,warning,mode_semantics_unresolved;q_semantics_unresolved;PG_reflection_mosaic_unverified;filter_attenuation_not_recorded;temperature_channel_semantics_unresolved,stage02r_a002_parser_v1,scan_points.csv#SCAN-02R-8e9939a05c893131
SCAN-02R-a59dc960ac5aa7de,a59dc960ac5aa7de4ac5f1c4c6579cb9747e7211ae4386931a7d1439145f4c35,stage02r_scan_record_v1,EXP-TAIPAN-001,1296,104060,verified,FILE-02R-ffe38cef182c749b,TAIPAN_exp1296_scan104060.dat,a47a9d0785634f9ba1ded31c1f0ea17aceb7cb65ca4bf64f8c7b565b4989b95c,2023-08-29T21:08:29,2023-08-29T21:08:52,header_start_time_end_time_timezone_unrecorded,20,verified_header_chronology,2023-08-29T01:08:52Z,A001_snapshot_filesystem_metadata_only,FMT-02R-a59075cdffed,a1,A1,tas_motor_angle_raw,19.4616,21.4616,verified_point_endpoints_not_command_range,11,a1,detector,,,time,time_controlled,verified,preserved_no_universal_exposure_assumption,verified_count_field_hardware_not_recorded,verified_count_field_hardware_not_recorded,0,,unresolved,14.8699,,constant,variable,e,Ei_minus_Ef,verified_global,not_applicable,constant,constant,constant,unresolved,LAT-02R-ae4c74e47a033f66,UB-02R-397acad65dd9e384,recorded_UB_auxiliary_orientation_unresolved,PG,,unverified,,unverified,PG,,unverified,,unverified,o-40-40-o,,not_recorded,,not_recorded,,per_channel_in_semantic_report_no_unique_temperature,semantic_verification_report.yaml#environment/SCAN-02R-a59dc960ac5aa7de,semantic_verification_report.yaml#environment/SCAN-02R-a59dc960ac5aa7de,metadata_match_only_not_validated_repeat,58e5317f1f10a0505371aa8a4fbcd146d7c5b75cd7aae6f25e281122f3714d31,2,recorded_header_whitelist_only_no_intensity_or_group_assignment,warning,mode_semantics_unresolved;q_semantics_unresolved;PG_reflection_mosaic_unverified;filter_attenuation_not_recorded;temperature_channel_semantics_unresolved,stage02r_a002_parser_v1,scan_points.csv#SCAN-02R-a59dc960ac5aa7de
SCAN-02R-4a9d7177d38df4e7,4a9d7177d38df4e73d069d09e6e3cc4fcefd78d4aaa0d3d2f6489c617ea88763,stage02r_scan_record_v1,EXP-TAIPAN-001,1296,104061,verified,FILE-02R-2f47aa7305f8661a,TAIPAN_exp1296_scan104061.dat,4a56f81c21c136b9f35f1eecd7fe293ceb98ed1c36174e84e90d00d8682fe78c,2023-08-29T21:21:06,2023-08-29T21:22:34,header_start_time_end_time_timezone_unrecorded,21,verified_header_chronology,2023-08-29T01:22:34Z,A001_snapshot_filesystem_metadata_only,FMT-02R-9cd5341dd50f,a1,A1,tas_motor_angle_raw,19.4614,21.4614,verified_point_endpoints_not_command_range,11,a1,detector,,,time,time_controlled,verified,preserved_no_universal_exposure_assumption,verified_count_field_hardware_not_recorded,verified_count_field_hardware_not_recorded,0,,unresolved,14.8699,,constant,variable,e,Ei_minus_Ef,verified_global,not_applicable,constant,variable,variable,unresolved,LAT-02R-ae4c74e47a033f66,UB-02R-397acad65dd9e384,recorded_UB_auxiliary_orientation_unresolved,PG,,unverified,,unverified,PG,,unverified,,unverified,o-40-40-o,,not_recorded,,not_recorded,,per_channel_in_semantic_report_no_unique_temperature,semantic_verification_report.yaml#environment/SCAN-02R-4a9d7177d38df4e7,semantic_verification_report.yaml#environment/SCAN-02R-4a9d7177d38df4e7,metadata_match_only_not_validated_repeat,58e5317f1f10a0505371aa8a4fbcd146d7c5b75cd7aae6f25e281122f3714d31,2,recorded_header_whitelist_only_no_intensity_or_group_assignment,warning,mode_semantics_unresolved;q_semantics_unresolved;PG_reflection_mosaic_unverified;filter_attenuation_not_recorded;temperature_channel_semantics_unresolved,stage02r_a002_parser_v1,scan_points.csv#SCAN-02R-4a9d7177d38df4e7
SCAN-02R-4fb9fc6716a3e65a,4fb9fc6716a3e65ada3d1c65dca9c7c83ee29956b6477b5c7ea5d614c787e209,stage02r_scan_record_v1,EXP-TAIPAN-001,1296,104062,verified,FILE-02R-97f6d9fb82b77f9b,TAIPAN_exp1296_scan104062.dat,d2f95f4a34c28d777439f0586448a99dabaccd4e3553406b2d293bca9d48dc67,2023-08-29T21:25:07,2023-08-29T21:32:27,header_start_time_end_time_timezone_unrecorded,22,verified_header_chronology,2023-08-29T01:32:26Z,A001_snapshot_filesystem_metadata_only,FMT-02R-06137a7de1ad,en,energy_transfer,energy_transfer_meV,-2.0042,1.9958,verified_point_endpoints_not_command_range,17,en,detector,,,time,time_controlled,verified,preserved_no_universal_exposure_assumption,verified_count_field_hardware_not_recorded,verified_count_field_hardware_not_recorded,0,,unresolved,,,variable,variable,e,Ei_minus_Ef,verified_global,verified,constant,variable,variable,unresolved,LAT-02R-ae4c74e47a033f66,UB-02R-397acad65dd9e384,recorded_UB_auxiliary_orientation_unresolved,PG,,unverified,,unverified,PG,,unverified,,unverified,o-40-40-o,,not_recorded,,not_recorded,,per_channel_in_semantic_report_no_unique_temperature,semantic_verification_report.yaml#environment/SCAN-02R-4fb9fc6716a3e65a,semantic_verification_report.yaml#environment/SCAN-02R-4fb9fc6716a3e65a,no_metadata_match,6cdb672e88be1408f4d9fcc004965709ebbbda56b30143137041f8297b299a59,1,recorded_header_whitelist_only_no_intensity_or_group_assignment,warning,mode_semantics_unresolved;q_semantics_unresolved;PG_reflection_mosaic_unverified;filter_attenuation_not_recorded;temperature_channel_semantics_unresolved,stage02r_a002_parser_v1,scan_points.csv#SCAN-02R-4fb9fc6716a3e65a
SCAN-02R-e5f864cf4587fc19,e5f864cf4587fc19706b8913686a10d93bff6260a885b631b8f6a6a8949f83cb,stage02r_scan_record_v1,EXP-TAIPAN-001,1296,104063,verified,FILE-02R-9aad2f08ff8b0092,TAIPAN_exp1296_scan104063.dat,a7d243bc94b00c62a4fb55456515375e7fc3e516d0fa3377948fe655a84117f5,2023-08-29T21:42:08,2023-08-30T01:35:37,header_start_time_end_time_timezone_unrecorded,23,verified_header_chronology,2023-08-29T05:35:38Z,A001_snapshot_filesystem_metadata_only,FMT-02R-92d14f023eb1,ei,,unresolved,,,unresolved_mapping,121,ei,detector,,,time,time_controlled,verified,preserved_no_universal_exposure_assumption,verified_count_field_hardware_not_recorded,verified_count_field_hardware_not_recorded,0,,unresolved,,,variable,variable,e,Ei_minus_Ef,verified_global,not_applicable,constant,variable,variable,unresolved,LAT-02R-ae4c74e47a033f66,UB-02R-397acad65dd9e384,recorded_UB_auxiliary_orientation_unresolved,PG,,unverified,,unverified,PG,,unverified,,unverified,o-40-40-o,,not_recorded,,not_recorded,,per_channel_in_semantic_report_no_unique_temperature,semantic_verification_report.yaml#environment/SCAN-02R-e5f864cf4587fc19,semantic_verification_report.yaml#environment/SCAN-02R-e5f864cf4587fc19,metadata_match_only_not_validated_repeat,ed70e26f825ee154403e29c8e6fece845dfa7eddb0c81ee3b204b8a45489fbb1,3,recorded_header_whitelist_only_no_intensity_or_group_assignment,warning,mode_semantics_unresolved;q_semantics_unresolved;PG_reflection_mosaic_unverified;filter_attenuation_not_recorded;temperature_channel_semantics_unresolved;scan_range_unresolved_mapping,stage02r_a002_parser_v1,scan_points.csv#SCAN-02R-e5f864cf4587fc19
SCAN-02R-f4da1c738ba8c661,f4da1c738ba8c66134d230b066db4270df127072d807c17136f71e6e396ee33a,stage02r_scan_record_v1,EXP-TAIPAN-001,1296,104064,verified,FILE-02R-695aceb0fa62cd6c,TAIPAN_exp1296_scan104064.dat,d741df3eeb9f55dc185dd15c21228a2a944f009cd8a5e81616ba15234768ded2,2023-08-30T01:40:00,2023-08-30T05:33:42,header_start_time_end_time_timezone_unrecorded,24,verified_header_chronology,2023-08-29T09:33:42Z,A001_snapshot_filesystem_metadata_only,FMT-02R-92d14f023eb1,ei,,unresolved,,,unresolved_mapping,121,ei,detector,,,time,time_controlled,verified,preserved_no_universal_exposure_assumption,verified_count_field_hardware_not_recorded,verified_count_field_hardware_not_recorded,0,,unresolved,,,variable,variable,e,Ei_minus_Ef,verified_global,not_applicable,constant,variable,variable,unresolved,LAT-02R-ae4c74e47a033f66,UB-02R-397acad65dd9e384,recorded_UB_auxiliary_orientation_unresolved,PG,,unverified,,unverified,PG,,unverified,,unverified,o-40-40-o,,not_recorded,,not_recorded,,per_channel_in_semantic_report_no_unique_temperature,semantic_verification_report.yaml#environment/SCAN-02R-f4da1c738ba8c661,semantic_verification_report.yaml#environment/SCAN-02R-f4da1c738ba8c661,metadata_match_only_not_validated_repeat,ed70e26f825ee154403e29c8e6fece845dfa7eddb0c81ee3b204b8a45489fbb1,3,recorded_header_whitelist_only_no_intensity_or_group_assignment,warning,mode_semantics_unresolved;q_semantics_unresolved;PG_reflection_mosaic_unverified;filter_attenuation_not_recorded;temperature_channel_semantics_unresolved;scan_range_unresolved_mapping,stage02r_a002_parser_v1,scan_points.csv#SCAN-02R-f4da1c738ba8c661
SCAN-02R-8c953d28ca426172,8c953d28ca4261721c9ad016bcdec7630009099cf3e7c18e7ac72152ad5b4bf3,stage02r_scan_record_v1,EXP-TAIPAN-001,1296,104065,verified,FILE-02R-39cecdc7b100cbe5,TAIPAN_exp1296_scan104065.dat,a56dbc28a363529426771236476f166393b938bfbe7132c4cc62fe4a81d100d5,2023-08-30T05:38:23,2023-08-30T09:31:16,header_start_time_end_time_timezone_unrecorded,25,verified_header_chronology,2023-08-29T13:31:16Z,A001_snapshot_filesystem_metadata_only,FMT-02R-92d14f023eb1,ei,,unresolved,,,unresolved_mapping,121,ei,detector,,,time,time_controlled,verified,preserved_no_universal_exposure_assumption,verified_count_field_hardware_not_recorded,verified_count_field_hardware_not_recorded,0,,unresolved,,,variable,variable,e,Ei_minus_Ef,verified_global,not_applicable,constant,variable,variable,unresolved,LAT-02R-ae4c74e47a033f66,UB-02R-397acad65dd9e384,recorded_UB_auxiliary_orientation_unresolved,PG,,unverified,,unverified,PG,,unverified,,unverified,o-40-40-o,,not_recorded,,not_recorded,,per_channel_in_semantic_report_no_unique_temperature,semantic_verification_report.yaml#environment/SCAN-02R-8c953d28ca426172,semantic_verification_report.yaml#environment/SCAN-02R-8c953d28ca426172,metadata_match_only_not_validated_repeat,ed70e26f825ee154403e29c8e6fece845dfa7eddb0c81ee3b204b8a45489fbb1,3,recorded_header_whitelist_only_no_intensity_or_group_assignment,warning,mode_semantics_unresolved;q_semantics_unresolved;PG_reflection_mosaic_unverified;filter_attenuation_not_recorded;temperature_channel_semantics_unresolved;scan_range_unresolved_mapping,stage02r_a002_parser_v1,scan_points.csv#SCAN-02R-8c953d28ca426172
SCAN-02R-93657997ed968c54,93657997ed968c5488f21ad6510f6b32a02b341f7b0e44a7f97bbc02daf3fbca,stage02r_scan_record_v1,EXP-TAIPAN-001,1296,104066,verified,FILE-02R-b721852cd2326ced,TAIPAN_exp1296_scan104066.dat,02af57dad4f37fd63e9b05f18334c7a415c8a02bb6bb0a3c253e6184d2be7d1a,2023-08-30T15:40:20,2023-08-30T15:43:44,header_start_time_end_time_timezone_unrecorded,26,verified_header_chronology,2023-08-29T19:43:44Z,A001_snapshot_filesystem_metadata_only,FMT-02R-00e53630cd36,s1,S1,tas_motor_angle_raw,74.9985,84.9997,verified_point_endpoints_not_command_range,101,s1,detector,,,time,time_controlled,verified,preserved_no_universal_exposure_assumption,verified_count_field_hardware_not_recorded,verified_count_field_hardware_not_recorded,0,,unresolved,14.8697,14.871,constant,constant,e,Ei_minus_Ef,verified_global,not_applicable,constant,variable,variable,unresolved,LAT-02R-ae4c74e47a033f66,UB-02R-397acad65dd9e384,recorded_UB_auxiliary_orientation_unresolved,PG,,unverified,,unverified,PG,,unverified,,unverified,o-40-40-o,,not_recorded,,not_recorded,,per_channel_in_semantic_report_no_unique_temperature,semantic_verification_report.yaml#environment/SCAN-02R-93657997ed968c54,semantic_verification_report.yaml#environment/SCAN-02R-93657997ed968c54,metadata_match_only_not_validated_repeat,b4a088bd654cdca0c565dc4ecd26be08d4b3c23b8766d31852b82e98cd29b1c6,8,recorded_header_whitelist_only_no_intensity_or_group_assignment,warning,mode_semantics_unresolved;q_semantics_unresolved;PG_reflection_mosaic_unverified;filter_attenuation_not_recorded;temperature_channel_semantics_unresolved,stage02r_a002_parser_v1,scan_points.csv#SCAN-02R-93657997ed968c54
SCAN-02R-8c948345fe20cada,8c948345fe20cada0098dbb2b4fb82402e7f2789bba90ab1cd9b9ea78f4c858d,stage02r_scan_record_v1,EXP-TAIPAN-001,1296,104067,verified,FILE-02R-cce1ab2377a518c4,TAIPAN_exp1296_scan104067.dat,3af6fa8cafe4958b1b1e91b72de5003a78f1b45e768768e7643b3e7af0bde5ba,2023-08-30T15:53:29,2023-08-30T15:56:41,header_start_time_end_time_timezone_unrecorded,27,verified_header_chronology,2023-08-29T19:56:46Z,A001_snapshot_filesystem_metadata_only,FMT-02R-fb75879b9023,qk,k,reciprocal_lattice_coordinate,1.9501,2.0251,verified_point_endpoints_not_command_range,16,qk,detector,,,time,time_controlled,verified,preserved_no_universal_exposure_assumption,verified_count_field_hardware_not_recorded,verified_count_field_hardware_not_recorded,0,,unresolved,14.8697,14.8714,constant,constant,e,Ei_minus_Ef,verified_global,not_applicable,constant,variable,variable,unresolved,LAT-02R-ae4c74e47a033f66,UB-02R-397acad65dd9e384,recorded_UB_auxiliary_orientation_unresolved,PG,,unverified,,unverified,PG,,unverified,,unverified,o-40-40-o,,not_recorded,,not_recorded,,per_channel_in_semantic_report_no_unique_temperature,semantic_verification_report.yaml#environment/SCAN-02R-8c948345fe20cada,semantic_verification_report.yaml#environment/SCAN-02R-8c948345fe20cada,metadata_match_only_not_validated_repeat,a352836d8adc434f94b59531046c8cf2b6745c97b00591a85ba9f445567d31ea,5,recorded_header_whitelist_only_no_intensity_or_group_assignment,warning,mode_semantics_unresolved;q_semantics_unresolved;PG_reflection_mosaic_unverified;filter_attenuation_not_recorded;temperature_channel_semantics_unresolved,stage02r_a002_parser_v1,scan_points.csv#SCAN-02R-8c948345fe20cada
SCAN-02R-d4d684343e0d7d6c,d4d684343e0d7d6c777240ad203c1c5b5f0dabf8e73ee8ceb8f26907f65c0e68,stage02r_scan_record_v1,EXP-TAIPAN-001,1296,104068,verified,FILE-02R-8e8d6f81d4ae79b3,TAIPAN_exp1296_scan104068.dat,97b4220341da9e20edf7e29b6270950bae143a5e1a0947bd8ad911d79cd2ea83,2023-08-30T15:58:10,2023-08-30T15:59:09,header_start_time_end_time_timezone_unrecorded,28,verified_header_chronology,2023-08-29T19:59:10Z,A001_snapshot_filesystem_metadata_only,FMT-02R-a20370d76087,sgl,,unresolved,,,unresolved_mapping,21,sgl,detector,,,time,time_controlled,verified,preserved_no_universal_exposure_assumption,verified_count_field_hardware_not_recorded,verified_count_field_hardware_not_recorded,0,,unresolved,14.8697,14.8714,constant,constant,e,Ei_minus_Ef,verified_global,not_applicable,constant,constant,constant,unresolved,LAT-02R-ae4c74e47a033f66,UB-02R-397acad65dd9e384,recorded_UB_auxiliary_orientation_unresolved,PG,,unverified,,unverified,PG,,unverified,,unverified,o-40-40-o,,not_recorded,,not_recorded,,per_channel_in_semantic_report_no_unique_temperature,semantic_verification_report.yaml#environment/SCAN-02R-d4d684343e0d7d6c,semantic_verification_report.yaml#environment/SCAN-02R-d4d684343e0d7d6c,metadata_match_only_not_validated_repeat,c1de4de84a96de6e456244d1324e1f3815d861a8331733e0acfd0c2ab0bb4399,4,recorded_header_whitelist_only_no_intensity_or_group_assignment,warning,mode_semantics_unresolved;q_semantics_unresolved;PG_reflection_mosaic_unverified;filter_attenuation_not_recorded;temperature_channel_semantics_unresolved;scan_range_unresolved_mapping,stage02r_a002_parser_v1,scan_points.csv#SCAN-02R-d4d684343e0d7d6c
SCAN-02R-35c1a2ccd5e9e62e,35c1a2ccd5e9e62e1a6ec9e437e6db550a2afe1c617b449aabbf3bae846bb110,stage02r_scan_record_v1,EXP-TAIPAN-001,1296,104069,verified,FILE-02R-c5bcebfd15547df9,TAIPAN_exp1296_scan104069.dat,60290a8bbeb8e4dae1a379f88a902970d51574e4601cb50f7b992aec608651c0,2023-08-30T16:00:09,2023-08-30T16:01:09,header_start_time_end_time_timezone_unrecorded,29,verified_header_chronology,2023-08-29T20:01:10Z,A001_snapshot_filesystem_metadata_only,FMT-02R-365d8346d6ba,sgu,,unresolved,,,unresolved_mapping,21,sgu,detector,,,time,time_controlled,verified,preserved_no_universal_exposure_assumption,verified_count_field_hardware_not_recorded,verified_count_field_hardware_not_recorded,0,,unresolved,14.8697,14.8714,constant,constant,e,Ei_minus_Ef,verified_global,not_applicable,constant,constant,constant,unresolved,LAT-02R-ae4c74e47a033f66,UB-02R-397acad65dd9e384,recorded_UB_auxiliary_orientation_unresolved,PG,,unverified,,unverified,PG,,unverified,,unverified,o-40-40-o,,not_recorded,,not_recorded,,per_channel_in_semantic_report_no_unique_temperature,semantic_verification_report.yaml#environment/SCAN-02R-35c1a2ccd5e9e62e,semantic_verification_report.yaml#environment/SCAN-02R-35c1a2ccd5e9e62e,metadata_match_only_not_validated_repeat,25394c69ffed3b49d8f8a83bffaf815c29a7807baf9218b33c990e944d05a559,2,recorded_header_whitelist_only_no_intensity_or_group_assignment,warning,mode_semantics_unresolved;q_semantics_unresolved;PG_reflection_mosaic_unverified;filter_attenuation_not_recorded;temperature_channel_semantics_unresolved;scan_range_unresolved_mapping,stage02r_a002_parser_v1,scan_points.csv#SCAN-02R-35c1a2ccd5e9e62e
SCAN-02R-a37edad191409e00,a37edad191409e0010dfac69b6c005803f6c33b043857a72caf56cda7ba543cd,stage02r_scan_record_v1,EXP-TAIPAN-001,1296,104070,verified,FILE-02R-45c03790c8247819,TAIPAN_exp1296_scan104070.dat,29de26da76f8e28a4be6519f236139339d6bce7303663b064ffd3577138aaec9,2023-08-30T16:10:31,2023-08-30T16:49:31,header_start_time_end_time_timezone_unrecorded,30,verified_header_chronology,2023-08-29T20:49:36Z,A001_snapshot_filesystem_metadata_only,FMT-02R-00e53630cd36,s1,S1,tas_motor_angle_raw,-120.0030,-6.3004,verified_point_endpoints_not_command_range,1138,s1,detector,,,time,time_controlled,verified,preserved_no_universal_exposure_assumption,verified_count_field_hardware_not_recorded,verified_count_field_hardware_not_recorded,0,,unresolved,14.8697,14.8709,constant,constant,e,Ei_minus_Ef,verified_global,not_applicable,constant,variable,variable,unresolved,LAT-02R-ae4c74e47a033f66,UB-02R-397acad65dd9e384,recorded_UB_auxiliary_orientation_unresolved,PG,,unverified,,unverified,PG,,unverified,,unverified,o-40-40-o,,not_recorded,,not_recorded,,per_channel_in_semantic_report_no_unique_temperature,semantic_verification_report.yaml#environment/SCAN-02R-a37edad191409e00,semantic_verification_report.yaml#environment/SCAN-02R-a37edad191409e00,metadata_match_only_not_validated_repeat,b4a088bd654cdca0c565dc4ecd26be08d4b3c23b8766d31852b82e98cd29b1c6,8,recorded_header_whitelist_only_no_intensity_or_group_assignment,warning,mode_semantics_unresolved;q_semantics_unresolved;PG_reflection_mosaic_unverified;filter_attenuation_not_recorded;temperature_channel_semantics_unresolved,stage02r_a002_parser_v1,scan_points.csv#SCAN-02R-a37edad191409e00
SCAN-02R-2161de9a5edbe1bf,2161de9a5edbe1bf222dc7eeb441ffee8adab5af266c30ae285682d2ebfc2767,stage02r_scan_record_v1,EXP-TAIPAN-001,1296,104071,verified,FILE-02R-8c648da4a5a0c8a0,TAIPAN_exp1296_scan104071.dat,441e3f5530b16b16c4ac8d43f0c2912d8802740fb1278062d7391a8b05dd619c,2023-08-30T16:51:12,2023-08-30T16:52:10,header_start_time_end_time_timezone_unrecorded,31,verified_header_chronology,2023-08-29T20:52:10Z,A001_snapshot_filesystem_metadata_only,FMT-02R-00e53630cd36,s1,S1,tas_motor_angle_raw,-6.2003,-7.2027,verified_point_endpoints_not_command_range,21,s1,detector,,,time,time_controlled,verified,preserved_no_universal_exposure_assumption,verified_count_field_hardware_not_recorded,verified_count_field_hardware_not_recorded,0,,unresolved,14.8697,14.8709,constant,constant,e,Ei_minus_Ef,verified_global,not_applicable,constant,variable,variable,unresolved,LAT-02R-ae4c74e47a033f66,UB-02R-397acad65dd9e384,recorded_UB_auxiliary_orientation_unresolved,PG,,unverified,,unverified,PG,,unverified,,unverified,o-40-40-o,,not_recorded,,not_recorded,,per_channel_in_semantic_report_no_unique_temperature,semantic_verification_report.yaml#environment/SCAN-02R-2161de9a5edbe1bf,semantic_verification_report.yaml#environment/SCAN-02R-2161de9a5edbe1bf,metadata_match_only_not_validated_repeat,b4a088bd654cdca0c565dc4ecd26be08d4b3c23b8766d31852b82e98cd29b1c6,8,recorded_header_whitelist_only_no_intensity_or_group_assignment,warning,mode_semantics_unresolved;q_semantics_unresolved;PG_reflection_mosaic_unverified;filter_attenuation_not_recorded;temperature_channel_semantics_unresolved,stage02r_a002_parser_v1,scan_points.csv#SCAN-02R-2161de9a5edbe1bf
SCAN-02R-5e9a406134424e15,5e9a406134424e158668f16fefbc07a99f82f25da6ea444e6855ea1b0d4ba5ab,stage02r_scan_record_v1,EXP-TAIPAN-001,1296,104072,verified,FILE-02R-66851aafa89e085d,TAIPAN_exp1296_scan104072.dat,6234196f859fca8e4ba66892c113e896835a267a31e2a3d6ba5fbc592e024de7,2023-08-30T16:54:26,2023-08-30T16:55:25,header_start_time_end_time_timezone_unrecorded,32,verified_header_chronology,2023-08-29T20:55:26Z,A001_snapshot_filesystem_metadata_only,FMT-02R-a20370d76087,sgl,,unresolved,,,unresolved_mapping,21,sgl,detector,,,time,time_controlled,verified,preserved_no_universal_exposure_assumption,verified_count_field_hardware_not_recorded,verified_count_field_hardware_not_recorded,0,,unresolved,14.8697,14.8709,constant,constant,e,Ei_minus_Ef,verified_global,not_applicable,constant,constant,constant,unresolved,LAT-02R-ae4c74e47a033f66,UB-02R-397acad65dd9e384,recorded_UB_auxiliary_orientation_unresolved,PG,,unverified,,unverified,PG,,unverified,,unverified,o-40-40-o,,not_recorded,,not_recorded,,per_channel_in_semantic_report_no_unique_temperature,semantic_verification_report.yaml#environment/SCAN-02R-5e9a406134424e15,semantic_verification_report.yaml#environment/SCAN-02R-5e9a406134424e15,metadata_match_only_not_validated_repeat,c1de4de84a96de6e456244d1324e1f3815d861a8331733e0acfd0c2ab0bb4399,4,recorded_header_whitelist_only_no_intensity_or_group_assignment,warning,mode_semantics_unresolved;q_semantics_unresolved;PG_reflection_mosaic_unverified;filter_attenuation_not_recorded;temperature_channel_semantics_unresolved;scan_range_unresolved_mapping,stage02r_a002_parser_v1,scan_points.csv#SCAN-02R-5e9a406134424e15
SCAN-02R-e99f0bd2152d59b1,e99f0bd2152d59b151e8329fd819a70a60937465320e43585e9fb498266fc093,stage02r_scan_record_v1,EXP-TAIPAN-001,1296,104073,verified,FILE-02R-fbeb377499311989,TAIPAN_exp1296_scan104073.dat,3e2045c1fec46f06da002b3de12a04ea2ce77db43909429caedca8d217bd9e34,2023-08-30T17:04:13,2023-08-30T17:05:14,header_start_time_end_time_timezone_unrecorded,33,verified_header_chronology,2023-08-29T21:05:14Z,A001_snapshot_filesystem_metadata_only,FMT-02R-a20370d76087,sgl,,unresolved,,,unresolved_mapping,21,sgl,detector,,,time,time_controlled,verified,preserved_no_universal_exposure_assumption,verified_count_field_hardware_not_recorded,verified_count_field_hardware_not_recorded,0,,unresolved,14.8697,14.8707,constant,constant,e,Ei_minus_Ef,verified_global,not_applicable,constant,constant,constant,unresolved,LAT-02R-ae4c74e47a033f66,UB-02R-397acad65dd9e384,recorded_UB_auxiliary_orientation_unresolved,PG,,unverified,,unverified,PG,,unverified,,unverified,o-40-40-o,,not_recorded,,not_recorded,,per_channel_in_semantic_report_no_unique_temperature,semantic_verification_report.yaml#environment/SCAN-02R-e99f0bd2152d59b1,semantic_verification_report.yaml#environment/SCAN-02R-e99f0bd2152d59b1,metadata_match_only_not_validated_repeat,c1de4de84a96de6e456244d1324e1f3815d861a8331733e0acfd0c2ab0bb4399,4,recorded_header_whitelist_only_no_intensity_or_group_assignment,warning,mode_semantics_unresolved;q_semantics_unresolved;PG_reflection_mosaic_unverified;filter_attenuation_not_recorded;temperature_channel_semantics_unresolved;scan_range_unresolved_mapping,stage02r_a002_parser_v1,scan_points.csv#SCAN-02R-e99f0bd2152d59b1
SCAN-02R-84cb0b6150577fdc,84cb0b6150577fdc882605e124d2b7d492ab3012bef3667695938693236ed3c6,stage02r_scan_record_v1,EXP-TAIPAN-001,1296,104074,verified,FILE-02R-b2043e6967551433,TAIPAN_exp1296_scan104074.dat,91d2d610cbddb3da444b34a8bf9a62968222b530b1af0faab9daef883fd90cf6,2023-08-30T17:06:33,2023-08-30T17:09:05,header_start_time_end_time_timezone_unrecorded,34,verified_header_chronology,2023-08-29T21:09:06Z,A001_snapshot_filesystem_metadata_only,FMT-02R-00e53630cd36,s1,S1,tas_motor_angle_raw,-5.0003,-10.0015,verified_point_endpoints_not_command_range,51,s1,detector,,,time,time_controlled,verified,preserved_no_universal_exposure_assumption,verified_count_field_hardware_not_recorded,verified_count_field_hardware_not_recorded,0,,unresolved,14.8697,,constant,variable,e,Ei_minus_Ef,verified_global,not_applicable,constant,variable,variable,unresolved,LAT-02R-ae4c74e47a033f66,UB-02R-397acad65dd9e384,recorded_UB_auxiliary_orientation_unresolved,PG,,unverified,,unverified,PG,,unverified,,unverified,o-40-40-o,,not_recorded,,not_recorded,,per_channel_in_semantic_report_no_unique_temperature,semantic_verification_report.yaml#environment/SCAN-02R-84cb0b6150577fdc,semantic_verification_report.yaml#environment/SCAN-02R-84cb0b6150577fdc,metadata_match_only_not_validated_repeat,b4a088bd654cdca0c565dc4ecd26be08d4b3c23b8766d31852b82e98cd29b1c6,8,recorded_header_whitelist_only_no_intensity_or_group_assignment,warning,mode_semantics_unresolved;q_semantics_unresolved;PG_reflection_mosaic_unverified;filter_attenuation_not_recorded;temperature_channel_semantics_unresolved,stage02r_a002_parser_v1,scan_points.csv#SCAN-02R-84cb0b6150577fdc
SCAN-02R-32cf60066cdcd074,32cf60066cdcd07425a0d1840869cd304835855107e18f5f3827373653ff1b13,stage02r_scan_record_v1,EXP-TAIPAN-001,1296,104075,verified,FILE-02R-8520bbc912b86a63,TAIPAN_exp1296_scan104075.dat,903b04f72bb147889a8dda239139c9589726f4916588ab71e073fe525ab34c6c,2023-08-30T17:10:55,2023-08-30T17:13:26,header_start_time_end_time_timezone_unrecorded,35,verified_header_chronology,2023-08-29T21:13:26Z,A001_snapshot_filesystem_metadata_only,FMT-02R-00e53630cd36,s1,S1,tas_motor_angle_raw,-0.0025,-5.0018,verified_point_endpoints_not_command_range,51,s1,detector,,,time,time_controlled,verified,preserved_no_universal_exposure_assumption,verified_count_field_hardware_not_recorded,verified_count_field_hardware_not_recorded,0,,unresolved,14.8697,,constant,variable,e,Ei_minus_Ef,verified_global,not_applicable,constant,variable,variable,unresolved,LAT-02R-ae4c74e47a033f66,UB-02R-397acad65dd9e384,recorded_UB_auxiliary_orientation_unresolved,PG,,unverified,,unverified,PG,,unverified,,unverified,o-40-40-o,,not_recorded,,not_recorded,,per_channel_in_semantic_report_no_unique_temperature,semantic_verification_report.yaml#environment/SCAN-02R-32cf60066cdcd074,semantic_verification_report.yaml#environment/SCAN-02R-32cf60066cdcd074,metadata_match_only_not_validated_repeat,b4a088bd654cdca0c565dc4ecd26be08d4b3c23b8766d31852b82e98cd29b1c6,8,recorded_header_whitelist_only_no_intensity_or_group_assignment,warning,mode_semantics_unresolved;q_semantics_unresolved;PG_reflection_mosaic_unverified;filter_attenuation_not_recorded;temperature_channel_semantics_unresolved,stage02r_a002_parser_v1,scan_points.csv#SCAN-02R-32cf60066cdcd074
SCAN-02R-2af7f44831b57311,2af7f44831b57311004e5be0688833f7a9fdd637c6eb717783535c5567215981,stage02r_scan_record_v1,EXP-TAIPAN-001,1296,104076,verified,FILE-02R-f63ef951a1143848,TAIPAN_exp1296_scan104076.dat,d32e318a913aa10604bd5ab98dc33a718bc5d7db47ddb8cf6f8e912af34a49af,2023-08-30T17:14:00,2023-08-30T17:16:32,header_start_time_end_time_timezone_unrecorded,36,verified_header_chronology,2023-08-29T21:16:34Z,A001_snapshot_filesystem_metadata_only,FMT-02R-00e53630cd36,s1,S1,tas_motor_angle_raw,-10.0003,-15.0032,verified_point_endpoints_not_command_range,51,s1,detector,,,time,time_controlled,verified,preserved_no_universal_exposure_assumption,verified_count_field_hardware_not_recorded,verified_count_field_hardware_not_recorded,0,,unresolved,14.8697,,constant,variable,e,Ei_minus_Ef,verified_global,not_applicable,constant,variable,variable,unresolved,LAT-02R-ae4c74e47a033f66,UB-02R-397acad65dd9e384,recorded_UB_auxiliary_orientation_unresolved,PG,,unverified,,unverified,PG,,unverified,,unverified,o-40-40-o,,not_recorded,,not_recorded,,per_channel_in_semantic_report_no_unique_temperature,semantic_verification_report.yaml#environment/SCAN-02R-2af7f44831b57311,semantic_verification_report.yaml#environment/SCAN-02R-2af7f44831b57311,metadata_match_only_not_validated_repeat,b4a088bd654cdca0c565dc4ecd26be08d4b3c23b8766d31852b82e98cd29b1c6,8,recorded_header_whitelist_only_no_intensity_or_group_assignment,warning,mode_semantics_unresolved;q_semantics_unresolved;PG_reflection_mosaic_unverified;filter_attenuation_not_recorded;temperature_channel_semantics_unresolved,stage02r_a002_parser_v1,scan_points.csv#SCAN-02R-2af7f44831b57311
SCAN-02R-d24a90ed870ef8e6,d24a90ed870ef8e6af9c19bbb20c838d0d42a65bfdf3cb618cbc1a6f0a810247,stage02r_scan_record_v1,EXP-TAIPAN-001,1296,104077,verified,FILE-02R-242f8e9d18702c73,TAIPAN_exp1296_scan104077.dat,b029e3463c60db5b9ca2b35bf21c18edeca41175807fbaa43710467306533734,2023-08-30T17:21:46,2023-08-30T17:22:46,header_start_time_end_time_timezone_unrecorded,37,verified_header_chronology,2023-08-29T21:22:48Z,A001_snapshot_filesystem_metadata_only,FMT-02R-00e53630cd36,s1,S1,tas_motor_angle_raw,9.9994,12.8996,verified_point_endpoints_not_command_range,30,s1,detector,,,time,time_controlled,verified,preserved_no_universal_exposure_assumption,verified_count_field_hardware_not_recorded,verified_count_field_hardware_not_recorded,0,,unresolved,14.8697,14.8707,constant,constant,e,Ei_minus_Ef,verified_global,not_applicable,constant,variable,variable,unresolved,LAT-02R-ae4c74e47a033f66,UB-02R-397acad65dd9e384,recorded_UB_auxiliary_orientation_unresolved,PG,,unverified,,unverified,PG,,unverified,,unverified,o-40-40-o,,not_recorded,,not_recorded,,per_channel_in_semantic_report_no_unique_temperature,semantic_verification_report.yaml#environment/SCAN-02R-d24a90ed870ef8e6,semantic_verification_report.yaml#environment/SCAN-02R-d24a90ed870ef8e6,metadata_match_only_not_validated_repeat,b4a088bd654cdca0c565dc4ecd26be08d4b3c23b8766d31852b82e98cd29b1c6,8,recorded_header_whitelist_only_no_intensity_or_group_assignment,warning,mode_semantics_unresolved;q_semantics_unresolved;PG_reflection_mosaic_unverified;filter_attenuation_not_recorded;temperature_channel_semantics_unresolved,stage02r_a002_parser_v1,scan_points.csv#SCAN-02R-d24a90ed870ef8e6
SCAN-02R-72904b63e5e6e883,72904b63e5e6e8835ad766b2835f214aaee91395221afb1bef99a60b5307a351,stage02r_scan_record_v1,EXP-TAIPAN-001,1296,104078,verified,FILE-02R-cfedb7dee4a8071f,TAIPAN_exp1296_scan104078.dat,17bceca27a341dedd2253137847e06d8e1c22a72a5f7a25f6b7d056916b37fcc,2023-08-30T17:23:21,2023-08-30T17:24:22,header_start_time_end_time_timezone_unrecorded,38,verified_header_chronology,2023-08-29T21:24:22Z,A001_snapshot_filesystem_metadata_only,FMT-02R-a20370d76087,sgl,,unresolved,,,unresolved_mapping,21,sgl,detector,,,time,time_controlled,verified,preserved_no_universal_exposure_assumption,verified_count_field_hardware_not_recorded,verified_count_field_hardware_not_recorded,0,,unresolved,14.8697,14.8707,constant,constant,e,Ei_minus_Ef,verified_global,not_applicable,constant,constant,constant,unresolved,LAT-02R-ae4c74e47a033f66,UB-02R-397acad65dd9e384,recorded_UB_auxiliary_orientation_unresolved,PG,,unverified,,unverified,PG,,unverified,,unverified,o-40-40-o,,not_recorded,,not_recorded,,per_channel_in_semantic_report_no_unique_temperature,semantic_verification_report.yaml#environment/SCAN-02R-72904b63e5e6e883,semantic_verification_report.yaml#environment/SCAN-02R-72904b63e5e6e883,metadata_match_only_not_validated_repeat,c1de4de84a96de6e456244d1324e1f3815d861a8331733e0acfd0c2ab0bb4399,4,recorded_header_whitelist_only_no_intensity_or_group_assignment,warning,mode_semantics_unresolved;q_semantics_unresolved;PG_reflection_mosaic_unverified;filter_attenuation_not_recorded;temperature_channel_semantics_unresolved;scan_range_unresolved_mapping,stage02r_a002_parser_v1,scan_points.csv#SCAN-02R-72904b63e5e6e883
SCAN-02R-5b1259784f010264,5b1259784f010264a7d57c69d4c16b54f81957583443608c4e2a3fcd4ec6af89,stage02r_scan_record_v1,EXP-TAIPAN-001,1296,104079,verified,FILE-02R-eaa93bc86930ed0f,TAIPAN_exp1296_scan104079.dat,025142318be48e12d0db6b7af58713e77890d2f8f3286d0dd3b0eaf36b215321,2023-08-30T17:32:59,2023-08-30T17:33:47,header_start_time_end_time_timezone_unrecorded,39,verified_header_chronology,2023-08-29T21:33:50Z,A001_snapshot_filesystem_metadata_only,FMT-02R-00e53630cd36,s1,S1,tas_motor_angle_raw,-83.2965,-84.9022,verified_point_endpoints_not_command_range,17,s1,detector,,,time,time_controlled,verified,preserved_no_universal_exposure_assumption,verified_count_field_hardware_not_recorded,verified_count_field_hardware_not_recorded,0,,unresolved,14.8697,14.8713,constant,constant,e,Ei_minus_Ef,verified_global,not_applicable,constant,variable,variable,unresolved,LAT-02R-ae4c74e47a033f66,UB-02R-397acad65dd9e384,recorded_UB_auxiliary_orientation_unresolved,PG,,unverified,,unverified,PG,,unverified,,unverified,o-40-40-o,,not_recorded,,not_recorded,,per_channel_in_semantic_report_no_unique_temperature,semantic_verification_report.yaml#environment/SCAN-02R-5b1259784f010264,semantic_verification_report.yaml#environment/SCAN-02R-5b1259784f010264,metadata_match_only_not_validated_repeat,b4a088bd654cdca0c565dc4ecd26be08d4b3c23b8766d31852b82e98cd29b1c6,8,recorded_header_whitelist_only_no_intensity_or_group_assignment,warning,mode_semantics_unresolved;q_semantics_unresolved;PG_reflection_mosaic_unverified;filter_attenuation_not_recorded;temperature_channel_semantics_unresolved,stage02r_a002_parser_v1,scan_points.csv#SCAN-02R-5b1259784f010264
SCAN-02R-42f2046fce901aec,42f2046fce901aecec07b041417d77fe94bce62b8433ffbf348ce0a73961365c,stage02r_scan_record_v1,EXP-TAIPAN-001,1296,104080,verified,FILE-02R-4ec5d8f394c2876a,TAIPAN_exp1296_scan104080.dat,9509479f595cbe6277517db052d668394ee37bf2969c3af07b593ed3fe7c2875,2023-08-30T17:34:37,2023-08-30T17:35:37,header_start_time_end_time_timezone_unrecorded,40,verified_header_chronology,2023-08-29T21:35:38Z,A001_snapshot_filesystem_metadata_only,FMT-02R-365d8346d6ba,sgu,,unresolved,,,unresolved_mapping,21,sgu,detector,,,time,time_controlled,verified,preserved_no_universal_exposure_assumption,verified_count_field_hardware_not_recorded,verified_count_field_hardware_not_recorded,0,,unresolved,14.8697,14.8713,constant,constant,e,Ei_minus_Ef,verified_global,not_applicable,constant,constant,constant,unresolved,LAT-02R-ae4c74e47a033f66,UB-02R-397acad65dd9e384,recorded_UB_auxiliary_orientation_unresolved,PG,,unverified,,unverified,PG,,unverified,,unverified,o-40-40-o,,not_recorded,,not_recorded,,per_channel_in_semantic_report_no_unique_temperature,semantic_verification_report.yaml#environment/SCAN-02R-42f2046fce901aec,semantic_verification_report.yaml#environment/SCAN-02R-42f2046fce901aec,metadata_match_only_not_validated_repeat,25394c69ffed3b49d8f8a83bffaf815c29a7807baf9218b33c990e944d05a559,2,recorded_header_whitelist_only_no_intensity_or_group_assignment,warning,mode_semantics_unresolved;q_semantics_unresolved;PG_reflection_mosaic_unverified;filter_attenuation_not_recorded;temperature_channel_semantics_unresolved;scan_range_unresolved_mapping,stage02r_a002_parser_v1,scan_points.csv#SCAN-02R-42f2046fce901aec
SCAN-02R-d5e00829a2a54fb6,d5e00829a2a54fb6671789f2e46e96c3b1c28bc2f64936cfeaa20cbac486484f,stage02r_scan_record_v1,EXP-TAIPAN-001,1296,104081,verified,FILE-02R-aa07ebe39d21c0b8,TAIPAN_exp1296_scan104081.dat,521ae8a93548a13093d74da371dfac0d13397dd23df3addc5a2212ad2da1953b,2023-08-30T17:41:56,2023-08-30T17:46:10,header_start_time_end_time_timezone_unrecorded,41,verified_header_chronology,2023-08-29T21:46:10Z,A001_snapshot_filesystem_metadata_only,FMT-02R-fb75879b9023,qk,k,reciprocal_lattice_coordinate,2.9502,3.0502,verified_point_endpoints_not_command_range,21,qk,detector,,,time,time_controlled,verified,preserved_no_universal_exposure_assumption,verified_count_field_hardware_not_recorded,verified_count_field_hardware_not_recorded,0,,unresolved,14.8697,,constant,variable,e,Ei_minus_Ef,verified_global,not_applicable,constant,variable,variable,unresolved,LAT-02R-ae4c74e47a033f66,UB-02R-1d710a6baa059bbb,recorded_UB_auxiliary_orientation_unresolved,PG,,unverified,,unverified,PG,,unverified,,unverified,o-40-40-o,,not_recorded,,not_recorded,,per_channel_in_semantic_report_no_unique_temperature,semantic_verification_report.yaml#environment/SCAN-02R-d5e00829a2a54fb6,semantic_verification_report.yaml#environment/SCAN-02R-d5e00829a2a54fb6,metadata_match_only_not_validated_repeat,4efe1a526365eb708fda6d8ced021a69c5b0a14ed47659cb4a756a20b14e40f0,3,recorded_header_whitelist_only_no_intensity_or_group_assignment,warning,mode_semantics_unresolved;q_semantics_unresolved;PG_reflection_mosaic_unverified;filter_attenuation_not_recorded;temperature_channel_semantics_unresolved,stage02r_a002_parser_v1,scan_points.csv#SCAN-02R-d5e00829a2a54fb6
SCAN-02R-4ecc00c5eac2e1b4,4ecc00c5eac2e1b4177a6cc6adfbf8435d22acd65507a01997050496868491f6,stage02r_scan_record_v1,EXP-TAIPAN-001,1296,104082,verified,FILE-02R-8fc906a71e9b9ad1,TAIPAN_exp1296_scan104082.dat,8b204606a793c0156106590efb8b96ce824090037479258c7e5034fcd43b0464,2023-08-30T18:01:12,2023-08-30T18:05:26,header_start_time_end_time_timezone_unrecorded,42,verified_header_chronology,2023-08-29T22:05:26Z,A001_snapshot_filesystem_metadata_only,FMT-02R-42b66acce1bb,ql,l,reciprocal_lattice_coordinate,1.9503,2.0502,verified_point_endpoints_not_command_range,21,ql,detector,,,time,time_controlled,verified,preserved_no_universal_exposure_assumption,verified_count_field_hardware_not_recorded,verified_count_field_hardware_not_recorded,0,,unresolved,14.8697,,constant,variable,e,Ei_minus_Ef,verified_global,not_applicable,constant,variable,variable,unresolved,LAT-02R-ae4c74e47a033f66,UB-02R-1d710a6baa059bbb,recorded_UB_auxiliary_orientation_unresolved,PG,,unverified,,unverified,PG,,unverified,,unverified,o-40-40-o,,not_recorded,,not_recorded,,per_channel_in_semantic_report_no_unique_temperature,semantic_verification_report.yaml#environment/SCAN-02R-4ecc00c5eac2e1b4,semantic_verification_report.yaml#environment/SCAN-02R-4ecc00c5eac2e1b4,no_metadata_match,ef51822190f7ad5d5a73d2e00103ca187c9fd350015f4295bfaaebd3efad615a,1,recorded_header_whitelist_only_no_intensity_or_group_assignment,warning,mode_semantics_unresolved;q_semantics_unresolved;PG_reflection_mosaic_unverified;filter_attenuation_not_recorded;temperature_channel_semantics_unresolved,stage02r_a002_parser_v1,scan_points.csv#SCAN-02R-4ecc00c5eac2e1b4
SCAN-02R-c18c53ef408b1d89,c18c53ef408b1d89fae5d500c707a46796a5b4c9c7e238f3c0a49a62225272c9,stage02r_scan_record_v1,EXP-TAIPAN-001,1296,104083,verified,FILE-02R-7adfcda5fa810ed3,TAIPAN_exp1296_scan104083.dat,d2c9f9971168a5c1a4a2254f8c694d6304f927cfdc13f959cb7a915057684128,2023-08-30T18:11:02,2023-08-30T18:15:19,header_start_time_end_time_timezone_unrecorded,43,verified_header_chronology,2023-08-29T22:15:20Z,A001_snapshot_filesystem_metadata_only,FMT-02R-fb75879b9023,qk,k,reciprocal_lattice_coordinate,1.9501,2.0501,verified_point_endpoints_not_command_range,21,qk,detector,,,time,time_controlled,verified,preserved_no_universal_exposure_assumption,verified_count_field_hardware_not_recorded,verified_count_field_hardware_not_recorded,0,,unresolved,14.8697,,constant,variable,e,Ei_minus_Ef,verified_global,not_applicable,constant,variable,variable,unresolved,LAT-02R-ae4c74e47a033f66,UB-02R-1d710a6baa059bbb,recorded_UB_auxiliary_orientation_unresolved,PG,,unverified,,unverified,PG,,unverified,,unverified,o-40-40-o,,not_recorded,,not_recorded,,per_channel_in_semantic_report_no_unique_temperature,semantic_verification_report.yaml#environment/SCAN-02R-c18c53ef408b1d89,semantic_verification_report.yaml#environment/SCAN-02R-c18c53ef408b1d89,metadata_match_only_not_validated_repeat,4efe1a526365eb708fda6d8ced021a69c5b0a14ed47659cb4a756a20b14e40f0,3,recorded_header_whitelist_only_no_intensity_or_group_assignment,warning,mode_semantics_unresolved;q_semantics_unresolved;PG_reflection_mosaic_unverified;filter_attenuation_not_recorded;temperature_channel_semantics_unresolved,stage02r_a002_parser_v1,scan_points.csv#SCAN-02R-c18c53ef408b1d89
SCAN-02R-cb5dd7445a99bc3a,cb5dd7445a99bc3a860b7b7618aced28bc6beff4632640df148e222590779c6c,stage02r_scan_record_v1,EXP-TAIPAN-001,1296,104084,verified,FILE-02R-29b1ecf8945b5a04,TAIPAN_exp1296_scan104084.dat,fb60509e9a4869084850138d8f7daed68ca7ad81743b6c6c513954ea6bbfe915,2023-08-30T21:40:10,2023-08-30T21:40:57,header_start_time_end_time_timezone_unrecorded,44,verified_header_chronology,2023-08-30T01:40:58Z,A001_snapshot_filesystem_metadata_only,FMT-02R-a9e025c2acce,ps_left,,unresolved,,,unresolved_mapping,14,ps_left,detector,,,time,time_controlled,verified,preserved_no_universal_exposure_assumption,verified_count_field_hardware_not_recorded,verified_count_field_hardware_not_recorded,0,,unresolved,14.8697,14.8713,constant,constant,e,Ei_minus_Ef,verified_global,not_applicable,constant,constant,constant,unresolved,LAT-02R-ae4c74e47a033f66,UB-02R-1d710a6baa059bbb,recorded_UB_auxiliary_orientation_unresolved,PG,,unverified,,unverified,PG,,unverified,,unverified,o-40-40-o,,not_recorded,,not_recorded,,per_channel_in_semantic_report_no_unique_temperature,semantic_verification_report.yaml#environment/SCAN-02R-cb5dd7445a99bc3a,semantic_verification_report.yaml#environment/SCAN-02R-cb5dd7445a99bc3a,no_metadata_match,fec84e35e4bd8bd6a70f5013433cf3160e9d59b419f0d149ba421a14df24e88d,1,recorded_header_whitelist_only_no_intensity_or_group_assignment,warning,mode_semantics_unresolved;q_semantics_unresolved;PG_reflection_mosaic_unverified;filter_attenuation_not_recorded;temperature_channel_semantics_unresolved;scan_range_unresolved_mapping,stage02r_a002_parser_v1,scan_points.csv#SCAN-02R-cb5dd7445a99bc3a
SCAN-02R-e731681e22986e49,e731681e22986e49e2be9e0e6fd5478f676e2c3a69a020b7c35853f6fab5f412,stage02r_scan_record_v1,EXP-TAIPAN-001,1296,104085,verified,FILE-02R-46a7afceafa94daa,TAIPAN_exp1296_scan104085.dat,39f1a3be2c64e2418a71ecc126fa8fc284f2c01f90107c7d22e4bbd8edf4d19c,2023-08-30T21:48:10,2023-08-30T21:48:57,header_start_time_end_time_timezone_unrecorded,45,verified_header_chronology,2023-08-30T01:48:58Z,A001_snapshot_filesystem_metadata_only,FMT-02R-25ddc2c75b1e,ps_right,,unresolved,,,unresolved_mapping,14,ps_right,detector,,,time,time_controlled,verified,preserved_no_universal_exposure_assumption,verified_count_field_hardware_not_recorded,verified_count_field_hardware_not_recorded,0,,unresolved,14.8697,14.8713,constant,constant,e,Ei_minus_Ef,verified_global,not_applicable,constant,constant,constant,unresolved,LAT-02R-ae4c74e47a033f66,UB-02R-1d710a6baa059bbb,recorded_UB_auxiliary_orientation_unresolved,PG,,unverified,,unverified,PG,,unverified,,unverified,o-40-40-o,,not_recorded,,not_recorded,,per_channel_in_semantic_report_no_unique_temperature,semantic_verification_report.yaml#environment/SCAN-02R-e731681e22986e49,semantic_verification_report.yaml#environment/SCAN-02R-e731681e22986e49,no_metadata_match,8035682fcff639d1831922d5c1444031e11fcee43b8a795e954fb7e5829c33a1,1,recorded_header_whitelist_only_no_intensity_or_group_assignment,warning,mode_semantics_unresolved;q_semantics_unresolved;PG_reflection_mosaic_unverified;filter_attenuation_not_recorded;temperature_channel_semantics_unresolved;scan_range_unresolved_mapping,stage02r_a002_parser_v1,scan_points.csv#SCAN-02R-e731681e22986e49
SCAN-02R-e4b1e60e94f6a5b7,e4b1e60e94f6a5b7fe95cd6ec31b756d74f7863965dc5c48ca4c8b0b9bf6baaf,stage02r_scan_record_v1,EXP-TAIPAN-001,1296,104086,verified,FILE-02R-4406ccfa81a1f4ff,TAIPAN_exp1296_scan104086.dat,3881baef16a0477e9cb7b0659c359c97e8343051235d68e175bfd683f7a88938,2023-08-30T21:50:02,2023-08-30T21:51:44,header_start_time_end_time_timezone_unrecorded,46,verified_header_chronology,2023-08-30T01:51:44Z,A001_snapshot_filesystem_metadata_only,FMT-02R-33ee702b9adc,ps_top,,unresolved,,,unresolved_mapping,29,ps_top,detector,,,time,time_controlled,verified,preserved_no_universal_exposure_assumption,verified_count_field_hardware_not_recorded,verified_count_field_hardware_not_recorded,0,,unresolved,14.8697,14.8713,constant,constant,e,Ei_minus_Ef,verified_global,not_applicable,constant,constant,constant,unresolved,LAT-02R-ae4c74e47a033f66,UB-02R-1d710a6baa059bbb,recorded_UB_auxiliary_orientation_unresolved,PG,,unverified,,unverified,PG,,unverified,,unverified,o-40-40-o,,not_recorded,,not_recorded,,per_channel_in_semantic_report_no_unique_temperature,semantic_verification_report.yaml#environment/SCAN-02R-e4b1e60e94f6a5b7,semantic_verification_report.yaml#environment/SCAN-02R-e4b1e60e94f6a5b7,no_metadata_match,dd5a09d3f2934fb8bdfdda5fef32ede18f68aa6696cbfd09475d2b20f19cea83,1,recorded_header_whitelist_only_no_intensity_or_group_assignment,warning,mode_semantics_unresolved;q_semantics_unresolved;PG_reflection_mosaic_unverified;filter_attenuation_not_recorded;temperature_channel_semantics_unresolved;scan_range_unresolved_mapping,stage02r_a002_parser_v1,scan_points.csv#SCAN-02R-e4b1e60e94f6a5b7
SCAN-02R-03ed38ed92271694,03ed38ed9227169443c18ff21ccf7d23a31d78380bc5a429d43286ac2dfe29c8,stage02r_scan_record_v1,EXP-TAIPAN-001,1296,104087,verified,FILE-02R-401ca0c88448c213,TAIPAN_exp1296_scan104087.dat,0a50ee610a0357a88182f2ad34befc07d03db37a809641f56a0fbde1ded995b2,2023-08-30T21:53:51,2023-08-30T21:55:33,header_start_time_end_time_timezone_unrecorded,47,verified_header_chronology,2023-08-30T01:55:34Z,A001_snapshot_filesystem_metadata_only,FMT-02R-7d9e3f2fd3b3,ps_bottom,,unresolved,,,unresolved_mapping,29,ps_bottom,detector,,,time,time_controlled,verified,preserved_no_universal_exposure_assumption,verified_count_field_hardware_not_recorded,verified_count_field_hardware_not_recorded,0,,unresolved,14.8697,14.8713,constant,constant,e,Ei_minus_Ef,verified_global,not_applicable,constant,constant,constant,unresolved,LAT-02R-ae4c74e47a033f66,UB-02R-1d710a6baa059bbb,recorded_UB_auxiliary_orientation_unresolved,PG,,unverified,,unverified,PG,,unverified,,unverified,o-40-40-o,,not_recorded,,not_recorded,,per_channel_in_semantic_report_no_unique_temperature,semantic_verification_report.yaml#environment/SCAN-02R-03ed38ed92271694,semantic_verification_report.yaml#environment/SCAN-02R-03ed38ed92271694,no_metadata_match,2d133b9cc31b904c04e9fa06ae7e4ab09519b1a8b8f89cf75aab12c8c09228e4,1,recorded_header_whitelist_only_no_intensity_or_group_assignment,warning,mode_semantics_unresolved;q_semantics_unresolved;PG_reflection_mosaic_unverified;filter_attenuation_not_recorded;temperature_channel_semantics_unresolved;scan_range_unresolved_mapping,stage02r_a002_parser_v1,scan_points.csv#SCAN-02R-03ed38ed92271694
SCAN-02R-e3abafe2717105f3,e3abafe2717105f3f7c50c1652356dd50b7c0679e0b561a6ed7b508d952b78c6,stage02r_scan_record_v1,EXP-TAIPAN-001,1296,104088,verified,FILE-02R-098ce8926f037697,TAIPAN_exp1296_scan104088.dat,ff8a25600c1cecec0290b32f8f25da02982d9814dbaec12b54d7819da7fe0189,2023-08-30T21:57:47,2023-08-30T21:58:34,header_start_time_end_time_timezone_unrecorded,48,verified_header_chronology,2023-08-30T01:58:34Z,A001_snapshot_filesystem_metadata_only,FMT-02R-029bacfa64d8,pa_left,,unresolved,,,unresolved_mapping,14,pa_left,detector,,,time,time_controlled,verified,preserved_no_universal_exposure_assumption,verified_count_field_hardware_not_recorded,verified_count_field_hardware_not_recorded,0,,unresolved,14.8697,14.8713,constant,constant,e,Ei_minus_Ef,verified_global,not_applicable,constant,constant,constant,unresolved,LAT-02R-ae4c74e47a033f66,UB-02R-1d710a6baa059bbb,recorded_UB_auxiliary_orientation_unresolved,PG,,unverified,,unverified,PG,,unverified,,unverified,o-40-40-o,,not_recorded,,not_recorded,,per_channel_in_semantic_report_no_unique_temperature,semantic_verification_report.yaml#environment/SCAN-02R-e3abafe2717105f3,semantic_verification_report.yaml#environment/SCAN-02R-e3abafe2717105f3,no_metadata_match,2b283e7c9327578ef54d8fe245a7d33769aa3934a6238647b4d22476f0f605ac,1,recorded_header_whitelist_only_no_intensity_or_group_assignment,warning,mode_semantics_unresolved;q_semantics_unresolved;PG_reflection_mosaic_unverified;filter_attenuation_not_recorded;temperature_channel_semantics_unresolved;scan_range_unresolved_mapping,stage02r_a002_parser_v1,scan_points.csv#SCAN-02R-e3abafe2717105f3
SCAN-02R-31bc005deb88d4e2,31bc005deb88d4e2bf6fcdf3e1b6d659a3ac969aadae72a792cc092f6b1f5f13,stage02r_scan_record_v1,EXP-TAIPAN-001,1296,104089,verified,FILE-02R-301f7e82dbae27e8,TAIPAN_exp1296_scan104089.dat,1d4827e69a0254b8acefc523ecf2a9a5a086d7346ef1def00563f576f961202d,2023-08-30T21:59:40,2023-08-30T22:00:27,header_start_time_end_time_timezone_unrecorded,49,verified_header_chronology,2023-08-30T02:00:28Z,A001_snapshot_filesystem_metadata_only,FMT-02R-ab302e8146f8,pa_right,,unresolved,,,unresolved_mapping,14,pa_right,detector,,,time,time_controlled,verified,preserved_no_universal_exposure_assumption,verified_count_field_hardware_not_recorded,verified_count_field_hardware_not_recorded,0,,unresolved,14.8697,14.8713,constant,constant,e,Ei_minus_Ef,verified_global,not_applicable,constant,constant,constant,unresolved,LAT-02R-ae4c74e47a033f66,UB-02R-1d710a6baa059bbb,recorded_UB_auxiliary_orientation_unresolved,PG,,unverified,,unverified,PG,,unverified,,unverified,o-40-40-o,,not_recorded,,not_recorded,,per_channel_in_semantic_report_no_unique_temperature,semantic_verification_report.yaml#environment/SCAN-02R-31bc005deb88d4e2,semantic_verification_report.yaml#environment/SCAN-02R-31bc005deb88d4e2,no_metadata_match,574c22f980d94adde56e992a17e9e8a466c868eb6c50fd5d79c8776edcd2df4b,1,recorded_header_whitelist_only_no_intensity_or_group_assignment,warning,mode_semantics_unresolved;q_semantics_unresolved;PG_reflection_mosaic_unverified;filter_attenuation_not_recorded;temperature_channel_semantics_unresolved;scan_range_unresolved_mapping,stage02r_a002_parser_v1,scan_points.csv#SCAN-02R-31bc005deb88d4e2
SCAN-02R-22608464dd5aff80,22608464dd5aff80932a907f4045bcbedd8994f5864f2534e8017e3b625de7be,stage02r_scan_record_v1,EXP-TAIPAN-001,1296,104090,verified,FILE-02R-0b8a6d76433c9f95,TAIPAN_exp1296_scan104090.dat,5e48a2527773b1a61598f1948b58c49626bc1a47d11a0f4a4a05177fb3c19c18,2023-08-30T22:01:16,2023-08-30T22:02:54,header_start_time_end_time_timezone_unrecorded,50,verified_header_chronology,2023-08-30T02:02:54Z,A001_snapshot_filesystem_metadata_only,FMT-02R-35f17153f38f,pa_top,,unresolved,,,unresolved_mapping,28,pa_top,detector,,,time,time_controlled,verified,preserved_no_universal_exposure_assumption,verified_count_field_hardware_not_recorded,verified_count_field_hardware_not_recorded,0,,unresolved,14.8697,14.8713,constant,constant,e,Ei_minus_Ef,verified_global,not_applicable,constant,constant,constant,unresolved,LAT-02R-ae4c74e47a033f66,UB-02R-1d710a6baa059bbb,recorded_UB_auxiliary_orientation_unresolved,PG,,unverified,,unverified,PG,,unverified,,unverified,o-40-40-o,,not_recorded,,not_recorded,,per_channel_in_semantic_report_no_unique_temperature,semantic_verification_report.yaml#environment/SCAN-02R-22608464dd5aff80,semantic_verification_report.yaml#environment/SCAN-02R-22608464dd5aff80,no_metadata_match,8ccab8b4c1e96de5df3aafcc3690fc74bfaf61859960d071ab338b779cfe3b63,1,recorded_header_whitelist_only_no_intensity_or_group_assignment,warning,mode_semantics_unresolved;q_semantics_unresolved;PG_reflection_mosaic_unverified;filter_attenuation_not_recorded;temperature_channel_semantics_unresolved;scan_range_unresolved_mapping,stage02r_a002_parser_v1,scan_points.csv#SCAN-02R-22608464dd5aff80
SCAN-02R-74e2c66cfb23844c,74e2c66cfb23844c4690f4d978509fd9b8a71705ec7e86ee46bec540fd54a981,stage02r_scan_record_v1,EXP-TAIPAN-001,1296,104091,verified,FILE-02R-2a03555a7fbdb515,TAIPAN_exp1296_scan104091.dat,2285d78720ca4cc09ebbcdb8bad4897e4576d8dfd9c24d631eb7b4f9ec44f6a7,2023-08-30T22:08:24,2023-08-30T22:10:05,header_start_time_end_time_timezone_unrecorded,51,verified_header_chronology,2023-08-30T02:10:04Z,A001_snapshot_filesystem_metadata_only,FMT-02R-ac325217afd4,pa_bottom,,unresolved,,,unresolved_mapping,29,pa_bottom,detector,,,time,time_controlled,verified,preserved_no_universal_exposure_assumption,verified_count_field_hardware_not_recorded,verified_count_field_hardware_not_recorded,0,,unresolved,14.8697,14.8713,constant,constant,e,Ei_minus_Ef,verified_global,not_applicable,constant,constant,constant,unresolved,LAT-02R-ae4c74e47a033f66,UB-02R-1d710a6baa059bbb,recorded_UB_auxiliary_orientation_unresolved,PG,,unverified,,unverified,PG,,unverified,,unverified,o-40-40-o,,not_recorded,,not_recorded,,per_channel_in_semantic_report_no_unique_temperature,semantic_verification_report.yaml#environment/SCAN-02R-74e2c66cfb23844c,semantic_verification_report.yaml#environment/SCAN-02R-74e2c66cfb23844c,no_metadata_match,fe8d16475dc887344c3b1d709d4a32b46b0d61c3dbd14373d4981479ed809744,1,recorded_header_whitelist_only_no_intensity_or_group_assignment,warning,mode_semantics_unresolved;q_semantics_unresolved;PG_reflection_mosaic_unverified;filter_attenuation_not_recorded;temperature_channel_semantics_unresolved;scan_range_unresolved_mapping,stage02r_a002_parser_v1,scan_points.csv#SCAN-02R-74e2c66cfb23844c
SCAN-02R-d453265e40ec7542,d453265e40ec754295eee8cb5da2ad001ee4ba8b5d6d24c09e483170fefc1b82,stage02r_scan_record_v1,EXP-TAIPAN-001,1296,104092,verified,FILE-02R-36fd407b4cac26bf,TAIPAN_exp1296_scan104092.dat,01f364e9c6cbc46407ed9187d4cbf7d357ce43b326cb3d54bc5ec98545cf6724,2023-08-30T22:19:49,2023-08-30T22:28:11,header_start_time_end_time_timezone_unrecorded,52,verified_header_chronology,2023-08-30T02:28:12Z,A001_snapshot_filesystem_metadata_only,FMT-02R-fb75879b9023,qk,k,reciprocal_lattice_coordinate,2.9501,3.0501,verified_point_endpoints_not_command_range,41,qk,detector,,,time,time_controlled,verified,preserved_no_universal_exposure_assumption,verified_count_field_hardware_not_recorded,verified_count_field_hardware_not_recorded,0,,unresolved,14.8697,,constant,variable,e,Ei_minus_Ef,verified_global,not_applicable,constant,variable,variable,unresolved,LAT-02R-ae4c74e47a033f66,UB-02R-1d710a6baa059bbb,recorded_UB_auxiliary_orientation_unresolved,PG,,unverified,,unverified,PG,,unverified,,unverified,o-40-40-o,,not_recorded,,not_recorded,,per_channel_in_semantic_report_no_unique_temperature,semantic_verification_report.yaml#environment/SCAN-02R-d453265e40ec7542,semantic_verification_report.yaml#environment/SCAN-02R-d453265e40ec7542,metadata_match_only_not_validated_repeat,4efe1a526365eb708fda6d8ced021a69c5b0a14ed47659cb4a756a20b14e40f0,3,recorded_header_whitelist_only_no_intensity_or_group_assignment,warning,mode_semantics_unresolved;q_semantics_unresolved;PG_reflection_mosaic_unverified;filter_attenuation_not_recorded;temperature_channel_semantics_unresolved,stage02r_a002_parser_v1,scan_points.csv#SCAN-02R-d453265e40ec7542
SCAN-02R-8ca6316615b8cbae,8ca6316615b8cbae753d25b6c83130768af576e7ad861ef52ac93f7f6e6f4500,stage02r_scan_record_v1,EXP-TAIPAN-001,1296,104093,verified,FILE-02R-1ac62a8e73779958,TAIPAN_exp1296_scan104093.dat,44c1d0b4180b2ddca188bc15bf19bf0196234e94941b6922bbcbf2b65430b0b3,2023-08-30T22:37:59,2023-08-30T23:29:36,header_start_time_end_time_timezone_unrecorded,53,verified_header_chronology,2023-08-30T03:29:36Z,A001_snapshot_filesystem_metadata_only,FMT-02R-06137a7de1ad,en,energy_transfer,energy_transfer_meV,24.9984,0.9987,verified_point_endpoints_not_command_range,49,en,detector,,,monitor,monitor_controlled,verified,preserved_no_universal_exposure_assumption,verified_count_field_hardware_not_recorded,verified_count_field_hardware_not_recorded,0,,unresolved,,,variable,variable,e,Ei_minus_Ef,verified_global,verified,constant,variable,variable,unresolved,LAT-02R-ae4c74e47a033f66,UB-02R-1d710a6baa059bbb,recorded_UB_auxiliary_orientation_unresolved,PG,,unverified,,unverified,PG,,unverified,,unverified,o-40-40-o,,not_recorded,,not_recorded,,per_channel_in_semantic_report_no_unique_temperature,semantic_verification_report.yaml#environment/SCAN-02R-8ca6316615b8cbae,semantic_verification_report.yaml#environment/SCAN-02R-8ca6316615b8cbae,no_metadata_match,010fa7a44a8b23de8bfa9a7d89912d3a5f15cae0b9bc2e1a059d9a5da7cb34ba,1,recorded_header_whitelist_only_no_intensity_or_group_assignment,warning,mode_semantics_unresolved;q_semantics_unresolved;PG_reflection_mosaic_unverified;filter_attenuation_not_recorded;temperature_channel_semantics_unresolved,stage02r_a002_parser_v1,scan_points.csv#SCAN-02R-8ca6316615b8cbae
SCAN-02R-43979cdff2eef525,43979cdff2eef525c7dc4d2d7140d36b1e19b7abe0ed8f65af1101512b71f797,stage02r_scan_record_v1,EXP-TAIPAN-001,1296,104094,verified,FILE-02R-bd94cd4cf6e4e3f5,TAIPAN_exp1296_scan104094.dat,f4e0de91f979b3e187e4a912878af0a32e0bb9d4ab98ac870b2463c428c0752d,2023-08-30T23:45:11,2023-08-31T00:53:01,header_start_time_end_time_timezone_unrecorded,54,verified_header_chronology,2023-08-30T04:53:02Z,A001_snapshot_filesystem_metadata_only,FMT-02R-06137a7de1ad,en,energy_transfer,energy_transfer_meV,24.9982,0.9986,verified_point_endpoints_not_command_range,25,en,detector,,,monitor,monitor_controlled,verified,preserved_no_universal_exposure_assumption,verified_count_field_hardware_not_recorded,verified_count_field_hardware_not_recorded,0,,unresolved,,,variable,variable,e,Ei_minus_Ef,verified_global,verified,constant,variable,variable,unresolved,LAT-02R-ae4c74e47a033f66,UB-02R-1d710a6baa059bbb,recorded_UB_auxiliary_orientation_unresolved,PG,,unverified,,unverified,PG,,unverified,,unverified,o-40-40-o,,not_recorded,,not_recorded,,per_channel_in_semantic_report_no_unique_temperature,semantic_verification_report.yaml#environment/SCAN-02R-43979cdff2eef525,semantic_verification_report.yaml#environment/SCAN-02R-43979cdff2eef525,metadata_match_only_not_validated_repeat,50bb9122a607b304701ea575973092d266e36d34be0ed273ed8462c00696203c,8,recorded_header_whitelist_only_no_intensity_or_group_assignment,warning,mode_semantics_unresolved;q_semantics_unresolved;PG_reflection_mosaic_unverified;filter_attenuation_not_recorded;temperature_channel_semantics_unresolved,stage02r_a002_parser_v1,scan_points.csv#SCAN-02R-43979cdff2eef525
SCAN-02R-8dcd5041a8a4e044,8dcd5041a8a4e04455b52d6744bb4b06b58d3c451b52c08cec29dd0e92492788,stage02r_scan_record_v1,EXP-TAIPAN-001,1296,104095,verified,FILE-02R-155f77862ca36b4b,TAIPAN_exp1296_scan104095.dat,e9f45e9e884b3286ce7f6aa5544db960d6f66241ad4723161bff4d3e2af4da18,2023-08-31T00:57:00,2023-08-31T02:04:55,header_start_time_end_time_timezone_unrecorded,55,verified_header_chronology,2023-08-30T06:04:56Z,A001_snapshot_filesystem_metadata_only,FMT-02R-06137a7de1ad,en,energy_transfer,energy_transfer_meV,24.9983,0.9986,verified_point_endpoints_not_command_range,25,en,detector,,,monitor,monitor_controlled,verified,preserved_no_universal_exposure_assumption,verified_count_field_hardware_not_recorded,verified_count_field_hardware_not_recorded,0,,unresolved,,,variable,variable,e,Ei_minus_Ef,verified_global,verified,constant,variable,variable,unresolved,LAT-02R-ae4c74e47a033f66,UB-02R-1d710a6baa059bbb,recorded_UB_auxiliary_orientation_unresolved,PG,,unverified,,unverified,PG,,unverified,,unverified,o-40-40-o,,not_recorded,,not_recorded,,per_channel_in_semantic_report_no_unique_temperature,semantic_verification_report.yaml#environment/SCAN-02R-8dcd5041a8a4e044,semantic_verification_report.yaml#environment/SCAN-02R-8dcd5041a8a4e044,metadata_match_only_not_validated_repeat,50bb9122a607b304701ea575973092d266e36d34be0ed273ed8462c00696203c,8,recorded_header_whitelist_only_no_intensity_or_group_assignment,warning,mode_semantics_unresolved;q_semantics_unresolved;PG_reflection_mosaic_unverified;filter_attenuation_not_recorded;temperature_channel_semantics_unresolved,stage02r_a002_parser_v1,scan_points.csv#SCAN-02R-8dcd5041a8a4e044
SCAN-02R-54bfea84553b4c65,54bfea84553b4c65cc4236c38e5fcb4641ba736e34c1a22b1bf6481767fd167c,stage02r_scan_record_v1,EXP-TAIPAN-001,1296,104096,verified,FILE-02R-d2b0ec8a459c99cd,TAIPAN_exp1296_scan104096.dat,b114f212acd47daba9a9076738772b139b94b11b33ff26daf568bcc4c1a305b8,2023-08-31T02:08:55,2023-08-31T03:16:50,header_start_time_end_time_timezone_unrecorded,56,verified_header_chronology,2023-08-30T07:16:50Z,A001_snapshot_filesystem_metadata_only,FMT-02R-06137a7de1ad,en,energy_transfer,energy_transfer_meV,24.9982,0.9985,verified_point_endpoints_not_command_range,25,en,detector,,,monitor,monitor_controlled,verified,preserved_no_universal_exposure_assumption,verified_count_field_hardware_not_recorded,verified_count_field_hardware_not_recorded,0,,unresolved,,,variable,variable,e,Ei_minus_Ef,verified_global,verified,constant,variable,variable,unresolved,LAT-02R-ae4c74e47a033f66,UB-02R-1d710a6baa059bbb,recorded_UB_auxiliary_orientation_unresolved,PG,,unverified,,unverified,PG,,unverified,,unverified,o-40-40-o,,not_recorded,,not_recorded,,per_channel_in_semantic_report_no_unique_temperature,semantic_verification_report.yaml#environment/SCAN-02R-54bfea84553b4c65,semantic_verification_report.yaml#environment/SCAN-02R-54bfea84553b4c65,metadata_match_only_not_validated_repeat,50bb9122a607b304701ea575973092d266e36d34be0ed273ed8462c00696203c,8,recorded_header_whitelist_only_no_intensity_or_group_assignment,warning,mode_semantics_unresolved;q_semantics_unresolved;PG_reflection_mosaic_unverified;filter_attenuation_not_recorded;temperature_channel_semantics_unresolved,stage02r_a002_parser_v1,scan_points.csv#SCAN-02R-54bfea84553b4c65
SCAN-02R-91de8f7a5ce6984b,91de8f7a5ce6984bbe16adbac704bc2d6f66f4f84d287a801a02f659e74754d4,stage02r_scan_record_v1,EXP-TAIPAN-001,1296,104097,verified,FILE-02R-b3edfec0667b8f81,TAIPAN_exp1296_scan104097.dat,c9df5babcd44dd1784e9688cb118a1e09faa0f2f12bcdfd32b52e355fe258da3,2023-08-31T03:20:49,2023-08-31T04:28:42,header_start_time_end_time_timezone_unrecorded,57,verified_header_chronology,2023-08-30T08:28:42Z,A001_snapshot_filesystem_metadata_only,FMT-02R-06137a7de1ad,en,energy_transfer,energy_transfer_meV,24.9982,0.9986,verified_point_endpoints_not_command_range,25,en,detector,,,monitor,monitor_controlled,verified,preserved_no_universal_exposure_assumption,verified_count_field_hardware_not_recorded,verified_count_field_hardware_not_recorded,0,,unresolved,,,variable,variable,e,Ei_minus_Ef,verified_global,verified,constant,variable,variable,unresolved,LAT-02R-ae4c74e47a033f66,UB-02R-1d710a6baa059bbb,recorded_UB_auxiliary_orientation_unresolved,PG,,unverified,,unverified,PG,,unverified,,unverified,o-40-40-o,,not_recorded,,not_recorded,,per_channel_in_semantic_report_no_unique_temperature,semantic_verification_report.yaml#environment/SCAN-02R-91de8f7a5ce6984b,semantic_verification_report.yaml#environment/SCAN-02R-91de8f7a5ce6984b,metadata_match_only_not_validated_repeat,50bb9122a607b304701ea575973092d266e36d34be0ed273ed8462c00696203c,8,recorded_header_whitelist_only_no_intensity_or_group_assignment,warning,mode_semantics_unresolved;q_semantics_unresolved;PG_reflection_mosaic_unverified;filter_attenuation_not_recorded;temperature_channel_semantics_unresolved,stage02r_a002_parser_v1,scan_points.csv#SCAN-02R-91de8f7a5ce6984b
SCAN-02R-731f452fb62a55bd,731f452fb62a55bdac8595908d6e3e11399cc73722875528171e5b83bac1e7a9,stage02r_scan_record_v1,EXP-TAIPAN-001,1296,104098,verified,FILE-02R-a119883ca3dcd30c,TAIPAN_exp1296_scan104098.dat,e9a7d473e49ef245ff36e61c6c0a9d93de55b77f92f4c71246c7799423e21e90,2023-08-31T04:32:40,2023-08-31T05:40:28,header_start_time_end_time_timezone_unrecorded,58,verified_header_chronology,2023-08-30T09:40:28Z,A001_snapshot_filesystem_metadata_only,FMT-02R-06137a7de1ad,en,energy_transfer,energy_transfer_meV,24.9983,0.9984,verified_point_endpoints_not_command_range,25,en,detector,,,monitor,monitor_controlled,verified,preserved_no_universal_exposure_assumption,verified_count_field_hardware_not_recorded,verified_count_field_hardware_not_recorded,0,,unresolved,,,variable,variable,e,Ei_minus_Ef,verified_global,verified,constant,variable,variable,unresolved,LAT-02R-ae4c74e47a033f66,UB-02R-1d710a6baa059bbb,recorded_UB_auxiliary_orientation_unresolved,PG,,unverified,,unverified,PG,,unverified,,unverified,o-40-40-o,,not_recorded,,not_recorded,,per_channel_in_semantic_report_no_unique_temperature,semantic_verification_report.yaml#environment/SCAN-02R-731f452fb62a55bd,semantic_verification_report.yaml#environment/SCAN-02R-731f452fb62a55bd,metadata_match_only_not_validated_repeat,50bb9122a607b304701ea575973092d266e36d34be0ed273ed8462c00696203c,8,recorded_header_whitelist_only_no_intensity_or_group_assignment,warning,mode_semantics_unresolved;q_semantics_unresolved;PG_reflection_mosaic_unverified;filter_attenuation_not_recorded;temperature_channel_semantics_unresolved,stage02r_a002_parser_v1,scan_points.csv#SCAN-02R-731f452fb62a55bd
SCAN-02R-8641a638f4880175,8641a638f4880175843a77e35d006e9b104565c8050345cd9b7057603459d66b,stage02r_scan_record_v1,EXP-TAIPAN-001,1296,104099,verified,FILE-02R-52eba187558a3c67,TAIPAN_exp1296_scan104099.dat,9e4d8fc6071df1db8feb34105250c26e121dd9402deda18c6c91d6475d3026cf,2023-08-31T05:44:28,2023-08-31T06:52:16,header_start_time_end_time_timezone_unrecorded,59,verified_header_chronology,2023-08-30T10:52:16Z,A001_snapshot_filesystem_metadata_only,FMT-02R-06137a7de1ad,en,energy_transfer,energy_transfer_meV,24.9983,0.9986,verified_point_endpoints_not_command_range,25,en,detector,,,monitor,monitor_controlled,verified,preserved_no_universal_exposure_assumption,verified_count_field_hardware_not_recorded,verified_count_field_hardware_not_recorded,0,,unresolved,,,variable,variable,e,Ei_minus_Ef,verified_global,verified,constant,variable,variable,unresolved,LAT-02R-ae4c74e47a033f66,UB-02R-1d710a6baa059bbb,recorded_UB_auxiliary_orientation_unresolved,PG,,unverified,,unverified,PG,,unverified,,unverified,o-40-40-o,,not_recorded,,not_recorded,,per_channel_in_semantic_report_no_unique_temperature,semantic_verification_report.yaml#environment/SCAN-02R-8641a638f4880175,semantic_verification_report.yaml#environment/SCAN-02R-8641a638f4880175,metadata_match_only_not_validated_repeat,50bb9122a607b304701ea575973092d266e36d34be0ed273ed8462c00696203c,8,recorded_header_whitelist_only_no_intensity_or_group_assignment,warning,mode_semantics_unresolved;q_semantics_unresolved;PG_reflection_mosaic_unverified;filter_attenuation_not_recorded;temperature_channel_semantics_unresolved,stage02r_a002_parser_v1,scan_points.csv#SCAN-02R-8641a638f4880175
SCAN-02R-5e02dde1da14be55,5e02dde1da14be55b05ddba041d033c399913f43cddf5f1be628e8b4a740ecea,stage02r_scan_record_v1,EXP-TAIPAN-001,1296,104100,verified,FILE-02R-be39377fb913fc52,TAIPAN_exp1296_scan104100.dat,acb6072b9c0e32ebe2ff251a7c67987af607f04089870baee19cc0b549908f3c,2023-08-31T06:56:17,2023-08-31T08:04:56,header_start_time_end_time_timezone_unrecorded,60,verified_header_chronology,2023-08-30T12:04:56Z,A001_snapshot_filesystem_metadata_only,FMT-02R-06137a7de1ad,en,energy_transfer,energy_transfer_meV,24.9982,0.9988,verified_point_endpoints_not_command_range,25,en,detector,,,monitor,monitor_controlled,verified,preserved_no_universal_exposure_assumption,verified_count_field_hardware_not_recorded,verified_count_field_hardware_not_recorded,0,,unresolved,,,variable,variable,e,Ei_minus_Ef,verified_global,verified,constant,variable,variable,unresolved,LAT-02R-ae4c74e47a033f66,UB-02R-1d710a6baa059bbb,recorded_UB_auxiliary_orientation_unresolved,PG,,unverified,,unverified,PG,,unverified,,unverified,o-40-40-o,,not_recorded,,not_recorded,,per_channel_in_semantic_report_no_unique_temperature,semantic_verification_report.yaml#environment/SCAN-02R-5e02dde1da14be55,semantic_verification_report.yaml#environment/SCAN-02R-5e02dde1da14be55,metadata_match_only_not_validated_repeat,50bb9122a607b304701ea575973092d266e36d34be0ed273ed8462c00696203c,8,recorded_header_whitelist_only_no_intensity_or_group_assignment,warning,mode_semantics_unresolved;q_semantics_unresolved;PG_reflection_mosaic_unverified;filter_attenuation_not_recorded;temperature_channel_semantics_unresolved,stage02r_a002_parser_v1,scan_points.csv#SCAN-02R-5e02dde1da14be55
SCAN-02R-774f62fc1777bc6b,774f62fc1777bc6b08f21e72e6712083dd93a109d8a3ad02db423e4df1ea5783,stage02r_scan_record_v1,EXP-TAIPAN-001,1296,104101,verified,FILE-02R-e3217e8bc718c0e2,TAIPAN_exp1296_scan104101.dat,b7234750e76979e339119c7d62a8c8e8abe5dfc5ea0fb6a1a1fd207c14ef96b7,2023-08-31T08:08:58,2023-08-31T09:17:49,header_start_time_end_time_timezone_unrecorded,61,verified_header_chronology,2023-08-30T13:19:24Z,A001_snapshot_filesystem_metadata_only,FMT-02R-06137a7de1ad,en,energy_transfer,energy_transfer_meV,24.9975,0.9984,verified_point_endpoints_not_command_range,25,en,detector,,,monitor,monitor_controlled,verified,preserved_no_universal_exposure_assumption,verified_count_field_hardware_not_recorded,verified_count_field_hardware_not_recorded,0,,unresolved,,,variable,variable,e,Ei_minus_Ef,verified_global,verified,constant,variable,variable,unresolved,LAT-02R-ae4c74e47a033f66,UB-02R-1d710a6baa059bbb,recorded_UB_auxiliary_orientation_unresolved,PG,,unverified,,unverified,PG,,unverified,,unverified,o-40-40-o,,not_recorded,,not_recorded,,per_channel_in_semantic_report_no_unique_temperature,semantic_verification_report.yaml#environment/SCAN-02R-774f62fc1777bc6b,semantic_verification_report.yaml#environment/SCAN-02R-774f62fc1777bc6b,metadata_match_only_not_validated_repeat,50bb9122a607b304701ea575973092d266e36d34be0ed273ed8462c00696203c,8,recorded_header_whitelist_only_no_intensity_or_group_assignment,warning,mode_semantics_unresolved;q_semantics_unresolved;PG_reflection_mosaic_unverified;filter_attenuation_not_recorded;temperature_channel_semantics_unresolved,stage02r_a002_parser_v1,scan_points.csv#SCAN-02R-774f62fc1777bc6b
SCAN-02R-652afedf8df9a217,652afedf8df9a217b213cad1c03e6f69be8b5f16881df7c011c18dcef4809fe0,stage02r_scan_record_v1,EXP-TAIPAN-001,1296,104102,verified,FILE-02R-410122dc0a0a0609,TAIPAN_exp1296_scan104102.dat,86919c6438186857ec9b66e3e3c4aeebf032cf6e29486af8218af7d9e3370181,2023-08-31T13:14:40,2023-08-31T13:21:26,header_start_time_end_time_timezone_unrecorded,62,verified_header_chronology,2023-08-30T17:21:28Z,A001_snapshot_filesystem_metadata_only,FMT-02R-00e53630cd36,s1,S1,tas_motor_angle_raw,-0.0018,20.0002,verified_point_endpoints_not_command_range,201,s1,detector,,,time,time_controlled,verified,preserved_no_universal_exposure_assumption,verified_count_field_hardware_not_recorded,verified_count_field_hardware_not_recorded,0,,unresolved,14.8694,14.8709,constant,constant,e,Ei_minus_Ef,verified_global,not_applicable,constant,variable,variable,unresolved,LAT-02R-ae4c74e47a033f66,UB-02R-1d710a6baa059bbb,recorded_UB_auxiliary_orientation_unresolved,PG,,unverified,,unverified,PG,,unverified,,unverified,o-40-40-o,,not_recorded,,not_recorded,,per_channel_in_semantic_report_no_unique_temperature,semantic_verification_report.yaml#environment/SCAN-02R-652afedf8df9a217,semantic_verification_report.yaml#environment/SCAN-02R-652afedf8df9a217,metadata_match_only_not_validated_repeat,e35073d4d51f88910615a3bed4c5b1556e9ecc0a42c70228d36a3d7035711d8e,9,recorded_header_whitelist_only_no_intensity_or_group_assignment,warning,mode_semantics_unresolved;q_semantics_unresolved;PG_reflection_mosaic_unverified;filter_attenuation_not_recorded;temperature_channel_semantics_unresolved,stage02r_a002_parser_v1,scan_points.csv#SCAN-02R-652afedf8df9a217
SCAN-02R-211255ce1a05d229,211255ce1a05d229d0a3de7e980ca3b8e7d52d210a7e8d01c0ac24425c448f7c,stage02r_scan_record_v1,EXP-TAIPAN-001,1296,104103,verified,FILE-02R-975cdb1b1c0c9bd2,TAIPAN_exp1296_scan104103.dat,3648a7237ee046982447ed6781d86e5a0e0ff43aceb424aff6c6a81db227da89,2023-08-31T13:26:34,2023-08-31T13:36:36,header_start_time_end_time_timezone_unrecorded,63,verified_header_chronology,2023-08-30T17:36:36Z,A001_snapshot_filesystem_metadata_only,FMT-02R-00e53630cd36,s1,S1,tas_motor_angle_raw,0.0002,-20.0028,verified_point_endpoints_not_command_range,201,s1,detector,,,time,time_controlled,verified,preserved_no_universal_exposure_assumption,verified_count_field_hardware_not_recorded,verified_count_field_hardware_not_recorded,0,,unresolved,14.8694,14.8709,constant,constant,e,Ei_minus_Ef,verified_global,not_applicable,constant,variable,variable,unresolved,LAT-02R-ae4c74e47a033f66,UB-02R-1d710a6baa059bbb,recorded_UB_auxiliary_orientation_unresolved,PG,,unverified,,unverified,PG,,unverified,,unverified,o-40-40-o,,not_recorded,,not_recorded,,per_channel_in_semantic_report_no_unique_temperature,semantic_verification_report.yaml#environment/SCAN-02R-211255ce1a05d229,semantic_verification_report.yaml#environment/SCAN-02R-211255ce1a05d229,metadata_match_only_not_validated_repeat,e35073d4d51f88910615a3bed4c5b1556e9ecc0a42c70228d36a3d7035711d8e,9,recorded_header_whitelist_only_no_intensity_or_group_assignment,warning,mode_semantics_unresolved;q_semantics_unresolved;PG_reflection_mosaic_unverified;filter_attenuation_not_recorded;temperature_channel_semantics_unresolved,stage02r_a002_parser_v1,scan_points.csv#SCAN-02R-211255ce1a05d229
SCAN-02R-bc0f4f0c3548d67f,bc0f4f0c3548d67fdb623b763b4198d977bf962b9f2dc314eadc137543687293,stage02r_scan_record_v1,EXP-TAIPAN-001,1296,104104,verified,FILE-02R-4bf9457dca51fccc,TAIPAN_exp1296_scan104104.dat,c3ab9be745345e2659d06e665505fc9ae1c43000439cedb4b668d83b047af588,2023-08-31T13:42:27,2023-08-31T13:43:53,header_start_time_end_time_timezone_unrecorded,64,verified_header_chronology,2023-08-30T17:43:54Z,A001_snapshot_filesystem_metadata_only,FMT-02R-00e53630cd36,s1,S1,tas_motor_angle_raw,-17.0032,-15.8997,verified_point_endpoints_not_command_range,51,s1,detector,,,time,time_controlled,verified,preserved_no_universal_exposure_assumption,verified_count_field_hardware_not_recorded,verified_count_field_hardware_not_recorded,0,,unresolved,14.8694,14.8709,constant,constant,e,Ei_minus_Ef,verified_global,not_applicable,constant,variable,variable,unresolved,LAT-02R-ae4c74e47a033f66,UB-02R-1d710a6baa059bbb,recorded_UB_auxiliary_orientation_unresolved,PG,,unverified,,unverified,PG,,unverified,,unverified,o-40-40-o,,not_recorded,,not_recorded,,per_channel_in_semantic_report_no_unique_temperature,semantic_verification_report.yaml#environment/SCAN-02R-bc0f4f0c3548d67f,semantic_verification_report.yaml#environment/SCAN-02R-bc0f4f0c3548d67f,metadata_match_only_not_validated_repeat,e35073d4d51f88910615a3bed4c5b1556e9ecc0a42c70228d36a3d7035711d8e,9,recorded_header_whitelist_only_no_intensity_or_group_assignment,warning,mode_semantics_unresolved;q_semantics_unresolved;PG_reflection_mosaic_unverified;filter_attenuation_not_recorded;temperature_channel_semantics_unresolved,stage02r_a002_parser_v1,scan_points.csv#SCAN-02R-bc0f4f0c3548d67f
SCAN-02R-251028aabdf3c3e7,251028aabdf3c3e76f9ed8947c715324453a601eb2bc33035b362d688a3853cc,stage02r_scan_record_v1,EXP-TAIPAN-001,1296,104105,verified,FILE-02R-56a3d2571deda3b4,TAIPAN_exp1296_scan104105.dat,7a9a0f7691060aae665c5f9c541b1a129586feee3cbec0a87dd1d26f9504bce0,2023-08-31T13:49:53,2023-08-31T13:50:49,header_start_time_end_time_timezone_unrecorded,65,verified_header_chronology,2023-08-30T17:50:48Z,A001_snapshot_filesystem_metadata_only,FMT-02R-a20370d76087,sgl,,unresolved,,,unresolved_mapping,21,sgl,detector,,,time,time_controlled,verified,preserved_no_universal_exposure_assumption,verified_count_field_hardware_not_recorded,verified_count_field_hardware_not_recorded,0,,unresolved,14.8694,14.8709,constant,constant,e,Ei_minus_Ef,verified_global,not_applicable,constant,constant,constant,unresolved,LAT-02R-ae4c74e47a033f66,UB-02R-1d710a6baa059bbb,recorded_UB_auxiliary_orientation_unresolved,PG,,unverified,,unverified,PG,,unverified,,unverified,o-40-40-o,,not_recorded,,not_recorded,,per_channel_in_semantic_report_no_unique_temperature,semantic_verification_report.yaml#environment/SCAN-02R-251028aabdf3c3e7,semantic_verification_report.yaml#environment/SCAN-02R-251028aabdf3c3e7,metadata_match_only_not_validated_repeat,7748023af74d9a562b27857675f6a9ea75ca1167e9515099d866876a528de0c4,2,recorded_header_whitelist_only_no_intensity_or_group_assignment,warning,mode_semantics_unresolved;q_semantics_unresolved;PG_reflection_mosaic_unverified;filter_attenuation_not_recorded;temperature_channel_semantics_unresolved;scan_range_unresolved_mapping,stage02r_a002_parser_v1,scan_points.csv#SCAN-02R-251028aabdf3c3e7
SCAN-02R-59fa80474896a50b,59fa80474896a50b4573e2b545dfb2c6ea45822742c7bae34b91000fbea6c76b,stage02r_scan_record_v1,EXP-TAIPAN-001,1296,104106,verified,FILE-02R-5a38e4c96d738a19,TAIPAN_exp1296_scan104106.dat,06b109d3e6f208d804b9a44095ef9c4cf16d6c81c6f79c926383ae5cc23148d2,2023-08-31T13:52:53,2023-08-31T13:53:48,header_start_time_end_time_timezone_unrecorded,66,verified_header_chronology,2023-08-30T17:53:48Z,A001_snapshot_filesystem_metadata_only,FMT-02R-365d8346d6ba,sgu,,unresolved,,,unresolved_mapping,21,sgu,detector,,,time,time_controlled,verified,preserved_no_universal_exposure_assumption,verified_count_field_hardware_not_recorded,verified_count_field_hardware_not_recorded,0,,unresolved,14.8694,14.8709,constant,constant,e,Ei_minus_Ef,verified_global,not_applicable,constant,constant,constant,unresolved,LAT-02R-ae4c74e47a033f66,UB-02R-1d710a6baa059bbb,recorded_UB_auxiliary_orientation_unresolved,PG,,unverified,,unverified,PG,,unverified,,unverified,o-40-40-o,,not_recorded,,not_recorded,,per_channel_in_semantic_report_no_unique_temperature,semantic_verification_report.yaml#environment/SCAN-02R-59fa80474896a50b,semantic_verification_report.yaml#environment/SCAN-02R-59fa80474896a50b,metadata_match_only_not_validated_repeat,1503a29b75b24cc0dd10025147f48795c6dd2c4b2111eca1de2de9e851c86161,2,recorded_header_whitelist_only_no_intensity_or_group_assignment,warning,mode_semantics_unresolved;q_semantics_unresolved;PG_reflection_mosaic_unverified;filter_attenuation_not_recorded;temperature_channel_semantics_unresolved;scan_range_unresolved_mapping,stage02r_a002_parser_v1,scan_points.csv#SCAN-02R-59fa80474896a50b
SCAN-02R-49c7081b477e8f3d,49c7081b477e8f3d3a689e9feac8f2098c2b7f8098b5e820326c32db66d051e5,stage02r_scan_record_v1,EXP-TAIPAN-001,1296,104107,verified,FILE-02R-a98cdafc1ca03212,TAIPAN_exp1296_scan104107.dat,ac616d5af3c09d49b28b37c093ff221be3027d836584562aa48d304bdf5c1c1a,2023-08-31T13:55:16,2023-08-31T13:56:42,header_start_time_end_time_timezone_unrecorded,67,verified_header_chronology,2023-08-30T17:56:42Z,A001_snapshot_filesystem_metadata_only,FMT-02R-00e53630cd36,s1,S1,tas_motor_angle_raw,-17.0028,-15.8995,verified_point_endpoints_not_command_range,51,s1,detector,,,time,time_controlled,verified,preserved_no_universal_exposure_assumption,verified_count_field_hardware_not_recorded,verified_count_field_hardware_not_recorded,0,,unresolved,14.8694,14.8709,constant,constant,e,Ei_minus_Ef,verified_global,not_applicable,constant,variable,variable,unresolved,LAT-02R-ae4c74e47a033f66,UB-02R-1d710a6baa059bbb,recorded_UB_auxiliary_orientation_unresolved,PG,,unverified,,unverified,PG,,unverified,,unverified,o-40-40-o,,not_recorded,,not_recorded,,per_channel_in_semantic_report_no_unique_temperature,semantic_verification_report.yaml#environment/SCAN-02R-49c7081b477e8f3d,semantic_verification_report.yaml#environment/SCAN-02R-49c7081b477e8f3d,metadata_match_only_not_validated_repeat,e35073d4d51f88910615a3bed4c5b1556e9ecc0a42c70228d36a3d7035711d8e,9,recorded_header_whitelist_only_no_intensity_or_group_assignment,warning,mode_semantics_unresolved;q_semantics_unresolved;PG_reflection_mosaic_unverified;filter_attenuation_not_recorded;temperature_channel_semantics_unresolved,stage02r_a002_parser_v1,scan_points.csv#SCAN-02R-49c7081b477e8f3d
SCAN-02R-072b13029deb0fba,072b13029deb0fba1a8750a90acfe70703d0d2540e9a2c4897f518248d961dec,stage02r_scan_record_v1,EXP-TAIPAN-001,1296,104108,verified,FILE-02R-e91eb964799b0944,TAIPAN_exp1296_scan104108.dat,ab1681ca84782036935b56ec16e36269d4ef07f303bafc994a5fd94c18aaaa17,2023-08-31T14:03:51,2023-08-31T14:05:44,header_start_time_end_time_timezone_unrecorded,68,verified_header_chronology,2023-08-30T18:05:44Z,A001_snapshot_filesystem_metadata_only,FMT-02R-de66a609ccd2,s2,S2,tas_motor_angle_raw,-38.0019,-34.0038,verified_point_endpoints_not_command_range,21,s2,detector,,,time,time_controlled,verified,preserved_no_universal_exposure_assumption,verified_count_field_hardware_not_recorded,verified_count_field_hardware_not_recorded,0,,unresolved,14.8694,,constant,variable,e,Ei_minus_Ef,verified_global,not_applicable,constant,variable,variable,unresolved,LAT-02R-ae4c74e47a033f66,UB-02R-1d710a6baa059bbb,recorded_UB_auxiliary_orientation_unresolved,PG,,unverified,,unverified,PG,,unverified,,unverified,o-40-40-o,,not_recorded,,not_recorded,,per_channel_in_semantic_report_no_unique_temperature,semantic_verification_report.yaml#environment/SCAN-02R-072b13029deb0fba,semantic_verification_report.yaml#environment/SCAN-02R-072b13029deb0fba,metadata_match_only_not_validated_repeat,7a173a75cbda8c435e1aec8eef85bf04bfe7931fee0fd63f2c6314f1ecdf619b,3,recorded_header_whitelist_only_no_intensity_or_group_assignment,warning,mode_semantics_unresolved;q_semantics_unresolved;PG_reflection_mosaic_unverified;filter_attenuation_not_recorded;temperature_channel_semantics_unresolved,stage02r_a002_parser_v1,scan_points.csv#SCAN-02R-072b13029deb0fba
SCAN-02R-7493a417e6451013,7493a417e6451013776852710f870e0353ac596be3df8516e68fc4894cfdf5c7,stage02r_scan_record_v1,EXP-TAIPAN-001,1296,104109,verified,FILE-02R-c05367f62e677421,TAIPAN_exp1296_scan104109.dat,ff9514ad04661bda8509c047c66ca11a15214a5249bf61e0cfab06e8b1ebf4c0,2023-08-31T14:07:25,2023-08-31T14:09:08,header_start_time_end_time_timezone_unrecorded,69,verified_header_chronology,2023-08-30T18:09:08Z,A001_snapshot_filesystem_metadata_only,FMT-02R-de66a609ccd2,s2,S2,tas_motor_angle_raw,-36.7519,-35.0022,verified_point_endpoints_not_command_range,21,s2,detector,,,time,time_controlled,verified,preserved_no_universal_exposure_assumption,verified_count_field_hardware_not_recorded,verified_count_field_hardware_not_recorded,0,,unresolved,14.8694,,constant,variable,e,Ei_minus_Ef,verified_global,not_applicable,constant,variable,variable,unresolved,LAT-02R-ae4c74e47a033f66,UB-02R-1d710a6baa059bbb,recorded_UB_auxiliary_orientation_unresolved,PG,,unverified,,unverified,PG,,unverified,,unverified,o-40-40-o,,not_recorded,,not_recorded,,per_channel_in_semantic_report_no_unique_temperature,semantic_verification_report.yaml#environment/SCAN-02R-7493a417e6451013,semantic_verification_report.yaml#environment/SCAN-02R-7493a417e6451013,metadata_match_only_not_validated_repeat,7a173a75cbda8c435e1aec8eef85bf04bfe7931fee0fd63f2c6314f1ecdf619b,3,recorded_header_whitelist_only_no_intensity_or_group_assignment,warning,mode_semantics_unresolved;q_semantics_unresolved;PG_reflection_mosaic_unverified;filter_attenuation_not_recorded;temperature_channel_semantics_unresolved,stage02r_a002_parser_v1,scan_points.csv#SCAN-02R-7493a417e6451013
SCAN-02R-a9a9857e0e5183b2,a9a9857e0e5183b228cb6ed87b19bc8898deeca2f34f386382ddb0b6dc58c2ab,stage02r_scan_record_v1,EXP-TAIPAN-001,1296,104110,verified,FILE-02R-a2d17d3a2580b423,TAIPAN_exp1296_scan104110.dat,81083819e93ee7d9311811d03f4c0295931ff1e5170bed3d3411543dada0e2d0,2023-08-31T14:15:05,2023-08-31T14:15:54,header_start_time_end_time_timezone_unrecorded,70,verified_header_chronology,2023-08-30T18:15:54Z,A001_snapshot_filesystem_metadata_only,FMT-02R-00e53630cd36,s1,S1,tas_motor_angle_raw,-78.0028,-69.9986,verified_point_endpoints_not_command_range,21,s1,detector,,,time,time_controlled,verified,preserved_no_universal_exposure_assumption,verified_count_field_hardware_not_recorded,verified_count_field_hardware_not_recorded,0,,unresolved,14.8694,14.8713,constant,constant,e,Ei_minus_Ef,verified_global,not_applicable,constant,variable,variable,unresolved,LAT-02R-ae4c74e47a033f66,UB-02R-1d710a6baa059bbb,recorded_UB_auxiliary_orientation_unresolved,PG,,unverified,,unverified,PG,,unverified,,unverified,o-40-40-o,,not_recorded,,not_recorded,,per_channel_in_semantic_report_no_unique_temperature,semantic_verification_report.yaml#environment/SCAN-02R-a9a9857e0e5183b2,semantic_verification_report.yaml#environment/SCAN-02R-a9a9857e0e5183b2,metadata_match_only_not_validated_repeat,e35073d4d51f88910615a3bed4c5b1556e9ecc0a42c70228d36a3d7035711d8e,9,recorded_header_whitelist_only_no_intensity_or_group_assignment,warning,mode_semantics_unresolved;q_semantics_unresolved;PG_reflection_mosaic_unverified;filter_attenuation_not_recorded;temperature_channel_semantics_unresolved,stage02r_a002_parser_v1,scan_points.csv#SCAN-02R-a9a9857e0e5183b2
SCAN-02R-af1610dac9676d6c,af1610dac9676d6cbe8cdc6c36184d736d421a2c836be117c29117a97e70ef97,stage02r_scan_record_v1,EXP-TAIPAN-001,1296,104111,verified,FILE-02R-6a8bab42345cf933,TAIPAN_exp1296_scan104111.dat,10acb48a03f3b4c18dfd558cffb1f3a58b92b1ee572dfece2de45f4520bb1482,2023-08-31T14:17:26,2023-08-31T14:18:17,header_start_time_end_time_timezone_unrecorded,71,verified_header_chronology,2023-08-30T18:18:18Z,A001_snapshot_filesystem_metadata_only,FMT-02R-00e53630cd36,s1,S1,tas_motor_angle_raw,-94.9996,-84.9986,verified_point_endpoints_not_command_range,21,s1,detector,,,time,time_controlled,verified,preserved_no_universal_exposure_assumption,verified_count_field_hardware_not_recorded,verified_count_field_hardware_not_recorded,0,,unresolved,14.8694,14.8713,constant,constant,e,Ei_minus_Ef,verified_global,not_applicable,constant,variable,variable,unresolved,LAT-02R-ae4c74e47a033f66,UB-02R-1d710a6baa059bbb,recorded_UB_auxiliary_orientation_unresolved,PG,,unverified,,unverified,PG,,unverified,,unverified,o-40-40-o,,not_recorded,,not_recorded,,per_channel_in_semantic_report_no_unique_temperature,semantic_verification_report.yaml#environment/SCAN-02R-af1610dac9676d6c,semantic_verification_report.yaml#environment/SCAN-02R-af1610dac9676d6c,metadata_match_only_not_validated_repeat,e35073d4d51f88910615a3bed4c5b1556e9ecc0a42c70228d36a3d7035711d8e,9,recorded_header_whitelist_only_no_intensity_or_group_assignment,warning,mode_semantics_unresolved;q_semantics_unresolved;PG_reflection_mosaic_unverified;filter_attenuation_not_recorded;temperature_channel_semantics_unresolved,stage02r_a002_parser_v1,scan_points.csv#SCAN-02R-af1610dac9676d6c
SCAN-02R-43d400370d39ebe7,43d400370d39ebe77f534bfd035cbe104b318832c6006d2869fe053dd8e5f575,stage02r_scan_record_v1,EXP-TAIPAN-001,1296,104112,verified,FILE-02R-617a2a398a2b60f6,TAIPAN_exp1296_scan104112.dat,f37b73fbf57849a7bb2848da7f85a0cc4f2757a3e7ce4728cdcb82972187e4af,2023-08-31T14:20:07,2023-08-31T14:21:13,header_start_time_end_time_timezone_unrecorded,72,verified_header_chronology,2023-08-30T18:21:14Z,A001_snapshot_filesystem_metadata_only,FMT-02R-00e53630cd36,s1,S1,tas_motor_angle_raw,-104.0001,-114.0050,verified_point_endpoints_not_command_range,21,s1,detector,,,time,time_controlled,verified,preserved_no_universal_exposure_assumption,verified_count_field_hardware_not_recorded,verified_count_field_hardware_not_recorded,0,,unresolved,14.8694,14.8713,constant,constant,e,Ei_minus_Ef,verified_global,not_applicable,constant,variable,variable,unresolved,LAT-02R-ae4c74e47a033f66,UB-02R-1d710a6baa059bbb,recorded_UB_auxiliary_orientation_unresolved,PG,,unverified,,unverified,PG,,unverified,,unverified,o-40-40-o,,not_recorded,,not_recorded,,per_channel_in_semantic_report_no_unique_temperature,semantic_verification_report.yaml#environment/SCAN-02R-43d400370d39ebe7,semantic_verification_report.yaml#environment/SCAN-02R-43d400370d39ebe7,metadata_match_only_not_validated_repeat,e35073d4d51f88910615a3bed4c5b1556e9ecc0a42c70228d36a3d7035711d8e,9,recorded_header_whitelist_only_no_intensity_or_group_assignment,warning,mode_semantics_unresolved;q_semantics_unresolved;PG_reflection_mosaic_unverified;filter_attenuation_not_recorded;temperature_channel_semantics_unresolved,stage02r_a002_parser_v1,scan_points.csv#SCAN-02R-43d400370d39ebe7
SCAN-02R-076c78acdde2d2d0,076c78acdde2d2d0d924f3d2c05791127de8807e37cf3d4f03b627fd56d0144d,stage02r_scan_record_v1,EXP-TAIPAN-001,1296,104113,verified,FILE-02R-97c73e3850f8c504,TAIPAN_exp1296_scan104113.dat,f89217285403096ea7061c254beabc5321844b54db9b8a31a19769ea89d6cacb,2023-08-31T14:22:25,2023-08-31T14:23:07,header_start_time_end_time_timezone_unrecorded,73,verified_header_chronology,2023-08-30T18:23:08Z,A001_snapshot_filesystem_metadata_only,FMT-02R-00e53630cd36,s1,S1,tas_motor_angle_raw,-115.0042,-112.0003,verified_point_endpoints_not_command_range,21,s1,detector,,,time,time_controlled,verified,preserved_no_universal_exposure_assumption,verified_count_field_hardware_not_recorded,verified_count_field_hardware_not_recorded,0,,unresolved,14.8694,14.8713,constant,constant,e,Ei_minus_Ef,verified_global,not_applicable,constant,variable,variable,unresolved,LAT-02R-ae4c74e47a033f66,UB-02R-1d710a6baa059bbb,recorded_UB_auxiliary_orientation_unresolved,PG,,unverified,,unverified,PG,,unverified,,unverified,o-40-40-o,,not_recorded,,not_recorded,,per_channel_in_semantic_report_no_unique_temperature,semantic_verification_report.yaml#environment/SCAN-02R-076c78acdde2d2d0,semantic_verification_report.yaml#environment/SCAN-02R-076c78acdde2d2d0,metadata_match_only_not_validated_repeat,e35073d4d51f88910615a3bed4c5b1556e9ecc0a42c70228d36a3d7035711d8e,9,recorded_header_whitelist_only_no_intensity_or_group_assignment,warning,mode_semantics_unresolved;q_semantics_unresolved;PG_reflection_mosaic_unverified;filter_attenuation_not_recorded;temperature_channel_semantics_unresolved,stage02r_a002_parser_v1,scan_points.csv#SCAN-02R-076c78acdde2d2d0
SCAN-02R-33c7ae4485edcd17,33c7ae4485edcd1793ffbcc250a6f2e283afe873f4de1a640dae30e1838a5b6e,stage02r_scan_record_v1,EXP-TAIPAN-001,1296,104114,verified,FILE-02R-11dfd86ada18ae28,TAIPAN_exp1296_scan104114.dat,d467febd686e8bbaec93d829b13819f7febe19bcceeb4f95ea28ea0b208790af,2023-08-31T14:24:31,2023-08-31T14:26:01,header_start_time_end_time_timezone_unrecorded,74,verified_header_chronology,2023-08-30T18:26:02Z,A001_snapshot_filesystem_metadata_only,FMT-02R-00e53630cd36,s1,S1,tas_motor_angle_raw,-114.0037,-112.4998,verified_point_endpoints_not_command_range,51,s1,detector,,,time,time_controlled,verified,preserved_no_universal_exposure_assumption,verified_count_field_hardware_not_recorded,verified_count_field_hardware_not_recorded,0,,unresolved,14.8694,14.8713,constant,constant,e,Ei_minus_Ef,verified_global,not_applicable,constant,variable,variable,unresolved,LAT-02R-ae4c74e47a033f66,UB-02R-1d710a6baa059bbb,recorded_UB_auxiliary_orientation_unresolved,PG,,unverified,,unverified,PG,,unverified,,unverified,o-40-40-o,,not_recorded,,not_recorded,,per_channel_in_semantic_report_no_unique_temperature,semantic_verification_report.yaml#environment/SCAN-02R-33c7ae4485edcd17,semantic_verification_report.yaml#environment/SCAN-02R-33c7ae4485edcd17,metadata_match_only_not_validated_repeat,e35073d4d51f88910615a3bed4c5b1556e9ecc0a42c70228d36a3d7035711d8e,9,recorded_header_whitelist_only_no_intensity_or_group_assignment,warning,mode_semantics_unresolved;q_semantics_unresolved;PG_reflection_mosaic_unverified;filter_attenuation_not_recorded;temperature_channel_semantics_unresolved,stage02r_a002_parser_v1,scan_points.csv#SCAN-02R-33c7ae4485edcd17
SCAN-02R-4f9204b624c2d482,4f9204b624c2d48277c751120548e3bc9d0c3f9a6aeb6b7caf52b0867ac3213e,stage02r_scan_record_v1,EXP-TAIPAN-001,1296,104115,verified,FILE-02R-f8fbd7ad64cebea7,TAIPAN_exp1296_scan104115.dat,3f6d08acb6bd535d69c4265fa7ee6f5d44c9222eeece30eea462538fec696b5b,2023-08-31T14:28:27,2023-08-31T14:32:39,header_start_time_end_time_timezone_unrecorded,75,verified_header_chronology,2023-08-30T18:32:40Z,A001_snapshot_filesystem_metadata_only,FMT-02R-de66a609ccd2,s2,S2,tas_motor_angle_raw,-49.0049,-51.0021,verified_point_endpoints_not_command_range,21,s2,detector,,,time,time_controlled,verified,preserved_no_universal_exposure_assumption,verified_count_field_hardware_not_recorded,verified_count_field_hardware_not_recorded,0,,unresolved,14.8694,,constant,variable,e,Ei_minus_Ef,verified_global,not_applicable,constant,variable,variable,unresolved,LAT-02R-ae4c74e47a033f66,UB-02R-1d710a6baa059bbb,recorded_UB_auxiliary_orientation_unresolved,PG,,unverified,,unverified,PG,,unverified,,unverified,o-40-40-o,,not_recorded,,not_recorded,,per_channel_in_semantic_report_no_unique_temperature,semantic_verification_report.yaml#environment/SCAN-02R-4f9204b624c2d482,semantic_verification_report.yaml#environment/SCAN-02R-4f9204b624c2d482,metadata_match_only_not_validated_repeat,7a173a75cbda8c435e1aec8eef85bf04bfe7931fee0fd63f2c6314f1ecdf619b,3,recorded_header_whitelist_only_no_intensity_or_group_assignment,warning,mode_semantics_unresolved;q_semantics_unresolved;PG_reflection_mosaic_unverified;filter_attenuation_not_recorded;temperature_channel_semantics_unresolved,stage02r_a002_parser_v1,scan_points.csv#SCAN-02R-4f9204b624c2d482
SCAN-02R-7d946974f8e94f38,7d946974f8e94f38f96db848a1f7f3237f178161313bb33c2421f8e313e3a54a,stage02r_scan_record_v1,EXP-TAIPAN-001,1296,104116,verified,FILE-02R-b8ec3f5c2c448132,TAIPAN_exp1296_scan104116.dat,051b80b0a9b681e6966953edcc3c2a9ebed904f4a5f892181001706cd19ca3f8,2023-08-31T14:36:27,2023-08-31T14:37:23,header_start_time_end_time_timezone_unrecorded,76,verified_header_chronology,2023-08-30T18:37:24Z,A001_snapshot_filesystem_metadata_only,FMT-02R-a20370d76087,sgl,,unresolved,,,unresolved_mapping,21,sgl,detector,,,time,time_controlled,verified,preserved_no_universal_exposure_assumption,verified_count_field_hardware_not_recorded,verified_count_field_hardware_not_recorded,0,,unresolved,14.8694,14.8713,constant,constant,e,Ei_minus_Ef,verified_global,not_applicable,constant,constant,constant,unresolved,LAT-02R-ae4c74e47a033f66,UB-02R-1d710a6baa059bbb,recorded_UB_auxiliary_orientation_unresolved,PG,,unverified,,unverified,PG,,unverified,,unverified,o-40-40-o,,not_recorded,,not_recorded,,per_channel_in_semantic_report_no_unique_temperature,semantic_verification_report.yaml#environment/SCAN-02R-7d946974f8e94f38,semantic_verification_report.yaml#environment/SCAN-02R-7d946974f8e94f38,metadata_match_only_not_validated_repeat,7748023af74d9a562b27857675f6a9ea75ca1167e9515099d866876a528de0c4,2,recorded_header_whitelist_only_no_intensity_or_group_assignment,warning,mode_semantics_unresolved;q_semantics_unresolved;PG_reflection_mosaic_unverified;filter_attenuation_not_recorded;temperature_channel_semantics_unresolved;scan_range_unresolved_mapping,stage02r_a002_parser_v1,scan_points.csv#SCAN-02R-7d946974f8e94f38
SCAN-02R-379ac295ed92a194,379ac295ed92a1945e12cfb09fc95d655be64869762b7b3cfbbbeadea5ecd2e3,stage02r_scan_record_v1,EXP-TAIPAN-001,1296,104117,verified,FILE-02R-dc3481f974957a00,TAIPAN_exp1296_scan104117.dat,f6b51d2cc4edc3b32f7673de6a652d97ff00c3330dbdcc51be19fecf58eaa235,2023-08-31T14:39:49,2023-08-31T14:40:44,header_start_time_end_time_timezone_unrecorded,77,verified_header_chronology,2023-08-30T18:40:44Z,A001_snapshot_filesystem_metadata_only,FMT-02R-365d8346d6ba,sgu,,unresolved,,,unresolved_mapping,21,sgu,detector,,,time,time_controlled,verified,preserved_no_universal_exposure_assumption,verified_count_field_hardware_not_recorded,verified_count_field_hardware_not_recorded,0,,unresolved,14.8694,14.8713,constant,constant,e,Ei_minus_Ef,verified_global,not_applicable,constant,constant,constant,unresolved,LAT-02R-ae4c74e47a033f66,UB-02R-1d710a6baa059bbb,recorded_UB_auxiliary_orientation_unresolved,PG,,unverified,,unverified,PG,,unverified,,unverified,o-40-40-o,,not_recorded,,not_recorded,,per_channel_in_semantic_report_no_unique_temperature,semantic_verification_report.yaml#environment/SCAN-02R-379ac295ed92a194,semantic_verification_report.yaml#environment/SCAN-02R-379ac295ed92a194,metadata_match_only_not_validated_repeat,1503a29b75b24cc0dd10025147f48795c6dd2c4b2111eca1de2de9e851c86161,2,recorded_header_whitelist_only_no_intensity_or_group_assignment,warning,mode_semantics_unresolved;q_semantics_unresolved;PG_reflection_mosaic_unverified;filter_attenuation_not_recorded;temperature_channel_semantics_unresolved;scan_range_unresolved_mapping,stage02r_a002_parser_v1,scan_points.csv#SCAN-02R-379ac295ed92a194
SCAN-02R-facac32c4f9e5032,facac32c4f9e50328ae40a8de7629e0a1e48886c94ad95db8acf3a11329f5930,stage02r_scan_record_v1,EXP-TAIPAN-001,1296,104118,verified,FILE-02R-d845fea91633e63c,TAIPAN_exp1296_scan104118.dat,921e6a62d3d9b26538633bd9759466476f2bd1bbb5b0d15155673d1ef30a53b2,2023-08-31T14:57:00,2023-08-31T15:01:35,header_start_time_end_time_timezone_unrecorded,78,verified_header_chronology,2023-08-30T19:01:36Z,A001_snapshot_filesystem_metadata_only,FMT-02R-fb75879b9023,qk,k,reciprocal_lattice_coordinate,1.8001,2.2000,verified_point_endpoints_not_command_range,21,qk,detector,,,time,time_controlled,verified,preserved_no_universal_exposure_assumption,verified_count_field_hardware_not_recorded,verified_count_field_hardware_not_recorded,0,,unresolved,14.8694,,constant,variable,e,Ei_minus_Ef,verified_global,not_applicable,constant,variable,variable,unresolved,LAT-02R-517a9644e4f59287,UB-02R-c7cdba07fed2dfd7,recorded_UB_auxiliary_orientation_unresolved,PG,,unverified,,unverified,PG,,unverified,,unverified,o-40-40-o,,not_recorded,,not_recorded,,per_channel_in_semantic_report_no_unique_temperature,semantic_verification_report.yaml#environment/SCAN-02R-facac32c4f9e5032,semantic_verification_report.yaml#environment/SCAN-02R-facac32c4f9e5032,metadata_match_only_not_validated_repeat,9fc1a8a98f650c2d8b647ca23262e5926aeb03eaf5791707c9b514d4f61744db,6,recorded_header_whitelist_only_no_intensity_or_group_assignment,warning,mode_semantics_unresolved;q_semantics_unresolved;PG_reflection_mosaic_unverified;filter_attenuation_not_recorded;temperature_channel_semantics_unresolved,stage02r_a002_parser_v1,scan_points.csv#SCAN-02R-facac32c4f9e5032
SCAN-02R-5b80daccf8c23dd0,5b80daccf8c23dd070088f3f443da6c2dff5981966a38988f7cbd9014557b992,stage02r_scan_record_v1,EXP-TAIPAN-001,1296,104119,verified,FILE-02R-50ed3a6aa1d85618,TAIPAN_exp1296_scan104119.dat,b97dc139f25307e6a08abb5e9fed818f90a166d4be8d656962dd454485892c04,2023-08-31T15:02:06,2023-08-31T15:06:19,header_start_time_end_time_timezone_unrecorded,79,verified_header_chronology,2023-08-30T19:06:20Z,A001_snapshot_filesystem_metadata_only,FMT-02R-fb75879b9023,qk,k,reciprocal_lattice_coordinate,1.9502,2.0501,verified_point_endpoints_not_command_range,21,qk,detector,,,time,time_controlled,verified,preserved_no_universal_exposure_assumption,verified_count_field_hardware_not_recorded,verified_count_field_hardware_not_recorded,0,,unresolved,14.8694,,constant,variable,e,Ei_minus_Ef,verified_global,not_applicable,constant,variable,variable,unresolved,LAT-02R-517a9644e4f59287,UB-02R-c7cdba07fed2dfd7,recorded_UB_auxiliary_orientation_unresolved,PG,,unverified,,unverified,PG,,unverified,,unverified,o-40-40-o,,not_recorded,,not_recorded,,per_channel_in_semantic_report_no_unique_temperature,semantic_verification_report.yaml#environment/SCAN-02R-5b80daccf8c23dd0,semantic_verification_report.yaml#environment/SCAN-02R-5b80daccf8c23dd0,metadata_match_only_not_validated_repeat,9fc1a8a98f650c2d8b647ca23262e5926aeb03eaf5791707c9b514d4f61744db,6,recorded_header_whitelist_only_no_intensity_or_group_assignment,warning,mode_semantics_unresolved;q_semantics_unresolved;PG_reflection_mosaic_unverified;filter_attenuation_not_recorded;temperature_channel_semantics_unresolved,stage02r_a002_parser_v1,scan_points.csv#SCAN-02R-5b80daccf8c23dd0
SCAN-02R-94943265720dfbae,94943265720dfbae49b0c5ecb4fd6164da765733f9903898515ce000531ab51f,stage02r_scan_record_v1,EXP-TAIPAN-001,1296,104120,verified,FILE-02R-46dfb210c943bc7c,TAIPAN_exp1296_scan104120.dat,0ed45adfc4dd22b536cae3c07afb416e7f9e3787332c93f4b6e325f0515ff2c9,2023-08-31T15:07:02,2023-08-31T15:07:42,header_start_time_end_time_timezone_unrecorded,80,verified_header_chronology,2023-08-30T19:07:42Z,A001_snapshot_filesystem_metadata_only,FMT-02R-42b66acce1bb,ql,l,reciprocal_lattice_coordinate,-0.0504,0.0497,verified_point_endpoints_not_command_range,21,ql,detector,,,time,time_controlled,verified,preserved_no_universal_exposure_assumption,verified_count_field_hardware_not_recorded,verified_count_field_hardware_not_recorded,0,,unresolved,14.8694,14.8713,constant,constant,e,Ei_minus_Ef,verified_global,not_applicable,constant,variable,variable,unresolved,LAT-02R-517a9644e4f59287,UB-02R-c7cdba07fed2dfd7,recorded_UB_auxiliary_orientation_unresolved,PG,,unverified,,unverified,PG,,unverified,,unverified,o-40-40-o,,not_recorded,,not_recorded,,per_channel_in_semantic_report_no_unique_temperature,semantic_verification_report.yaml#environment/SCAN-02R-94943265720dfbae,semantic_verification_report.yaml#environment/SCAN-02R-94943265720dfbae,metadata_match_only_not_validated_repeat,20cf533f08b0208dbf5256aa407025091a16016050552ef4844baa06817799f6,6,recorded_header_whitelist_only_no_intensity_or_group_assignment,warning,mode_semantics_unresolved;q_semantics_unresolved;PG_reflection_mosaic_unverified;filter_attenuation_not_recorded;temperature_channel_semantics_unresolved,stage02r_a002_parser_v1,scan_points.csv#SCAN-02R-94943265720dfbae
SCAN-02R-dc90a5b672d54c2c,dc90a5b672d54c2c1e97487309832aed4a76ea22ad96d44bbadeb4993c6b999c,stage02r_scan_record_v1,EXP-TAIPAN-001,1296,104121,verified,FILE-02R-7b4c7320a63d5cd3,TAIPAN_exp1296_scan104121.dat,f83f322145edd2331e3d68a34110b3ae822bd6f72d796d3e60bbdd258eb01b98,2023-08-31T15:10:03,2023-08-31T15:10:52,header_start_time_end_time_timezone_unrecorded,81,verified_header_chronology,2023-08-30T19:10:52Z,A001_snapshot_filesystem_metadata_only,FMT-02R-365d8346d6ba,sgu,,unresolved,,,unresolved_mapping,21,sgu,detector,,,time,time_controlled,verified,preserved_no_universal_exposure_assumption,verified_count_field_hardware_not_recorded,verified_count_field_hardware_not_recorded,0,,unresolved,14.8694,14.8713,constant,constant,e,Ei_minus_Ef,verified_global,not_applicable,constant,constant,constant,unresolved,LAT-02R-517a9644e4f59287,UB-02R-c7cdba07fed2dfd7,recorded_UB_auxiliary_orientation_unresolved,PG,,unverified,,unverified,PG,,unverified,,unverified,o-40-40-o,,not_recorded,,not_recorded,,per_channel_in_semantic_report_no_unique_temperature,semantic_verification_report.yaml#environment/SCAN-02R-dc90a5b672d54c2c,semantic_verification_report.yaml#environment/SCAN-02R-dc90a5b672d54c2c,metadata_match_only_not_validated_repeat,543f13e449ca4a0498044b77655f3c2b64d3144734bef49e8d67c2b3a97d70f7,4,recorded_header_whitelist_only_no_intensity_or_group_assignment,warning,mode_semantics_unresolved;q_semantics_unresolved;PG_reflection_mosaic_unverified;filter_attenuation_not_recorded;temperature_channel_semantics_unresolved;scan_range_unresolved_mapping,stage02r_a002_parser_v1,scan_points.csv#SCAN-02R-dc90a5b672d54c2c
SCAN-02R-7bf9711c804eecbc,7bf9711c804eecbcd498dc13de0a6d17d64aecedd021ca8d778ed1812e682638,stage02r_scan_record_v1,EXP-TAIPAN-001,1296,104122,verified,FILE-02R-0e4b375279b4dbff,TAIPAN_exp1296_scan104122.dat,0c153451ce7ed28c1e971384ae713b8d7a30d8e1806e1159fe06951449f5002e,2023-08-31T15:13:05,2023-08-31T15:14:00,header_start_time_end_time_timezone_unrecorded,82,verified_header_chronology,2023-08-30T19:14:00Z,A001_snapshot_filesystem_metadata_only,FMT-02R-365d8346d6ba,sgu,,unresolved,,,unresolved_mapping,21,sgu,detector,,,time,time_controlled,verified,preserved_no_universal_exposure_assumption,verified_count_field_hardware_not_recorded,verified_count_field_hardware_not_recorded,0,,unresolved,14.8694,14.8709,constant,constant,e,Ei_minus_Ef,verified_global,not_applicable,constant,constant,constant,unresolved,LAT-02R-517a9644e4f59287,UB-02R-c7cdba07fed2dfd7,recorded_UB_auxiliary_orientation_unresolved,PG,,unverified,,unverified,PG,,unverified,,unverified,o-40-40-o,,not_recorded,,not_recorded,,per_channel_in_semantic_report_no_unique_temperature,semantic_verification_report.yaml#environment/SCAN-02R-7bf9711c804eecbc,semantic_verification_report.yaml#environment/SCAN-02R-7bf9711c804eecbc,metadata_match_only_not_validated_repeat,543f13e449ca4a0498044b77655f3c2b64d3144734bef49e8d67c2b3a97d70f7,4,recorded_header_whitelist_only_no_intensity_or_group_assignment,warning,mode_semantics_unresolved;q_semantics_unresolved;PG_reflection_mosaic_unverified;filter_attenuation_not_recorded;temperature_channel_semantics_unresolved;scan_range_unresolved_mapping,stage02r_a002_parser_v1,scan_points.csv#SCAN-02R-7bf9711c804eecbc
SCAN-02R-eb5b106ace121b92,eb5b106ace121b920e16ce9c85ebe053662a1f4a198431b8bd64abac8718b1a8,stage02r_scan_record_v1,EXP-TAIPAN-001,1296,104123,verified,FILE-02R-4dae638e87018000,TAIPAN_exp1296_scan104123.dat,2cace8dd94e4394baeae102625fd5380d554857db13ca10971ab54dfda5efff7,2023-08-31T15:16:31,2023-08-31T15:17:26,header_start_time_end_time_timezone_unrecorded,83,verified_header_chronology,2023-08-30T19:17:26Z,A001_snapshot_filesystem_metadata_only,FMT-02R-a20370d76087,sgl,,unresolved,,,unresolved_mapping,21,sgl,detector,,,time,time_controlled,verified,preserved_no_universal_exposure_assumption,verified_count_field_hardware_not_recorded,verified_count_field_hardware_not_recorded,0,,unresolved,14.8694,14.8709,constant,constant,e,Ei_minus_Ef,verified_global,not_applicable,constant,constant,constant,unresolved,LAT-02R-517a9644e4f59287,UB-02R-c7cdba07fed2dfd7,recorded_UB_auxiliary_orientation_unresolved,PG,,unverified,,unverified,PG,,unverified,,unverified,o-40-40-o,,not_recorded,,not_recorded,,per_channel_in_semantic_report_no_unique_temperature,semantic_verification_report.yaml#environment/SCAN-02R-eb5b106ace121b92,semantic_verification_report.yaml#environment/SCAN-02R-eb5b106ace121b92,metadata_match_only_not_validated_repeat,b7239309015700c9107948c6d82ab92729a1e5f45f81f17e2aa2c250a222d2d6,5,recorded_header_whitelist_only_no_intensity_or_group_assignment,warning,mode_semantics_unresolved;q_semantics_unresolved;PG_reflection_mosaic_unverified;filter_attenuation_not_recorded;temperature_channel_semantics_unresolved;scan_range_unresolved_mapping,stage02r_a002_parser_v1,scan_points.csv#SCAN-02R-eb5b106ace121b92
SCAN-02R-391364dde623200d,391364dde623200d3e46d96e787c6c0cb10ed10562469f205ef855a6657918d2,stage02r_scan_record_v1,EXP-TAIPAN-001,1296,104124,verified,FILE-02R-ad5a7d1fd9cfbffb,TAIPAN_exp1296_scan104124.dat,63e1aeb329c68be76b92ea2ffab83516d704a3cd7e47ff02f693be38d8eb05bd,2023-08-31T15:20:24,2023-08-31T15:21:19,header_start_time_end_time_timezone_unrecorded,84,verified_header_chronology,2023-08-30T19:21:20Z,A001_snapshot_filesystem_metadata_only,FMT-02R-a20370d76087,sgl,,unresolved,,,unresolved_mapping,21,sgl,detector,,,time,time_controlled,verified,preserved_no_universal_exposure_assumption,verified_count_field_hardware_not_recorded,verified_count_field_hardware_not_recorded,0,,unresolved,14.8694,14.8713,constant,constant,e,Ei_minus_Ef,verified_global,not_applicable,constant,constant,constant,unresolved,LAT-02R-517a9644e4f59287,UB-02R-c7cdba07fed2dfd7,recorded_UB_auxiliary_orientation_unresolved,PG,,unverified,,unverified,PG,,unverified,,unverified,o-40-40-o,,not_recorded,,not_recorded,,per_channel_in_semantic_report_no_unique_temperature,semantic_verification_report.yaml#environment/SCAN-02R-391364dde623200d,semantic_verification_report.yaml#environment/SCAN-02R-391364dde623200d,metadata_match_only_not_validated_repeat,b7239309015700c9107948c6d82ab92729a1e5f45f81f17e2aa2c250a222d2d6,5,recorded_header_whitelist_only_no_intensity_or_group_assignment,warning,mode_semantics_unresolved;q_semantics_unresolved;PG_reflection_mosaic_unverified;filter_attenuation_not_recorded;temperature_channel_semantics_unresolved;scan_range_unresolved_mapping,stage02r_a002_parser_v1,scan_points.csv#SCAN-02R-391364dde623200d
SCAN-02R-1d86949e1fdc12c8,1d86949e1fdc12c895f209f3a84d1876ac89341fbfa4bfa88e4e8d9031b4efb7,stage02r_scan_record_v1,EXP-TAIPAN-001,1296,104125,verified,FILE-02R-d930d58d82cc4510,TAIPAN_exp1296_scan104125.dat,8ee6fbb10d102f4014f6cfc37b5b2e65b6fff9a294ebe5e3e9285061c4d87272,2023-08-31T15:25:21,2023-08-31T15:29:37,header_start_time_end_time_timezone_unrecorded,85,verified_header_chronology,2023-08-30T19:29:38Z,A001_snapshot_filesystem_metadata_only,FMT-02R-fb75879b9023,qk,k,reciprocal_lattice_coordinate,2.9501,3.0502,verified_point_endpoints_not_command_range,21,qk,detector,,,time,time_controlled,verified,preserved_no_universal_exposure_assumption,verified_count_field_hardware_not_recorded,verified_count_field_hardware_not_recorded,0,,unresolved,14.8694,,constant,variable,e,Ei_minus_Ef,verified_global,not_applicable,constant,variable,variable,unresolved,LAT-02R-517a9644e4f59287,UB-02R-c7cdba07fed2dfd7,recorded_UB_auxiliary_orientation_unresolved,PG,,unverified,,unverified,PG,,unverified,,unverified,o-40-40-o,,not_recorded,,not_recorded,,per_channel_in_semantic_report_no_unique_temperature,semantic_verification_report.yaml#environment/SCAN-02R-1d86949e1fdc12c8,semantic_verification_report.yaml#environment/SCAN-02R-1d86949e1fdc12c8,metadata_match_only_not_validated_repeat,9fc1a8a98f650c2d8b647ca23262e5926aeb03eaf5791707c9b514d4f61744db,6,recorded_header_whitelist_only_no_intensity_or_group_assignment,warning,mode_semantics_unresolved;q_semantics_unresolved;PG_reflection_mosaic_unverified;filter_attenuation_not_recorded;temperature_channel_semantics_unresolved,stage02r_a002_parser_v1,scan_points.csv#SCAN-02R-1d86949e1fdc12c8
SCAN-02R-b30351ae2c4fc24c,b30351ae2c4fc24c52ebef7b91fec1f5efc60493deca2a0d4010d27fe960245c,stage02r_scan_record_v1,EXP-TAIPAN-001,1296,104126,verified,FILE-02R-b026e7e938fde3e5,TAIPAN_exp1296_scan104126.dat,b622f8b59ecab694f5d63c2e0fd99b6318f8134b6dca330b44ccdd56c4ca854f,2023-08-31T15:30:36,2023-08-31T15:34:42,header_start_time_end_time_timezone_unrecorded,86,verified_header_chronology,2023-08-30T19:34:42Z,A001_snapshot_filesystem_metadata_only,FMT-02R-42b66acce1bb,ql,l,reciprocal_lattice_coordinate,0.9499,1.0501,verified_point_endpoints_not_command_range,21,ql,detector,,,time,time_controlled,verified,preserved_no_universal_exposure_assumption,verified_count_field_hardware_not_recorded,verified_count_field_hardware_not_recorded,0,,unresolved,14.8694,,constant,variable,e,Ei_minus_Ef,verified_global,not_applicable,constant,variable,variable,unresolved,LAT-02R-517a9644e4f59287,UB-02R-c7cdba07fed2dfd7,recorded_UB_auxiliary_orientation_unresolved,PG,,unverified,,unverified,PG,,unverified,,unverified,o-40-40-o,,not_recorded,,not_recorded,,per_channel_in_semantic_report_no_unique_temperature,semantic_verification_report.yaml#environment/SCAN-02R-b30351ae2c4fc24c,semantic_verification_report.yaml#environment/SCAN-02R-b30351ae2c4fc24c,metadata_match_only_not_validated_repeat,20cf533f08b0208dbf5256aa407025091a16016050552ef4844baa06817799f6,6,recorded_header_whitelist_only_no_intensity_or_group_assignment,warning,mode_semantics_unresolved;q_semantics_unresolved;PG_reflection_mosaic_unverified;filter_attenuation_not_recorded;temperature_channel_semantics_unresolved,stage02r_a002_parser_v1,scan_points.csv#SCAN-02R-b30351ae2c4fc24c
SCAN-02R-c09396a290b0d6b2,c09396a290b0d6b217268af0afea687b985686e5bca52d000f01c9ffe451c6e9,stage02r_scan_record_v1,EXP-TAIPAN-001,1296,104127,verified,FILE-02R-ceb7bd14d0317a9e,TAIPAN_exp1296_scan104127.dat,fc06ec6ac8f57e90b7353c6d6892c18d340c36d92faf12bb0ac4e77294111dab,2023-08-31T15:42:59,2023-08-31T15:47:17,header_start_time_end_time_timezone_unrecorded,87,verified_header_chronology,2023-08-30T19:47:18Z,A001_snapshot_filesystem_metadata_only,FMT-02R-42b66acce1bb,ql,l,reciprocal_lattice_coordinate,1.9503,2.0502,verified_point_endpoints_not_command_range,21,ql,detector,,,time,time_controlled,verified,preserved_no_universal_exposure_assumption,verified_count_field_hardware_not_recorded,verified_count_field_hardware_not_recorded,0,,unresolved,14.8694,,constant,variable,e,Ei_minus_Ef,verified_global,not_applicable,constant,variable,variable,unresolved,LAT-02R-517a9644e4f59287,UB-02R-c7cdba07fed2dfd7,recorded_UB_auxiliary_orientation_unresolved,PG,,unverified,,unverified,PG,,unverified,,unverified,o-40-40-o,,not_recorded,,not_recorded,,per_channel_in_semantic_report_no_unique_temperature,semantic_verification_report.yaml#environment/SCAN-02R-c09396a290b0d6b2,semantic_verification_report.yaml#environment/SCAN-02R-c09396a290b0d6b2,metadata_match_only_not_validated_repeat,20cf533f08b0208dbf5256aa407025091a16016050552ef4844baa06817799f6,6,recorded_header_whitelist_only_no_intensity_or_group_assignment,warning,mode_semantics_unresolved;q_semantics_unresolved;PG_reflection_mosaic_unverified;filter_attenuation_not_recorded;temperature_channel_semantics_unresolved,stage02r_a002_parser_v1,scan_points.csv#SCAN-02R-c09396a290b0d6b2
SCAN-02R-0f8fb12fa9acc5a9,0f8fb12fa9acc5a956215467e8ef58ad868caa3a0696fd234483995e96c5b982,stage02r_scan_record_v1,EXP-TAIPAN-001,1296,104128,verified,FILE-02R-759b1548e2848432,TAIPAN_exp1296_scan104128.dat,e3f5a01de4b880451460aa0a2116b6173c3c625042274e733d4923a40091925e,2023-08-31T16:09:59,2023-08-31T16:09:59,header_start_time_end_time_timezone_unrecorded,88,verified_header_chronology,2023-08-30T20:10:02Z,A001_snapshot_filesystem_metadata_only,FMT-02R-fb75879b9023,qk,k,reciprocal_lattice_coordinate,-2.9502,-2.9502,verified_point_endpoints_not_command_range,1,qk,detector,,,time,time_controlled,verified,preserved_no_universal_exposure_assumption,verified_count_field_hardware_not_recorded,verified_count_field_hardware_not_recorded,0,,unresolved,14.8694,14.8713,constant,constant,e,Ei_minus_Ef,verified_global,not_applicable,constant,constant,constant,unresolved,LAT-02R-517a9644e4f59287,UB-02R-c7cdba07fed2dfd7,recorded_UB_auxiliary_orientation_unresolved,PG,,unverified,,unverified,PG,,unverified,,unverified,o-40-40-o,,not_recorded,,not_recorded,,per_channel_in_semantic_report_no_unique_temperature,semantic_verification_report.yaml#environment/SCAN-02R-0f8fb12fa9acc5a9,semantic_verification_report.yaml#environment/SCAN-02R-0f8fb12fa9acc5a9,metadata_match_only_not_validated_repeat,9fc1a8a98f650c2d8b647ca23262e5926aeb03eaf5791707c9b514d4f61744db,6,recorded_header_whitelist_only_no_intensity_or_group_assignment,warning,mode_semantics_unresolved;q_semantics_unresolved;PG_reflection_mosaic_unverified;filter_attenuation_not_recorded;temperature_channel_semantics_unresolved,stage02r_a002_parser_v1,scan_points.csv#SCAN-02R-0f8fb12fa9acc5a9
SCAN-02R-118b7f0b82f35923,118b7f0b82f3592349e530e98b83e64f7d2c5909006da2a2066f25070c45cac9,stage02r_scan_record_v1,EXP-TAIPAN-001,1296,104129,verified,FILE-02R-397732717d35f929,TAIPAN_exp1296_scan104129.dat,e40d8a05f69a828fc85d5c219da98237df46ea6b8ff680dc8b36fa045b858be6,2023-08-31T16:10:40,2023-08-31T16:14:56,header_start_time_end_time_timezone_unrecorded,89,verified_header_chronology,2023-08-30T20:14:56Z,A001_snapshot_filesystem_metadata_only,FMT-02R-fb75879b9023,qk,k,reciprocal_lattice_coordinate,-2.9502,-3.0501,verified_point_endpoints_not_command_range,21,qk,detector,,,time,time_controlled,verified,preserved_no_universal_exposure_assumption,verified_count_field_hardware_not_recorded,verified_count_field_hardware_not_recorded,0,,unresolved,14.8694,,constant,variable,e,Ei_minus_Ef,verified_global,not_applicable,constant,variable,variable,unresolved,LAT-02R-517a9644e4f59287,UB-02R-c7cdba07fed2dfd7,recorded_UB_auxiliary_orientation_unresolved,PG,,unverified,,unverified,PG,,unverified,,unverified,o-40-40-o,,not_recorded,,not_recorded,,per_channel_in_semantic_report_no_unique_temperature,semantic_verification_report.yaml#environment/SCAN-02R-118b7f0b82f35923,semantic_verification_report.yaml#environment/SCAN-02R-118b7f0b82f35923,metadata_match_only_not_validated_repeat,9fc1a8a98f650c2d8b647ca23262e5926aeb03eaf5791707c9b514d4f61744db,6,recorded_header_whitelist_only_no_intensity_or_group_assignment,warning,mode_semantics_unresolved;q_semantics_unresolved;PG_reflection_mosaic_unverified;filter_attenuation_not_recorded;temperature_channel_semantics_unresolved,stage02r_a002_parser_v1,scan_points.csv#SCAN-02R-118b7f0b82f35923
SCAN-02R-76804d90690fee01,76804d90690fee013f63716dc32f6b0eb4899bed4716da7eee21c75b6224cc24,stage02r_scan_record_v1,EXP-TAIPAN-001,1296,104130,verified,FILE-02R-58cb1ca25197b413,TAIPAN_exp1296_scan104130.dat,3140e7f725177d25934d0b4626ed91606bf855c51c9d6c25592a4d1fe83b9a2b,2023-08-31T16:17:52,2023-08-31T16:22:01,header_start_time_end_time_timezone_unrecorded,90,verified_header_chronology,2023-08-30T20:22:02Z,A001_snapshot_filesystem_metadata_only,FMT-02R-42b66acce1bb,ql,l,reciprocal_lattice_coordinate,0.9498,1.0502,verified_point_endpoints_not_command_range,21,ql,detector,,,time,time_controlled,verified,preserved_no_universal_exposure_assumption,verified_count_field_hardware_not_recorded,verified_count_field_hardware_not_recorded,0,,unresolved,14.8694,,constant,variable,e,Ei_minus_Ef,verified_global,not_applicable,constant,variable,variable,unresolved,LAT-02R-517a9644e4f59287,UB-02R-c7cdba07fed2dfd7,recorded_UB_auxiliary_orientation_unresolved,PG,,unverified,,unverified,PG,,unverified,,unverified,o-40-40-o,,not_recorded,,not_recorded,,per_channel_in_semantic_report_no_unique_temperature,semantic_verification_report.yaml#environment/SCAN-02R-76804d90690fee01,semantic_verification_report.yaml#environment/SCAN-02R-76804d90690fee01,metadata_match_only_not_validated_repeat,20cf533f08b0208dbf5256aa407025091a16016050552ef4844baa06817799f6,6,recorded_header_whitelist_only_no_intensity_or_group_assignment,warning,mode_semantics_unresolved;q_semantics_unresolved;PG_reflection_mosaic_unverified;filter_attenuation_not_recorded;temperature_channel_semantics_unresolved,stage02r_a002_parser_v1,scan_points.csv#SCAN-02R-76804d90690fee01
SCAN-02R-fb555611767fe647,fb555611767fe647769ef92b1c437c401f568ef58b2034ef13499456231c3c4a,stage02r_scan_record_v1,EXP-TAIPAN-001,1296,104131,verified,FILE-02R-9aae17c864f1b80f,TAIPAN_exp1296_scan104131.dat,8f2d928c36e9747eac9127d7be942e4c04d590985c62c19b72297f74a9b65863,2023-08-31T16:40:02,2023-08-31T16:44:16,header_start_time_end_time_timezone_unrecorded,91,verified_header_chronology,2023-08-30T20:44:16Z,A001_snapshot_filesystem_metadata_only,FMT-02R-fb75879b9023,qk,k,reciprocal_lattice_coordinate,0.9499,1.0502,verified_point_endpoints_not_command_range,21,qk,detector,,,time,time_controlled,verified,preserved_no_universal_exposure_assumption,verified_count_field_hardware_not_recorded,verified_count_field_hardware_not_recorded,0,,unresolved,14.8694,,constant,variable,e,Ei_minus_Ef,verified_global,not_applicable,constant,variable,variable,unresolved,LAT-02R-517a9644e4f59287,UB-02R-c7cdba07fed2dfd7,recorded_UB_auxiliary_orientation_unresolved,PG,,unverified,,unverified,PG,,unverified,,unverified,o-40-40-o,,not_recorded,,not_recorded,,per_channel_in_semantic_report_no_unique_temperature,semantic_verification_report.yaml#environment/SCAN-02R-fb555611767fe647,semantic_verification_report.yaml#environment/SCAN-02R-fb555611767fe647,metadata_match_only_not_validated_repeat,9fc1a8a98f650c2d8b647ca23262e5926aeb03eaf5791707c9b514d4f61744db,6,recorded_header_whitelist_only_no_intensity_or_group_assignment,warning,mode_semantics_unresolved;q_semantics_unresolved;PG_reflection_mosaic_unverified;filter_attenuation_not_recorded;temperature_channel_semantics_unresolved,stage02r_a002_parser_v1,scan_points.csv#SCAN-02R-fb555611767fe647
SCAN-02R-f7776e64b8dc4ae4,f7776e64b8dc4ae4c2c447a8169fc16bcf5bf13ac28ae93ef7abb11cf6db4f74,stage02r_scan_record_v1,EXP-TAIPAN-001,1296,104132,verified,FILE-02R-f76a47fba5e4763c,TAIPAN_exp1296_scan104132.dat,842baee372c9b43c436faa4d801c21812dc03394974a9909b422e2fc57222a06,2023-08-31T16:44:43,2023-08-31T16:49:09,header_start_time_end_time_timezone_unrecorded,92,verified_header_chronology,2023-08-30T20:49:08Z,A001_snapshot_filesystem_metadata_only,FMT-02R-42b66acce1bb,ql,l,reciprocal_lattice_coordinate,4.9502,5.0502,verified_point_endpoints_not_command_range,21,ql,detector,,,time,time_controlled,verified,preserved_no_universal_exposure_assumption,verified_count_field_hardware_not_recorded,verified_count_field_hardware_not_recorded,0,,unresolved,14.8694,,constant,variable,e,Ei_minus_Ef,verified_global,not_applicable,constant,variable,variable,unresolved,LAT-02R-517a9644e4f59287,UB-02R-c7cdba07fed2dfd7,recorded_UB_auxiliary_orientation_unresolved,PG,,unverified,,unverified,PG,,unverified,,unverified,o-40-40-o,,not_recorded,,not_recorded,,per_channel_in_semantic_report_no_unique_temperature,semantic_verification_report.yaml#environment/SCAN-02R-f7776e64b8dc4ae4,semantic_verification_report.yaml#environment/SCAN-02R-f7776e64b8dc4ae4,metadata_match_only_not_validated_repeat,20cf533f08b0208dbf5256aa407025091a16016050552ef4844baa06817799f6,6,recorded_header_whitelist_only_no_intensity_or_group_assignment,warning,mode_semantics_unresolved;q_semantics_unresolved;PG_reflection_mosaic_unverified;filter_attenuation_not_recorded;temperature_channel_semantics_unresolved,stage02r_a002_parser_v1,scan_points.csv#SCAN-02R-f7776e64b8dc4ae4
SCAN-02R-05cdcdc49c83bec6,05cdcdc49c83bec6ebd25300e87983faef6980dac2358fddeecbcd4a3db4dc94,stage02r_scan_record_v1,EXP-TAIPAN-001,1296,104133,verified,FILE-02R-94e685e09ee9d021,TAIPAN_exp1296_scan104133.dat,22b2eddd1858d21bc64f9e5276c02484dae206709f2455b3eda6f4006c071f7b,2023-08-31T16:54:16,2023-08-31T16:55:46,header_start_time_end_time_timezone_unrecorded,93,verified_header_chronology,2023-08-30T20:55:46Z,A001_snapshot_filesystem_metadata_only,FMT-02R-00e53630cd36,s1,S1,tas_motor_angle_raw,-66.0025,-69.0023,verified_point_endpoints_not_command_range,31,s1,detector,,,time,time_controlled,verified,preserved_no_universal_exposure_assumption,verified_count_field_hardware_not_recorded,verified_count_field_hardware_not_recorded,0,,unresolved,14.8694,14.8713,constant,constant,e,Ei_minus_Ef,verified_global,not_applicable,constant,variable,variable,unresolved,LAT-02R-517a9644e4f59287,UB-02R-c7cdba07fed2dfd7,recorded_UB_auxiliary_orientation_unresolved,PG,,unverified,,unverified,PG,,unverified,,unverified,o-40-40-o,,not_recorded,,not_recorded,,per_channel_in_semantic_report_no_unique_temperature,semantic_verification_report.yaml#environment/SCAN-02R-05cdcdc49c83bec6,semantic_verification_report.yaml#environment/SCAN-02R-05cdcdc49c83bec6,metadata_match_only_not_validated_repeat,e1d85d42f4403a9159c0af6308e23bbbdba90f180eca6112c5f542a81facc1e3,5,recorded_header_whitelist_only_no_intensity_or_group_assignment,warning,mode_semantics_unresolved;q_semantics_unresolved;PG_reflection_mosaic_unverified;filter_attenuation_not_recorded;temperature_channel_semantics_unresolved,stage02r_a002_parser_v1,scan_points.csv#SCAN-02R-05cdcdc49c83bec6
SCAN-02R-325ad9a57ee92673,325ad9a57ee92673ee85482dfb69b71c0287282347532e757b96d56b00bc0c7d,stage02r_scan_record_v1,EXP-TAIPAN-001,1296,104134,verified,FILE-02R-9b86ca5f436ba496,TAIPAN_exp1296_scan104134.dat,05c76e4b919ac06a46cab02a094c95e5838463a6c9c3c0eb55122ec60648eaf8,2023-08-31T16:56:28,2023-08-31T16:57:29,header_start_time_end_time_timezone_unrecorded,94,verified_header_chronology,2023-08-30T20:57:30Z,A001_snapshot_filesystem_metadata_only,FMT-02R-00e53630cd36,s1,S1,tas_motor_angle_raw,-64.9927,-70.0015,verified_point_endpoints_not_command_range,21,s1,detector,,,time,time_controlled,verified,preserved_no_universal_exposure_assumption,verified_count_field_hardware_not_recorded,verified_count_field_hardware_not_recorded,0,,unresolved,14.8694,14.8713,constant,constant,e,Ei_minus_Ef,verified_global,not_applicable,constant,variable,variable,unresolved,LAT-02R-517a9644e4f59287,UB-02R-c7cdba07fed2dfd7,recorded_UB_auxiliary_orientation_unresolved,PG,,unverified,,unverified,PG,,unverified,,unverified,o-40-40-o,,not_recorded,,not_recorded,,per_channel_in_semantic_report_no_unique_temperature,semantic_verification_report.yaml#environment/SCAN-02R-325ad9a57ee92673,semantic_verification_report.yaml#environment/SCAN-02R-325ad9a57ee92673,metadata_match_only_not_validated_repeat,e1d85d42f4403a9159c0af6308e23bbbdba90f180eca6112c5f542a81facc1e3,5,recorded_header_whitelist_only_no_intensity_or_group_assignment,warning,mode_semantics_unresolved;q_semantics_unresolved;PG_reflection_mosaic_unverified;filter_attenuation_not_recorded;temperature_channel_semantics_unresolved,stage02r_a002_parser_v1,scan_points.csv#SCAN-02R-325ad9a57ee92673
SCAN-02R-51cfd518e3a0c6ec,51cfd518e3a0c6ece2161ea41463f76172353a4347608b38c19c5e8cba15409c,stage02r_scan_record_v1,EXP-TAIPAN-001,1296,104135,verified,FILE-02R-794180199909af6d,TAIPAN_exp1296_scan104135.dat,555cb6b923461edfb3291c2781c9a0901a6563e4e1518ab891c3f4d30931aa56,2023-08-31T16:59:22,2023-08-31T17:00:04,header_start_time_end_time_timezone_unrecorded,95,verified_header_chronology,2023-08-30T21:00:04Z,A001_snapshot_filesystem_metadata_only,FMT-02R-00e53630cd36,s1,S1,tas_motor_angle_raw,-85.0028,-81.0003,verified_point_endpoints_not_command_range,21,s1,detector,,,time,time_controlled,verified,preserved_no_universal_exposure_assumption,verified_count_field_hardware_not_recorded,verified_count_field_hardware_not_recorded,0,,unresolved,14.8694,14.8713,constant,constant,e,Ei_minus_Ef,verified_global,not_applicable,constant,variable,variable,unresolved,LAT-02R-517a9644e4f59287,UB-02R-c7cdba07fed2dfd7,recorded_UB_auxiliary_orientation_unresolved,PG,,unverified,,unverified,PG,,unverified,,unverified,o-40-40-o,,not_recorded,,not_recorded,,per_channel_in_semantic_report_no_unique_temperature,semantic_verification_report.yaml#environment/SCAN-02R-51cfd518e3a0c6ec,semantic_verification_report.yaml#environment/SCAN-02R-51cfd518e3a0c6ec,metadata_match_only_not_validated_repeat,e1d85d42f4403a9159c0af6308e23bbbdba90f180eca6112c5f542a81facc1e3,5,recorded_header_whitelist_only_no_intensity_or_group_assignment,warning,mode_semantics_unresolved;q_semantics_unresolved;PG_reflection_mosaic_unverified;filter_attenuation_not_recorded;temperature_channel_semantics_unresolved,stage02r_a002_parser_v1,scan_points.csv#SCAN-02R-51cfd518e3a0c6ec
SCAN-02R-cfcdc3a373b26fb0,cfcdc3a373b26fb0641d86837c58dbac423c3d92145b065835fae8fe13c20b33,stage02r_scan_record_v1,EXP-TAIPAN-001,1296,104136,verified,FILE-02R-dd4dd855dd7e599d,TAIPAN_exp1296_scan104136.dat,d10251fc9edf1e0cdd0e0d4596f1a34957570a6668bf18ab361fe3e2a232c4a3,2023-08-31T17:00:56,2023-08-31T17:01:56,header_start_time_end_time_timezone_unrecorded,96,verified_header_chronology,2023-08-30T21:01:56Z,A001_snapshot_filesystem_metadata_only,FMT-02R-00e53630cd36,s1,S1,tas_motor_angle_raw,-83.0023,-85.5025,verified_point_endpoints_not_command_range,21,s1,detector,,,time,time_controlled,verified,preserved_no_universal_exposure_assumption,verified_count_field_hardware_not_recorded,verified_count_field_hardware_not_recorded,0,,unresolved,14.8694,14.8713,constant,constant,e,Ei_minus_Ef,verified_global,not_applicable,constant,variable,variable,unresolved,LAT-02R-517a9644e4f59287,UB-02R-c7cdba07fed2dfd7,recorded_UB_auxiliary_orientation_unresolved,PG,,unverified,,unverified,PG,,unverified,,unverified,o-40-40-o,,not_recorded,,not_recorded,,per_channel_in_semantic_report_no_unique_temperature,semantic_verification_report.yaml#environment/SCAN-02R-cfcdc3a373b26fb0,semantic_verification_report.yaml#environment/SCAN-02R-cfcdc3a373b26fb0,metadata_match_only_not_validated_repeat,e1d85d42f4403a9159c0af6308e23bbbdba90f180eca6112c5f542a81facc1e3,5,recorded_header_whitelist_only_no_intensity_or_group_assignment,warning,mode_semantics_unresolved;q_semantics_unresolved;PG_reflection_mosaic_unverified;filter_attenuation_not_recorded;temperature_channel_semantics_unresolved,stage02r_a002_parser_v1,scan_points.csv#SCAN-02R-cfcdc3a373b26fb0
SCAN-02R-4cc04512e6886f13,4cc04512e6886f1310af99e4cd1174eefc11e192b8ed5a290064a649d760d87f,stage02r_scan_record_v1,EXP-TAIPAN-001,1296,104137,verified,FILE-02R-bd0a749a22eed9a0,TAIPAN_exp1296_scan104137.dat,ce0f5806ad584b804358d907268b1e37f6994c316d33db67412702b9046412ab,2023-08-31T17:03:34,2023-08-31T17:07:47,header_start_time_end_time_timezone_unrecorded,97,verified_header_chronology,2023-08-30T21:07:48Z,A001_snapshot_filesystem_metadata_only,FMT-02R-de66a609ccd2,s2,S2,tas_motor_angle_raw,-62.0014,-64.5038,verified_point_endpoints_not_command_range,21,s2,detector,,,time,time_controlled,verified,preserved_no_universal_exposure_assumption,verified_count_field_hardware_not_recorded,verified_count_field_hardware_not_recorded,0,,unresolved,14.8694,,constant,variable,e,Ei_minus_Ef,verified_global,not_applicable,constant,variable,variable,unresolved,LAT-02R-517a9644e4f59287,UB-02R-c7cdba07fed2dfd7,recorded_UB_auxiliary_orientation_unresolved,PG,,unverified,,unverified,PG,,unverified,,unverified,o-40-40-o,,not_recorded,,not_recorded,,per_channel_in_semantic_report_no_unique_temperature,semantic_verification_report.yaml#environment/SCAN-02R-4cc04512e6886f13,semantic_verification_report.yaml#environment/SCAN-02R-4cc04512e6886f13,metadata_match_only_not_validated_repeat,823b2041dac3b948853b99d85f7181fff7b2d21291c27f357f9a276d68954f49,2,recorded_header_whitelist_only_no_intensity_or_group_assignment,warning,mode_semantics_unresolved;q_semantics_unresolved;PG_reflection_mosaic_unverified;filter_attenuation_not_recorded;temperature_channel_semantics_unresolved,stage02r_a002_parser_v1,scan_points.csv#SCAN-02R-4cc04512e6886f13
SCAN-02R-eb6fd74d04998612,eb6fd74d04998612f82a5e528437ad61f5b4e26090793f225668612a15c2ba03,stage02r_scan_record_v1,EXP-TAIPAN-001,1296,104138,verified,FILE-02R-da1d0700d24ca297,TAIPAN_exp1296_scan104138.dat,306f03a6b5934ad0b98870795ca36f73d7dbf823223af6470e2de3025b0aed46,2023-08-31T18:24:07,2023-08-31T18:25:08,header_start_time_end_time_timezone_unrecorded,98,verified_header_chronology,2023-08-30T22:25:08Z,A001_snapshot_filesystem_metadata_only,FMT-02R-00e53630cd36,s1,S1,tas_motor_angle_raw,21.9987,24.9999,verified_point_endpoints_not_command_range,31,s1,detector,,,time,time_controlled,verified,preserved_no_universal_exposure_assumption,verified_count_field_hardware_not_recorded,verified_count_field_hardware_not_recorded,0,,unresolved,14.8694,14.8713,constant,constant,e,Ei_minus_Ef,verified_global,not_applicable,constant,variable,variable,unresolved,LAT-02R-517a9644e4f59287,UB-02R-c7cdba07fed2dfd7,recorded_UB_auxiliary_orientation_unresolved,PG,,unverified,,unverified,PG,,unverified,,unverified,o-40-40-o,,not_recorded,,not_recorded,,per_channel_in_semantic_report_no_unique_temperature,semantic_verification_report.yaml#environment/SCAN-02R-eb6fd74d04998612,semantic_verification_report.yaml#environment/SCAN-02R-eb6fd74d04998612,metadata_match_only_not_validated_repeat,e1d85d42f4403a9159c0af6308e23bbbdba90f180eca6112c5f542a81facc1e3,5,recorded_header_whitelist_only_no_intensity_or_group_assignment,warning,mode_semantics_unresolved;q_semantics_unresolved;PG_reflection_mosaic_unverified;filter_attenuation_not_recorded;temperature_channel_semantics_unresolved,stage02r_a002_parser_v1,scan_points.csv#SCAN-02R-eb6fd74d04998612
SCAN-02R-ebcf02322ed12a94,ebcf02322ed12a944d4de74e859c5c3df5264b74817c292d43b9f175a4d42d00,stage02r_scan_record_v1,EXP-TAIPAN-001,1296,104139,verified,FILE-02R-972e9ad8a53ed5c3,TAIPAN_exp1296_scan104139.dat,f9687a9d1cd9c8a8ebc30f79181d0c61882445dd458681b3a837d34f6ff120a6,2023-08-31T18:26:34,2023-08-31T18:30:44,header_start_time_end_time_timezone_unrecorded,99,verified_header_chronology,2023-08-30T22:30:44Z,A001_snapshot_filesystem_metadata_only,FMT-02R-de66a609ccd2,s2,S2,tas_motor_angle_raw,-62.0008,-64.0020,verified_point_endpoints_not_command_range,21,s2,detector,,,time,time_controlled,verified,preserved_no_universal_exposure_assumption,verified_count_field_hardware_not_recorded,verified_count_field_hardware_not_recorded,0,,unresolved,14.8694,,constant,variable,e,Ei_minus_Ef,verified_global,not_applicable,constant,variable,variable,unresolved,LAT-02R-517a9644e4f59287,UB-02R-c7cdba07fed2dfd7,recorded_UB_auxiliary_orientation_unresolved,PG,,unverified,,unverified,PG,,unverified,,unverified,o-40-40-o,,not_recorded,,not_recorded,,per_channel_in_semantic_report_no_unique_temperature,semantic_verification_report.yaml#environment/SCAN-02R-ebcf02322ed12a94,semantic_verification_report.yaml#environment/SCAN-02R-ebcf02322ed12a94,metadata_match_only_not_validated_repeat,823b2041dac3b948853b99d85f7181fff7b2d21291c27f357f9a276d68954f49,2,recorded_header_whitelist_only_no_intensity_or_group_assignment,warning,mode_semantics_unresolved;q_semantics_unresolved;PG_reflection_mosaic_unverified;filter_attenuation_not_recorded;temperature_channel_semantics_unresolved,stage02r_a002_parser_v1,scan_points.csv#SCAN-02R-ebcf02322ed12a94
SCAN-02R-da644119c60690fc,da644119c60690fc6baa0553dad3eabfe8bff14bfd575554121dc8296146e9c7,stage02r_scan_record_v1,EXP-TAIPAN-001,1296,104140,verified,FILE-02R-a8f25df3c5847d30,TAIPAN_exp1296_scan104140.dat,ecfb116d3ccba5200c44a027ea37ff51032f1afa703933829d3390b30046bc6c,2023-08-31T18:32:16,2023-08-31T18:32:19,header_start_time_end_time_timezone_unrecorded,100,verified_header_chronology,2023-08-30T22:32:20Z,A001_snapshot_filesystem_metadata_only,FMT-02R-a20370d76087,sgl,,unresolved,,,unresolved_mapping,2,sgl,detector,,,time,time_controlled,verified,preserved_no_universal_exposure_assumption,verified_count_field_hardware_not_recorded,verified_count_field_hardware_not_recorded,0,,unresolved,14.8694,14.8713,constant,constant,e,Ei_minus_Ef,verified_global,not_applicable,constant,constant,constant,unresolved,LAT-02R-517a9644e4f59287,UB-02R-c7cdba07fed2dfd7,recorded_UB_auxiliary_orientation_unresolved,PG,,unverified,,unverified,PG,,unverified,,unverified,o-40-40-o,,not_recorded,,not_recorded,,per_channel_in_semantic_report_no_unique_temperature,semantic_verification_report.yaml#environment/SCAN-02R-da644119c60690fc,semantic_verification_report.yaml#environment/SCAN-02R-da644119c60690fc,metadata_match_only_not_validated_repeat,b7239309015700c9107948c6d82ab92729a1e5f45f81f17e2aa2c250a222d2d6,5,recorded_header_whitelist_only_no_intensity_or_group_assignment,warning,mode_semantics_unresolved;q_semantics_unresolved;PG_reflection_mosaic_unverified;filter_attenuation_not_recorded;temperature_channel_semantics_unresolved;scan_range_unresolved_mapping,stage02r_a002_parser_v1,scan_points.csv#SCAN-02R-da644119c60690fc
SCAN-02R-920194e62af87181,920194e62af871815ce2dca07a16e12755b8e8491d7d0190c7b3c438491735d8,stage02r_scan_record_v1,EXP-TAIPAN-001,1296,104141,verified,FILE-02R-27510edb47af6e55,TAIPAN_exp1296_scan104141.dat,e7bdf6ddb4f04931de5a2c9c1708bc3f88c58e709b001ecf3dbc2be5b9512480,2023-08-31T18:33:01,2023-08-31T18:33:56,header_start_time_end_time_timezone_unrecorded,101,verified_header_chronology,2023-08-30T22:33:56Z,A001_snapshot_filesystem_metadata_only,FMT-02R-a20370d76087,sgl,,unresolved,,,unresolved_mapping,21,sgl,detector,,,time,time_controlled,verified,preserved_no_universal_exposure_assumption,verified_count_field_hardware_not_recorded,verified_count_field_hardware_not_recorded,0,,unresolved,14.8694,,constant,variable,e,Ei_minus_Ef,verified_global,not_applicable,constant,constant,constant,unresolved,LAT-02R-517a9644e4f59287,UB-02R-c7cdba07fed2dfd7,recorded_UB_auxiliary_orientation_unresolved,PG,,unverified,,unverified,PG,,unverified,,unverified,o-40-40-o,,not_recorded,,not_recorded,,per_channel_in_semantic_report_no_unique_temperature,semantic_verification_report.yaml#environment/SCAN-02R-920194e62af87181,semantic_verification_report.yaml#environment/SCAN-02R-920194e62af87181,metadata_match_only_not_validated_repeat,b7239309015700c9107948c6d82ab92729a1e5f45f81f17e2aa2c250a222d2d6,5,recorded_header_whitelist_only_no_intensity_or_group_assignment,warning,mode_semantics_unresolved;q_semantics_unresolved;PG_reflection_mosaic_unverified;filter_attenuation_not_recorded;temperature_channel_semantics_unresolved;scan_range_unresolved_mapping,stage02r_a002_parser_v1,scan_points.csv#SCAN-02R-920194e62af87181
SCAN-02R-f565bb6e9ffba8d0,f565bb6e9ffba8d031539eee4150a1753e36ae3d1ceb2a66ccfee8569a7975ae,stage02r_scan_record_v1,EXP-TAIPAN-001,1296,104142,verified,FILE-02R-8f1ba21ed4bd7f82,TAIPAN_exp1296_scan104142.dat,e70c2eed4b67bd17dae101af78fee1a7c3ded11052b333232396b4b25ba4ef5c,2023-08-31T18:35:01,2023-08-31T18:35:57,header_start_time_end_time_timezone_unrecorded,102,verified_header_chronology,2023-08-30T22:35:56Z,A001_snapshot_filesystem_metadata_only,FMT-02R-365d8346d6ba,sgu,,unresolved,,,unresolved_mapping,21,sgu,detector,,,time,time_controlled,verified,preserved_no_universal_exposure_assumption,verified_count_field_hardware_not_recorded,verified_count_field_hardware_not_recorded,0,,unresolved,14.8694,,constant,variable,e,Ei_minus_Ef,verified_global,not_applicable,constant,constant,constant,unresolved,LAT-02R-517a9644e4f59287,UB-02R-c7cdba07fed2dfd7,recorded_UB_auxiliary_orientation_unresolved,PG,,unverified,,unverified,PG,,unverified,,unverified,o-40-40-o,,not_recorded,,not_recorded,,per_channel_in_semantic_report_no_unique_temperature,semantic_verification_report.yaml#environment/SCAN-02R-f565bb6e9ffba8d0,semantic_verification_report.yaml#environment/SCAN-02R-f565bb6e9ffba8d0,metadata_match_only_not_validated_repeat,543f13e449ca4a0498044b77655f3c2b64d3144734bef49e8d67c2b3a97d70f7,4,recorded_header_whitelist_only_no_intensity_or_group_assignment,warning,mode_semantics_unresolved;q_semantics_unresolved;PG_reflection_mosaic_unverified;filter_attenuation_not_recorded;temperature_channel_semantics_unresolved;scan_range_unresolved_mapping,stage02r_a002_parser_v1,scan_points.csv#SCAN-02R-f565bb6e9ffba8d0
SCAN-02R-7044f49c95edc115,7044f49c95edc1152439d0d78daa5c2e6a07f6e7a21a074147ad3cd35cbe83e3,stage02r_scan_record_v1,EXP-TAIPAN-001,1296,104143,verified,FILE-02R-2418706b7fadc72a,TAIPAN_exp1296_scan104143.dat,9562d48165ec02b8683467e28f007a9f30aa1087ff868c5c809da36a3bddb2ee,2023-08-31T18:41:27,2023-08-31T18:42:22,header_start_time_end_time_timezone_unrecorded,103,verified_header_chronology,2023-08-30T22:42:22Z,A001_snapshot_filesystem_metadata_only,FMT-02R-a20370d76087,sgl,,unresolved,,,unresolved_mapping,21,sgl,detector,,,time,time_controlled,verified,preserved_no_universal_exposure_assumption,verified_count_field_hardware_not_recorded,verified_count_field_hardware_not_recorded,0,,unresolved,14.8694,14.8713,constant,constant,e,Ei_minus_Ef,verified_global,not_applicable,constant,constant,constant,unresolved,LAT-02R-517a9644e4f59287,UB-02R-c7cdba07fed2dfd7,recorded_UB_auxiliary_orientation_unresolved,PG,,unverified,,unverified,PG,,unverified,,unverified,o-40-40-o,,not_recorded,,not_recorded,,per_channel_in_semantic_report_no_unique_temperature,semantic_verification_report.yaml#environment/SCAN-02R-7044f49c95edc115,semantic_verification_report.yaml#environment/SCAN-02R-7044f49c95edc115,metadata_match_only_not_validated_repeat,b7239309015700c9107948c6d82ab92729a1e5f45f81f17e2aa2c250a222d2d6,5,recorded_header_whitelist_only_no_intensity_or_group_assignment,warning,mode_semantics_unresolved;q_semantics_unresolved;PG_reflection_mosaic_unverified;filter_attenuation_not_recorded;temperature_channel_semantics_unresolved;scan_range_unresolved_mapping,stage02r_a002_parser_v1,scan_points.csv#SCAN-02R-7044f49c95edc115
SCAN-02R-113d971bbff5b0fe,113d971bbff5b0fe00c34bfc2c960f55a1e247b9c7cc32e5181f236e633be8e3,stage02r_scan_record_v1,EXP-TAIPAN-001,1296,104144,verified,FILE-02R-8e2c879cefd110cd,TAIPAN_exp1296_scan104144.dat,0e1b43006748a96fa536319020a8e602e74607468b28e68327d6028d97e19279,2023-08-31T18:43:24,2023-08-31T18:44:20,header_start_time_end_time_timezone_unrecorded,104,verified_header_chronology,2023-08-30T22:44:20Z,A001_snapshot_filesystem_metadata_only,FMT-02R-365d8346d6ba,sgu,,unresolved,,,unresolved_mapping,21,sgu,detector,,,time,time_controlled,verified,preserved_no_universal_exposure_assumption,verified_count_field_hardware_not_recorded,verified_count_field_hardware_not_recorded,0,,unresolved,14.8694,14.8713,constant,constant,e,Ei_minus_Ef,verified_global,not_applicable,constant,constant,constant,unresolved,LAT-02R-517a9644e4f59287,UB-02R-c7cdba07fed2dfd7,recorded_UB_auxiliary_orientation_unresolved,PG,,unverified,,unverified,PG,,unverified,,unverified,o-40-40-o,,not_recorded,,not_recorded,,per_channel_in_semantic_report_no_unique_temperature,semantic_verification_report.yaml#environment/SCAN-02R-113d971bbff5b0fe,semantic_verification_report.yaml#environment/SCAN-02R-113d971bbff5b0fe,metadata_match_only_not_validated_repeat,543f13e449ca4a0498044b77655f3c2b64d3144734bef49e8d67c2b3a97d70f7,4,recorded_header_whitelist_only_no_intensity_or_group_assignment,warning,mode_semantics_unresolved;q_semantics_unresolved;PG_reflection_mosaic_unverified;filter_attenuation_not_recorded;temperature_channel_semantics_unresolved;scan_range_unresolved_mapping,stage02r_a002_parser_v1,scan_points.csv#SCAN-02R-113d971bbff5b0fe
SCAN-02R-e1e2bf2dafefa081,e1e2bf2dafefa081173c8d45c3aa261778008fc3237378724f6be8257d53ae84,stage02r_scan_record_v1,EXP-TAIPAN-001,1296,104145,verified,FILE-02R-45874942b83e2b22,TAIPAN_exp1296_scan104145.dat,59bebd3146ec50efb6eea00d1daa43a93f0d7d8560811abdd55e4b522249359e,2023-08-31T19:01:00,2023-08-31T19:06:17,header_start_time_end_time_timezone_unrecorded,105,verified_header_chronology,2023-08-30T23:06:18Z,A001_snapshot_filesystem_metadata_only,FMT-02R-42b66acce1bb,ql,l,reciprocal_lattice_coordinate,1.0002,3.0002,verified_point_endpoints_not_command_range,21,ql,detector,,,time,time_controlled,verified,preserved_no_universal_exposure_assumption,verified_count_field_hardware_not_recorded,verified_count_field_hardware_not_recorded,0,,unresolved,14.8694,,constant,variable,e,Ei_minus_Ef,verified_global,not_applicable,constant,variable,variable,unresolved,LAT-02R-517a9644e4f59287,UB-02R-c7cdba07fed2dfd7,recorded_UB_auxiliary_orientation_unresolved,PG,,unverified,,unverified,PG,,unverified,,unverified,o-40-40-o,,not_recorded,,not_recorded,,per_channel_in_semantic_report_no_unique_temperature,semantic_verification_report.yaml#environment/SCAN-02R-e1e2bf2dafefa081,semantic_verification_report.yaml#environment/SCAN-02R-e1e2bf2dafefa081,metadata_match_only_not_validated_repeat,20cf533f08b0208dbf5256aa407025091a16016050552ef4844baa06817799f6,6,recorded_header_whitelist_only_no_intensity_or_group_assignment,warning,mode_semantics_unresolved;q_semantics_unresolved;PG_reflection_mosaic_unverified;filter_attenuation_not_recorded;temperature_channel_semantics_unresolved,stage02r_a002_parser_v1,scan_points.csv#SCAN-02R-e1e2bf2dafefa081
SCAN-02R-936cf3ec1b1f48e0,936cf3ec1b1f48e0b707b7e6337fc94368413d3222629c191bdf92e551550a29,stage02r_scan_record_v1,EXP-TAIPAN-001,1296,104146,verified,FILE-02R-bdf26dd096fe3d32,TAIPAN_exp1296_scan104146.dat,94f742df4cf59a0e45ae775c3a2c95e6947e7134ab444654a8c3c6d6a3073c8d,2023-08-31T19:08:58,2023-08-31T19:16:15,header_start_time_end_time_timezone_unrecorded,106,verified_header_chronology,2023-08-30T23:16:16Z,A001_snapshot_filesystem_metadata_only,FMT-02R-42b66acce1bb,ql,l,reciprocal_lattice_coordinate,1.4002,1.6003,verified_point_endpoints_not_command_range,21,ql,detector,,,time,time_controlled,verified,preserved_no_universal_exposure_assumption,verified_count_field_hardware_not_recorded,verified_count_field_hardware_not_recorded,0,,unresolved,14.8694,,constant,variable,e,Ei_minus_Ef,verified_global,not_applicable,constant,variable,variable,unresolved,LAT-02R-517a9644e4f59287,UB-02R-c7cdba07fed2dfd7,recorded_UB_auxiliary_orientation_unresolved,PG,,unverified,,unverified,PG,,unverified,,unverified,o-40-40-o,,not_recorded,,not_recorded,,per_channel_in_semantic_report_no_unique_temperature,semantic_verification_report.yaml#environment/SCAN-02R-936cf3ec1b1f48e0,semantic_verification_report.yaml#environment/SCAN-02R-936cf3ec1b1f48e0,no_metadata_match,de00a5d39ee15b0e0a8649ad09b2d2d2d0f5ec6e901cadf8baedbabeb87d6278,1,recorded_header_whitelist_only_no_intensity_or_group_assignment,warning,mode_semantics_unresolved;q_semantics_unresolved;PG_reflection_mosaic_unverified;filter_attenuation_not_recorded;temperature_channel_semantics_unresolved,stage02r_a002_parser_v1,scan_points.csv#SCAN-02R-936cf3ec1b1f48e0
SCAN-02R-432159a75d80f2b3,432159a75d80f2b35d91031676782cd717059158a635ea3302284e5c9caf2b01,stage02r_scan_record_v1,EXP-TAIPAN-001,1296,104147,verified,FILE-02R-47923655f1056cab,TAIPAN_exp1296_scan104147.dat,439a42c61feb45209a4020e4dff4d7228ad0fe7f075c595b2228fde0dce37ff2,2023-08-31T21:32:58,2023-08-31T23:05:22,header_start_time_end_time_timezone_unrecorded,107,verified_header_chronology,2023-08-31T03:05:22Z,A001_snapshot_filesystem_metadata_only,FMT-02R-06137a7de1ad,en,energy_transfer,energy_transfer_meV,49.9982,19.9976,verified_point_endpoints_not_command_range,31,en,detector,,,monitor,monitor_controlled,verified,preserved_no_universal_exposure_assumption,verified_count_field_hardware_not_recorded,verified_count_field_hardware_not_recorded,0,,unresolved,,,variable,variable,e,Ei_minus_Ef,verified_global,verified,constant,variable,variable,unresolved,LAT-02R-517a9644e4f59287,UB-02R-c7cdba07fed2dfd7,recorded_UB_auxiliary_orientation_unresolved,PG,,unverified,,unverified,PG,,unverified,,unverified,o-40-40-o,,not_recorded,,not_recorded,,per_channel_in_semantic_report_no_unique_temperature,semantic_verification_report.yaml#environment/SCAN-02R-432159a75d80f2b3,semantic_verification_report.yaml#environment/SCAN-02R-432159a75d80f2b3,metadata_match_only_not_validated_repeat,8484208aac44fb6c853337fc25a532acfd36200b74f3d3e0c68b3bd9aa18fdcf,48,recorded_header_whitelist_only_no_intensity_or_group_assignment,warning,mode_semantics_unresolved;q_semantics_unresolved;PG_reflection_mosaic_unverified;filter_attenuation_not_recorded;temperature_channel_semantics_unresolved,stage02r_a002_parser_v1,scan_points.csv#SCAN-02R-432159a75d80f2b3
SCAN-02R-f71173d3ec0c732c,f71173d3ec0c732cb1d3279e3e1e5697fa31eccd208380fdd94e421cc2aa8120,stage02r_scan_record_v1,EXP-TAIPAN-001,1296,104148,verified,FILE-02R-4228d41a4d290624,TAIPAN_exp1296_scan104148.dat,69480da70fe27420f6d05fc558332220a56abf88376bba7bb85376b3f6c91eb5,2023-08-31T23:12:15,2023-09-01T00:44:50,header_start_time_end_time_timezone_unrecorded,108,verified_header_chronology,2023-08-31T04:44:50Z,A001_snapshot_filesystem_metadata_only,FMT-02R-06137a7de1ad,en,energy_transfer,energy_transfer_meV,49.9982,19.9983,verified_point_endpoints_not_command_range,31,en,detector,,,monitor,monitor_controlled,verified,preserved_no_universal_exposure_assumption,verified_count_field_hardware_not_recorded,verified_count_field_hardware_not_recorded,0,,unresolved,,,variable,variable,e,Ei_minus_Ef,verified_global,verified,constant,variable,variable,unresolved,LAT-02R-517a9644e4f59287,UB-02R-c7cdba07fed2dfd7,recorded_UB_auxiliary_orientation_unresolved,PG,,unverified,,unverified,PG,,unverified,,unverified,o-40-40-o,,not_recorded,,not_recorded,,per_channel_in_semantic_report_no_unique_temperature,semantic_verification_report.yaml#environment/SCAN-02R-f71173d3ec0c732c,semantic_verification_report.yaml#environment/SCAN-02R-f71173d3ec0c732c,metadata_match_only_not_validated_repeat,8484208aac44fb6c853337fc25a532acfd36200b74f3d3e0c68b3bd9aa18fdcf,48,recorded_header_whitelist_only_no_intensity_or_group_assignment,warning,mode_semantics_unresolved;q_semantics_unresolved;PG_reflection_mosaic_unverified;filter_attenuation_not_recorded;temperature_channel_semantics_unresolved,stage02r_a002_parser_v1,scan_points.csv#SCAN-02R-f71173d3ec0c732c
SCAN-02R-ef6a11424f751d3f,ef6a11424f751d3f2604a70e302b7ab042e631796260ce20c33133eccca0ef2e,stage02r_scan_record_v1,EXP-TAIPAN-001,1296,104149,verified,FILE-02R-05fe96ea32344287,TAIPAN_exp1296_scan104149.dat,f14bc1707c626f4420c41c20732b12c205dafc1d3b645c9923413e0d8ba4add1,2023-09-01T00:51:45,2023-09-01T02:24:20,header_start_time_end_time_timezone_unrecorded,109,verified_header_chronology,2023-08-31T06:24:20Z,A001_snapshot_filesystem_metadata_only,FMT-02R-06137a7de1ad,en,energy_transfer,energy_transfer_meV,49.9984,19.9983,verified_point_endpoints_not_command_range,31,en,detector,,,monitor,monitor_controlled,verified,preserved_no_universal_exposure_assumption,verified_count_field_hardware_not_recorded,verified_count_field_hardware_not_recorded,0,,unresolved,,,variable,variable,e,Ei_minus_Ef,verified_global,verified,constant,variable,variable,unresolved,LAT-02R-517a9644e4f59287,UB-02R-c7cdba07fed2dfd7,recorded_UB_auxiliary_orientation_unresolved,PG,,unverified,,unverified,PG,,unverified,,unverified,o-40-40-o,,not_recorded,,not_recorded,,per_channel_in_semantic_report_no_unique_temperature,semantic_verification_report.yaml#environment/SCAN-02R-ef6a11424f751d3f,semantic_verification_report.yaml#environment/SCAN-02R-ef6a11424f751d3f,metadata_match_only_not_validated_repeat,8484208aac44fb6c853337fc25a532acfd36200b74f3d3e0c68b3bd9aa18fdcf,48,recorded_header_whitelist_only_no_intensity_or_group_assignment,warning,mode_semantics_unresolved;q_semantics_unresolved;PG_reflection_mosaic_unverified;filter_attenuation_not_recorded;temperature_channel_semantics_unresolved,stage02r_a002_parser_v1,scan_points.csv#SCAN-02R-ef6a11424f751d3f
SCAN-02R-79e659b84aa4786d,79e659b84aa4786d3afe40eea4c9f64d2cc8185bdbf00e0aa729222fd2868381,stage02r_scan_record_v1,EXP-TAIPAN-001,1296,104150,verified,FILE-02R-0481b23618cb53b9,TAIPAN_exp1296_scan104150.dat,fadf2c1230c26fb88173d4c7d40647c4a330dbbe44289be8fa8c60a5ea8d4dc0,2023-09-01T02:31:17,2023-09-01T04:03:33,header_start_time_end_time_timezone_unrecorded,110,verified_header_chronology,2023-08-31T08:03:32Z,A001_snapshot_filesystem_metadata_only,FMT-02R-06137a7de1ad,en,energy_transfer,energy_transfer_meV,49.9968,19.9983,verified_point_endpoints_not_command_range,31,en,detector,,,monitor,monitor_controlled,verified,preserved_no_universal_exposure_assumption,verified_count_field_hardware_not_recorded,verified_count_field_hardware_not_recorded,0,,unresolved,,,variable,variable,e,Ei_minus_Ef,verified_global,verified,constant,variable,variable,unresolved,LAT-02R-517a9644e4f59287,UB-02R-c7cdba07fed2dfd7,recorded_UB_auxiliary_orientation_unresolved,PG,,unverified,,unverified,PG,,unverified,,unverified,o-40-40-o,,not_recorded,,not_recorded,,per_channel_in_semantic_report_no_unique_temperature,semantic_verification_report.yaml#environment/SCAN-02R-79e659b84aa4786d,semantic_verification_report.yaml#environment/SCAN-02R-79e659b84aa4786d,metadata_match_only_not_validated_repeat,8484208aac44fb6c853337fc25a532acfd36200b74f3d3e0c68b3bd9aa18fdcf,48,recorded_header_whitelist_only_no_intensity_or_group_assignment,warning,mode_semantics_unresolved;q_semantics_unresolved;PG_reflection_mosaic_unverified;filter_attenuation_not_recorded;temperature_channel_semantics_unresolved,stage02r_a002_parser_v1,scan_points.csv#SCAN-02R-79e659b84aa4786d
SCAN-02R-1e5b02c69224108d,1e5b02c69224108d3076d4414ed3388fc759c12205b7f4c84456ffa88e76a772,stage02r_scan_record_v1,EXP-TAIPAN-001,1296,104151,verified,FILE-02R-db3216aa4bbb640f,TAIPAN_exp1296_scan104151.dat,77b3ef5318968f8763ca755f9612d56c3297c7273b62cb0673a472244addbe91,2023-09-01T04:10:31,2023-09-01T05:42:36,header_start_time_end_time_timezone_unrecorded,111,verified_header_chronology,2023-08-31T09:42:36Z,A001_snapshot_filesystem_metadata_only,FMT-02R-06137a7de1ad,en,energy_transfer,energy_transfer_meV,49.9983,19.9983,verified_point_endpoints_not_command_range,31,en,detector,,,monitor,monitor_controlled,verified,preserved_no_universal_exposure_assumption,verified_count_field_hardware_not_recorded,verified_count_field_hardware_not_recorded,0,,unresolved,,,variable,variable,e,Ei_minus_Ef,verified_global,verified,constant,variable,variable,unresolved,LAT-02R-517a9644e4f59287,UB-02R-c7cdba07fed2dfd7,recorded_UB_auxiliary_orientation_unresolved,PG,,unverified,,unverified,PG,,unverified,,unverified,o-40-40-o,,not_recorded,,not_recorded,,per_channel_in_semantic_report_no_unique_temperature,semantic_verification_report.yaml#environment/SCAN-02R-1e5b02c69224108d,semantic_verification_report.yaml#environment/SCAN-02R-1e5b02c69224108d,metadata_match_only_not_validated_repeat,8484208aac44fb6c853337fc25a532acfd36200b74f3d3e0c68b3bd9aa18fdcf,48,recorded_header_whitelist_only_no_intensity_or_group_assignment,warning,mode_semantics_unresolved;q_semantics_unresolved;PG_reflection_mosaic_unverified;filter_attenuation_not_recorded;temperature_channel_semantics_unresolved,stage02r_a002_parser_v1,scan_points.csv#SCAN-02R-1e5b02c69224108d
SCAN-02R-2a0e91f43e0fe127,2a0e91f43e0fe1279945e01d7c891be4c5b3b06229f21604f85fe5617db9661b,stage02r_scan_record_v1,EXP-TAIPAN-001,1296,104152,verified,FILE-02R-b3c55d12147f0b5a,TAIPAN_exp1296_scan104152.dat,69f7aa8176b154b292e84843911eb9702af3e3ffe2839f2c5e39582deffe497c,2023-09-01T05:49:38,2023-09-01T07:21:46,header_start_time_end_time_timezone_unrecorded,112,verified_header_chronology,2023-08-31T11:21:46Z,A001_snapshot_filesystem_metadata_only,FMT-02R-06137a7de1ad,en,energy_transfer,energy_transfer_meV,49.9981,19.9984,verified_point_endpoints_not_command_range,31,en,detector,,,monitor,monitor_controlled,verified,preserved_no_universal_exposure_assumption,verified_count_field_hardware_not_recorded,verified_count_field_hardware_not_recorded,0,,unresolved,,,variable,variable,e,Ei_minus_Ef,verified_global,verified,constant,variable,variable,unresolved,LAT-02R-517a9644e4f59287,UB-02R-c7cdba07fed2dfd7,recorded_UB_auxiliary_orientation_unresolved,PG,,unverified,,unverified,PG,,unverified,,unverified,o-40-40-o,,not_recorded,,not_recorded,,per_channel_in_semantic_report_no_unique_temperature,semantic_verification_report.yaml#environment/SCAN-02R-2a0e91f43e0fe127,semantic_verification_report.yaml#environment/SCAN-02R-2a0e91f43e0fe127,metadata_match_only_not_validated_repeat,8484208aac44fb6c853337fc25a532acfd36200b74f3d3e0c68b3bd9aa18fdcf,48,recorded_header_whitelist_only_no_intensity_or_group_assignment,warning,mode_semantics_unresolved;q_semantics_unresolved;PG_reflection_mosaic_unverified;filter_attenuation_not_recorded;temperature_channel_semantics_unresolved,stage02r_a002_parser_v1,scan_points.csv#SCAN-02R-2a0e91f43e0fe127
SCAN-02R-d2b7e9ee069bd20e,d2b7e9ee069bd20e7b0721324d8613da87892d53ce2317b750fcf17907bd175d,stage02r_scan_record_v1,EXP-TAIPAN-001,1296,104153,verified,FILE-02R-f05dcc227ab4790a,TAIPAN_exp1296_scan104153.dat,db02424b0f0415400b27b36cc5ad9908f29156655ee7f8acacc0fbc489883426,2023-09-01T07:28:49,2023-09-01T09:00:41,header_start_time_end_time_timezone_unrecorded,113,verified_header_chronology,2023-08-31T13:00:42Z,A001_snapshot_filesystem_metadata_only,FMT-02R-06137a7de1ad,en,energy_transfer,energy_transfer_meV,49.9968,19.9983,verified_point_endpoints_not_command_range,31,en,detector,,,monitor,monitor_controlled,verified,preserved_no_universal_exposure_assumption,verified_count_field_hardware_not_recorded,verified_count_field_hardware_not_recorded,0,,unresolved,,,variable,variable,e,Ei_minus_Ef,verified_global,verified,constant,variable,variable,unresolved,LAT-02R-517a9644e4f59287,UB-02R-c7cdba07fed2dfd7,recorded_UB_auxiliary_orientation_unresolved,PG,,unverified,,unverified,PG,,unverified,,unverified,o-40-40-o,,not_recorded,,not_recorded,,per_channel_in_semantic_report_no_unique_temperature,semantic_verification_report.yaml#environment/SCAN-02R-d2b7e9ee069bd20e,semantic_verification_report.yaml#environment/SCAN-02R-d2b7e9ee069bd20e,metadata_match_only_not_validated_repeat,8484208aac44fb6c853337fc25a532acfd36200b74f3d3e0c68b3bd9aa18fdcf,48,recorded_header_whitelist_only_no_intensity_or_group_assignment,warning,mode_semantics_unresolved;q_semantics_unresolved;PG_reflection_mosaic_unverified;filter_attenuation_not_recorded;temperature_channel_semantics_unresolved,stage02r_a002_parser_v1,scan_points.csv#SCAN-02R-d2b7e9ee069bd20e
SCAN-02R-762111064d108c6d,762111064d108c6d4eb0553e5e9fb0dd8d23021e76b4ea1772b372c457bbfb4b,stage02r_scan_record_v1,EXP-TAIPAN-001,1296,104154,verified,FILE-02R-98ae70bbe8082ef4,TAIPAN_exp1296_scan104154.dat,ce9d94b1cc6cafb41244d4cd5e193c8de89de37991b6392ff7ac5913e80cffa9,2023-09-01T09:07:48,2023-09-01T10:40:11,header_start_time_end_time_timezone_unrecorded,114,verified_header_chronology,2023-08-31T14:40:12Z,A001_snapshot_filesystem_metadata_only,FMT-02R-06137a7de1ad,en,energy_transfer,energy_transfer_meV,49.9983,19.9983,verified_point_endpoints_not_command_range,31,en,detector,,,monitor,monitor_controlled,verified,preserved_no_universal_exposure_assumption,verified_count_field_hardware_not_recorded,verified_count_field_hardware_not_recorded,0,,unresolved,,,variable,variable,e,Ei_minus_Ef,verified_global,verified,constant,variable,variable,unresolved,LAT-02R-517a9644e4f59287,UB-02R-c7cdba07fed2dfd7,recorded_UB_auxiliary_orientation_unresolved,PG,,unverified,,unverified,PG,,unverified,,unverified,o-40-40-o,,not_recorded,,not_recorded,,per_channel_in_semantic_report_no_unique_temperature,semantic_verification_report.yaml#environment/SCAN-02R-762111064d108c6d,semantic_verification_report.yaml#environment/SCAN-02R-762111064d108c6d,metadata_match_only_not_validated_repeat,8484208aac44fb6c853337fc25a532acfd36200b74f3d3e0c68b3bd9aa18fdcf,48,recorded_header_whitelist_only_no_intensity_or_group_assignment,warning,mode_semantics_unresolved;q_semantics_unresolved;PG_reflection_mosaic_unverified;filter_attenuation_not_recorded;temperature_channel_semantics_unresolved,stage02r_a002_parser_v1,scan_points.csv#SCAN-02R-762111064d108c6d
SCAN-02R-403532c05321d7d2,403532c05321d7d2ab072786225211d4db2b15e24a00321eaf4045fd7d759495,stage02r_scan_record_v1,EXP-TAIPAN-001,1296,104155,verified,FILE-02R-67de6714e483831a,TAIPAN_exp1296_scan104155.dat,0c4efec60e960cd98acc1cd88313fa7e8540a7262a34bb9fa8e30db28d85554d,2023-09-01T11:22:22,2023-09-01T11:26:32,header_start_time_end_time_timezone_unrecorded,115,verified_header_chronology,2023-08-31T15:28:44Z,A001_snapshot_filesystem_metadata_only,FMT-02R-06137a7de1ad,en,energy_transfer,energy_transfer_meV,54.9952,53.9975,verified_point_endpoints_not_command_range,2,en,detector,,,monitor,monitor_controlled,verified,preserved_no_universal_exposure_assumption,verified_count_field_hardware_not_recorded,verified_count_field_hardware_not_recorded,0,,unresolved,,,variable,variable,e,Ei_minus_Ef,verified_global,verified,constant,variable,variable,unresolved,LAT-02R-517a9644e4f59287,UB-02R-c7cdba07fed2dfd7,recorded_UB_auxiliary_orientation_unresolved,PG,,unverified,,unverified,PG,,unverified,,unverified,o-40-40-o,,not_recorded,,not_recorded,,per_channel_in_semantic_report_no_unique_temperature,semantic_verification_report.yaml#environment/SCAN-02R-403532c05321d7d2,semantic_verification_report.yaml#environment/SCAN-02R-403532c05321d7d2,metadata_match_only_not_validated_repeat,8484208aac44fb6c853337fc25a532acfd36200b74f3d3e0c68b3bd9aa18fdcf,48,recorded_header_whitelist_only_no_intensity_or_group_assignment,warning,mode_semantics_unresolved;q_semantics_unresolved;PG_reflection_mosaic_unverified;filter_attenuation_not_recorded;temperature_channel_semantics_unresolved,stage02r_a002_parser_v1,scan_points.csv#SCAN-02R-403532c05321d7d2
SCAN-02R-7a0b878c4f9bf5c8,7a0b878c4f9bf5c8008fbcebfcfc621c44270211e989f1c4eedcb7c0a32432a4,stage02r_scan_record_v1,EXP-TAIPAN-001,1296,104156,verified,FILE-02R-0c5324e654c50b30,TAIPAN_exp1296_scan104156.dat,a8cf82603774ed94fad45516faa1afcb22e00e67c06db32661c04ce857f3f3cd,2023-09-01T11:38:11,2023-09-01T11:55:23,header_start_time_end_time_timezone_unrecorded,116,verified_header_chronology,2023-08-31T15:55:24Z,A001_snapshot_filesystem_metadata_only,FMT-02R-06137a7de1ad,en,energy_transfer,energy_transfer_meV,54.9983,50.9977,verified_point_endpoints_not_command_range,5,en,detector,,,monitor,monitor_controlled,verified,preserved_no_universal_exposure_assumption,verified_count_field_hardware_not_recorded,verified_count_field_hardware_not_recorded,0,,unresolved,,14.8712,variable,constant,e,Ei_minus_Ef,verified_global,verified,constant,variable,variable,unresolved,LAT-02R-517a9644e4f59287,UB-02R-c7cdba07fed2dfd7,recorded_UB_auxiliary_orientation_unresolved,PG,,unverified,,unverified,PG,,unverified,,unverified,o-40-40-o,,not_recorded,,not_recorded,,per_channel_in_semantic_report_no_unique_temperature,semantic_verification_report.yaml#environment/SCAN-02R-7a0b878c4f9bf5c8,semantic_verification_report.yaml#environment/SCAN-02R-7a0b878c4f9bf5c8,metadata_match_only_not_validated_repeat,8484208aac44fb6c853337fc25a532acfd36200b74f3d3e0c68b3bd9aa18fdcf,48,recorded_header_whitelist_only_no_intensity_or_group_assignment,warning,mode_semantics_unresolved;q_semantics_unresolved;PG_reflection_mosaic_unverified;filter_attenuation_not_recorded;temperature_channel_semantics_unresolved,stage02r_a002_parser_v1,scan_points.csv#SCAN-02R-7a0b878c4f9bf5c8
SCAN-02R-46abc72aaf86494c,46abc72aaf86494c18c0e64feab11c9980047206b17f80542bfb6656a501c56c,stage02r_scan_record_v1,EXP-TAIPAN-001,1296,104157,verified,FILE-02R-afd3d05ceefc8cfc,TAIPAN_exp1296_scan104157.dat,021a5444058959a3165f79d14312d44aefecc1b45058d5e6e66bc0105c75fda1,2023-09-01T12:03:33,2023-09-01T12:20:45,header_start_time_end_time_timezone_unrecorded,117,verified_header_chronology,2023-08-31T16:20:44Z,A001_snapshot_filesystem_metadata_only,FMT-02R-06137a7de1ad,en,energy_transfer,energy_transfer_meV,54.9968,50.9963,verified_point_endpoints_not_command_range,5,en,detector,,,monitor,monitor_controlled,verified,preserved_no_universal_exposure_assumption,verified_count_field_hardware_not_recorded,verified_count_field_hardware_not_recorded,0,,unresolved,,,variable,variable,e,Ei_minus_Ef,verified_global,verified,constant,variable,variable,unresolved,LAT-02R-517a9644e4f59287,UB-02R-c7cdba07fed2dfd7,recorded_UB_auxiliary_orientation_unresolved,PG,,unverified,,unverified,PG,,unverified,,unverified,o-40-40-o,,not_recorded,,not_recorded,,per_channel_in_semantic_report_no_unique_temperature,semantic_verification_report.yaml#environment/SCAN-02R-46abc72aaf86494c,semantic_verification_report.yaml#environment/SCAN-02R-46abc72aaf86494c,metadata_match_only_not_validated_repeat,8484208aac44fb6c853337fc25a532acfd36200b74f3d3e0c68b3bd9aa18fdcf,48,recorded_header_whitelist_only_no_intensity_or_group_assignment,warning,mode_semantics_unresolved;q_semantics_unresolved;PG_reflection_mosaic_unverified;filter_attenuation_not_recorded;temperature_channel_semantics_unresolved,stage02r_a002_parser_v1,scan_points.csv#SCAN-02R-46abc72aaf86494c
SCAN-02R-88b013f641209af6,88b013f641209af6deee8e6bea6683d4cc09665baac0ffd4b6d21b4ac7b9fbf3,stage02r_scan_record_v1,EXP-TAIPAN-001,1296,104158,verified,FILE-02R-7d8d4710d9fda42d,TAIPAN_exp1296_scan104158.dat,302810e698b5fdf3804690d4827f1ffbbdcf870b6e9edfdb60614926a7a0bb0e,2023-09-01T12:28:54,2023-09-01T12:46:04,header_start_time_end_time_timezone_unrecorded,118,verified_header_chronology,2023-08-31T16:46:04Z,A001_snapshot_filesystem_metadata_only,FMT-02R-06137a7de1ad,en,energy_transfer,energy_transfer_meV,54.9968,50.9976,verified_point_endpoints_not_command_range,5,en,detector,,,monitor,monitor_controlled,verified,preserved_no_universal_exposure_assumption,verified_count_field_hardware_not_recorded,verified_count_field_hardware_not_recorded,0,,unresolved,,,variable,variable,e,Ei_minus_Ef,verified_global,verified,constant,variable,variable,unresolved,LAT-02R-517a9644e4f59287,UB-02R-c7cdba07fed2dfd7,recorded_UB_auxiliary_orientation_unresolved,PG,,unverified,,unverified,PG,,unverified,,unverified,o-40-40-o,,not_recorded,,not_recorded,,per_channel_in_semantic_report_no_unique_temperature,semantic_verification_report.yaml#environment/SCAN-02R-88b013f641209af6,semantic_verification_report.yaml#environment/SCAN-02R-88b013f641209af6,metadata_match_only_not_validated_repeat,8484208aac44fb6c853337fc25a532acfd36200b74f3d3e0c68b3bd9aa18fdcf,48,recorded_header_whitelist_only_no_intensity_or_group_assignment,warning,mode_semantics_unresolved;q_semantics_unresolved;PG_reflection_mosaic_unverified;filter_attenuation_not_recorded;temperature_channel_semantics_unresolved,stage02r_a002_parser_v1,scan_points.csv#SCAN-02R-88b013f641209af6
SCAN-02R-616075842b1e4c6e,616075842b1e4c6e6913d92989d0ba197e389432617d70697dfee34fd04bfa9f,stage02r_scan_record_v1,EXP-TAIPAN-001,1296,104159,verified,FILE-02R-d79d25b742a78b2f,TAIPAN_exp1296_scan104159.dat,969e09a6759d5d3c3ac8e5a1e33da47f0242aea6f6da318a4e7449e7a46458d3,2023-09-01T12:54:15,2023-09-01T13:11:27,header_start_time_end_time_timezone_unrecorded,119,verified_header_chronology,2023-08-31T17:11:28Z,A001_snapshot_filesystem_metadata_only,FMT-02R-06137a7de1ad,en,energy_transfer,energy_transfer_meV,54.9983,50.9961,verified_point_endpoints_not_command_range,5,en,detector,,,monitor,monitor_controlled,verified,preserved_no_universal_exposure_assumption,verified_count_field_hardware_not_recorded,verified_count_field_hardware_not_recorded,0,,unresolved,,14.8713,variable,constant,e,Ei_minus_Ef,verified_global,verified,constant,variable,variable,unresolved,LAT-02R-517a9644e4f59287,UB-02R-c7cdba07fed2dfd7,recorded_UB_auxiliary_orientation_unresolved,PG,,unverified,,unverified,PG,,unverified,,unverified,o-40-40-o,,not_recorded,,not_recorded,,per_channel_in_semantic_report_no_unique_temperature,semantic_verification_report.yaml#environment/SCAN-02R-616075842b1e4c6e,semantic_verification_report.yaml#environment/SCAN-02R-616075842b1e4c6e,metadata_match_only_not_validated_repeat,8484208aac44fb6c853337fc25a532acfd36200b74f3d3e0c68b3bd9aa18fdcf,48,recorded_header_whitelist_only_no_intensity_or_group_assignment,warning,mode_semantics_unresolved;q_semantics_unresolved;PG_reflection_mosaic_unverified;filter_attenuation_not_recorded;temperature_channel_semantics_unresolved,stage02r_a002_parser_v1,scan_points.csv#SCAN-02R-616075842b1e4c6e
SCAN-02R-c676d8c64735e535,c676d8c64735e535c953790e6f4deb625148366f89dbe09ac51025f7a6e86663,stage02r_scan_record_v1,EXP-TAIPAN-001,1296,104160,verified,FILE-02R-11e5fd16724f5c83,TAIPAN_exp1296_scan104160.dat,66e46180ec42507171cd7958737642be284e704fd60e16097ee7a8a385d2d42b,2023-09-01T13:19:40,2023-09-01T13:36:51,header_start_time_end_time_timezone_unrecorded,120,verified_header_chronology,2023-08-31T17:36:52Z,A001_snapshot_filesystem_metadata_only,FMT-02R-06137a7de1ad,en,energy_transfer,energy_transfer_meV,54.9968,50.9976,verified_point_endpoints_not_command_range,5,en,detector,,,monitor,monitor_controlled,verified,preserved_no_universal_exposure_assumption,verified_count_field_hardware_not_recorded,verified_count_field_hardware_not_recorded,0,,unresolved,,,variable,variable,e,Ei_minus_Ef,verified_global,verified,constant,variable,variable,unresolved,LAT-02R-517a9644e4f59287,UB-02R-c7cdba07fed2dfd7,recorded_UB_auxiliary_orientation_unresolved,PG,,unverified,,unverified,PG,,unverified,,unverified,o-40-40-o,,not_recorded,,not_recorded,,per_channel_in_semantic_report_no_unique_temperature,semantic_verification_report.yaml#environment/SCAN-02R-c676d8c64735e535,semantic_verification_report.yaml#environment/SCAN-02R-c676d8c64735e535,metadata_match_only_not_validated_repeat,8484208aac44fb6c853337fc25a532acfd36200b74f3d3e0c68b3bd9aa18fdcf,48,recorded_header_whitelist_only_no_intensity_or_group_assignment,warning,mode_semantics_unresolved;q_semantics_unresolved;PG_reflection_mosaic_unverified;filter_attenuation_not_recorded;temperature_channel_semantics_unresolved,stage02r_a002_parser_v1,scan_points.csv#SCAN-02R-c676d8c64735e535
SCAN-02R-f52305deb1f82a3a,f52305deb1f82a3a2eb11003f4d761b7d49a76829f024caad86273aecd65c662,stage02r_scan_record_v1,EXP-TAIPAN-001,1296,104161,verified,FILE-02R-64501f6fb06d7fd7,TAIPAN_exp1296_scan104161.dat,07d6594053688e0685c90d5f80e8926c9d7800161eb96f5e317dd6bd9585cc46,2023-09-01T13:45:05,2023-09-01T14:02:15,header_start_time_end_time_timezone_unrecorded,121,verified_header_chronology,2023-08-31T18:02:14Z,A001_snapshot_filesystem_metadata_only,FMT-02R-06137a7de1ad,en,energy_transfer,energy_transfer_meV,54.9967,50.9976,verified_point_endpoints_not_command_range,5,en,detector,,,monitor,monitor_controlled,verified,preserved_no_universal_exposure_assumption,verified_count_field_hardware_not_recorded,verified_count_field_hardware_not_recorded,0,,unresolved,,14.8712,variable,constant,e,Ei_minus_Ef,verified_global,verified,constant,variable,variable,unresolved,LAT-02R-517a9644e4f59287,UB-02R-c7cdba07fed2dfd7,recorded_UB_auxiliary_orientation_unresolved,PG,,unverified,,unverified,PG,,unverified,,unverified,o-40-40-o,,not_recorded,,not_recorded,,per_channel_in_semantic_report_no_unique_temperature,semantic_verification_report.yaml#environment/SCAN-02R-f52305deb1f82a3a,semantic_verification_report.yaml#environment/SCAN-02R-f52305deb1f82a3a,metadata_match_only_not_validated_repeat,8484208aac44fb6c853337fc25a532acfd36200b74f3d3e0c68b3bd9aa18fdcf,48,recorded_header_whitelist_only_no_intensity_or_group_assignment,warning,mode_semantics_unresolved;q_semantics_unresolved;PG_reflection_mosaic_unverified;filter_attenuation_not_recorded;temperature_channel_semantics_unresolved,stage02r_a002_parser_v1,scan_points.csv#SCAN-02R-f52305deb1f82a3a
SCAN-02R-e7c2e1a042f607c2,e7c2e1a042f607c2cc782d6595f8ad2de12a0fc81174e8d8f311d0e15166e5b5,stage02r_scan_record_v1,EXP-TAIPAN-001,1296,104162,verified,FILE-02R-a91939947e7b8665,TAIPAN_exp1296_scan104162.dat,b45f2ce932b4fd9883390861c835e58b6c2c70145d583956ee8039015e686a18,2023-09-01T14:10:35,2023-09-01T14:27:44,header_start_time_end_time_timezone_unrecorded,122,verified_header_chronology,2023-08-31T18:27:44Z,A001_snapshot_filesystem_metadata_only,FMT-02R-06137a7de1ad,en,energy_transfer,energy_transfer_meV,54.9951,50.9977,verified_point_endpoints_not_command_range,5,en,detector,,,monitor,monitor_controlled,verified,preserved_no_universal_exposure_assumption,verified_count_field_hardware_not_recorded,verified_count_field_hardware_not_recorded,0,,unresolved,,,variable,variable,e,Ei_minus_Ef,verified_global,verified,constant,variable,variable,unresolved,LAT-02R-517a9644e4f59287,UB-02R-c7cdba07fed2dfd7,recorded_UB_auxiliary_orientation_unresolved,PG,,unverified,,unverified,PG,,unverified,,unverified,o-40-40-o,,not_recorded,,not_recorded,,per_channel_in_semantic_report_no_unique_temperature,semantic_verification_report.yaml#environment/SCAN-02R-e7c2e1a042f607c2,semantic_verification_report.yaml#environment/SCAN-02R-e7c2e1a042f607c2,metadata_match_only_not_validated_repeat,8484208aac44fb6c853337fc25a532acfd36200b74f3d3e0c68b3bd9aa18fdcf,48,recorded_header_whitelist_only_no_intensity_or_group_assignment,warning,mode_semantics_unresolved;q_semantics_unresolved;PG_reflection_mosaic_unverified;filter_attenuation_not_recorded;temperature_channel_semantics_unresolved,stage02r_a002_parser_v1,scan_points.csv#SCAN-02R-e7c2e1a042f607c2
SCAN-02R-074afad5a6b92ea4,074afad5a6b92ea4777b8faed652533d652ea4ab50c8813aa47ae622f03f46f8,stage02r_scan_record_v1,EXP-TAIPAN-001,1296,104163,verified,FILE-02R-a31d6cff4c90e94e,TAIPAN_exp1296_scan104163.dat,5a828215d29d22df00dc1775941b5ecc6a0f0fb7db734ec1b6a15f3808da8635,2023-09-01T15:35:30,2023-09-01T17:29:28,header_start_time_end_time_timezone_unrecorded,123,verified_header_chronology,2023-08-31T21:29:28Z,A001_snapshot_filesystem_metadata_only,FMT-02R-06137a7de1ad,en,energy_transfer,energy_transfer_meV,54.9966,19.9992,verified_point_endpoints_not_command_range,36,en,detector,,,monitor,monitor_controlled,verified,preserved_no_universal_exposure_assumption,verified_count_field_hardware_not_recorded,verified_count_field_hardware_not_recorded,0,,unresolved,,,variable,variable,e,Ei_minus_Ef,verified_global,verified,constant,variable,variable,unresolved,LAT-02R-517a9644e4f59287,UB-02R-c7cdba07fed2dfd7,recorded_UB_auxiliary_orientation_unresolved,PG,,unverified,,unverified,PG,,unverified,,unverified,o-40-40-o,,not_recorded,,not_recorded,,per_channel_in_semantic_report_no_unique_temperature,semantic_verification_report.yaml#environment/SCAN-02R-074afad5a6b92ea4,semantic_verification_report.yaml#environment/SCAN-02R-074afad5a6b92ea4,metadata_match_only_not_validated_repeat,8484208aac44fb6c853337fc25a532acfd36200b74f3d3e0c68b3bd9aa18fdcf,48,recorded_header_whitelist_only_no_intensity_or_group_assignment,warning,mode_semantics_unresolved;q_semantics_unresolved;PG_reflection_mosaic_unverified;filter_attenuation_not_recorded;temperature_channel_semantics_unresolved,stage02r_a002_parser_v1,scan_points.csv#SCAN-02R-074afad5a6b92ea4
SCAN-02R-a88a59b9d2315a05,a88a59b9d2315a05c50d83ed1c1e90eb2f21ca6976bad7d6306381a057dad0ad,stage02r_scan_record_v1,EXP-TAIPAN-001,1296,104164,verified,FILE-02R-e3e3f990249fa8c7,TAIPAN_exp1296_scan104164.dat,9aebc4691bbef4afeae5ab3d3b69fd1ee5cf4cf69836adca22199ad666ef3733,2023-09-01T17:35:53,2023-09-01T19:29:29,header_start_time_end_time_timezone_unrecorded,124,verified_header_chronology,2023-08-31T23:29:30Z,A001_snapshot_filesystem_metadata_only,FMT-02R-06137a7de1ad,en,energy_transfer,energy_transfer_meV,54.9968,19.9981,verified_point_endpoints_not_command_range,36,en,detector,,,monitor,monitor_controlled,verified,preserved_no_universal_exposure_assumption,verified_count_field_hardware_not_recorded,verified_count_field_hardware_not_recorded,0,,unresolved,,,variable,variable,e,Ei_minus_Ef,verified_global,verified,constant,variable,variable,unresolved,LAT-02R-517a9644e4f59287,UB-02R-c7cdba07fed2dfd7,recorded_UB_auxiliary_orientation_unresolved,PG,,unverified,,unverified,PG,,unverified,,unverified,o-40-40-o,,not_recorded,,not_recorded,,per_channel_in_semantic_report_no_unique_temperature,semantic_verification_report.yaml#environment/SCAN-02R-a88a59b9d2315a05,semantic_verification_report.yaml#environment/SCAN-02R-a88a59b9d2315a05,metadata_match_only_not_validated_repeat,8484208aac44fb6c853337fc25a532acfd36200b74f3d3e0c68b3bd9aa18fdcf,48,recorded_header_whitelist_only_no_intensity_or_group_assignment,warning,mode_semantics_unresolved;q_semantics_unresolved;PG_reflection_mosaic_unverified;filter_attenuation_not_recorded;temperature_channel_semantics_unresolved,stage02r_a002_parser_v1,scan_points.csv#SCAN-02R-a88a59b9d2315a05
SCAN-02R-41d12941c2dac178,41d12941c2dac17863404922ce7f002fa31c0ca82eefcab714f2018bc0bf5500,stage02r_scan_record_v1,EXP-TAIPAN-001,1296,104165,verified,FILE-02R-2467de187102a2bb,TAIPAN_exp1296_scan104165.dat,c3c9a2d4aeb49d517cecc7d8400d36d26518b81409ce0f7c22938c7ffb3f1a70,2023-09-01T19:34:04,2023-09-01T20:30:08,header_start_time_end_time_timezone_unrecorded,125,verified_header_chronology,2023-09-01T00:30:08Z,A001_snapshot_filesystem_metadata_only,FMT-02R-06137a7de1ad,en,energy_transfer,energy_transfer_meV,-0.0012,18.9986,verified_point_endpoints_not_command_range,20,en,detector,,,monitor,monitor_controlled,verified,preserved_no_universal_exposure_assumption,verified_count_field_hardware_not_recorded,verified_count_field_hardware_not_recorded,0,,unresolved,,,variable,variable,e,Ei_minus_Ef,verified_global,verified,constant,variable,variable,unresolved,LAT-02R-517a9644e4f59287,UB-02R-c7cdba07fed2dfd7,recorded_UB_auxiliary_orientation_unresolved,PG,,unverified,,unverified,PG,,unverified,,unverified,o-40-40-o,,not_recorded,,not_recorded,,per_channel_in_semantic_report_no_unique_temperature,semantic_verification_report.yaml#environment/SCAN-02R-41d12941c2dac178,semantic_verification_report.yaml#environment/SCAN-02R-41d12941c2dac178,metadata_match_only_not_validated_repeat,8484208aac44fb6c853337fc25a532acfd36200b74f3d3e0c68b3bd9aa18fdcf,48,recorded_header_whitelist_only_no_intensity_or_group_assignment,warning,mode_semantics_unresolved;q_semantics_unresolved;PG_reflection_mosaic_unverified;filter_attenuation_not_recorded;temperature_channel_semantics_unresolved,stage02r_a002_parser_v1,scan_points.csv#SCAN-02R-41d12941c2dac178
SCAN-02R-4f5e09d1864ac832,4f5e09d1864ac832ba36752385db2c764be2c49912c03b029c8a361bdd8db9ed,stage02r_scan_record_v1,EXP-TAIPAN-001,1296,104166,verified,FILE-02R-bede7d78a8ceca86,TAIPAN_exp1296_scan104166.dat,961e6bd0c89d83e9a4ba7be403a16dafa9df88ceb563b59ab7d866ec47c61b89,2023-09-01T20:35:00,2023-09-01T21:31:06,header_start_time_end_time_timezone_unrecorded,126,verified_header_chronology,2023-09-01T01:31:06Z,A001_snapshot_filesystem_metadata_only,FMT-02R-06137a7de1ad,en,energy_transfer,energy_transfer_meV,-0.0009,18.9987,verified_point_endpoints_not_command_range,20,en,detector,,,monitor,monitor_controlled,verified,preserved_no_universal_exposure_assumption,verified_count_field_hardware_not_recorded,verified_count_field_hardware_not_recorded,0,,unresolved,,,variable,variable,e,Ei_minus_Ef,verified_global,verified,constant,variable,variable,unresolved,LAT-02R-517a9644e4f59287,UB-02R-c7cdba07fed2dfd7,recorded_UB_auxiliary_orientation_unresolved,PG,,unverified,,unverified,PG,,unverified,,unverified,o-40-40-o,,not_recorded,,not_recorded,,per_channel_in_semantic_report_no_unique_temperature,semantic_verification_report.yaml#environment/SCAN-02R-4f5e09d1864ac832,semantic_verification_report.yaml#environment/SCAN-02R-4f5e09d1864ac832,metadata_match_only_not_validated_repeat,8484208aac44fb6c853337fc25a532acfd36200b74f3d3e0c68b3bd9aa18fdcf,48,recorded_header_whitelist_only_no_intensity_or_group_assignment,warning,mode_semantics_unresolved;q_semantics_unresolved;PG_reflection_mosaic_unverified;filter_attenuation_not_recorded;temperature_channel_semantics_unresolved,stage02r_a002_parser_v1,scan_points.csv#SCAN-02R-4f5e09d1864ac832
SCAN-02R-4650765ebe11f415,4650765ebe11f415fb68d7dc09151ae4b2586d932676598500ee33bac37f7933,stage02r_scan_record_v1,EXP-TAIPAN-001,1296,104167,verified,FILE-02R-c912be15b436a763,TAIPAN_exp1296_scan104167.dat,9b89e698d06cd929fbaa632627ead1246582daf0fa791ade8e80fefd3ebab455,2023-09-01T21:36:00,2023-09-01T22:32:10,header_start_time_end_time_timezone_unrecorded,127,verified_header_chronology,2023-09-01T02:32:10Z,A001_snapshot_filesystem_metadata_only,FMT-02R-06137a7de1ad,en,energy_transfer,energy_transfer_meV,-0.0006,18.9987,verified_point_endpoints_not_command_range,20,en,detector,,,monitor,monitor_controlled,verified,preserved_no_universal_exposure_assumption,verified_count_field_hardware_not_recorded,verified_count_field_hardware_not_recorded,0,,unresolved,,,variable,variable,e,Ei_minus_Ef,verified_global,verified,constant,variable,variable,unresolved,LAT-02R-517a9644e4f59287,UB-02R-c7cdba07fed2dfd7,recorded_UB_auxiliary_orientation_unresolved,PG,,unverified,,unverified,PG,,unverified,,unverified,o-40-40-o,,not_recorded,,not_recorded,,per_channel_in_semantic_report_no_unique_temperature,semantic_verification_report.yaml#environment/SCAN-02R-4650765ebe11f415,semantic_verification_report.yaml#environment/SCAN-02R-4650765ebe11f415,metadata_match_only_not_validated_repeat,8484208aac44fb6c853337fc25a532acfd36200b74f3d3e0c68b3bd9aa18fdcf,48,recorded_header_whitelist_only_no_intensity_or_group_assignment,warning,mode_semantics_unresolved;q_semantics_unresolved;PG_reflection_mosaic_unverified;filter_attenuation_not_recorded;temperature_channel_semantics_unresolved,stage02r_a002_parser_v1,scan_points.csv#SCAN-02R-4650765ebe11f415
SCAN-02R-b704f6a14f738619,b704f6a14f738619efbfff1b27a7fcd63a2bb1dcaf8190a3bfbcc1bf31ff6283,stage02r_scan_record_v1,EXP-TAIPAN-001,1296,104168,verified,FILE-02R-e45fe04d518b6e17,TAIPAN_exp1296_scan104168.dat,f33b57774b0cd1abd30e0d8943151dae4b4d6fbdbe1b3283b063961d1a0c2373,2023-09-01T22:37:06,2023-09-01T23:33:15,header_start_time_end_time_timezone_unrecorded,128,verified_header_chronology,2023-09-01T03:33:16Z,A001_snapshot_filesystem_metadata_only,FMT-02R-06137a7de1ad,en,energy_transfer,energy_transfer_meV,-0.0002,18.9987,verified_point_endpoints_not_command_range,20,en,detector,,,monitor,monitor_controlled,verified,preserved_no_universal_exposure_assumption,verified_count_field_hardware_not_recorded,verified_count_field_hardware_not_recorded,0,,unresolved,,,variable,variable,e,Ei_minus_Ef,verified_global,verified,constant,variable,variable,unresolved,LAT-02R-517a9644e4f59287,UB-02R-c7cdba07fed2dfd7,recorded_UB_auxiliary_orientation_unresolved,PG,,unverified,,unverified,PG,,unverified,,unverified,o-40-40-o,,not_recorded,,not_recorded,,per_channel_in_semantic_report_no_unique_temperature,semantic_verification_report.yaml#environment/SCAN-02R-b704f6a14f738619,semantic_verification_report.yaml#environment/SCAN-02R-b704f6a14f738619,metadata_match_only_not_validated_repeat,8484208aac44fb6c853337fc25a532acfd36200b74f3d3e0c68b3bd9aa18fdcf,48,recorded_header_whitelist_only_no_intensity_or_group_assignment,warning,mode_semantics_unresolved;q_semantics_unresolved;PG_reflection_mosaic_unverified;filter_attenuation_not_recorded;temperature_channel_semantics_unresolved,stage02r_a002_parser_v1,scan_points.csv#SCAN-02R-b704f6a14f738619
SCAN-02R-26cdfd757f62fb5b,26cdfd757f62fb5b8893c38abd408680f99e70998e2bc84461bdb1f5cd2c14de,stage02r_scan_record_v1,EXP-TAIPAN-001,1296,104169,verified,FILE-02R-bf59440a7fa73cb0,TAIPAN_exp1296_scan104169.dat,8e83d7fd72f77c69695387242c804d0c3901cca2367984373f15e0912e2d575a,2023-09-01T23:38:14,2023-09-02T00:34:25,header_start_time_end_time_timezone_unrecorded,129,verified_header_chronology,2023-09-01T04:34:24Z,A001_snapshot_filesystem_metadata_only,FMT-02R-06137a7de1ad,en,energy_transfer,energy_transfer_meV,-0.0008,18.9988,verified_point_endpoints_not_command_range,20,en,detector,,,monitor,monitor_controlled,verified,preserved_no_universal_exposure_assumption,verified_count_field_hardware_not_recorded,verified_count_field_hardware_not_recorded,0,,unresolved,,,variable,variable,e,Ei_minus_Ef,verified_global,verified,constant,variable,variable,unresolved,LAT-02R-517a9644e4f59287,UB-02R-c7cdba07fed2dfd7,recorded_UB_auxiliary_orientation_unresolved,PG,,unverified,,unverified,PG,,unverified,,unverified,o-40-40-o,,not_recorded,,not_recorded,,per_channel_in_semantic_report_no_unique_temperature,semantic_verification_report.yaml#environment/SCAN-02R-26cdfd757f62fb5b,semantic_verification_report.yaml#environment/SCAN-02R-26cdfd757f62fb5b,metadata_match_only_not_validated_repeat,8484208aac44fb6c853337fc25a532acfd36200b74f3d3e0c68b3bd9aa18fdcf,48,recorded_header_whitelist_only_no_intensity_or_group_assignment,warning,mode_semantics_unresolved;q_semantics_unresolved;PG_reflection_mosaic_unverified;filter_attenuation_not_recorded;temperature_channel_semantics_unresolved,stage02r_a002_parser_v1,scan_points.csv#SCAN-02R-26cdfd757f62fb5b
SCAN-02R-5e52d7e5fbefbc05,5e52d7e5fbefbc053636d998f62a462acae0bd32c83f63ceec3b31f1bcd98538,stage02r_scan_record_v1,EXP-TAIPAN-001,1296,104170,verified,FILE-02R-92a7020f108c2fa4,TAIPAN_exp1296_scan104170.dat,970ceaead4311b14c5795ae02f5fe1810dd36ecec2f0a53d3829716618910c02,2023-09-02T00:39:27,2023-09-02T01:35:46,header_start_time_end_time_timezone_unrecorded,130,verified_header_chronology,2023-09-01T05:35:46Z,A001_snapshot_filesystem_metadata_only,FMT-02R-06137a7de1ad,en,energy_transfer,energy_transfer_meV,-0.0009,18.9988,verified_point_endpoints_not_command_range,20,en,detector,,,monitor,monitor_controlled,verified,preserved_no_universal_exposure_assumption,verified_count_field_hardware_not_recorded,verified_count_field_hardware_not_recorded,0,,unresolved,,,variable,variable,e,Ei_minus_Ef,verified_global,verified,constant,variable,variable,unresolved,LAT-02R-517a9644e4f59287,UB-02R-c7cdba07fed2dfd7,recorded_UB_auxiliary_orientation_unresolved,PG,,unverified,,unverified,PG,,unverified,,unverified,o-40-40-o,,not_recorded,,not_recorded,,per_channel_in_semantic_report_no_unique_temperature,semantic_verification_report.yaml#environment/SCAN-02R-5e52d7e5fbefbc05,semantic_verification_report.yaml#environment/SCAN-02R-5e52d7e5fbefbc05,metadata_match_only_not_validated_repeat,8484208aac44fb6c853337fc25a532acfd36200b74f3d3e0c68b3bd9aa18fdcf,48,recorded_header_whitelist_only_no_intensity_or_group_assignment,warning,mode_semantics_unresolved;q_semantics_unresolved;PG_reflection_mosaic_unverified;filter_attenuation_not_recorded;temperature_channel_semantics_unresolved,stage02r_a002_parser_v1,scan_points.csv#SCAN-02R-5e52d7e5fbefbc05
SCAN-02R-4d54ea7698000638,4d54ea7698000638cbfa9f95bfb7925072180932726bf53d19dd3eb17cb653e3,stage02r_scan_record_v1,EXP-TAIPAN-001,1296,104171,verified,FILE-02R-d0f83ca7a2fc0fa2,TAIPAN_exp1296_scan104171.dat,0611cede94a480172e162a92ca1b34694a6309840dbdae9939e09f4e68bb0946,2023-09-02T01:40:51,2023-09-02T02:37:06,header_start_time_end_time_timezone_unrecorded,131,verified_header_chronology,2023-09-01T06:37:08Z,A001_snapshot_filesystem_metadata_only,FMT-02R-06137a7de1ad,en,energy_transfer,energy_transfer_meV,-0.0008,18.9983,verified_point_endpoints_not_command_range,20,en,detector,,,monitor,monitor_controlled,verified,preserved_no_universal_exposure_assumption,verified_count_field_hardware_not_recorded,verified_count_field_hardware_not_recorded,0,,unresolved,,,variable,variable,e,Ei_minus_Ef,verified_global,verified,constant,variable,variable,unresolved,LAT-02R-517a9644e4f59287,UB-02R-c7cdba07fed2dfd7,recorded_UB_auxiliary_orientation_unresolved,PG,,unverified,,unverified,PG,,unverified,,unverified,o-40-40-o,,not_recorded,,not_recorded,,per_channel_in_semantic_report_no_unique_temperature,semantic_verification_report.yaml#environment/SCAN-02R-4d54ea7698000638,semantic_verification_report.yaml#environment/SCAN-02R-4d54ea7698000638,metadata_match_only_not_validated_repeat,8484208aac44fb6c853337fc25a532acfd36200b74f3d3e0c68b3bd9aa18fdcf,48,recorded_header_whitelist_only_no_intensity_or_group_assignment,warning,mode_semantics_unresolved;q_semantics_unresolved;PG_reflection_mosaic_unverified;filter_attenuation_not_recorded;temperature_channel_semantics_unresolved,stage02r_a002_parser_v1,scan_points.csv#SCAN-02R-4d54ea7698000638
SCAN-02R-fb62d31e5c3c1dbf,fb62d31e5c3c1dbfedc8ecb842054d0e3befcc2695da06de3500cc30539b75c4,stage02r_scan_record_v1,EXP-TAIPAN-001,1296,104172,verified,FILE-02R-b8d95c80bf59904b,TAIPAN_exp1296_scan104172.dat,929308673630aed257f989e09906bb2725bc9700b50eb21b1d5220ebe22ead3a,2023-09-02T02:42:13,2023-09-02T03:38:25,header_start_time_end_time_timezone_unrecorded,132,verified_header_chronology,2023-09-01T07:38:26Z,A001_snapshot_filesystem_metadata_only,FMT-02R-06137a7de1ad,en,energy_transfer,energy_transfer_meV,-0.0009,18.9987,verified_point_endpoints_not_command_range,20,en,detector,,,monitor,monitor_controlled,verified,preserved_no_universal_exposure_assumption,verified_count_field_hardware_not_recorded,verified_count_field_hardware_not_recorded,0,,unresolved,,,variable,variable,e,Ei_minus_Ef,verified_global,verified,constant,variable,variable,unresolved,LAT-02R-517a9644e4f59287,UB-02R-c7cdba07fed2dfd7,recorded_UB_auxiliary_orientation_unresolved,PG,,unverified,,unverified,PG,,unverified,,unverified,o-40-40-o,,not_recorded,,not_recorded,,per_channel_in_semantic_report_no_unique_temperature,semantic_verification_report.yaml#environment/SCAN-02R-fb62d31e5c3c1dbf,semantic_verification_report.yaml#environment/SCAN-02R-fb62d31e5c3c1dbf,metadata_match_only_not_validated_repeat,8484208aac44fb6c853337fc25a532acfd36200b74f3d3e0c68b3bd9aa18fdcf,48,recorded_header_whitelist_only_no_intensity_or_group_assignment,warning,mode_semantics_unresolved;q_semantics_unresolved;PG_reflection_mosaic_unverified;filter_attenuation_not_recorded;temperature_channel_semantics_unresolved,stage02r_a002_parser_v1,scan_points.csv#SCAN-02R-fb62d31e5c3c1dbf
SCAN-02R-c7a73b4824a01210,c7a73b4824a012101bfa847c0bfd99544a89a8356dec349faf3b07e943983815,stage02r_scan_record_v1,EXP-TAIPAN-001,1296,104173,verified,FILE-02R-e779a19e4e2249cb,TAIPAN_exp1296_scan104173.dat,f5197030d3400f8dd39b7a10cfa6ea9c9a07d87263e5211077527219995b8ec1,2023-09-02T03:43:35,2023-09-02T04:39:41,header_start_time_end_time_timezone_unrecorded,133,verified_header_chronology,2023-09-01T08:39:42Z,A001_snapshot_filesystem_metadata_only,FMT-02R-06137a7de1ad,en,energy_transfer,energy_transfer_meV,-0.0015,18.9987,verified_point_endpoints_not_command_range,20,en,detector,,,monitor,monitor_controlled,verified,preserved_no_universal_exposure_assumption,verified_count_field_hardware_not_recorded,verified_count_field_hardware_not_recorded,0,,unresolved,,,variable,variable,e,Ei_minus_Ef,verified_global,verified,constant,variable,variable,unresolved,LAT-02R-517a9644e4f59287,UB-02R-c7cdba07fed2dfd7,recorded_UB_auxiliary_orientation_unresolved,PG,,unverified,,unverified,PG,,unverified,,unverified,o-40-40-o,,not_recorded,,not_recorded,,per_channel_in_semantic_report_no_unique_temperature,semantic_verification_report.yaml#environment/SCAN-02R-c7a73b4824a01210,semantic_verification_report.yaml#environment/SCAN-02R-c7a73b4824a01210,metadata_match_only_not_validated_repeat,8484208aac44fb6c853337fc25a532acfd36200b74f3d3e0c68b3bd9aa18fdcf,48,recorded_header_whitelist_only_no_intensity_or_group_assignment,warning,mode_semantics_unresolved;q_semantics_unresolved;PG_reflection_mosaic_unverified;filter_attenuation_not_recorded;temperature_channel_semantics_unresolved,stage02r_a002_parser_v1,scan_points.csv#SCAN-02R-c7a73b4824a01210
SCAN-02R-5215f80c458dc1c4,5215f80c458dc1c4fbe80f3ba9d1cd5f472621dff41923565089e0b32dde2c07,stage02r_scan_record_v1,EXP-TAIPAN-001,1296,104174,verified,FILE-02R-31885f2e20fbb807,TAIPAN_exp1296_scan104174.dat,4a80fc062898c6e442fb613a6346358eadeccc95d9d043fa4ef4cb696e264c75,2023-09-02T04:44:09,2023-09-02T05:36:35,header_start_time_end_time_timezone_unrecorded,134,verified_header_chronology,2023-09-01T09:36:36Z,A001_snapshot_filesystem_metadata_only,FMT-02R-06137a7de1ad,en,energy_transfer,energy_transfer_meV,4.9984,18.9986,verified_point_endpoints_not_command_range,20,en,detector,,,monitor,monitor_controlled,verified,preserved_no_universal_exposure_assumption,verified_count_field_hardware_not_recorded,verified_count_field_hardware_not_recorded,0,,unresolved,,,variable,variable,e,Ei_minus_Ef,verified_global,verified,constant,variable,variable,unresolved,LAT-02R-517a9644e4f59287,UB-02R-c7cdba07fed2dfd7,recorded_UB_auxiliary_orientation_unresolved,PG,,unverified,,unverified,PG,,unverified,,unverified,o-40-40-o,,not_recorded,,not_recorded,,per_channel_in_semantic_report_no_unique_temperature,semantic_verification_report.yaml#environment/SCAN-02R-5215f80c458dc1c4,semantic_verification_report.yaml#environment/SCAN-02R-5215f80c458dc1c4,metadata_match_only_not_validated_repeat,8484208aac44fb6c853337fc25a532acfd36200b74f3d3e0c68b3bd9aa18fdcf,48,recorded_header_whitelist_only_no_intensity_or_group_assignment,warning,mode_semantics_unresolved;q_semantics_unresolved;PG_reflection_mosaic_unverified;filter_attenuation_not_recorded;temperature_channel_semantics_unresolved,stage02r_a002_parser_v1,scan_points.csv#SCAN-02R-5215f80c458dc1c4
SCAN-02R-4eb3495e2e32dd73,4eb3495e2e32dd73569d881922a36d1232c395fa5396c1d7213370bcef91b2be,stage02r_scan_record_v1,EXP-TAIPAN-001,1296,104175,verified,FILE-02R-4f42c03f9a4a989b,TAIPAN_exp1296_scan104175.dat,a47067fae25aae446c4ba9eba93e5750408e143ca20ea6509987fe86c3a0ad35,2023-09-02T05:41:09,2023-09-02T08:20:30,header_start_time_end_time_timezone_unrecorded,135,verified_header_chronology,2023-09-01T12:20:30Z,A001_snapshot_filesystem_metadata_only,FMT-02R-06137a7de1ad,en,energy_transfer,energy_transfer_meV,4.9985,54.9966,verified_point_endpoints_not_command_range,51,en,detector,,,monitor,monitor_controlled,verified,preserved_no_universal_exposure_assumption,verified_count_field_hardware_not_recorded,verified_count_field_hardware_not_recorded,0,,unresolved,,,variable,variable,e,Ei_minus_Ef,verified_global,verified,constant,variable,variable,unresolved,LAT-02R-517a9644e4f59287,UB-02R-c7cdba07fed2dfd7,recorded_UB_auxiliary_orientation_unresolved,PG,,unverified,,unverified,PG,,unverified,,unverified,o-40-40-o,,not_recorded,,not_recorded,,per_channel_in_semantic_report_no_unique_temperature,semantic_verification_report.yaml#environment/SCAN-02R-4eb3495e2e32dd73,semantic_verification_report.yaml#environment/SCAN-02R-4eb3495e2e32dd73,metadata_match_only_not_validated_repeat,8484208aac44fb6c853337fc25a532acfd36200b74f3d3e0c68b3bd9aa18fdcf,48,recorded_header_whitelist_only_no_intensity_or_group_assignment,warning,mode_semantics_unresolved;q_semantics_unresolved;PG_reflection_mosaic_unverified;filter_attenuation_not_recorded;temperature_channel_semantics_unresolved,stage02r_a002_parser_v1,scan_points.csv#SCAN-02R-4eb3495e2e32dd73
SCAN-02R-5f553db9674e6d45,5f553db9674e6d45f8703b3330de1929fc4c9dd855d972891b1d3049851d48da,stage02r_scan_record_v1,EXP-TAIPAN-001,1296,104176,verified,FILE-02R-bff91d54ea3694cc,TAIPAN_exp1296_scan104176.dat,2e9af5da4918d698891dad9d6d4c7385ac883921b4d56bed85a4a6f62904b031,2023-09-02T08:25:33,2023-09-02T10:49:42,header_start_time_end_time_timezone_unrecorded,136,verified_header_chronology,2023-09-01T14:49:42Z,A001_snapshot_filesystem_metadata_only,FMT-02R-06137a7de1ad,en,energy_transfer,energy_transfer_meV,9.9982,54.9951,verified_point_endpoints_not_command_range,46,en,detector,,,monitor,monitor_controlled,verified,preserved_no_universal_exposure_assumption,verified_count_field_hardware_not_recorded,verified_count_field_hardware_not_recorded,0,,unresolved,,,variable,variable,e,Ei_minus_Ef,verified_global,verified,constant,variable,variable,unresolved,LAT-02R-517a9644e4f59287,UB-02R-c7cdba07fed2dfd7,recorded_UB_auxiliary_orientation_unresolved,PG,,unverified,,unverified,PG,,unverified,,unverified,o-40-40-o,,not_recorded,,not_recorded,,per_channel_in_semantic_report_no_unique_temperature,semantic_verification_report.yaml#environment/SCAN-02R-5f553db9674e6d45,semantic_verification_report.yaml#environment/SCAN-02R-5f553db9674e6d45,metadata_match_only_not_validated_repeat,8484208aac44fb6c853337fc25a532acfd36200b74f3d3e0c68b3bd9aa18fdcf,48,recorded_header_whitelist_only_no_intensity_or_group_assignment,warning,mode_semantics_unresolved;q_semantics_unresolved;PG_reflection_mosaic_unverified;filter_attenuation_not_recorded;temperature_channel_semantics_unresolved,stage02r_a002_parser_v1,scan_points.csv#SCAN-02R-5f553db9674e6d45
SCAN-02R-598c5cedd335b846,598c5cedd335b846818b8447260604dc630ae38d928744b016fc55b258b62d56,stage02r_scan_record_v1,EXP-TAIPAN-001,1296,104177,verified,FILE-02R-17224ccc44605cc6,TAIPAN_exp1296_scan104177.dat,877b9ead64554c721d5c46e4700ba760bd41d6367fe1ade78ac573eed28b80c5,2023-09-02T11:00:48,2023-09-02T11:33:44,header_start_time_end_time_timezone_unrecorded,137,verified_header_chronology,2023-09-01T15:33:44Z,A001_snapshot_filesystem_metadata_only,FMT-02R-06137a7de1ad,en,energy_transfer,energy_transfer_meV,5.9984,17.9985,verified_point_endpoints_not_command_range,13,en,detector,,,monitor,monitor_controlled,verified,preserved_no_universal_exposure_assumption,verified_count_field_hardware_not_recorded,verified_count_field_hardware_not_recorded,0,,unresolved,,,variable,variable,e,Ei_minus_Ef,verified_global,verified,constant,variable,variable,unresolved,LAT-02R-517a9644e4f59287,UB-02R-c7cdba07fed2dfd7,recorded_UB_auxiliary_orientation_unresolved,PG,,unverified,,unverified,PG,,unverified,,unverified,o-40-40-o,,not_recorded,,not_recorded,,per_channel_in_semantic_report_no_unique_temperature,semantic_verification_report.yaml#environment/SCAN-02R-598c5cedd335b846,semantic_verification_report.yaml#environment/SCAN-02R-598c5cedd335b846,metadata_match_only_not_validated_repeat,8484208aac44fb6c853337fc25a532acfd36200b74f3d3e0c68b3bd9aa18fdcf,48,recorded_header_whitelist_only_no_intensity_or_group_assignment,warning,mode_semantics_unresolved;q_semantics_unresolved;PG_reflection_mosaic_unverified;filter_attenuation_not_recorded;temperature_channel_semantics_unresolved,stage02r_a002_parser_v1,scan_points.csv#SCAN-02R-598c5cedd335b846
SCAN-02R-e56a9b34b0768e57,e56a9b34b0768e570dcb9dde7f7a4414ffc8777da47900384e7eba2369610137,stage02r_scan_record_v1,EXP-TAIPAN-001,1296,104178,verified,FILE-02R-1cbaba74f1870c27,TAIPAN_exp1296_scan104178.dat,1ab219b30d653f95ddf6df6042d2c5f2ecb984c10a1563eb87e7da44f39a2905,2023-09-02T11:45:33,2023-09-02T12:12:33,header_start_time_end_time_timezone_unrecorded,138,verified_header_chronology,2023-09-01T16:12:34Z,A001_snapshot_filesystem_metadata_only,FMT-02R-fb75879b9023,qk,k,reciprocal_lattice_coordinate,2.8000,3.2001,verified_point_endpoints_not_command_range,11,qk,detector,,,monitor,monitor_controlled,verified,preserved_no_universal_exposure_assumption,verified_count_field_hardware_not_recorded,verified_count_field_hardware_not_recorded,0,,unresolved,,,variable,variable,e,Ei_minus_Ef,verified_global,not_applicable,constant,variable,variable,unresolved,LAT-02R-517a9644e4f59287,UB-02R-c7cdba07fed2dfd7,recorded_UB_auxiliary_orientation_unresolved,PG,,unverified,,unverified,PG,,unverified,,unverified,o-40-40-o,,not_recorded,,not_recorded,,per_channel_in_semantic_report_no_unique_temperature,semantic_verification_report.yaml#environment/SCAN-02R-e56a9b34b0768e57,semantic_verification_report.yaml#environment/SCAN-02R-e56a9b34b0768e57,no_metadata_match,5db2570d988f75ffa6be0fa37ab79e95f99b08f6f7c582b0a92e16ad566dabd4,1,recorded_header_whitelist_only_no_intensity_or_group_assignment,warning,mode_semantics_unresolved;q_semantics_unresolved;PG_reflection_mosaic_unverified;filter_attenuation_not_recorded;temperature_channel_semantics_unresolved,stage02r_a002_parser_v1,scan_points.csv#SCAN-02R-e56a9b34b0768e57
SCAN-02R-c3dcce6e5bc72678,c3dcce6e5bc726780345aabe1273512495b36919000934026fcb5ee5be2c5e5f,stage02r_scan_record_v1,EXP-TAIPAN-001,1296,104179,verified,FILE-02R-a4f1d0ae9a0b3bf3,TAIPAN_exp1296_scan104179.dat,d254d0461ae11344b957f0744aec72cbc92f7c897b1bfa7e0406a79b1c9da3a9,2023-09-02T12:19:16,2023-09-02T12:48:47,header_start_time_end_time_timezone_unrecorded,139,verified_header_chronology,2023-09-01T16:48:46Z,A001_snapshot_filesystem_metadata_only,FMT-02R-06137a7de1ad,en,energy_transfer,energy_transfer_meV,-0.0013,19.9984,verified_point_endpoints_not_command_range,11,en,detector,,,monitor,monitor_controlled,verified,preserved_no_universal_exposure_assumption,verified_count_field_hardware_not_recorded,verified_count_field_hardware_not_recorded,0,,unresolved,,,variable,variable,e,Ei_minus_Ef,verified_global,verified,constant,variable,variable,unresolved,LAT-02R-517a9644e4f59287,UB-02R-c7cdba07fed2dfd7,recorded_UB_auxiliary_orientation_unresolved,PG,,unverified,,unverified,PG,,unverified,,unverified,o-40-40-o,,not_recorded,,not_recorded,,per_channel_in_semantic_report_no_unique_temperature,semantic_verification_report.yaml#environment/SCAN-02R-c3dcce6e5bc72678,semantic_verification_report.yaml#environment/SCAN-02R-c3dcce6e5bc72678,metadata_match_only_not_validated_repeat,8484208aac44fb6c853337fc25a532acfd36200b74f3d3e0c68b3bd9aa18fdcf,48,recorded_header_whitelist_only_no_intensity_or_group_assignment,warning,mode_semantics_unresolved;q_semantics_unresolved;PG_reflection_mosaic_unverified;filter_attenuation_not_recorded;temperature_channel_semantics_unresolved,stage02r_a002_parser_v1,scan_points.csv#SCAN-02R-c3dcce6e5bc72678
SCAN-02R-a0737ac6a3eb4604,a0737ac6a3eb46042a4ab3a305211fb5f9590454d37012e3d50c3a2361251080,stage02r_scan_record_v1,EXP-TAIPAN-001,1296,104180,verified,FILE-02R-ac00d0136c230341,TAIPAN_exp1296_scan104180.dat,c47523869509b234b116130c7d1362db61887868d3de1471f8b6c7949f71662e,2023-09-02T13:05:22,2023-09-02T13:07:21,header_start_time_end_time_timezone_unrecorded,140,verified_header_chronology,2023-09-01T17:07:22Z,A001_snapshot_filesystem_metadata_only,FMT-02R-00e53630cd36,s1,S1,tas_motor_angle_raw,-15.0015,-18.0023,verified_point_endpoints_not_command_range,31,s1,detector,,,monitor,monitor_controlled,verified,preserved_no_universal_exposure_assumption,verified_count_field_hardware_not_recorded,verified_count_field_hardware_not_recorded,0,,unresolved,14.87,,constant,variable,e,Ei_minus_Ef,verified_global,not_applicable,constant,variable,variable,unresolved,LAT-02R-517a9644e4f59287,UB-02R-c7cdba07fed2dfd7,recorded_UB_auxiliary_orientation_unresolved,PG,,unverified,,unverified,PG,,unverified,,unverified,o-40-40-o,,not_recorded,,not_recorded,,per_channel_in_semantic_report_no_unique_temperature,semantic_verification_report.yaml#environment/SCAN-02R-a0737ac6a3eb4604,semantic_verification_report.yaml#environment/SCAN-02R-a0737ac6a3eb4604,metadata_match_only_not_validated_repeat,f62294c0803db2470b7d16143d268d1dddc1a7cae925c8220f1d30a53437836a,7,recorded_header_whitelist_only_no_intensity_or_group_assignment,warning,mode_semantics_unresolved;q_semantics_unresolved;PG_reflection_mosaic_unverified;filter_attenuation_not_recorded;temperature_channel_semantics_unresolved,stage02r_a002_parser_v1,scan_points.csv#SCAN-02R-a0737ac6a3eb4604
SCAN-02R-42c582e4eb747d10,42c582e4eb747d10c2ad09766cdc238f0c0b1e96dcd6b552e6cac7c22cec876b,stage02r_scan_record_v1,EXP-TAIPAN-001,1296,104181,verified,FILE-02R-f2dd29556c77c25b,TAIPAN_exp1296_scan104181.dat,3416f23a0854dd5468135aa23ceaa444ae9449d55a6aaaafa1cde54981e9b4a1,2023-09-02T13:08:13,2023-09-02T13:09:15,header_start_time_end_time_timezone_unrecorded,141,verified_header_chronology,2023-09-01T17:09:16Z,A001_snapshot_filesystem_metadata_only,FMT-02R-00e53630cd36,s1,S1,tas_motor_angle_raw,-115.0032,-110.9998,verified_point_endpoints_not_command_range,21,s1,detector,,,monitor,monitor_controlled,verified,preserved_no_universal_exposure_assumption,verified_count_field_hardware_not_recorded,verified_count_field_hardware_not_recorded,0,,unresolved,14.87,14.8713,constant,constant,e,Ei_minus_Ef,verified_global,not_applicable,constant,variable,variable,unresolved,LAT-02R-517a9644e4f59287,UB-02R-c7cdba07fed2dfd7,recorded_UB_auxiliary_orientation_unresolved,PG,,unverified,,unverified,PG,,unverified,,unverified,o-40-40-o,,not_recorded,,not_recorded,,per_channel_in_semantic_report_no_unique_temperature,semantic_verification_report.yaml#environment/SCAN-02R-42c582e4eb747d10,semantic_verification_report.yaml#environment/SCAN-02R-42c582e4eb747d10,metadata_match_only_not_validated_repeat,f62294c0803db2470b7d16143d268d1dddc1a7cae925c8220f1d30a53437836a,7,recorded_header_whitelist_only_no_intensity_or_group_assignment,warning,mode_semantics_unresolved;q_semantics_unresolved;PG_reflection_mosaic_unverified;filter_attenuation_not_recorded;temperature_channel_semantics_unresolved,stage02r_a002_parser_v1,scan_points.csv#SCAN-02R-42c582e4eb747d10
SCAN-02R-183e2f7a146cbdf6,183e2f7a146cbdf69902fb85d8e6b754c6b4b0484ea280b07b94303f5d4ff4b4,stage02r_scan_record_v1,EXP-TAIPAN-001,1296,104182,verified,FILE-02R-547ae22861c35e33,TAIPAN_exp1296_scan104182.dat,d9ca64121baed5493bd05caed708339ba2f56e0374440be2576dcd268d92ddd5,2023-09-02T13:14:45,2023-09-02T13:15:31,header_start_time_end_time_timezone_unrecorded,142,verified_header_chronology,2023-09-01T17:15:32Z,A001_snapshot_filesystem_metadata_only,FMT-02R-25ddc2c75b1e,ps_right,,unresolved,,,unresolved_mapping,11,ps_right,detector,,,monitor,monitor_controlled,verified,preserved_no_universal_exposure_assumption,verified_count_field_hardware_not_recorded,verified_count_field_hardware_not_recorded,0,,unresolved,14.87,14.8713,constant,constant,e,Ei_minus_Ef,verified_global,not_applicable,constant,constant,constant,unresolved,LAT-02R-517a9644e4f59287,UB-02R-c7cdba07fed2dfd7,recorded_UB_auxiliary_orientation_unresolved,PG,,unverified,,unverified,PG,,unverified,,unverified,o-40-40-o,,not_recorded,,not_recorded,,per_channel_in_semantic_report_no_unique_temperature,semantic_verification_report.yaml#environment/SCAN-02R-183e2f7a146cbdf6,semantic_verification_report.yaml#environment/SCAN-02R-183e2f7a146cbdf6,no_metadata_match,1e5a7c62e06b211fb19eb0e5ecb45299c83f6f12d24670dbf241975b7e0ceaa7,1,recorded_header_whitelist_only_no_intensity_or_group_assignment,warning,mode_semantics_unresolved;q_semantics_unresolved;PG_reflection_mosaic_unverified;filter_attenuation_not_recorded;temperature_channel_semantics_unresolved;scan_range_unresolved_mapping,stage02r_a002_parser_v1,scan_points.csv#SCAN-02R-183e2f7a146cbdf6
SCAN-02R-11f9a7978abc2be1,11f9a7978abc2be1e29613c0a1d78a1af6e05f2a31692025483f1a6fee465737,stage02r_scan_record_v1,EXP-TAIPAN-001,1296,104183,verified,FILE-02R-b40b4e01e3d73fa0,TAIPAN_exp1296_scan104183.dat,16474650e427afb9b7d08827a959d143c29259bb58e9e7c5b84fad921fff375c,2023-09-02T13:17:22,2023-09-02T13:18:18,header_start_time_end_time_timezone_unrecorded,143,verified_header_chronology,2023-09-01T17:18:18Z,A001_snapshot_filesystem_metadata_only,FMT-02R-a9e025c2acce,ps_left,,unresolved,,,unresolved_mapping,13,ps_left,detector,,,monitor,monitor_controlled,verified,preserved_no_universal_exposure_assumption,verified_count_field_hardware_not_recorded,verified_count_field_hardware_not_recorded,0,,unresolved,14.87,14.8713,constant,constant,e,Ei_minus_Ef,verified_global,not_applicable,constant,constant,constant,unresolved,LAT-02R-517a9644e4f59287,UB-02R-c7cdba07fed2dfd7,recorded_UB_auxiliary_orientation_unresolved,PG,,unverified,,unverified,PG,,unverified,,unverified,o-40-40-o,,not_recorded,,not_recorded,,per_channel_in_semantic_report_no_unique_temperature,semantic_verification_report.yaml#environment/SCAN-02R-11f9a7978abc2be1,semantic_verification_report.yaml#environment/SCAN-02R-11f9a7978abc2be1,no_metadata_match,42bd4c732928d836ae3b7d81c4989d63cd763d31701a89d49cda26ebe50eaead,1,recorded_header_whitelist_only_no_intensity_or_group_assignment,warning,mode_semantics_unresolved;q_semantics_unresolved;PG_reflection_mosaic_unverified;filter_attenuation_not_recorded;temperature_channel_semantics_unresolved;scan_range_unresolved_mapping,stage02r_a002_parser_v1,scan_points.csv#SCAN-02R-11f9a7978abc2be1
SCAN-02R-87a18bddebeb7046,87a18bddebeb70463a39c0f9a18f9a12e1c0889f06bacb08264d5f5c6fe175be,stage02r_scan_record_v1,EXP-TAIPAN-001,1296,104184,verified,FILE-02R-ce58ed2f984920f7,TAIPAN_exp1296_scan104184.dat,834afac02443226c92c602983555a72067e51857196fb33e260da46773c56818,2023-09-02T13:19:34,2023-09-02T13:20:36,header_start_time_end_time_timezone_unrecorded,144,verified_header_chronology,2023-09-01T17:20:38Z,A001_snapshot_filesystem_metadata_only,FMT-02R-00e53630cd36,s1,S1,tas_motor_angle_raw,-115.0030,-111.0001,verified_point_endpoints_not_command_range,21,s1,detector,,,monitor,monitor_controlled,verified,preserved_no_universal_exposure_assumption,verified_count_field_hardware_not_recorded,verified_count_field_hardware_not_recorded,0,,unresolved,14.87,14.8713,constant,constant,e,Ei_minus_Ef,verified_global,not_applicable,constant,variable,variable,unresolved,LAT-02R-517a9644e4f59287,UB-02R-c7cdba07fed2dfd7,recorded_UB_auxiliary_orientation_unresolved,PG,,unverified,,unverified,PG,,unverified,,unverified,o-40-40-o,,not_recorded,,not_recorded,,per_channel_in_semantic_report_no_unique_temperature,semantic_verification_report.yaml#environment/SCAN-02R-87a18bddebeb7046,semantic_verification_report.yaml#environment/SCAN-02R-87a18bddebeb7046,metadata_match_only_not_validated_repeat,f62294c0803db2470b7d16143d268d1dddc1a7cae925c8220f1d30a53437836a,7,recorded_header_whitelist_only_no_intensity_or_group_assignment,warning,mode_semantics_unresolved;q_semantics_unresolved;PG_reflection_mosaic_unverified;filter_attenuation_not_recorded;temperature_channel_semantics_unresolved,stage02r_a002_parser_v1,scan_points.csv#SCAN-02R-87a18bddebeb7046
SCAN-02R-73adc0625f7869df,73adc0625f7869dfab3586aa8e28b9c2373ea6575207018171c3033ed5ad63fc,stage02r_scan_record_v1,EXP-TAIPAN-001,1296,104185,verified,FILE-02R-dab3078e810d2874,TAIPAN_exp1296_scan104185.dat,a267af0dd66ba9a703616a3cffe31550ccfe447179d634a57d94941a1b187eda,2023-09-02T13:23:04,2023-09-02T13:23:47,header_start_time_end_time_timezone_unrecorded,145,verified_header_chronology,2023-09-01T17:23:48Z,A001_snapshot_filesystem_metadata_only,FMT-02R-7d9e3f2fd3b3,ps_bottom,,unresolved,,,unresolved_mapping,6,ps_bottom,detector,,,monitor,monitor_controlled,verified,preserved_no_universal_exposure_assumption,verified_count_field_hardware_not_recorded,verified_count_field_hardware_not_recorded,0,,unresolved,14.87,14.8713,constant,constant,e,Ei_minus_Ef,verified_global,not_applicable,constant,constant,constant,unresolved,LAT-02R-517a9644e4f59287,UB-02R-c7cdba07fed2dfd7,recorded_UB_auxiliary_orientation_unresolved,PG,,unverified,,unverified,PG,,unverified,,unverified,o-40-40-o,,not_recorded,,not_recorded,,per_channel_in_semantic_report_no_unique_temperature,semantic_verification_report.yaml#environment/SCAN-02R-73adc0625f7869df,semantic_verification_report.yaml#environment/SCAN-02R-73adc0625f7869df,no_metadata_match,8de797bb664590559220de55d10a71646539614109fd82ea7d74bf4d45203243,1,recorded_header_whitelist_only_no_intensity_or_group_assignment,warning,mode_semantics_unresolved;q_semantics_unresolved;PG_reflection_mosaic_unverified;filter_attenuation_not_recorded;temperature_channel_semantics_unresolved;scan_range_unresolved_mapping,stage02r_a002_parser_v1,scan_points.csv#SCAN-02R-73adc0625f7869df
SCAN-02R-b654b4eb1ebe23d6,b654b4eb1ebe23d6c8bfffb583ae7cfb9d9a4a5592f6f3b56246c3637555d0e6,stage02r_scan_record_v1,EXP-TAIPAN-001,1296,104186,verified,FILE-02R-d916c8d3b071c3ae,TAIPAN_exp1296_scan104186.dat,e1c10eaa864f463bef3f48a06187e3d1d83d3f5f0cb145082ef1e1cd556d69b0,2023-09-02T13:24:19,2023-09-02T13:25:02,header_start_time_end_time_timezone_unrecorded,146,verified_header_chronology,2023-09-01T17:25:02Z,A001_snapshot_filesystem_metadata_only,FMT-02R-33ee702b9adc,ps_top,,unresolved,,,unresolved_mapping,6,ps_top,detector,,,monitor,monitor_controlled,verified,preserved_no_universal_exposure_assumption,verified_count_field_hardware_not_recorded,verified_count_field_hardware_not_recorded,0,,unresolved,14.87,14.8713,constant,constant,e,Ei_minus_Ef,verified_global,not_applicable,constant,constant,constant,unresolved,LAT-02R-517a9644e4f59287,UB-02R-c7cdba07fed2dfd7,recorded_UB_auxiliary_orientation_unresolved,PG,,unverified,,unverified,PG,,unverified,,unverified,o-40-40-o,,not_recorded,,not_recorded,,per_channel_in_semantic_report_no_unique_temperature,semantic_verification_report.yaml#environment/SCAN-02R-b654b4eb1ebe23d6,semantic_verification_report.yaml#environment/SCAN-02R-b654b4eb1ebe23d6,no_metadata_match,8a2e42749d61633609a71b846068e24cc426fe3a14cdad5113fd1fd073015306,1,recorded_header_whitelist_only_no_intensity_or_group_assignment,warning,mode_semantics_unresolved;q_semantics_unresolved;PG_reflection_mosaic_unverified;filter_attenuation_not_recorded;temperature_channel_semantics_unresolved;scan_range_unresolved_mapping,stage02r_a002_parser_v1,scan_points.csv#SCAN-02R-b654b4eb1ebe23d6
SCAN-02R-3796d374ac11519e,3796d374ac11519ea7ba68aa18cc8453f3bbfae044cdf261859d5895074c70b6,stage02r_scan_record_v1,EXP-TAIPAN-001,1296,104187,verified,FILE-02R-3bc37304a3ed3933,TAIPAN_exp1296_scan104187.dat,a54fb31d85ca8f5e10fb641c6cd0fff29aa5601af3a2fbbc8f3417bdfff8ecd8,2023-09-02T13:26:10,2023-09-02T13:27:12,header_start_time_end_time_timezone_unrecorded,147,verified_header_chronology,2023-09-01T17:27:12Z,A001_snapshot_filesystem_metadata_only,FMT-02R-00e53630cd36,s1,S1,tas_motor_angle_raw,-115.0028,-110.9998,verified_point_endpoints_not_command_range,21,s1,detector,,,monitor,monitor_controlled,verified,preserved_no_universal_exposure_assumption,verified_count_field_hardware_not_recorded,verified_count_field_hardware_not_recorded,0,,unresolved,14.87,14.8713,constant,constant,e,Ei_minus_Ef,verified_global,not_applicable,constant,variable,variable,unresolved,LAT-02R-517a9644e4f59287,UB-02R-c7cdba07fed2dfd7,recorded_UB_auxiliary_orientation_unresolved,PG,,unverified,,unverified,PG,,unverified,,unverified,o-40-40-o,,not_recorded,,not_recorded,,per_channel_in_semantic_report_no_unique_temperature,semantic_verification_report.yaml#environment/SCAN-02R-3796d374ac11519e,semantic_verification_report.yaml#environment/SCAN-02R-3796d374ac11519e,metadata_match_only_not_validated_repeat,f62294c0803db2470b7d16143d268d1dddc1a7cae925c8220f1d30a53437836a,7,recorded_header_whitelist_only_no_intensity_or_group_assignment,warning,mode_semantics_unresolved;q_semantics_unresolved;PG_reflection_mosaic_unverified;filter_attenuation_not_recorded;temperature_channel_semantics_unresolved,stage02r_a002_parser_v1,scan_points.csv#SCAN-02R-3796d374ac11519e
SCAN-02R-d934969a642de523,d934969a642de5232402945b3e31f8fc9de43a46616b7f2dd2e38e885f2047fc,stage02r_scan_record_v1,EXP-TAIPAN-001,1296,104188,verified,FILE-02R-6dcf21ad3b5ea3ee,TAIPAN_exp1296_scan104188.dat,09f137df36468968df8f6fc6e7400665bbc23253f9e0f760f5e1001ad0c5aeac,2023-09-02T13:30:10,2023-09-02T13:31:05,header_start_time_end_time_timezone_unrecorded,148,verified_header_chronology,2023-09-01T17:31:06Z,A001_snapshot_filesystem_metadata_only,FMT-02R-029bacfa64d8,pa_left,,unresolved,,,unresolved_mapping,13,pa_left,detector,,,monitor,monitor_controlled,verified,preserved_no_universal_exposure_assumption,verified_count_field_hardware_not_recorded,verified_count_field_hardware_not_recorded,0,,unresolved,14.87,14.8713,constant,constant,e,Ei_minus_Ef,verified_global,not_applicable,constant,constant,constant,unresolved,LAT-02R-517a9644e4f59287,UB-02R-c7cdba07fed2dfd7,recorded_UB_auxiliary_orientation_unresolved,PG,,unverified,,unverified,PG,,unverified,,unverified,o-40-40-o,,not_recorded,,not_recorded,,per_channel_in_semantic_report_no_unique_temperature,semantic_verification_report.yaml#environment/SCAN-02R-d934969a642de523,semantic_verification_report.yaml#environment/SCAN-02R-d934969a642de523,no_metadata_match,aa6816dafa05a06a0f18ad60cbc61ecb193055537e35dbd1f0944c1d0227ce7f,1,recorded_header_whitelist_only_no_intensity_or_group_assignment,warning,mode_semantics_unresolved;q_semantics_unresolved;PG_reflection_mosaic_unverified;filter_attenuation_not_recorded;temperature_channel_semantics_unresolved;scan_range_unresolved_mapping,stage02r_a002_parser_v1,scan_points.csv#SCAN-02R-d934969a642de523
SCAN-02R-c74d6df747d6fccd,c74d6df747d6fccd71858df3e2ea608865b894ccdbfe212af245d0d939b87cc2,stage02r_scan_record_v1,EXP-TAIPAN-001,1296,104189,verified,FILE-02R-5cf0ec7dc8dfcd7d,TAIPAN_exp1296_scan104189.dat,f1afe8b1e7be6c84c027601ca937ed7adb79f2cdbb83fba4c280e101426bed76,2023-09-02T13:32:51,2023-09-02T13:33:47,header_start_time_end_time_timezone_unrecorded,149,verified_header_chronology,2023-09-01T17:33:48Z,A001_snapshot_filesystem_metadata_only,FMT-02R-ab302e8146f8,pa_right,,unresolved,,,unresolved_mapping,13,pa_right,detector,,,monitor,monitor_controlled,verified,preserved_no_universal_exposure_assumption,verified_count_field_hardware_not_recorded,verified_count_field_hardware_not_recorded,0,,unresolved,14.87,14.8713,constant,constant,e,Ei_minus_Ef,verified_global,not_applicable,constant,constant,constant,unresolved,LAT-02R-517a9644e4f59287,UB-02R-c7cdba07fed2dfd7,recorded_UB_auxiliary_orientation_unresolved,PG,,unverified,,unverified,PG,,unverified,,unverified,o-40-40-o,,not_recorded,,not_recorded,,per_channel_in_semantic_report_no_unique_temperature,semantic_verification_report.yaml#environment/SCAN-02R-c74d6df747d6fccd,semantic_verification_report.yaml#environment/SCAN-02R-c74d6df747d6fccd,no_metadata_match,b0c912859ce953eeab5e7004fa41effe35b2f4eb09f84b2cf81b496b73dec859,1,recorded_header_whitelist_only_no_intensity_or_group_assignment,warning,mode_semantics_unresolved;q_semantics_unresolved;PG_reflection_mosaic_unverified;filter_attenuation_not_recorded;temperature_channel_semantics_unresolved;scan_range_unresolved_mapping,stage02r_a002_parser_v1,scan_points.csv#SCAN-02R-c74d6df747d6fccd
SCAN-02R-5ef2c24fed347fd7,5ef2c24fed347fd748248b09f19f619df6237016ca5c8a83e5d6d5d778a086c5,stage02r_scan_record_v1,EXP-TAIPAN-001,1296,104190,verified,FILE-02R-f49217c971d919b9,TAIPAN_exp1296_scan104190.dat,0ee18234641ef83e0853908d502c904a6c57deee54b8713a27a61404ebc61aae,2023-09-02T13:34:20,2023-09-02T13:35:22,header_start_time_end_time_timezone_unrecorded,150,verified_header_chronology,2023-09-01T17:35:22Z,A001_snapshot_filesystem_metadata_only,FMT-02R-00e53630cd36,s1,S1,tas_motor_angle_raw,-115.0025,-110.9996,verified_point_endpoints_not_command_range,21,s1,detector,,,monitor,monitor_controlled,verified,preserved_no_universal_exposure_assumption,verified_count_field_hardware_not_recorded,verified_count_field_hardware_not_recorded,0,,unresolved,14.87,,constant,variable,e,Ei_minus_Ef,verified_global,not_applicable,constant,variable,variable,unresolved,LAT-02R-517a9644e4f59287,UB-02R-c7cdba07fed2dfd7,recorded_UB_auxiliary_orientation_unresolved,PG,,unverified,,unverified,PG,,unverified,,unverified,o-40-40-o,,not_recorded,,not_recorded,,per_channel_in_semantic_report_no_unique_temperature,semantic_verification_report.yaml#environment/SCAN-02R-5ef2c24fed347fd7,semantic_verification_report.yaml#environment/SCAN-02R-5ef2c24fed347fd7,metadata_match_only_not_validated_repeat,f62294c0803db2470b7d16143d268d1dddc1a7cae925c8220f1d30a53437836a,7,recorded_header_whitelist_only_no_intensity_or_group_assignment,warning,mode_semantics_unresolved;q_semantics_unresolved;PG_reflection_mosaic_unverified;filter_attenuation_not_recorded;temperature_channel_semantics_unresolved,stage02r_a002_parser_v1,scan_points.csv#SCAN-02R-5ef2c24fed347fd7
SCAN-02R-5467ba1e21b73319,5467ba1e21b73319ed5df211afa8141692ffe2cfebed295086581ae947c298ec,stage02r_scan_record_v1,EXP-TAIPAN-001,1296,104191,verified,FILE-02R-7d4ff218c97d28d4,TAIPAN_exp1296_scan104191.dat,683a40b35affa6c4504c3c8ee2af9d6290932f26f7405bd6b3a05b899b5432ce,2023-09-02T13:39:30,2023-09-02T13:40:47,header_start_time_end_time_timezone_unrecorded,151,verified_header_chronology,2023-09-01T17:40:48Z,A001_snapshot_filesystem_metadata_only,FMT-02R-35f17153f38f,pa_top,,unresolved,,,unresolved_mapping,15,pa_top,detector,,,monitor,monitor_controlled,verified,preserved_no_universal_exposure_assumption,verified_count_field_hardware_not_recorded,verified_count_field_hardware_not_recorded,0,,unresolved,14.87,14.8713,constant,constant,e,Ei_minus_Ef,verified_global,not_applicable,constant,constant,constant,unresolved,LAT-02R-517a9644e4f59287,UB-02R-c7cdba07fed2dfd7,recorded_UB_auxiliary_orientation_unresolved,PG,,unverified,,unverified,PG,,unverified,,unverified,o-40-40-o,,not_recorded,,not_recorded,,per_channel_in_semantic_report_no_unique_temperature,semantic_verification_report.yaml#environment/SCAN-02R-5467ba1e21b73319,semantic_verification_report.yaml#environment/SCAN-02R-5467ba1e21b73319,no_metadata_match,331732c982316237e9931a31e4d1ea612f82a30586d09743634f0e64bddace0c,1,recorded_header_whitelist_only_no_intensity_or_group_assignment,warning,mode_semantics_unresolved;q_semantics_unresolved;PG_reflection_mosaic_unverified;filter_attenuation_not_recorded;temperature_channel_semantics_unresolved;scan_range_unresolved_mapping,stage02r_a002_parser_v1,scan_points.csv#SCAN-02R-5467ba1e21b73319
SCAN-02R-c0c9b8b4b3c0d88f,c0c9b8b4b3c0d88fb9ee8f6a9dfa2688b26b7e2ad34959fda3bbd97343182bc0,stage02r_scan_record_v1,EXP-TAIPAN-001,1296,104192,verified,FILE-02R-1e8ca9599fa3228e,TAIPAN_exp1296_scan104192.dat,e47501ea5389ee2fb686a8ef8c6dbb4b4bea259efaf3f85a38f2ddc5340438c6,2023-09-02T13:42:01,2023-09-02T13:43:18,header_start_time_end_time_timezone_unrecorded,152,verified_header_chronology,2023-09-01T17:43:18Z,A001_snapshot_filesystem_metadata_only,FMT-02R-ac325217afd4,pa_bottom,,unresolved,,,unresolved_mapping,15,pa_bottom,detector,,,monitor,monitor_controlled,verified,preserved_no_universal_exposure_assumption,verified_count_field_hardware_not_recorded,verified_count_field_hardware_not_recorded,0,,unresolved,14.87,14.8713,constant,constant,e,Ei_minus_Ef,verified_global,not_applicable,constant,constant,constant,unresolved,LAT-02R-517a9644e4f59287,UB-02R-c7cdba07fed2dfd7,recorded_UB_auxiliary_orientation_unresolved,PG,,unverified,,unverified,PG,,unverified,,unverified,o-40-40-o,,not_recorded,,not_recorded,,per_channel_in_semantic_report_no_unique_temperature,semantic_verification_report.yaml#environment/SCAN-02R-c0c9b8b4b3c0d88f,semantic_verification_report.yaml#environment/SCAN-02R-c0c9b8b4b3c0d88f,no_metadata_match,658d7f04ead7f40f672b8effdb5618e0cba1b2f21927bd72d11a789bac76ef26,1,recorded_header_whitelist_only_no_intensity_or_group_assignment,warning,mode_semantics_unresolved;q_semantics_unresolved;PG_reflection_mosaic_unverified;filter_attenuation_not_recorded;temperature_channel_semantics_unresolved;scan_range_unresolved_mapping,stage02r_a002_parser_v1,scan_points.csv#SCAN-02R-c0c9b8b4b3c0d88f
SCAN-02R-1c3a8acc71d9e5bd,1c3a8acc71d9e5bd343def8b9a9568c9d5c6e66c9d877305beae15287e11c55b,stage02r_scan_record_v1,EXP-TAIPAN-001,1296,104193,verified,FILE-02R-434a17bab71381e2,TAIPAN_exp1296_scan104193.dat,36a2e6c022ff87840f776d63f110e52d086d9b874e9295900e6367921850df8a,2023-09-02T13:45:26,2023-09-02T13:46:29,header_start_time_end_time_timezone_unrecorded,153,verified_header_chronology,2023-09-01T17:46:28Z,A001_snapshot_filesystem_metadata_only,FMT-02R-00e53630cd36,s1,S1,tas_motor_angle_raw,-115.0025,-110.9996,verified_point_endpoints_not_command_range,21,s1,detector,,,monitor,monitor_controlled,verified,preserved_no_universal_exposure_assumption,verified_count_field_hardware_not_recorded,verified_count_field_hardware_not_recorded,0,,unresolved,14.87,,constant,variable,e,Ei_minus_Ef,verified_global,not_applicable,constant,variable,variable,unresolved,LAT-02R-517a9644e4f59287,UB-02R-c7cdba07fed2dfd7,recorded_UB_auxiliary_orientation_unresolved,PG,,unverified,,unverified,PG,,unverified,,unverified,o-40-40-o,,not_recorded,,not_recorded,,per_channel_in_semantic_report_no_unique_temperature,semantic_verification_report.yaml#environment/SCAN-02R-1c3a8acc71d9e5bd,semantic_verification_report.yaml#environment/SCAN-02R-1c3a8acc71d9e5bd,metadata_match_only_not_validated_repeat,f62294c0803db2470b7d16143d268d1dddc1a7cae925c8220f1d30a53437836a,7,recorded_header_whitelist_only_no_intensity_or_group_assignment,warning,mode_semantics_unresolved;q_semantics_unresolved;PG_reflection_mosaic_unverified;filter_attenuation_not_recorded;temperature_channel_semantics_unresolved,stage02r_a002_parser_v1,scan_points.csv#SCAN-02R-1c3a8acc71d9e5bd
SCAN-02R-c8f01d8d90de0c04,c8f01d8d90de0c044f679263cd71b953a7871222dccad1ccd7a8f61606a7f7c5,stage02r_scan_record_v1,EXP-TAIPAN-001,1296,104194,verified,FILE-02R-51cd8477e36147f8,TAIPAN_exp1296_scan104194.dat,7a6a648d47931c795c91b02bb62ff342c14823101f436345f79d9a4b429474f2,2023-09-02T13:50:12,2023-09-02T13:51:43,header_start_time_end_time_timezone_unrecorded,154,verified_header_chronology,2023-09-01T17:51:44Z,A001_snapshot_filesystem_metadata_only,FMT-02R-00e53630cd36,s1,S1,tas_motor_angle_raw,-18.0018,-15.0001,verified_point_endpoints_not_command_range,31,s1,detector,,,monitor,monitor_controlled,verified,preserved_no_universal_exposure_assumption,verified_count_field_hardware_not_recorded,verified_count_field_hardware_not_recorded,0,,unresolved,14.87,,constant,variable,e,Ei_minus_Ef,verified_global,not_applicable,constant,variable,variable,unresolved,LAT-02R-517a9644e4f59287,UB-02R-c7cdba07fed2dfd7,recorded_UB_auxiliary_orientation_unresolved,PG,,unverified,,unverified,PG,,unverified,,unverified,o-40-40-o,,not_recorded,,not_recorded,,per_channel_in_semantic_report_no_unique_temperature,semantic_verification_report.yaml#environment/SCAN-02R-c8f01d8d90de0c04,semantic_verification_report.yaml#environment/SCAN-02R-c8f01d8d90de0c04,metadata_match_only_not_validated_repeat,f62294c0803db2470b7d16143d268d1dddc1a7cae925c8220f1d30a53437836a,7,recorded_header_whitelist_only_no_intensity_or_group_assignment,warning,mode_semantics_unresolved;q_semantics_unresolved;PG_reflection_mosaic_unverified;filter_attenuation_not_recorded;temperature_channel_semantics_unresolved,stage02r_a002_parser_v1,scan_points.csv#SCAN-02R-c8f01d8d90de0c04
SCAN-02R-4979cab4b4eed413,4979cab4b4eed4137213912ef8d9337d8aea6f943e0c13be49a5277c7664ada6,stage02r_scan_record_v1,EXP-TAIPAN-001,1296,104195,verified,FILE-02R-6b300108d97c50d7,TAIPAN_exp1296_scan104195.dat,4b4b74d9efbe20aff28d58d8f7aabd544543e8673f3c89758bbac4c6bcbcad99,2023-09-02T13:59:39,2023-09-02T14:22:37,header_start_time_end_time_timezone_unrecorded,155,verified_header_chronology,2023-09-01T18:22:38Z,A001_snapshot_filesystem_metadata_only,FMT-02R-fb75879b9023,qk,k,reciprocal_lattice_coordinate,2.8500,3.1502,verified_point_endpoints_not_command_range,16,qk,detector,,,monitor,monitor_controlled,verified,preserved_no_universal_exposure_assumption,verified_count_field_hardware_not_recorded,verified_count_field_hardware_not_recorded,0,,unresolved,22.8696,,constant,variable,e,Ei_minus_Ef,verified_global,not_applicable,constant,variable,variable,unresolved,LAT-02R-517a9644e4f59287,UB-02R-c7cdba07fed2dfd7,recorded_UB_auxiliary_orientation_unresolved,PG,,unverified,,unverified,PG,,unverified,,unverified,o-40-40-o,,not_recorded,,not_recorded,,per_channel_in_semantic_report_no_unique_temperature,semantic_verification_report.yaml#environment/SCAN-02R-4979cab4b4eed413,semantic_verification_report.yaml#environment/SCAN-02R-4979cab4b4eed413,no_metadata_match,466485ba5f526cd0d388fa4b051c643b2593d2f36e86f386c80ac2d72fd35a4e,1,recorded_header_whitelist_only_no_intensity_or_group_assignment,warning,mode_semantics_unresolved;q_semantics_unresolved;PG_reflection_mosaic_unverified;filter_attenuation_not_recorded;temperature_channel_semantics_unresolved,stage02r_a002_parser_v1,scan_points.csv#SCAN-02R-4979cab4b4eed413
SCAN-02R-ed685e6e0b6d3265,ed685e6e0b6d32656353eda1631b0ba05503fe5f845c4e0547f59cb920dab74f,stage02r_scan_record_v1,EXP-TAIPAN-001,1296,104196,verified,FILE-02R-fe70440779bc92de,TAIPAN_exp1296_scan104196.dat,3b61e075a7c6e0166e07d8f6165d69ac0822b9fd7565bf57d05cf2976dfe5382,2023-09-02T14:26:39,2023-09-02T14:26:39,header_start_time_end_time_timezone_unrecorded,156,verified_header_chronology,2023-09-01T18:27:02Z,A001_snapshot_filesystem_metadata_only,FMT-02R-06137a7de1ad,en,energy_transfer,energy_transfer_meV,-0.0013,-0.0013,verified_point_endpoints_not_command_range,1,en,detector,,,monitor,monitor_controlled,verified,preserved_no_universal_exposure_assumption,verified_count_field_hardware_not_recorded,verified_count_field_hardware_not_recorded,0,,unresolved,14.8699,14.8711,constant,constant,e,Ei_minus_Ef,verified_global,verified,constant,constant,constant,unresolved,LAT-02R-517a9644e4f59287,UB-02R-c7cdba07fed2dfd7,recorded_UB_auxiliary_orientation_unresolved,PG,,unverified,,unverified,PG,,unverified,,unverified,o-40-40-o,,not_recorded,,not_recorded,,per_channel_in_semantic_report_no_unique_temperature,semantic_verification_report.yaml#environment/SCAN-02R-ed685e6e0b6d3265,semantic_verification_report.yaml#environment/SCAN-02R-ed685e6e0b6d3265,no_metadata_match,de5cf670472668264deeb95e46772438d1e62e310b2e3878984c9957a3af688c,1,recorded_header_whitelist_only_no_intensity_or_group_assignment,warning,mode_semantics_unresolved;q_semantics_unresolved;PG_reflection_mosaic_unverified;filter_attenuation_not_recorded;temperature_channel_semantics_unresolved,stage02r_a002_parser_v1,scan_points.csv#SCAN-02R-ed685e6e0b6d3265
SCAN-02R-6f7239d1961a1e4d,6f7239d1961a1e4dfe34b8817f24e8b0190f7adf6a6980ae1c869c8d247d20f4,stage02r_scan_record_v1,EXP-TAIPAN-001,1296,104197,verified,FILE-02R-4b7dc4f88327fb96,TAIPAN_exp1296_scan104197.dat,cbb23c5100616566f2e7bf96ea76e619ae59828a256a0f6441ffbba3f464e4f6,2023-09-02T14:30:56,2023-09-02T15:00:39,header_start_time_end_time_timezone_unrecorded,157,verified_header_chronology,2023-09-01T19:00:40Z,A001_snapshot_filesystem_metadata_only,FMT-02R-06137a7de1ad,en,energy_transfer,energy_transfer_meV,-0.0013,19.9984,verified_point_endpoints_not_command_range,11,en,detector,,,monitor,monitor_controlled,verified,preserved_no_universal_exposure_assumption,verified_count_field_hardware_not_recorded,verified_count_field_hardware_not_recorded,0,,unresolved,,,variable,variable,e,Ei_minus_Ef,verified_global,verified,constant,variable,variable,unresolved,LAT-02R-517a9644e4f59287,UB-02R-c7cdba07fed2dfd7,recorded_UB_auxiliary_orientation_unresolved,PG,,unverified,,unverified,PG,,unverified,,unverified,o-40-40-o,,not_recorded,,not_recorded,,per_channel_in_semantic_report_no_unique_temperature,semantic_verification_report.yaml#environment/SCAN-02R-6f7239d1961a1e4d,semantic_verification_report.yaml#environment/SCAN-02R-6f7239d1961a1e4d,metadata_match_only_not_validated_repeat,8484208aac44fb6c853337fc25a532acfd36200b74f3d3e0c68b3bd9aa18fdcf,48,recorded_header_whitelist_only_no_intensity_or_group_assignment,warning,mode_semantics_unresolved;q_semantics_unresolved;PG_reflection_mosaic_unverified;filter_attenuation_not_recorded;temperature_channel_semantics_unresolved,stage02r_a002_parser_v1,scan_points.csv#SCAN-02R-6f7239d1961a1e4d
SCAN-02R-643ff7e40bd97888,643ff7e40bd97888cba6d6d50b8fd4f4913b6c9421187355d9b5a00cc17191ab,stage02r_scan_record_v1,EXP-TAIPAN-001,1296,104198,verified,FILE-02R-5b79965e065191e7,TAIPAN_exp1296_scan104198.dat,add7e5b04ff6f50b9f08009f733008652eb935b7ce0c3d47a802c725d29bde93,2023-09-02T15:08:50,2023-09-02T15:24:54,header_start_time_end_time_timezone_unrecorded,158,verified_header_chronology,2023-09-01T19:24:54Z,A001_snapshot_filesystem_metadata_only,FMT-02R-06137a7de1ad,en,energy_transfer,energy_transfer_meV,34.9978,54.9982,verified_point_endpoints_not_command_range,5,en,detector,,,monitor,monitor_controlled,verified,preserved_no_universal_exposure_assumption,verified_count_field_hardware_not_recorded,verified_count_field_hardware_not_recorded,0,,unresolved,,,variable,variable,e,Ei_minus_Ef,verified_global,verified,constant,constant,variable,unresolved,LAT-02R-517a9644e4f59287,UB-02R-c7cdba07fed2dfd7,recorded_UB_auxiliary_orientation_unresolved,PG,,unverified,,unverified,PG,,unverified,,unverified,o-40-40-o,,not_recorded,,not_recorded,,per_channel_in_semantic_report_no_unique_temperature,semantic_verification_report.yaml#environment/SCAN-02R-643ff7e40bd97888,semantic_verification_report.yaml#environment/SCAN-02R-643ff7e40bd97888,metadata_match_only_not_validated_repeat,8484208aac44fb6c853337fc25a532acfd36200b74f3d3e0c68b3bd9aa18fdcf,48,recorded_header_whitelist_only_no_intensity_or_group_assignment,warning,mode_semantics_unresolved;q_semantics_unresolved;PG_reflection_mosaic_unverified;filter_attenuation_not_recorded;temperature_channel_semantics_unresolved,stage02r_a002_parser_v1,scan_points.csv#SCAN-02R-643ff7e40bd97888
SCAN-02R-42d0a4d8bd2d58cc,42d0a4d8bd2d58cc557c4075433879ed4b3788af97669c369098aefad13a7792,stage02r_scan_record_v1,EXP-TAIPAN-001,1296,104199,verified,FILE-02R-575e049a16f2e04e,TAIPAN_exp1296_scan104199.dat,8bbd41d5d489d7054eba1f5a20063b280a868cdef47f1122814043b3b8e03a30,2023-09-02T15:49:23,2023-09-02T18:23:52,header_start_time_end_time_timezone_unrecorded,159,verified_header_chronology,2023-09-01T22:23:52Z,A001_snapshot_filesystem_metadata_only,FMT-02R-06137a7de1ad,en,energy_transfer,energy_transfer_meV,-0.0014,49.9969,verified_point_endpoints_not_command_range,51,en,detector,,,monitor,monitor_controlled,verified,preserved_no_universal_exposure_assumption,verified_count_field_hardware_not_recorded,verified_count_field_hardware_not_recorded,0,,unresolved,,,variable,variable,e,Ei_minus_Ef,verified_global,verified,constant,variable,variable,unresolved,LAT-02R-517a9644e4f59287,UB-02R-c7cdba07fed2dfd7,recorded_UB_auxiliary_orientation_unresolved,PG,,unverified,,unverified,PG,,unverified,,unverified,o-40-40-o,,not_recorded,,not_recorded,,per_channel_in_semantic_report_no_unique_temperature,semantic_verification_report.yaml#environment/SCAN-02R-42d0a4d8bd2d58cc,semantic_verification_report.yaml#environment/SCAN-02R-42d0a4d8bd2d58cc,metadata_match_only_not_validated_repeat,8484208aac44fb6c853337fc25a532acfd36200b74f3d3e0c68b3bd9aa18fdcf,48,recorded_header_whitelist_only_no_intensity_or_group_assignment,warning,mode_semantics_unresolved;q_semantics_unresolved;PG_reflection_mosaic_unverified;filter_attenuation_not_recorded;temperature_channel_semantics_unresolved,stage02r_a002_parser_v1,scan_points.csv#SCAN-02R-42d0a4d8bd2d58cc
SCAN-02R-abcd8030795bc9cb,abcd8030795bc9cb238cf037ff17b8d2b497e30b503b2c9e80e7c5221f06dfb2,stage02r_scan_record_v1,EXP-TAIPAN-001,1296,104200,verified,FILE-02R-8ed78b57325efbda,TAIPAN_exp1296_scan104200.dat,3893d8b83f62254eccd6055cb80ed1db87757f05be9053a9bbbff34cf42a175a,2023-09-02T18:29:46,2023-09-02T21:26:09,header_start_time_end_time_timezone_unrecorded,160,verified_header_chronology,2023-09-02T01:26:10Z,A001_snapshot_filesystem_metadata_only,FMT-02R-06137a7de1ad,en,energy_transfer,energy_transfer_meV,-0.0014,54.9967,verified_point_endpoints_not_command_range,56,en,detector,,,monitor,monitor_controlled,verified,preserved_no_universal_exposure_assumption,verified_count_field_hardware_not_recorded,verified_count_field_hardware_not_recorded,0,,unresolved,,,variable,variable,e,Ei_minus_Ef,verified_global,verified,constant,variable,variable,unresolved,LAT-02R-517a9644e4f59287,UB-02R-c7cdba07fed2dfd7,recorded_UB_auxiliary_orientation_unresolved,PG,,unverified,,unverified,PG,,unverified,,unverified,o-40-40-o,,not_recorded,,not_recorded,,per_channel_in_semantic_report_no_unique_temperature,semantic_verification_report.yaml#environment/SCAN-02R-abcd8030795bc9cb,semantic_verification_report.yaml#environment/SCAN-02R-abcd8030795bc9cb,metadata_match_only_not_validated_repeat,8484208aac44fb6c853337fc25a532acfd36200b74f3d3e0c68b3bd9aa18fdcf,48,recorded_header_whitelist_only_no_intensity_or_group_assignment,warning,mode_semantics_unresolved;q_semantics_unresolved;PG_reflection_mosaic_unverified;filter_attenuation_not_recorded;temperature_channel_semantics_unresolved,stage02r_a002_parser_v1,scan_points.csv#SCAN-02R-abcd8030795bc9cb
SCAN-02R-26c5588a4a75efc2,26c5588a4a75efc2f2f4279f56f355f5b04462c1dfa5ed4c020f9c2c3b37ebdc,stage02r_scan_record_v1,EXP-TAIPAN-001,1296,104201,verified,FILE-02R-038cf4e529ce94a2,TAIPAN_exp1296_scan104201.dat,374893eaae52d8357fd5d3a2de34cda265facc477c3f527d45517fedaf575ca9,2023-09-02T21:32:15,2023-09-03T00:28:49,header_start_time_end_time_timezone_unrecorded,161,verified_header_chronology,2023-09-02T04:28:50Z,A001_snapshot_filesystem_metadata_only,FMT-02R-06137a7de1ad,en,energy_transfer,energy_transfer_meV,-0.0013,54.9967,verified_point_endpoints_not_command_range,56,en,detector,,,monitor,monitor_controlled,verified,preserved_no_universal_exposure_assumption,verified_count_field_hardware_not_recorded,verified_count_field_hardware_not_recorded,0,,unresolved,,,variable,variable,e,Ei_minus_Ef,verified_global,verified,constant,variable,variable,unresolved,LAT-02R-517a9644e4f59287,UB-02R-c7cdba07fed2dfd7,recorded_UB_auxiliary_orientation_unresolved,PG,,unverified,,unverified,PG,,unverified,,unverified,o-40-40-o,,not_recorded,,not_recorded,,per_channel_in_semantic_report_no_unique_temperature,semantic_verification_report.yaml#environment/SCAN-02R-26c5588a4a75efc2,semantic_verification_report.yaml#environment/SCAN-02R-26c5588a4a75efc2,metadata_match_only_not_validated_repeat,8484208aac44fb6c853337fc25a532acfd36200b74f3d3e0c68b3bd9aa18fdcf,48,recorded_header_whitelist_only_no_intensity_or_group_assignment,warning,mode_semantics_unresolved;q_semantics_unresolved;PG_reflection_mosaic_unverified;filter_attenuation_not_recorded;temperature_channel_semantics_unresolved,stage02r_a002_parser_v1,scan_points.csv#SCAN-02R-26c5588a4a75efc2
SCAN-02R-ebc55d8b20e3cec0,ebc55d8b20e3cec0972ae90d2beb42733cc5e2d2d48b34835db57e48f46d26b7,stage02r_scan_record_v1,EXP-TAIPAN-001,1296,104202,verified,FILE-02R-79943ebb90eea890,TAIPAN_exp1296_scan104202.dat,456cf0b51c6d224ca0bada2c7abcf17193154bce134a040a9e538819395f22aa,2023-09-03T00:34:56,2023-09-03T03:31:53,header_start_time_end_time_timezone_unrecorded,162,verified_header_chronology,2023-09-02T07:31:54Z,A001_snapshot_filesystem_metadata_only,FMT-02R-06137a7de1ad,en,energy_transfer,energy_transfer_meV,-0.0012,54.9982,verified_point_endpoints_not_command_range,56,en,detector,,,monitor,monitor_controlled,verified,preserved_no_universal_exposure_assumption,verified_count_field_hardware_not_recorded,verified_count_field_hardware_not_recorded,0,,unresolved,,,variable,variable,e,Ei_minus_Ef,verified_global,verified,constant,variable,variable,unresolved,LAT-02R-517a9644e4f59287,UB-02R-c7cdba07fed2dfd7,recorded_UB_auxiliary_orientation_unresolved,PG,,unverified,,unverified,PG,,unverified,,unverified,o-40-40-o,,not_recorded,,not_recorded,,per_channel_in_semantic_report_no_unique_temperature,semantic_verification_report.yaml#environment/SCAN-02R-ebc55d8b20e3cec0,semantic_verification_report.yaml#environment/SCAN-02R-ebc55d8b20e3cec0,metadata_match_only_not_validated_repeat,8484208aac44fb6c853337fc25a532acfd36200b74f3d3e0c68b3bd9aa18fdcf,48,recorded_header_whitelist_only_no_intensity_or_group_assignment,warning,mode_semantics_unresolved;q_semantics_unresolved;PG_reflection_mosaic_unverified;filter_attenuation_not_recorded;temperature_channel_semantics_unresolved,stage02r_a002_parser_v1,scan_points.csv#SCAN-02R-ebc55d8b20e3cec0
SCAN-02R-a1d82bdc331e2df4,a1d82bdc331e2df41609f1e93b9b094fadde6570ccee624b0a7bab1af64aad27,stage02r_scan_record_v1,EXP-TAIPAN-001,1296,104203,verified,FILE-02R-9c94dad236447dac,TAIPAN_exp1296_scan104203.dat,91855a552022aaae7787e3d5d7c44ca3ce783948fc1db8e3610baf85a68dbaf2,2023-09-03T03:37:59,2023-09-03T06:34:37,header_start_time_end_time_timezone_unrecorded,163,verified_header_chronology,2023-09-02T10:34:38Z,A001_snapshot_filesystem_metadata_only,FMT-02R-06137a7de1ad,en,energy_transfer,energy_transfer_meV,-0.0012,54.9967,verified_point_endpoints_not_command_range,56,en,detector,,,monitor,monitor_controlled,verified,preserved_no_universal_exposure_assumption,verified_count_field_hardware_not_recorded,verified_count_field_hardware_not_recorded,0,,unresolved,,,variable,variable,e,Ei_minus_Ef,verified_global,verified,constant,variable,variable,unresolved,LAT-02R-517a9644e4f59287,UB-02R-c7cdba07fed2dfd7,recorded_UB_auxiliary_orientation_unresolved,PG,,unverified,,unverified,PG,,unverified,,unverified,o-40-40-o,,not_recorded,,not_recorded,,per_channel_in_semantic_report_no_unique_temperature,semantic_verification_report.yaml#environment/SCAN-02R-a1d82bdc331e2df4,semantic_verification_report.yaml#environment/SCAN-02R-a1d82bdc331e2df4,metadata_match_only_not_validated_repeat,8484208aac44fb6c853337fc25a532acfd36200b74f3d3e0c68b3bd9aa18fdcf,48,recorded_header_whitelist_only_no_intensity_or_group_assignment,warning,mode_semantics_unresolved;q_semantics_unresolved;PG_reflection_mosaic_unverified;filter_attenuation_not_recorded;temperature_channel_semantics_unresolved,stage02r_a002_parser_v1,scan_points.csv#SCAN-02R-a1d82bdc331e2df4
SCAN-02R-77b71bd09c7eb4b4,77b71bd09c7eb4b423513bec33e51fba012012776eaf930805c3a44de53c4c5a,stage02r_scan_record_v1,EXP-TAIPAN-001,1296,104204,verified,FILE-02R-ceedca39f412c49d,TAIPAN_exp1296_scan104204.dat,fca6751709a5750900e4eb04698f942a5350941e906cfacf5e0e5a4664d0db34,2023-09-03T06:40:45,2023-09-03T09:37:12,header_start_time_end_time_timezone_unrecorded,164,verified_header_chronology,2023-09-02T13:37:12Z,A001_snapshot_filesystem_metadata_only,FMT-02R-06137a7de1ad,en,energy_transfer,energy_transfer_meV,-0.0015,54.9968,verified_point_endpoints_not_command_range,56,en,detector,,,monitor,monitor_controlled,verified,preserved_no_universal_exposure_assumption,verified_count_field_hardware_not_recorded,verified_count_field_hardware_not_recorded,0,,unresolved,,,variable,variable,e,Ei_minus_Ef,verified_global,verified,constant,variable,variable,unresolved,LAT-02R-517a9644e4f59287,UB-02R-c7cdba07fed2dfd7,recorded_UB_auxiliary_orientation_unresolved,PG,,unverified,,unverified,PG,,unverified,,unverified,o-40-40-o,,not_recorded,,not_recorded,,per_channel_in_semantic_report_no_unique_temperature,semantic_verification_report.yaml#environment/SCAN-02R-77b71bd09c7eb4b4,semantic_verification_report.yaml#environment/SCAN-02R-77b71bd09c7eb4b4,metadata_match_only_not_validated_repeat,8484208aac44fb6c853337fc25a532acfd36200b74f3d3e0c68b3bd9aa18fdcf,48,recorded_header_whitelist_only_no_intensity_or_group_assignment,warning,mode_semantics_unresolved;q_semantics_unresolved;PG_reflection_mosaic_unverified;filter_attenuation_not_recorded;temperature_channel_semantics_unresolved,stage02r_a002_parser_v1,scan_points.csv#SCAN-02R-77b71bd09c7eb4b4
SCAN-02R-7118d0dce593edea,7118d0dce593edeaab3b39624d5ef267635953e84a8fd1ecc8410b94cacad73b,stage02r_scan_record_v1,EXP-TAIPAN-001,1296,104205,verified,FILE-02R-c3e24502c9f0d434,TAIPAN_exp1296_scan104205.dat,735765eea43bd0b5dc44cc6355126c732da80bee277e0efee440fb3d6b26f839,2023-09-03T09:43:20,2023-09-03T12:39:12,header_start_time_end_time_timezone_unrecorded,165,verified_header_chronology,2023-09-02T16:39:12Z,A001_snapshot_filesystem_metadata_only,FMT-02R-06137a7de1ad,en,energy_transfer,energy_transfer_meV,-0.0011,54.9983,verified_point_endpoints_not_command_range,56,en,detector,,,monitor,monitor_controlled,verified,preserved_no_universal_exposure_assumption,verified_count_field_hardware_not_recorded,verified_count_field_hardware_not_recorded,0,,unresolved,,,variable,variable,e,Ei_minus_Ef,verified_global,verified,constant,variable,variable,unresolved,LAT-02R-517a9644e4f59287,UB-02R-c7cdba07fed2dfd7,recorded_UB_auxiliary_orientation_unresolved,PG,,unverified,,unverified,PG,,unverified,,unverified,o-40-40-o,,not_recorded,,not_recorded,,per_channel_in_semantic_report_no_unique_temperature,semantic_verification_report.yaml#environment/SCAN-02R-7118d0dce593edea,semantic_verification_report.yaml#environment/SCAN-02R-7118d0dce593edea,metadata_match_only_not_validated_repeat,8484208aac44fb6c853337fc25a532acfd36200b74f3d3e0c68b3bd9aa18fdcf,48,recorded_header_whitelist_only_no_intensity_or_group_assignment,warning,mode_semantics_unresolved;q_semantics_unresolved;PG_reflection_mosaic_unverified;filter_attenuation_not_recorded;temperature_channel_semantics_unresolved,stage02r_a002_parser_v1,scan_points.csv#SCAN-02R-7118d0dce593edea
SCAN-02R-306a96179bd778b6,306a96179bd778b6083172ae3f99e00a2d6e6fa11c840a8f66dc0445845d019c,stage02r_scan_record_v1,EXP-TAIPAN-001,1296,104206,verified,FILE-02R-3c1b75c58699b634,TAIPAN_exp1296_scan104206.dat,493861895c59b988a3184cefee8c4eb6e17755a5d13a3f2204ed944ce6914a15,2023-09-03T12:45:22,2023-09-03T15:41:02,header_start_time_end_time_timezone_unrecorded,166,verified_header_chronology,2023-09-02T19:41:02Z,A001_snapshot_filesystem_metadata_only,FMT-02R-06137a7de1ad,en,energy_transfer,energy_transfer_meV,-0.0010,54.9967,verified_point_endpoints_not_command_range,56,en,detector,,,monitor,monitor_controlled,verified,preserved_no_universal_exposure_assumption,verified_count_field_hardware_not_recorded,verified_count_field_hardware_not_recorded,0,,unresolved,,,variable,variable,e,Ei_minus_Ef,verified_global,verified,constant,variable,variable,unresolved,LAT-02R-517a9644e4f59287,UB-02R-c7cdba07fed2dfd7,recorded_UB_auxiliary_orientation_unresolved,PG,,unverified,,unverified,PG,,unverified,,unverified,o-40-40-o,,not_recorded,,not_recorded,,per_channel_in_semantic_report_no_unique_temperature,semantic_verification_report.yaml#environment/SCAN-02R-306a96179bd778b6,semantic_verification_report.yaml#environment/SCAN-02R-306a96179bd778b6,metadata_match_only_not_validated_repeat,8484208aac44fb6c853337fc25a532acfd36200b74f3d3e0c68b3bd9aa18fdcf,48,recorded_header_whitelist_only_no_intensity_or_group_assignment,warning,mode_semantics_unresolved;q_semantics_unresolved;PG_reflection_mosaic_unverified;filter_attenuation_not_recorded;temperature_channel_semantics_unresolved,stage02r_a002_parser_v1,scan_points.csv#SCAN-02R-306a96179bd778b6
SCAN-02R-baae22000a534323,baae22000a534323256197fe6ee728d29b9b004d6f18ff8c8c05411d2dc55a68,stage02r_scan_record_v1,EXP-TAIPAN-001,1296,104207,verified,FILE-02R-c69ab82458056286,TAIPAN_exp1296_scan104207.dat,877298570bb997425b7567fe4e8b22bc5684713b689add5744490ba03cf380a5,2023-09-03T15:46:30,2023-09-03T18:24:52,header_start_time_end_time_timezone_unrecorded,167,verified_header_chronology,2023-09-02T22:24:52Z,A001_snapshot_filesystem_metadata_only,FMT-02R-06137a7de1ad,en,energy_transfer,energy_transfer_meV,4.9986,54.9982,verified_point_endpoints_not_command_range,51,en,detector,,,monitor,monitor_controlled,verified,preserved_no_universal_exposure_assumption,verified_count_field_hardware_not_recorded,verified_count_field_hardware_not_recorded,0,,unresolved,,,variable,variable,e,Ei_minus_Ef,verified_global,verified,constant,variable,variable,unresolved,LAT-02R-517a9644e4f59287,UB-02R-c7cdba07fed2dfd7,recorded_UB_auxiliary_orientation_unresolved,PG,,unverified,,unverified,PG,,unverified,,unverified,o-40-40-o,,not_recorded,,not_recorded,,per_channel_in_semantic_report_no_unique_temperature,semantic_verification_report.yaml#environment/SCAN-02R-baae22000a534323,semantic_verification_report.yaml#environment/SCAN-02R-baae22000a534323,metadata_match_only_not_validated_repeat,8484208aac44fb6c853337fc25a532acfd36200b74f3d3e0c68b3bd9aa18fdcf,48,recorded_header_whitelist_only_no_intensity_or_group_assignment,warning,mode_semantics_unresolved;q_semantics_unresolved;PG_reflection_mosaic_unverified;filter_attenuation_not_recorded;temperature_channel_semantics_unresolved,stage02r_a002_parser_v1,scan_points.csv#SCAN-02R-baae22000a534323
SCAN-02R-68a1fdbd8955d9a4,68a1fdbd8955d9a49fa24ec09e11eaf2cdcfd21a0fa0eec729f2ad1db0fe4b9f,stage02r_scan_record_v1,EXP-TAIPAN-001,1296,104208,verified,FILE-02R-a486a5a1a77ae9d6,TAIPAN_exp1296_scan104208.dat,32a40597690c6de6c4d0788f47c8effca9cfba423fd94ce1002284d3d7800558,2023-09-03T18:30:24,2023-09-03T21:08:43,header_start_time_end_time_timezone_unrecorded,168,verified_header_chronology,2023-09-03T01:08:44Z,A001_snapshot_filesystem_metadata_only,FMT-02R-06137a7de1ad,en,energy_transfer,energy_transfer_meV,4.9988,54.9982,verified_point_endpoints_not_command_range,51,en,detector,,,monitor,monitor_controlled,verified,preserved_no_universal_exposure_assumption,verified_count_field_hardware_not_recorded,verified_count_field_hardware_not_recorded,0,,unresolved,,,variable,variable,e,Ei_minus_Ef,verified_global,verified,constant,variable,variable,unresolved,LAT-02R-517a9644e4f59287,UB-02R-c7cdba07fed2dfd7,recorded_UB_auxiliary_orientation_unresolved,PG,,unverified,,unverified,PG,,unverified,,unverified,o-40-40-o,,not_recorded,,not_recorded,,per_channel_in_semantic_report_no_unique_temperature,semantic_verification_report.yaml#environment/SCAN-02R-68a1fdbd8955d9a4,semantic_verification_report.yaml#environment/SCAN-02R-68a1fdbd8955d9a4,metadata_match_only_not_validated_repeat,8484208aac44fb6c853337fc25a532acfd36200b74f3d3e0c68b3bd9aa18fdcf,48,recorded_header_whitelist_only_no_intensity_or_group_assignment,warning,mode_semantics_unresolved;q_semantics_unresolved;PG_reflection_mosaic_unverified;filter_attenuation_not_recorded;temperature_channel_semantics_unresolved,stage02r_a002_parser_v1,scan_points.csv#SCAN-02R-68a1fdbd8955d9a4
SCAN-02R-7acd4c14a0007418,7acd4c14a0007418fb697513832f43cffaaf05da1bdd5740278cf626ac658da4,stage02r_scan_record_v1,EXP-TAIPAN-001,1296,104209,verified,FILE-02R-c6551e798a983dea,TAIPAN_exp1296_scan104209.dat,e145d15841a842b1b228340622969a2b94e7d46a1e3a0f2b05e499c183673da6,2023-09-03T21:13:47,2023-09-03T23:37:06,header_start_time_end_time_timezone_unrecorded,169,verified_header_chronology,2023-09-03T03:37:08Z,A001_snapshot_filesystem_metadata_only,FMT-02R-06137a7de1ad,en,energy_transfer,energy_transfer_meV,9.9980,54.9966,verified_point_endpoints_not_command_range,46,en,detector,,,monitor,monitor_controlled,verified,preserved_no_universal_exposure_assumption,verified_count_field_hardware_not_recorded,verified_count_field_hardware_not_recorded,0,,unresolved,,,variable,variable,e,Ei_minus_Ef,verified_global,verified,constant,variable,variable,unresolved,LAT-02R-517a9644e4f59287,UB-02R-c7cdba07fed2dfd7,recorded_UB_auxiliary_orientation_unresolved,PG,,unverified,,unverified,PG,,unverified,,unverified,o-40-40-o,,not_recorded,,not_recorded,,per_channel_in_semantic_report_no_unique_temperature,semantic_verification_report.yaml#environment/SCAN-02R-7acd4c14a0007418,semantic_verification_report.yaml#environment/SCAN-02R-7acd4c14a0007418,metadata_match_only_not_validated_repeat,8484208aac44fb6c853337fc25a532acfd36200b74f3d3e0c68b3bd9aa18fdcf,48,recorded_header_whitelist_only_no_intensity_or_group_assignment,warning,mode_semantics_unresolved;q_semantics_unresolved;PG_reflection_mosaic_unverified;filter_attenuation_not_recorded;temperature_channel_semantics_unresolved,stage02r_a002_parser_v1,scan_points.csv#SCAN-02R-7acd4c14a0007418
SCAN-02R-51f6ed2eb7632349,51f6ed2eb7632349164c3192184e0f1678e056cf462d9848d15777c5da04749e,stage02r_scan_record_v1,EXP-TAIPAN-001,1296,104210,verified,FILE-02R-7becabec9104d679,TAIPAN_exp1296_scan104210.dat,dd847ecf19f917588a37b1198815a04dddfe29992be9e0a5af14f6d632b2d26f,2023-09-03T23:42:17,2023-09-04T02:05:43,header_start_time_end_time_timezone_unrecorded,170,verified_header_chronology,2023-09-03T06:05:44Z,A001_snapshot_filesystem_metadata_only,FMT-02R-06137a7de1ad,en,energy_transfer,energy_transfer_meV,9.9982,54.9982,verified_point_endpoints_not_command_range,46,en,detector,,,monitor,monitor_controlled,verified,preserved_no_universal_exposure_assumption,verified_count_field_hardware_not_recorded,verified_count_field_hardware_not_recorded,0,,unresolved,,,variable,variable,e,Ei_minus_Ef,verified_global,verified,constant,variable,variable,unresolved,LAT-02R-517a9644e4f59287,UB-02R-c7cdba07fed2dfd7,recorded_UB_auxiliary_orientation_unresolved,PG,,unverified,,unverified,PG,,unverified,,unverified,o-40-40-o,,not_recorded,,not_recorded,,per_channel_in_semantic_report_no_unique_temperature,semantic_verification_report.yaml#environment/SCAN-02R-51f6ed2eb7632349,semantic_verification_report.yaml#environment/SCAN-02R-51f6ed2eb7632349,metadata_match_only_not_validated_repeat,8484208aac44fb6c853337fc25a532acfd36200b74f3d3e0c68b3bd9aa18fdcf,48,recorded_header_whitelist_only_no_intensity_or_group_assignment,warning,mode_semantics_unresolved;q_semantics_unresolved;PG_reflection_mosaic_unverified;filter_attenuation_not_recorded;temperature_channel_semantics_unresolved,stage02r_a002_parser_v1,scan_points.csv#SCAN-02R-51f6ed2eb7632349
SCAN-02R-91f840c137c7a43c,91f840c137c7a43ceeff275d910c5be1c58328bc6be6281b9ecb286616c5ef94,stage02r_scan_record_v1,EXP-TAIPAN-001,1296,104211,verified,FILE-02R-7987b5c1b8836d69,TAIPAN_exp1296_scan104211.dat,4805135d59fe2e550d79039abc5db3140400748d8b372041499ac1c720295b7a,2023-09-04T02:11:16,2023-09-04T05:07:02,header_start_time_end_time_timezone_unrecorded,171,verified_header_chronology,2023-09-03T09:07:02Z,A001_snapshot_filesystem_metadata_only,FMT-02R-06137a7de1ad,en,energy_transfer,energy_transfer_meV,-0.0006,54.9983,verified_point_endpoints_not_command_range,56,en,detector,,,monitor,monitor_controlled,verified,preserved_no_universal_exposure_assumption,verified_count_field_hardware_not_recorded,verified_count_field_hardware_not_recorded,0,,unresolved,,,variable,variable,e,Ei_minus_Ef,verified_global,verified,constant,variable,variable,unresolved,LAT-02R-517a9644e4f59287,UB-02R-c7cdba07fed2dfd7,recorded_UB_auxiliary_orientation_unresolved,PG,,unverified,,unverified,PG,,unverified,,unverified,o-40-40-o,,not_recorded,,not_recorded,,per_channel_in_semantic_report_no_unique_temperature,semantic_verification_report.yaml#environment/SCAN-02R-91f840c137c7a43c,semantic_verification_report.yaml#environment/SCAN-02R-91f840c137c7a43c,metadata_match_only_not_validated_repeat,8484208aac44fb6c853337fc25a532acfd36200b74f3d3e0c68b3bd9aa18fdcf,48,recorded_header_whitelist_only_no_intensity_or_group_assignment,warning,mode_semantics_unresolved;q_semantics_unresolved;PG_reflection_mosaic_unverified;filter_attenuation_not_recorded;temperature_channel_semantics_unresolved,stage02r_a002_parser_v1,scan_points.csv#SCAN-02R-91f840c137c7a43c
SCAN-02R-4ad1398a663b7933,4ad1398a663b7933732142253838f102b999cb91085f5d8cdf3e3590ea86babe,stage02r_scan_record_v1,EXP-TAIPAN-001,1296,104212,verified,FILE-02R-cfd92f7a26e7ac76,TAIPAN_exp1296_scan104212.dat,6b75fe13b690611930b01a66d5d322cf78c287e44a4ea05e1de1ffc656e1753a,2023-09-04T09:03:48,2023-09-04T11:55:18,header_start_time_end_time_timezone_unrecorded,172,verified_header_chronology,2023-09-03T15:55:18Z,A001_snapshot_filesystem_metadata_only,FMT-02R-06137a7de1ad,en,energy_transfer,energy_transfer_meV,54.9968,-0.0008,verified_point_endpoints_not_command_range,56,en,detector,,,monitor,monitor_controlled,verified,preserved_no_universal_exposure_assumption,verified_count_field_hardware_not_recorded,verified_count_field_hardware_not_recorded,0,,unresolved,,,variable,variable,e,Ei_minus_Ef,verified_global,verified,constant,variable,variable,unresolved,LAT-02R-517a9644e4f59287,UB-02R-c7cdba07fed2dfd7,recorded_UB_auxiliary_orientation_unresolved,PG,,unverified,,unverified,PG,,unverified,,unverified,o-40-40-o,,not_recorded,,not_recorded,,per_channel_in_semantic_report_no_unique_temperature,semantic_verification_report.yaml#environment/SCAN-02R-4ad1398a663b7933,semantic_verification_report.yaml#environment/SCAN-02R-4ad1398a663b7933,metadata_match_only_not_validated_repeat,8484208aac44fb6c853337fc25a532acfd36200b74f3d3e0c68b3bd9aa18fdcf,48,recorded_header_whitelist_only_no_intensity_or_group_assignment,warning,mode_semantics_unresolved;q_semantics_unresolved;PG_reflection_mosaic_unverified;filter_attenuation_not_recorded;temperature_channel_semantics_unresolved,stage02r_a002_parser_v1,scan_points.csv#SCAN-02R-4ad1398a663b7933
SCAN-02R-e772d925e68f4477,e772d925e68f4477ed256b0e5400f67411e59a564559fca4d442127489e7e36e,stage02r_scan_record_v1,EXP-TAIPAN-001,1296,104213,verified,FILE-02R-beccc20ba43b8f5e,TAIPAN_exp1296_scan104213.dat,0d3dfaa184a749fd40893bc419b7e5d3a5d8e361b122aecac78229df808efdb4,2023-09-04T12:11:53,2023-09-04T13:01:48,header_start_time_end_time_timezone_unrecorded,173,verified_header_chronology,2023-09-03T17:01:48Z,A001_snapshot_filesystem_metadata_only,FMT-02R-00e53630cd36,s1,S1,tas_motor_angle_raw,-113.4964,-116.5015,verified_point_endpoints_not_command_range,16,s1,detector,,,monitor,monitor_controlled,verified,preserved_no_universal_exposure_assumption,verified_count_field_hardware_not_recorded,verified_count_field_hardware_not_recorded,0,,unresolved,14.87,,constant,variable,e,Ei_minus_Ef,verified_global,not_applicable,constant,variable,variable,unresolved,LAT-02R-517a9644e4f59287,UB-02R-c7cdba07fed2dfd7,recorded_UB_auxiliary_orientation_unresolved,PG,,unverified,,unverified,PG,,unverified,,unverified,o-40-40-o,,not_recorded,,not_recorded,,per_channel_in_semantic_report_no_unique_temperature,semantic_verification_report.yaml#environment/SCAN-02R-e772d925e68f4477,semantic_verification_report.yaml#environment/SCAN-02R-e772d925e68f4477,metadata_match_only_not_validated_repeat,8faaf8a8c0ce97b17cc12af61d89336a3f4e9b082e5ef3c56996d9e98e123929,2,recorded_header_whitelist_only_no_intensity_or_group_assignment,warning,mode_semantics_unresolved;q_semantics_unresolved;PG_reflection_mosaic_unverified;filter_attenuation_not_recorded;temperature_channel_semantics_unresolved,stage02r_a002_parser_v1,scan_points.csv#SCAN-02R-e772d925e68f4477
SCAN-02R-7fc5c872db142199,7fc5c872db142199fb55c9b9e455279dbd1f487f2d22e71476c1b5382949e011,stage02r_scan_record_v1,EXP-TAIPAN-001,1296,104214,verified,FILE-02R-57f5d07be2ba1eae,TAIPAN_exp1296_scan104214.dat,97a2e132d7e6cf4bad1d2bdf7b0e1d45913c0701d56763cf4c26e28160b53556,2023-09-04T14:16:38,2023-09-04T14:36:33,header_start_time_end_time_timezone_unrecorded,174,verified_header_chronology,2023-09-03T18:43:28Z,A001_snapshot_filesystem_metadata_only,FMT-02R-00e53630cd36,s1,S1,tas_motor_angle_raw,-114.4981,-115.7025,verified_point_endpoints_not_command_range,7,s1,detector,,,monitor,monitor_controlled,verified,preserved_no_universal_exposure_assumption,verified_count_field_hardware_not_recorded,verified_count_field_hardware_not_recorded,0,,unresolved,14.87,14.8711,constant,constant,e,Ei_minus_Ef,verified_global,not_applicable,constant,variable,variable,unresolved,LAT-02R-517a9644e4f59287,UB-02R-c7cdba07fed2dfd7,recorded_UB_auxiliary_orientation_unresolved,PG,,unverified,,unverified,PG,,unverified,,unverified,o-40-40-o,,not_recorded,,not_recorded,,per_channel_in_semantic_report_no_unique_temperature,semantic_verification_report.yaml#environment/SCAN-02R-7fc5c872db142199,semantic_verification_report.yaml#environment/SCAN-02R-7fc5c872db142199,metadata_match_only_not_validated_repeat,8faaf8a8c0ce97b17cc12af61d89336a3f4e9b082e5ef3c56996d9e98e123929,2,recorded_header_whitelist_only_no_intensity_or_group_assignment,warning,mode_semantics_unresolved;q_semantics_unresolved;PG_reflection_mosaic_unverified;filter_attenuation_not_recorded;temperature_channel_semantics_unresolved,stage02r_a002_parser_v1,scan_points.csv#SCAN-02R-7fc5c872db142199
SCAN-02R-75faa4a614a8f130,75faa4a614a8f130ac91752a29c00b2b18981aa269629c83889f452835ca147a,stage02r_scan_record_v1,EXP-TAIPAN-001,1296,104215,verified,FILE-02R-dd821b445967b77e,TAIPAN_exp1296_scan104215.dat,7d43e888fbbcdd5429ba8b856b69e4a6fa77a31aeaf6da3220e3da2f7c684951,2023-09-04T14:47:56,2023-09-04T16:38:16,header_start_time_end_time_timezone_unrecorded,175,verified_header_chronology,2023-09-03T20:38:16Z,A001_snapshot_filesystem_metadata_only,FMT-02R-06137a7de1ad,en,energy_transfer,energy_transfer_meV,24.9982,-0.0014,verified_point_endpoints_not_command_range,26,en,detector,,,monitor,monitor_controlled,verified,preserved_no_universal_exposure_assumption,verified_count_field_hardware_not_recorded,verified_count_field_hardware_not_recorded,0,,unresolved,,,variable,variable,e,Ei_minus_Ef,verified_global,verified,constant,variable,variable,unresolved,LAT-02R-517a9644e4f59287,UB-02R-c7cdba07fed2dfd7,recorded_UB_auxiliary_orientation_unresolved,PG,,unverified,,unverified,PG,,unverified,,unverified,o-40-40-o,,not_recorded,,not_recorded,,per_channel_in_semantic_report_no_unique_temperature,semantic_verification_report.yaml#environment/SCAN-02R-75faa4a614a8f130,semantic_verification_report.yaml#environment/SCAN-02R-75faa4a614a8f130,metadata_match_only_not_validated_repeat,ff0a2e04acabd6870ead8509c6adc7e2a23035e8d37a43c01fbaeca202e2b859,13,recorded_header_whitelist_only_no_intensity_or_group_assignment,warning,mode_semantics_unresolved;q_semantics_unresolved;PG_reflection_mosaic_unverified;filter_attenuation_not_recorded;temperature_channel_semantics_unresolved,stage02r_a002_parser_v1,scan_points.csv#SCAN-02R-75faa4a614a8f130
SCAN-02R-48f6ae0dc1c99d07,48f6ae0dc1c99d074f8ba242cc653849843c97bea83e4127eaf6dbf2c0b47cd7,stage02r_scan_record_v1,EXP-TAIPAN-001,1296,104216,verified,FILE-02R-6034a133895cf720,TAIPAN_exp1296_scan104216.dat,4ad800af151b7ac88b27600e1100da00561a97057f9d45b70f79abb5c11027ab,2023-09-04T16:42:28,2023-09-04T18:14:02,header_start_time_end_time_timezone_unrecorded,176,verified_header_chronology,2023-09-03T22:14:02Z,A001_snapshot_filesystem_metadata_only,FMT-02R-06137a7de1ad,en,energy_transfer,energy_transfer_meV,24.9982,-0.0012,verified_point_endpoints_not_command_range,26,en,detector,,,monitor,monitor_controlled,verified,preserved_no_universal_exposure_assumption,verified_count_field_hardware_not_recorded,verified_count_field_hardware_not_recorded,0,,unresolved,,,variable,variable,e,Ei_minus_Ef,verified_global,verified,constant,variable,variable,unresolved,LAT-02R-517a9644e4f59287,UB-02R-c7cdba07fed2dfd7,recorded_UB_auxiliary_orientation_unresolved,PG,,unverified,,unverified,PG,,unverified,,unverified,o-40-40-o,,not_recorded,,not_recorded,,per_channel_in_semantic_report_no_unique_temperature,semantic_verification_report.yaml#environment/SCAN-02R-48f6ae0dc1c99d07,semantic_verification_report.yaml#environment/SCAN-02R-48f6ae0dc1c99d07,metadata_match_only_not_validated_repeat,ff0a2e04acabd6870ead8509c6adc7e2a23035e8d37a43c01fbaeca202e2b859,13,recorded_header_whitelist_only_no_intensity_or_group_assignment,warning,mode_semantics_unresolved;q_semantics_unresolved;PG_reflection_mosaic_unverified;filter_attenuation_not_recorded;temperature_channel_semantics_unresolved,stage02r_a002_parser_v1,scan_points.csv#SCAN-02R-48f6ae0dc1c99d07
SCAN-02R-8e62e3b1b9deee81,8e62e3b1b9deee81d6cae3c952eac677a1908872930b9329926715d858907077,stage02r_scan_record_v1,EXP-TAIPAN-001,1296,104217,verified,FILE-02R-fe9d4b2cadb887cb,TAIPAN_exp1296_scan104217.dat,c151c4a0a6e93e4f32baf91edad02cb9e43018171836b81d3d4b5f93506387a0,2023-09-04T18:18:13,2023-09-04T19:49:48,header_start_time_end_time_timezone_unrecorded,177,verified_header_chronology,2023-09-03T23:49:48Z,A001_snapshot_filesystem_metadata_only,FMT-02R-06137a7de1ad,en,energy_transfer,energy_transfer_meV,24.9975,-0.0009,verified_point_endpoints_not_command_range,26,en,detector,,,monitor,monitor_controlled,verified,preserved_no_universal_exposure_assumption,verified_count_field_hardware_not_recorded,verified_count_field_hardware_not_recorded,0,,unresolved,,,variable,variable,e,Ei_minus_Ef,verified_global,verified,constant,variable,variable,unresolved,LAT-02R-517a9644e4f59287,UB-02R-c7cdba07fed2dfd7,recorded_UB_auxiliary_orientation_unresolved,PG,,unverified,,unverified,PG,,unverified,,unverified,o-40-40-o,,not_recorded,,not_recorded,,per_channel_in_semantic_report_no_unique_temperature,semantic_verification_report.yaml#environment/SCAN-02R-8e62e3b1b9deee81,semantic_verification_report.yaml#environment/SCAN-02R-8e62e3b1b9deee81,metadata_match_only_not_validated_repeat,ff0a2e04acabd6870ead8509c6adc7e2a23035e8d37a43c01fbaeca202e2b859,13,recorded_header_whitelist_only_no_intensity_or_group_assignment,warning,mode_semantics_unresolved;q_semantics_unresolved;PG_reflection_mosaic_unverified;filter_attenuation_not_recorded;temperature_channel_semantics_unresolved,stage02r_a002_parser_v1,scan_points.csv#SCAN-02R-8e62e3b1b9deee81
SCAN-02R-f380a5a0600b447a,f380a5a0600b447a8ef42e3c51af6d3953057e97297e96834387c6ee2bfe837c,stage02r_scan_record_v1,EXP-TAIPAN-001,1296,104218,verified,FILE-02R-d967318e4569c881,TAIPAN_exp1296_scan104218.dat,8dc028be1b74eb9f9f4f85bfe7a889bb8fbe91d938010c4b2bda155a30897522,2023-09-04T19:54:00,2023-09-04T21:25:32,header_start_time_end_time_timezone_unrecorded,178,verified_header_chronology,2023-09-04T01:25:32Z,A001_snapshot_filesystem_metadata_only,FMT-02R-06137a7de1ad,en,energy_transfer,energy_transfer_meV,24.9983,-0.0013,verified_point_endpoints_not_command_range,26,en,detector,,,monitor,monitor_controlled,verified,preserved_no_universal_exposure_assumption,verified_count_field_hardware_not_recorded,verified_count_field_hardware_not_recorded,0,,unresolved,,,variable,variable,e,Ei_minus_Ef,verified_global,verified,constant,variable,variable,unresolved,LAT-02R-517a9644e4f59287,UB-02R-c7cdba07fed2dfd7,recorded_UB_auxiliary_orientation_unresolved,PG,,unverified,,unverified,PG,,unverified,,unverified,o-40-40-o,,not_recorded,,not_recorded,,per_channel_in_semantic_report_no_unique_temperature,semantic_verification_report.yaml#environment/SCAN-02R-f380a5a0600b447a,semantic_verification_report.yaml#environment/SCAN-02R-f380a5a0600b447a,metadata_match_only_not_validated_repeat,ff0a2e04acabd6870ead8509c6adc7e2a23035e8d37a43c01fbaeca202e2b859,13,recorded_header_whitelist_only_no_intensity_or_group_assignment,warning,mode_semantics_unresolved;q_semantics_unresolved;PG_reflection_mosaic_unverified;filter_attenuation_not_recorded;temperature_channel_semantics_unresolved,stage02r_a002_parser_v1,scan_points.csv#SCAN-02R-f380a5a0600b447a
SCAN-02R-f36bb8e354cf21b7,f36bb8e354cf21b7b845e1deae85b2f5e0ef4ac4b89fb6d40905b7499b66fed7,stage02r_scan_record_v1,EXP-TAIPAN-001,1296,104219,verified,FILE-02R-cc89eb40bfc37a5e,TAIPAN_exp1296_scan104219.dat,64cadcd04008faa95c179904d27f64796ed9dd6bde4b512e59bad50d98307770,2023-09-04T21:29:43,2023-09-04T23:01:29,header_start_time_end_time_timezone_unrecorded,179,verified_header_chronology,2023-09-04T03:01:28Z,A001_snapshot_filesystem_metadata_only,FMT-02R-06137a7de1ad,en,energy_transfer,energy_transfer_meV,24.9983,-0.0013,verified_point_endpoints_not_command_range,26,en,detector,,,monitor,monitor_controlled,verified,preserved_no_universal_exposure_assumption,verified_count_field_hardware_not_recorded,verified_count_field_hardware_not_recorded,0,,unresolved,,,variable,variable,e,Ei_minus_Ef,verified_global,verified,constant,variable,variable,unresolved,LAT-02R-517a9644e4f59287,UB-02R-c7cdba07fed2dfd7,recorded_UB_auxiliary_orientation_unresolved,PG,,unverified,,unverified,PG,,unverified,,unverified,o-40-40-o,,not_recorded,,not_recorded,,per_channel_in_semantic_report_no_unique_temperature,semantic_verification_report.yaml#environment/SCAN-02R-f36bb8e354cf21b7,semantic_verification_report.yaml#environment/SCAN-02R-f36bb8e354cf21b7,metadata_match_only_not_validated_repeat,ff0a2e04acabd6870ead8509c6adc7e2a23035e8d37a43c01fbaeca202e2b859,13,recorded_header_whitelist_only_no_intensity_or_group_assignment,warning,mode_semantics_unresolved;q_semantics_unresolved;PG_reflection_mosaic_unverified;filter_attenuation_not_recorded;temperature_channel_semantics_unresolved,stage02r_a002_parser_v1,scan_points.csv#SCAN-02R-f36bb8e354cf21b7
SCAN-02R-c5843105fb81b54c,c5843105fb81b54c353ee76a680bf7f0fc104c3f5ffba53b4f0f5d097ad68618,stage02r_scan_record_v1,EXP-TAIPAN-001,1296,104220,verified,FILE-02R-63cb694c40fcbcba,TAIPAN_exp1296_scan104220.dat,1c9cc4f441c70de6509210ea0f32f9c5a0f55e8e57035bf423b2b94b60264f4a,2023-09-04T23:05:40,2023-09-05T00:37:17,header_start_time_end_time_timezone_unrecorded,180,verified_header_chronology,2023-09-04T04:37:18Z,A001_snapshot_filesystem_metadata_only,FMT-02R-06137a7de1ad,en,energy_transfer,energy_transfer_meV,24.9983,-0.0013,verified_point_endpoints_not_command_range,26,en,detector,,,monitor,monitor_controlled,verified,preserved_no_universal_exposure_assumption,verified_count_field_hardware_not_recorded,verified_count_field_hardware_not_recorded,0,,unresolved,,,variable,variable,e,Ei_minus_Ef,verified_global,verified,constant,variable,variable,unresolved,LAT-02R-517a9644e4f59287,UB-02R-c7cdba07fed2dfd7,recorded_UB_auxiliary_orientation_unresolved,PG,,unverified,,unverified,PG,,unverified,,unverified,o-40-40-o,,not_recorded,,not_recorded,,per_channel_in_semantic_report_no_unique_temperature,semantic_verification_report.yaml#environment/SCAN-02R-c5843105fb81b54c,semantic_verification_report.yaml#environment/SCAN-02R-c5843105fb81b54c,metadata_match_only_not_validated_repeat,ff0a2e04acabd6870ead8509c6adc7e2a23035e8d37a43c01fbaeca202e2b859,13,recorded_header_whitelist_only_no_intensity_or_group_assignment,warning,mode_semantics_unresolved;q_semantics_unresolved;PG_reflection_mosaic_unverified;filter_attenuation_not_recorded;temperature_channel_semantics_unresolved,stage02r_a002_parser_v1,scan_points.csv#SCAN-02R-c5843105fb81b54c
SCAN-02R-87edbdf74d1e5fb1,87edbdf74d1e5fb168db881f4bc794e953a89e31a6b44e3b42620250d803e56b,stage02r_scan_record_v1,EXP-TAIPAN-001,1296,104221,verified,FILE-02R-62d24cd256ac118d,TAIPAN_exp1296_scan104221.dat,f9d456d23398ab7332cde4a07f618d4da0f8fbd39ac9ba046d36591bbb126e36,2023-09-05T00:41:29,2023-09-05T02:13:14,header_start_time_end_time_timezone_unrecorded,181,verified_header_chronology,2023-09-04T06:13:14Z,A001_snapshot_filesystem_metadata_only,FMT-02R-06137a7de1ad,en,energy_transfer,energy_transfer_meV,24.9984,-0.0013,verified_point_endpoints_not_command_range,26,en,detector,,,monitor,monitor_controlled,verified,preserved_no_universal_exposure_assumption,verified_count_field_hardware_not_recorded,verified_count_field_hardware_not_recorded,0,,unresolved,,,variable,variable,e,Ei_minus_Ef,verified_global,verified,constant,variable,variable,unresolved,LAT-02R-517a9644e4f59287,UB-02R-c7cdba07fed2dfd7,recorded_UB_auxiliary_orientation_unresolved,PG,,unverified,,unverified,PG,,unverified,,unverified,o-40-40-o,,not_recorded,,not_recorded,,per_channel_in_semantic_report_no_unique_temperature,semantic_verification_report.yaml#environment/SCAN-02R-87edbdf74d1e5fb1,semantic_verification_report.yaml#environment/SCAN-02R-87edbdf74d1e5fb1,metadata_match_only_not_validated_repeat,ff0a2e04acabd6870ead8509c6adc7e2a23035e8d37a43c01fbaeca202e2b859,13,recorded_header_whitelist_only_no_intensity_or_group_assignment,warning,mode_semantics_unresolved;q_semantics_unresolved;PG_reflection_mosaic_unverified;filter_attenuation_not_recorded;temperature_channel_semantics_unresolved,stage02r_a002_parser_v1,scan_points.csv#SCAN-02R-87edbdf74d1e5fb1
SCAN-02R-45d1daf515e218b6,45d1daf515e218b6f4d9ac78b91cde34bf726df11e56f394eecf052fcdf02ca9,stage02r_scan_record_v1,EXP-TAIPAN-001,1296,104222,verified,FILE-02R-2c162a6d29875ba6,TAIPAN_exp1296_scan104222.dat,1da4cedb698e34fb5bf16552b8d01d90ad2981386346341a644bfba6805a263a,2023-09-05T02:17:25,2023-09-05T03:49:07,header_start_time_end_time_timezone_unrecorded,182,verified_header_chronology,2023-09-04T07:49:08Z,A001_snapshot_filesystem_metadata_only,FMT-02R-06137a7de1ad,en,energy_transfer,energy_transfer_meV,24.9983,-0.0011,verified_point_endpoints_not_command_range,26,en,detector,,,monitor,monitor_controlled,verified,preserved_no_universal_exposure_assumption,verified_count_field_hardware_not_recorded,verified_count_field_hardware_not_recorded,0,,unresolved,,,variable,variable,e,Ei_minus_Ef,verified_global,verified,constant,variable,variable,unresolved,LAT-02R-517a9644e4f59287,UB-02R-c7cdba07fed2dfd7,recorded_UB_auxiliary_orientation_unresolved,PG,,unverified,,unverified,PG,,unverified,,unverified,o-40-40-o,,not_recorded,,not_recorded,,per_channel_in_semantic_report_no_unique_temperature,semantic_verification_report.yaml#environment/SCAN-02R-45d1daf515e218b6,semantic_verification_report.yaml#environment/SCAN-02R-45d1daf515e218b6,metadata_match_only_not_validated_repeat,ff0a2e04acabd6870ead8509c6adc7e2a23035e8d37a43c01fbaeca202e2b859,13,recorded_header_whitelist_only_no_intensity_or_group_assignment,warning,mode_semantics_unresolved;q_semantics_unresolved;PG_reflection_mosaic_unverified;filter_attenuation_not_recorded;temperature_channel_semantics_unresolved,stage02r_a002_parser_v1,scan_points.csv#SCAN-02R-45d1daf515e218b6
SCAN-02R-89614c0503a95275,89614c0503a9527531b2723941abd120ec31bddd50eecefba25a46fe4977c338,stage02r_scan_record_v1,EXP-TAIPAN-001,1296,104223,verified,FILE-02R-91cd9b689abe9b78,TAIPAN_exp1296_scan104223.dat,8c2e8cf202ae7523a68a69834ea99f59ec095381bcffbd48a93352598b3f7dbd,2023-09-05T03:53:19,2023-09-05T05:25:01,header_start_time_end_time_timezone_unrecorded,183,verified_header_chronology,2023-09-04T09:25:02Z,A001_snapshot_filesystem_metadata_only,FMT-02R-06137a7de1ad,en,energy_transfer,energy_transfer_meV,24.9975,-0.0010,verified_point_endpoints_not_command_range,26,en,detector,,,monitor,monitor_controlled,verified,preserved_no_universal_exposure_assumption,verified_count_field_hardware_not_recorded,verified_count_field_hardware_not_recorded,0,,unresolved,,,variable,variable,e,Ei_minus_Ef,verified_global,verified,constant,variable,variable,unresolved,LAT-02R-517a9644e4f59287,UB-02R-c7cdba07fed2dfd7,recorded_UB_auxiliary_orientation_unresolved,PG,,unverified,,unverified,PG,,unverified,,unverified,o-40-40-o,,not_recorded,,not_recorded,,per_channel_in_semantic_report_no_unique_temperature,semantic_verification_report.yaml#environment/SCAN-02R-89614c0503a95275,semantic_verification_report.yaml#environment/SCAN-02R-89614c0503a95275,metadata_match_only_not_validated_repeat,ff0a2e04acabd6870ead8509c6adc7e2a23035e8d37a43c01fbaeca202e2b859,13,recorded_header_whitelist_only_no_intensity_or_group_assignment,warning,mode_semantics_unresolved;q_semantics_unresolved;PG_reflection_mosaic_unverified;filter_attenuation_not_recorded;temperature_channel_semantics_unresolved,stage02r_a002_parser_v1,scan_points.csv#SCAN-02R-89614c0503a95275
SCAN-02R-58a76874c3967085,58a76874c39670854745008651758d0725d2c362f57cdace0fb2f411f74945e1,stage02r_scan_record_v1,EXP-TAIPAN-001,1296,104224,verified,FILE-02R-d4c0ddac62527f9b,TAIPAN_exp1296_scan104224.dat,bf0477d0db550db0af6cc8ddb8843bca2dd7d052edee77ab3f0da90396f268a7,2023-09-05T05:29:12,2023-09-05T07:00:47,header_start_time_end_time_timezone_unrecorded,184,verified_header_chronology,2023-09-04T11:00:48Z,A001_snapshot_filesystem_metadata_only,FMT-02R-06137a7de1ad,en,energy_transfer,energy_transfer_meV,24.9982,-0.0011,verified_point_endpoints_not_command_range,26,en,detector,,,monitor,monitor_controlled,verified,preserved_no_universal_exposure_assumption,verified_count_field_hardware_not_recorded,verified_count_field_hardware_not_recorded,0,,unresolved,,,variable,variable,e,Ei_minus_Ef,verified_global,verified,constant,variable,variable,unresolved,LAT-02R-517a9644e4f59287,UB-02R-c7cdba07fed2dfd7,recorded_UB_auxiliary_orientation_unresolved,PG,,unverified,,unverified,PG,,unverified,,unverified,o-40-40-o,,not_recorded,,not_recorded,,per_channel_in_semantic_report_no_unique_temperature,semantic_verification_report.yaml#environment/SCAN-02R-58a76874c3967085,semantic_verification_report.yaml#environment/SCAN-02R-58a76874c3967085,metadata_match_only_not_validated_repeat,ff0a2e04acabd6870ead8509c6adc7e2a23035e8d37a43c01fbaeca202e2b859,13,recorded_header_whitelist_only_no_intensity_or_group_assignment,warning,mode_semantics_unresolved;q_semantics_unresolved;PG_reflection_mosaic_unverified;filter_attenuation_not_recorded;temperature_channel_semantics_unresolved,stage02r_a002_parser_v1,scan_points.csv#SCAN-02R-58a76874c3967085
SCAN-02R-f56f915bc229d6aa,f56f915bc229d6aa5aa579e68c572d98f27bd0d6ff217cae3e623d4ca3838e94,stage02r_scan_record_v1,EXP-TAIPAN-001,1296,104225,verified,FILE-02R-d5b9b7d27e8a1098,TAIPAN_exp1296_scan104225.dat,cece350be1b77532dae927a124ee6a2d3c0d610a9e246767ce14c2eb0b755ff9,2023-09-05T07:04:58,2023-09-05T08:36:42,header_start_time_end_time_timezone_unrecorded,185,verified_header_chronology,2023-09-04T12:36:42Z,A001_snapshot_filesystem_metadata_only,FMT-02R-06137a7de1ad,en,energy_transfer,energy_transfer_meV,24.9983,-0.0007,verified_point_endpoints_not_command_range,26,en,detector,,,monitor,monitor_controlled,verified,preserved_no_universal_exposure_assumption,verified_count_field_hardware_not_recorded,verified_count_field_hardware_not_recorded,0,,unresolved,,,variable,variable,e,Ei_minus_Ef,verified_global,verified,constant,variable,variable,unresolved,LAT-02R-517a9644e4f59287,UB-02R-c7cdba07fed2dfd7,recorded_UB_auxiliary_orientation_unresolved,PG,,unverified,,unverified,PG,,unverified,,unverified,o-40-40-o,,not_recorded,,not_recorded,,per_channel_in_semantic_report_no_unique_temperature,semantic_verification_report.yaml#environment/SCAN-02R-f56f915bc229d6aa,semantic_verification_report.yaml#environment/SCAN-02R-f56f915bc229d6aa,metadata_match_only_not_validated_repeat,ff0a2e04acabd6870ead8509c6adc7e2a23035e8d37a43c01fbaeca202e2b859,13,recorded_header_whitelist_only_no_intensity_or_group_assignment,warning,mode_semantics_unresolved;q_semantics_unresolved;PG_reflection_mosaic_unverified;filter_attenuation_not_recorded;temperature_channel_semantics_unresolved,stage02r_a002_parser_v1,scan_points.csv#SCAN-02R-f56f915bc229d6aa
SCAN-02R-f87c8c3cd06321c2,f87c8c3cd06321c2e9561187e877f67a4e17846d5560490136b8d87de9957d29,stage02r_scan_record_v1,EXP-TAIPAN-001,1296,104226,verified,FILE-02R-f68cbbca810eefa6,TAIPAN_exp1296_scan104226.dat,1a84c4258311fb426afeaab4fcfa9b93ea4cc27de61fa1d9f4af8da95d5bd6fd,2023-09-05T08:40:53,2023-09-05T10:12:42,header_start_time_end_time_timezone_unrecorded,186,verified_header_chronology,2023-09-04T14:12:42Z,A001_snapshot_filesystem_metadata_only,FMT-02R-06137a7de1ad,en,energy_transfer,energy_transfer_meV,24.9982,-0.0009,verified_point_endpoints_not_command_range,26,en,detector,,,monitor,monitor_controlled,verified,preserved_no_universal_exposure_assumption,verified_count_field_hardware_not_recorded,verified_count_field_hardware_not_recorded,0,,unresolved,,,variable,variable,e,Ei_minus_Ef,verified_global,verified,constant,variable,variable,unresolved,LAT-02R-517a9644e4f59287,UB-02R-c7cdba07fed2dfd7,recorded_UB_auxiliary_orientation_unresolved,PG,,unverified,,unverified,PG,,unverified,,unverified,o-40-40-o,,not_recorded,,not_recorded,,per_channel_in_semantic_report_no_unique_temperature,semantic_verification_report.yaml#environment/SCAN-02R-f87c8c3cd06321c2,semantic_verification_report.yaml#environment/SCAN-02R-f87c8c3cd06321c2,metadata_match_only_not_validated_repeat,ff0a2e04acabd6870ead8509c6adc7e2a23035e8d37a43c01fbaeca202e2b859,13,recorded_header_whitelist_only_no_intensity_or_group_assignment,warning,mode_semantics_unresolved;q_semantics_unresolved;PG_reflection_mosaic_unverified;filter_attenuation_not_recorded;temperature_channel_semantics_unresolved,stage02r_a002_parser_v1,scan_points.csv#SCAN-02R-f87c8c3cd06321c2
SCAN-02R-0e6d00a831c04e8d,0e6d00a831c04e8d78517ccf5b7a26bfb2044289bf6d8d9d1b6e273d394e2e00,stage02r_scan_record_v1,EXP-TAIPAN-001,1296,104227,verified,FILE-02R-f9ba9fd60372aa35,TAIPAN_exp1296_scan104227.dat,165ff3ca2cd1957f5734d325a470916c0f76c9d601b5ddfa60c66edb9a83585d,2023-09-05T10:16:55,2023-09-05T11:48:18,header_start_time_end_time_timezone_unrecorded,187,verified_header_chronology,2023-09-04T15:48:18Z,A001_snapshot_filesystem_metadata_only,FMT-02R-06137a7de1ad,en,energy_transfer,energy_transfer_meV,24.9982,-0.0011,verified_point_endpoints_not_command_range,26,en,detector,,,monitor,monitor_controlled,verified,preserved_no_universal_exposure_assumption,verified_count_field_hardware_not_recorded,verified_count_field_hardware_not_recorded,0,,unresolved,,,variable,variable,e,Ei_minus_Ef,verified_global,verified,constant,variable,variable,unresolved,LAT-02R-517a9644e4f59287,UB-02R-c7cdba07fed2dfd7,recorded_UB_auxiliary_orientation_unresolved,PG,,unverified,,unverified,PG,,unverified,,unverified,o-40-40-o,,not_recorded,,not_recorded,,per_channel_in_semantic_report_no_unique_temperature,semantic_verification_report.yaml#environment/SCAN-02R-0e6d00a831c04e8d,semantic_verification_report.yaml#environment/SCAN-02R-0e6d00a831c04e8d,metadata_match_only_not_validated_repeat,ff0a2e04acabd6870ead8509c6adc7e2a23035e8d37a43c01fbaeca202e2b859,13,recorded_header_whitelist_only_no_intensity_or_group_assignment,warning,mode_semantics_unresolved;q_semantics_unresolved;PG_reflection_mosaic_unverified;filter_attenuation_not_recorded;temperature_channel_semantics_unresolved,stage02r_a002_parser_v1,scan_points.csv#SCAN-02R-0e6d00a831c04e8d
SCAN-02R-b14e49e20117cb08,b14e49e20117cb086c3b489c2fc5636a47e3f8c81f38e21085f0eaf2cf8da9a4,stage02r_scan_record_v1,EXP-TAIPAN-001,1296,104228,verified,FILE-02R-e84e50e653a6e631,TAIPAN_exp1296_scan104228.dat,c4e1be54ae44c57558647f312c7930cc4b00b1988b7b62d0c2fe2eb02fceb5ec,2023-09-05T11:52:34,2023-09-05T13:41:07,header_start_time_end_time_timezone_unrecorded,188,verified_header_chronology,2023-09-04T17:41:08Z,A001_snapshot_filesystem_metadata_only,FMT-02R-06137a7de1ad,en,energy_transfer,energy_transfer_meV,24.9982,-0.0010,verified_point_endpoints_not_command_range,26,en,detector,,,monitor,monitor_controlled,verified,preserved_no_universal_exposure_assumption,verified_count_field_hardware_not_recorded,verified_count_field_hardware_not_recorded,0,,unresolved,,,variable,variable,e,Ei_minus_Ef,verified_global,verified,constant,variable,variable,unresolved,LAT-02R-517a9644e4f59287,UB-02R-c7cdba07fed2dfd7,recorded_UB_auxiliary_orientation_unresolved,PG,,unverified,,unverified,PG,,unverified,,unverified,o-40-40-o,,not_recorded,,not_recorded,,per_channel_in_semantic_report_no_unique_temperature,semantic_verification_report.yaml#environment/SCAN-02R-b14e49e20117cb08,semantic_verification_report.yaml#environment/SCAN-02R-b14e49e20117cb08,metadata_match_only_not_validated_repeat,ef390a20c3d35550b6022cb4bb9a0a477532b74b77faa01c87d6d4850b20f64f,13,recorded_header_whitelist_only_no_intensity_or_group_assignment,warning,mode_semantics_unresolved;q_semantics_unresolved;PG_reflection_mosaic_unverified;filter_attenuation_not_recorded;temperature_channel_semantics_unresolved,stage02r_a002_parser_v1,scan_points.csv#SCAN-02R-b14e49e20117cb08
SCAN-02R-3f903a520f921d83,3f903a520f921d83cd87e117376b2469ae61ff897a5454931259dd0b735afd22,stage02r_scan_record_v1,EXP-TAIPAN-001,1296,104229,verified,FILE-02R-79cf8c5a8e4232ec,TAIPAN_exp1296_scan104229.dat,8d81c97185a959886f22aa5c8b3b5a14565abfbff218905826633c7eb78209a8,2023-09-05T13:45:10,2023-09-05T15:11:16,header_start_time_end_time_timezone_unrecorded,189,verified_header_chronology,2023-09-04T19:11:16Z,A001_snapshot_filesystem_metadata_only,FMT-02R-06137a7de1ad,en,energy_transfer,energy_transfer_meV,24.9975,-0.0012,verified_point_endpoints_not_command_range,26,en,detector,,,monitor,monitor_controlled,verified,preserved_no_universal_exposure_assumption,verified_count_field_hardware_not_recorded,verified_count_field_hardware_not_recorded,0,,unresolved,,,variable,variable,e,Ei_minus_Ef,verified_global,verified,constant,variable,variable,unresolved,LAT-02R-517a9644e4f59287,UB-02R-c7cdba07fed2dfd7,recorded_UB_auxiliary_orientation_unresolved,PG,,unverified,,unverified,PG,,unverified,,unverified,o-40-40-o,,not_recorded,,not_recorded,,per_channel_in_semantic_report_no_unique_temperature,semantic_verification_report.yaml#environment/SCAN-02R-3f903a520f921d83,semantic_verification_report.yaml#environment/SCAN-02R-3f903a520f921d83,metadata_match_only_not_validated_repeat,ef390a20c3d35550b6022cb4bb9a0a477532b74b77faa01c87d6d4850b20f64f,13,recorded_header_whitelist_only_no_intensity_or_group_assignment,warning,mode_semantics_unresolved;q_semantics_unresolved;PG_reflection_mosaic_unverified;filter_attenuation_not_recorded;temperature_channel_semantics_unresolved,stage02r_a002_parser_v1,scan_points.csv#SCAN-02R-3f903a520f921d83
SCAN-02R-ae86f327e3ed5623,ae86f327e3ed5623898c2955e55967c5afddcf9d5159de3d62f69d341f1feb10,stage02r_scan_record_v1,EXP-TAIPAN-001,1296,104230,verified,FILE-02R-805bf0b29dd5a40f,TAIPAN_exp1296_scan104230.dat,d445c64013d9b63ae38389ed016eb046e5589770f42f31eb15816b4bcb3a027f,2023-09-05T15:15:18,2023-09-05T16:41:04,header_start_time_end_time_timezone_unrecorded,190,verified_header_chronology,2023-09-04T20:41:04Z,A001_snapshot_filesystem_metadata_only,FMT-02R-06137a7de1ad,en,energy_transfer,energy_transfer_meV,24.9983,-0.0011,verified_point_endpoints_not_command_range,26,en,detector,,,monitor,monitor_controlled,verified,preserved_no_universal_exposure_assumption,verified_count_field_hardware_not_recorded,verified_count_field_hardware_not_recorded,0,,unresolved,,,variable,variable,e,Ei_minus_Ef,verified_global,verified,constant,variable,variable,unresolved,LAT-02R-517a9644e4f59287,UB-02R-c7cdba07fed2dfd7,recorded_UB_auxiliary_orientation_unresolved,PG,,unverified,,unverified,PG,,unverified,,unverified,o-40-40-o,,not_recorded,,not_recorded,,per_channel_in_semantic_report_no_unique_temperature,semantic_verification_report.yaml#environment/SCAN-02R-ae86f327e3ed5623,semantic_verification_report.yaml#environment/SCAN-02R-ae86f327e3ed5623,metadata_match_only_not_validated_repeat,ef390a20c3d35550b6022cb4bb9a0a477532b74b77faa01c87d6d4850b20f64f,13,recorded_header_whitelist_only_no_intensity_or_group_assignment,warning,mode_semantics_unresolved;q_semantics_unresolved;PG_reflection_mosaic_unverified;filter_attenuation_not_recorded;temperature_channel_semantics_unresolved,stage02r_a002_parser_v1,scan_points.csv#SCAN-02R-ae86f327e3ed5623
SCAN-02R-eea1fadd4abbd144,eea1fadd4abbd1442ea8d49a301aba07adab8e5205bfa0c3e9ff054e4220bb28,stage02r_scan_record_v1,EXP-TAIPAN-001,1296,104231,verified,FILE-02R-b730d75fdfeddc6e,TAIPAN_exp1296_scan104231.dat,3924aa4b3ba775769ce496fcdb6599cc6a1f166cff1e2cb5aff10d2d7dd13b97,2023-09-05T16:45:08,2023-09-05T18:10:14,header_start_time_end_time_timezone_unrecorded,191,verified_header_chronology,2023-09-04T22:10:14Z,A001_snapshot_filesystem_metadata_only,FMT-02R-06137a7de1ad,en,energy_transfer,energy_transfer_meV,24.9982,-0.0012,verified_point_endpoints_not_command_range,26,en,detector,,,monitor,monitor_controlled,verified,preserved_no_universal_exposure_assumption,verified_count_field_hardware_not_recorded,verified_count_field_hardware_not_recorded,0,,unresolved,,,variable,variable,e,Ei_minus_Ef,verified_global,verified,constant,variable,variable,unresolved,LAT-02R-517a9644e4f59287,UB-02R-c7cdba07fed2dfd7,recorded_UB_auxiliary_orientation_unresolved,PG,,unverified,,unverified,PG,,unverified,,unverified,o-40-40-o,,not_recorded,,not_recorded,,per_channel_in_semantic_report_no_unique_temperature,semantic_verification_report.yaml#environment/SCAN-02R-eea1fadd4abbd144,semantic_verification_report.yaml#environment/SCAN-02R-eea1fadd4abbd144,metadata_match_only_not_validated_repeat,ef390a20c3d35550b6022cb4bb9a0a477532b74b77faa01c87d6d4850b20f64f,13,recorded_header_whitelist_only_no_intensity_or_group_assignment,warning,mode_semantics_unresolved;q_semantics_unresolved;PG_reflection_mosaic_unverified;filter_attenuation_not_recorded;temperature_channel_semantics_unresolved,stage02r_a002_parser_v1,scan_points.csv#SCAN-02R-eea1fadd4abbd144
SCAN-02R-79960ffd3b8a968b,79960ffd3b8a968bb03d88f3faab47f12ba7926f8c9a41a2383669b8fd0b9d45,stage02r_scan_record_v1,EXP-TAIPAN-001,1296,104232,verified,FILE-02R-bf79ed0d77995891,TAIPAN_exp1296_scan104232.dat,2b1aebdbd33e90ca104af111a9aea249482cf3847574c736de20388da6a43dc8,2023-09-05T18:14:18,2023-09-05T19:39:12,header_start_time_end_time_timezone_unrecorded,192,verified_header_chronology,2023-09-04T23:39:12Z,A001_snapshot_filesystem_metadata_only,FMT-02R-06137a7de1ad,en,energy_transfer,energy_transfer_meV,24.9983,-0.0011,verified_point_endpoints_not_command_range,26,en,detector,,,monitor,monitor_controlled,verified,preserved_no_universal_exposure_assumption,verified_count_field_hardware_not_recorded,verified_count_field_hardware_not_recorded,0,,unresolved,,,variable,variable,e,Ei_minus_Ef,verified_global,verified,constant,variable,variable,unresolved,LAT-02R-517a9644e4f59287,UB-02R-c7cdba07fed2dfd7,recorded_UB_auxiliary_orientation_unresolved,PG,,unverified,,unverified,PG,,unverified,,unverified,o-40-40-o,,not_recorded,,not_recorded,,per_channel_in_semantic_report_no_unique_temperature,semantic_verification_report.yaml#environment/SCAN-02R-79960ffd3b8a968b,semantic_verification_report.yaml#environment/SCAN-02R-79960ffd3b8a968b,metadata_match_only_not_validated_repeat,ef390a20c3d35550b6022cb4bb9a0a477532b74b77faa01c87d6d4850b20f64f,13,recorded_header_whitelist_only_no_intensity_or_group_assignment,warning,mode_semantics_unresolved;q_semantics_unresolved;PG_reflection_mosaic_unverified;filter_attenuation_not_recorded;temperature_channel_semantics_unresolved,stage02r_a002_parser_v1,scan_points.csv#SCAN-02R-79960ffd3b8a968b
SCAN-02R-c74434b3ed5fc9b8,c74434b3ed5fc9b8d1de464c17f39861d28f612494d8ec1d6e8c4810d4e9e297,stage02r_scan_record_v1,EXP-TAIPAN-001,1296,104233,verified,FILE-02R-f8a15a6658da3a6a,TAIPAN_exp1296_scan104233.dat,dc591f089d81f9519dbca59892f6e151a3db5b56bbc87b7cd0440a589905fc9d,2023-09-05T19:43:15,2023-09-05T21:08:27,header_start_time_end_time_timezone_unrecorded,193,verified_header_chronology,2023-09-05T01:08:28Z,A001_snapshot_filesystem_metadata_only,FMT-02R-06137a7de1ad,en,energy_transfer,energy_transfer_meV,24.9976,-0.0013,verified_point_endpoints_not_command_range,26,en,detector,,,monitor,monitor_controlled,verified,preserved_no_universal_exposure_assumption,verified_count_field_hardware_not_recorded,verified_count_field_hardware_not_recorded,0,,unresolved,,,variable,variable,e,Ei_minus_Ef,verified_global,verified,constant,variable,variable,unresolved,LAT-02R-517a9644e4f59287,UB-02R-c7cdba07fed2dfd7,recorded_UB_auxiliary_orientation_unresolved,PG,,unverified,,unverified,PG,,unverified,,unverified,o-40-40-o,,not_recorded,,not_recorded,,per_channel_in_semantic_report_no_unique_temperature,semantic_verification_report.yaml#environment/SCAN-02R-c74434b3ed5fc9b8,semantic_verification_report.yaml#environment/SCAN-02R-c74434b3ed5fc9b8,metadata_match_only_not_validated_repeat,ef390a20c3d35550b6022cb4bb9a0a477532b74b77faa01c87d6d4850b20f64f,13,recorded_header_whitelist_only_no_intensity_or_group_assignment,warning,mode_semantics_unresolved;q_semantics_unresolved;PG_reflection_mosaic_unverified;filter_attenuation_not_recorded;temperature_channel_semantics_unresolved,stage02r_a002_parser_v1,scan_points.csv#SCAN-02R-c74434b3ed5fc9b8
SCAN-02R-957a8834d758202b,957a8834d758202bd55fbbd54c983fd6a5e721d7f89616321906a300c7867b43,stage02r_scan_record_v1,EXP-TAIPAN-001,1296,104234,verified,FILE-02R-c53e15719794e79d,TAIPAN_exp1296_scan104234.dat,0f0381e4a9cd88871a806658235b183a04b2c2399bddb49fa59391e480f665a0,2023-09-05T21:12:30,2023-09-05T22:38:30,header_start_time_end_time_timezone_unrecorded,194,verified_header_chronology,2023-09-05T02:38:30Z,A001_snapshot_filesystem_metadata_only,FMT-02R-06137a7de1ad,en,energy_transfer,energy_transfer_meV,24.9984,-0.0011,verified_point_endpoints_not_command_range,26,en,detector,,,monitor,monitor_controlled,verified,preserved_no_universal_exposure_assumption,verified_count_field_hardware_not_recorded,verified_count_field_hardware_not_recorded,0,,unresolved,,,variable,variable,e,Ei_minus_Ef,verified_global,verified,constant,variable,variable,unresolved,LAT-02R-517a9644e4f59287,UB-02R-c7cdba07fed2dfd7,recorded_UB_auxiliary_orientation_unresolved,PG,,unverified,,unverified,PG,,unverified,,unverified,o-40-40-o,,not_recorded,,not_recorded,,per_channel_in_semantic_report_no_unique_temperature,semantic_verification_report.yaml#environment/SCAN-02R-957a8834d758202b,semantic_verification_report.yaml#environment/SCAN-02R-957a8834d758202b,metadata_match_only_not_validated_repeat,ef390a20c3d35550b6022cb4bb9a0a477532b74b77faa01c87d6d4850b20f64f,13,recorded_header_whitelist_only_no_intensity_or_group_assignment,warning,mode_semantics_unresolved;q_semantics_unresolved;PG_reflection_mosaic_unverified;filter_attenuation_not_recorded;temperature_channel_semantics_unresolved,stage02r_a002_parser_v1,scan_points.csv#SCAN-02R-957a8834d758202b
SCAN-02R-8345a5938afc1084,8345a5938afc10841d0a3c3f3412d3f32121286cf5756346fb1fe28f6b772da9,stage02r_scan_record_v1,EXP-TAIPAN-001,1296,104235,verified,FILE-02R-1b6fdf0a79b56cdf,TAIPAN_exp1296_scan104235.dat,c63c03f34175359bf64edc859032341e857443d00cd2e7c4333325c33109c7a8,2023-09-05T22:42:33,2023-09-06T00:08:59,header_start_time_end_time_timezone_unrecorded,195,verified_header_chronology,2023-09-05T04:09:00Z,A001_snapshot_filesystem_metadata_only,FMT-02R-06137a7de1ad,en,energy_transfer,energy_transfer_meV,24.9983,-0.0010,verified_point_endpoints_not_command_range,26,en,detector,,,monitor,monitor_controlled,verified,preserved_no_universal_exposure_assumption,verified_count_field_hardware_not_recorded,verified_count_field_hardware_not_recorded,0,,unresolved,,,variable,variable,e,Ei_minus_Ef,verified_global,verified,constant,variable,variable,unresolved,LAT-02R-517a9644e4f59287,UB-02R-c7cdba07fed2dfd7,recorded_UB_auxiliary_orientation_unresolved,PG,,unverified,,unverified,PG,,unverified,,unverified,o-40-40-o,,not_recorded,,not_recorded,,per_channel_in_semantic_report_no_unique_temperature,semantic_verification_report.yaml#environment/SCAN-02R-8345a5938afc1084,semantic_verification_report.yaml#environment/SCAN-02R-8345a5938afc1084,metadata_match_only_not_validated_repeat,ef390a20c3d35550b6022cb4bb9a0a477532b74b77faa01c87d6d4850b20f64f,13,recorded_header_whitelist_only_no_intensity_or_group_assignment,warning,mode_semantics_unresolved;q_semantics_unresolved;PG_reflection_mosaic_unverified;filter_attenuation_not_recorded;temperature_channel_semantics_unresolved,stage02r_a002_parser_v1,scan_points.csv#SCAN-02R-8345a5938afc1084
SCAN-02R-059bd02c78268a2b,059bd02c78268a2bbf3a097eb272b732cd9febbbe307f39cbbe6825efb0273de,stage02r_scan_record_v1,EXP-TAIPAN-001,1296,104236,verified,FILE-02R-5220bed93a198b55,TAIPAN_exp1296_scan104236.dat,f832b5949487d86314b6b38083033963de60bdeacfdbea6113e7fb99d7ab0f3d,2023-09-06T00:13:02,2023-09-06T01:40:02,header_start_time_end_time_timezone_unrecorded,196,verified_header_chronology,2023-09-05T05:40:02Z,A001_snapshot_filesystem_metadata_only,FMT-02R-06137a7de1ad,en,energy_transfer,energy_transfer_meV,24.9983,-0.0011,verified_point_endpoints_not_command_range,26,en,detector,,,monitor,monitor_controlled,verified,preserved_no_universal_exposure_assumption,verified_count_field_hardware_not_recorded,verified_count_field_hardware_not_recorded,0,,unresolved,,,variable,variable,e,Ei_minus_Ef,verified_global,verified,constant,variable,variable,unresolved,LAT-02R-517a9644e4f59287,UB-02R-c7cdba07fed2dfd7,recorded_UB_auxiliary_orientation_unresolved,PG,,unverified,,unverified,PG,,unverified,,unverified,o-40-40-o,,not_recorded,,not_recorded,,per_channel_in_semantic_report_no_unique_temperature,semantic_verification_report.yaml#environment/SCAN-02R-059bd02c78268a2b,semantic_verification_report.yaml#environment/SCAN-02R-059bd02c78268a2b,metadata_match_only_not_validated_repeat,ef390a20c3d35550b6022cb4bb9a0a477532b74b77faa01c87d6d4850b20f64f,13,recorded_header_whitelist_only_no_intensity_or_group_assignment,warning,mode_semantics_unresolved;q_semantics_unresolved;PG_reflection_mosaic_unverified;filter_attenuation_not_recorded;temperature_channel_semantics_unresolved,stage02r_a002_parser_v1,scan_points.csv#SCAN-02R-059bd02c78268a2b
SCAN-02R-fede66c26a275769,fede66c26a275769e0040976c94f48e2692d899b169dfaa1471c16698eb2ea01,stage02r_scan_record_v1,EXP-TAIPAN-001,1296,104237,verified,FILE-02R-f937bff285ebc9d0,TAIPAN_exp1296_scan104237.dat,c40b4d857b2d16b1a767ba6292d8c9abe9ce567b3dc8078076d9eea856783198,2023-09-06T01:44:05,2023-09-06T03:11:00,header_start_time_end_time_timezone_unrecorded,197,verified_header_chronology,2023-09-05T07:11:00Z,A001_snapshot_filesystem_metadata_only,FMT-02R-06137a7de1ad,en,energy_transfer,energy_transfer_meV,24.9982,-0.0011,verified_point_endpoints_not_command_range,26,en,detector,,,monitor,monitor_controlled,verified,preserved_no_universal_exposure_assumption,verified_count_field_hardware_not_recorded,verified_count_field_hardware_not_recorded,0,,unresolved,,,variable,variable,e,Ei_minus_Ef,verified_global,verified,constant,variable,variable,unresolved,LAT-02R-517a9644e4f59287,UB-02R-c7cdba07fed2dfd7,recorded_UB_auxiliary_orientation_unresolved,PG,,unverified,,unverified,PG,,unverified,,unverified,o-40-40-o,,not_recorded,,not_recorded,,per_channel_in_semantic_report_no_unique_temperature,semantic_verification_report.yaml#environment/SCAN-02R-fede66c26a275769,semantic_verification_report.yaml#environment/SCAN-02R-fede66c26a275769,metadata_match_only_not_validated_repeat,ef390a20c3d35550b6022cb4bb9a0a477532b74b77faa01c87d6d4850b20f64f,13,recorded_header_whitelist_only_no_intensity_or_group_assignment,warning,mode_semantics_unresolved;q_semantics_unresolved;PG_reflection_mosaic_unverified;filter_attenuation_not_recorded;temperature_channel_semantics_unresolved,stage02r_a002_parser_v1,scan_points.csv#SCAN-02R-fede66c26a275769
SCAN-02R-6fded6b51e0642a8,6fded6b51e0642a88e01010baefac03e063c72fb836fd1359717b0d0040795a4,stage02r_scan_record_v1,EXP-TAIPAN-001,1296,104238,verified,FILE-02R-5b72ee4e48fdf768,TAIPAN_exp1296_scan104238.dat,c725e0608c740a98f4c5283d12149f4a4e2b8f4ffc1f8d849312be80e7583df5,2023-09-06T03:15:03,2023-09-06T04:41:58,header_start_time_end_time_timezone_unrecorded,198,verified_header_chronology,2023-09-05T08:41:58Z,A001_snapshot_filesystem_metadata_only,FMT-02R-06137a7de1ad,en,energy_transfer,energy_transfer_meV,24.9982,-0.0012,verified_point_endpoints_not_command_range,26,en,detector,,,monitor,monitor_controlled,verified,preserved_no_universal_exposure_assumption,verified_count_field_hardware_not_recorded,verified_count_field_hardware_not_recorded,0,,unresolved,,,variable,variable,e,Ei_minus_Ef,verified_global,verified,constant,variable,variable,unresolved,LAT-02R-517a9644e4f59287,UB-02R-c7cdba07fed2dfd7,recorded_UB_auxiliary_orientation_unresolved,PG,,unverified,,unverified,PG,,unverified,,unverified,o-40-40-o,,not_recorded,,not_recorded,,per_channel_in_semantic_report_no_unique_temperature,semantic_verification_report.yaml#environment/SCAN-02R-6fded6b51e0642a8,semantic_verification_report.yaml#environment/SCAN-02R-6fded6b51e0642a8,metadata_match_only_not_validated_repeat,ef390a20c3d35550b6022cb4bb9a0a477532b74b77faa01c87d6d4850b20f64f,13,recorded_header_whitelist_only_no_intensity_or_group_assignment,warning,mode_semantics_unresolved;q_semantics_unresolved;PG_reflection_mosaic_unverified;filter_attenuation_not_recorded;temperature_channel_semantics_unresolved,stage02r_a002_parser_v1,scan_points.csv#SCAN-02R-6fded6b51e0642a8
SCAN-02R-708cf4d83a29d78f,708cf4d83a29d78f4aebce504d5bdadcce0ac7fbd26e17b568c5d055b050cd37,stage02r_scan_record_v1,EXP-TAIPAN-001,1296,104239,verified,FILE-02R-ed51193e6b95f684,TAIPAN_exp1296_scan104239.dat,2ae937ab3a65c0d6c6e9b089341655b44837ab9a2e261f179ea895df3814787c,2023-09-06T04:46:00,2023-09-06T06:13:10,header_start_time_end_time_timezone_unrecorded,199,verified_header_chronology,2023-09-05T10:13:10Z,A001_snapshot_filesystem_metadata_only,FMT-02R-06137a7de1ad,en,energy_transfer,energy_transfer_meV,24.9982,-0.0013,verified_point_endpoints_not_command_range,26,en,detector,,,monitor,monitor_controlled,verified,preserved_no_universal_exposure_assumption,verified_count_field_hardware_not_recorded,verified_count_field_hardware_not_recorded,0,,unresolved,,,variable,variable,e,Ei_minus_Ef,verified_global,verified,constant,variable,variable,unresolved,LAT-02R-517a9644e4f59287,UB-02R-c7cdba07fed2dfd7,recorded_UB_auxiliary_orientation_unresolved,PG,,unverified,,unverified,PG,,unverified,,unverified,o-40-40-o,,not_recorded,,not_recorded,,per_channel_in_semantic_report_no_unique_temperature,semantic_verification_report.yaml#environment/SCAN-02R-708cf4d83a29d78f,semantic_verification_report.yaml#environment/SCAN-02R-708cf4d83a29d78f,metadata_match_only_not_validated_repeat,ef390a20c3d35550b6022cb4bb9a0a477532b74b77faa01c87d6d4850b20f64f,13,recorded_header_whitelist_only_no_intensity_or_group_assignment,warning,mode_semantics_unresolved;q_semantics_unresolved;PG_reflection_mosaic_unverified;filter_attenuation_not_recorded;temperature_channel_semantics_unresolved,stage02r_a002_parser_v1,scan_points.csv#SCAN-02R-708cf4d83a29d78f
SCAN-02R-2f690557cfd20bec,2f690557cfd20bec0c52c15f4533e71107e199f167991d910de63b8741d2332f,stage02r_scan_record_v1,EXP-TAIPAN-001,1296,104240,verified,FILE-02R-871111657c7b0483,TAIPAN_exp1296_scan104240.dat,e774b8dd070c34638be6990fef109348424306c1d0068bf0ca5934f6201baa5d,2023-09-06T06:17:14,2023-09-06T07:44:52,header_start_time_end_time_timezone_unrecorded,200,verified_header_chronology,2023-09-05T11:44:52Z,A001_snapshot_filesystem_metadata_only,FMT-02R-06137a7de1ad,en,energy_transfer,energy_transfer_meV,24.9983,-0.0012,verified_point_endpoints_not_command_range,26,en,detector,,,monitor,monitor_controlled,verified,preserved_no_universal_exposure_assumption,verified_count_field_hardware_not_recorded,verified_count_field_hardware_not_recorded,0,,unresolved,,,variable,variable,e,Ei_minus_Ef,verified_global,verified,constant,variable,variable,unresolved,LAT-02R-517a9644e4f59287,UB-02R-c7cdba07fed2dfd7,recorded_UB_auxiliary_orientation_unresolved,PG,,unverified,,unverified,PG,,unverified,,unverified,o-40-40-o,,not_recorded,,not_recorded,,per_channel_in_semantic_report_no_unique_temperature,semantic_verification_report.yaml#environment/SCAN-02R-2f690557cfd20bec,semantic_verification_report.yaml#environment/SCAN-02R-2f690557cfd20bec,metadata_match_only_not_validated_repeat,ef390a20c3d35550b6022cb4bb9a0a477532b74b77faa01c87d6d4850b20f64f,13,recorded_header_whitelist_only_no_intensity_or_group_assignment,warning,mode_semantics_unresolved;q_semantics_unresolved;PG_reflection_mosaic_unverified;filter_attenuation_not_recorded;temperature_channel_semantics_unresolved,stage02r_a002_parser_v1,scan_points.csv#SCAN-02R-2f690557cfd20bec
