scan_record_id,point_index,discovery_runtime_status,high_rate_status,detector_counts_per_second,qc_reasons
SCAN-02R-059bd02c78268a2b,0,discovery_usable,normal_rate_diagnostic,0.1515744799100658,
SCAN-02R-059bd02c78268a2b,1,discovery_usable,normal_rate_diagnostic,0.2282395754743896,
SCAN-02R-059bd02c78268a2b,2,discovery_usable,normal_rate_diagnostic,0.10642560224370212,
SCAN-02R-059bd02c78268a2b,3,discovery_usable,normal_rate_diagnostic,0.1881718798370796,
SCAN-02R-059bd02c78268a2b,4,discovery_usable,normal_rate_diagnostic,0.1875347964954435,
SCAN-02R-059bd02c78268a2b,5,discovery_usable,normal_rate_diagnostic,0.15589454600043884,
SCAN-02R-059bd02c78268a2b,6,discovery_usable,normal_rate_diagnostic,0.27712427549690744,
SCAN-02R-059bd02c78268a2b,7,discovery_usable,normal_rate_diagnostic,0.3019919140124248,
SCAN-02R-059bd02c78268a2b,8,discovery_usable,normal_rate_diagnostic,0.2828783183198285,
SCAN-02R-059bd02c78268a2b,9,discovery_usable,normal_rate_diagnostic,0.23849422279126106,
SCAN-02R-059bd02c78268a2b,10,discovery_usable,normal_rate_diagnostic,0.21990311696960937,
SCAN-02R-059bd02c78268a2b,11,discovery_usable,normal_rate_diagnostic,0.22012301732053682,
SCAN-02R-059bd02c78268a2b,12,discovery_usable,normal_rate_diagnostic,0.2907372353981863,
SCAN-02R-059bd02c78268a2b,13,discovery_usable,normal_rate_diagnostic,0.40547631541287027,
SCAN-02R-059bd02c78268a2b,14,discovery_usable,normal_rate_diagnostic,0.2011308020649429,
SCAN-02R-059bd02c78268a2b,15,discovery_usable,normal_rate_diagnostic,0.236141138934951,
SCAN-02R-059bd02c78268a2b,16,discovery_usable,normal_rate_diagnostic,0.21236468071981515,
SCAN-02R-059bd02c78268a2b,17,discovery_usable,normal_rate_diagnostic,0.2741802815992775,
SCAN-02R-059bd02c78268a2b,18,discovery_usable,normal_rate_diagnostic,0.271567442943126,
SCAN-02R-059bd02c78268a2b,19,discovery_usable,normal_rate_diagnostic,0.22145542565792864,
SCAN-02R-059bd02c78268a2b,20,discovery_usable,normal_rate_diagnostic,0.19856466116358892,
SCAN-02R-059bd02c78268a2b,21,discovery_usable,normal_rate_diagnostic,0.2977534025529953,
SCAN-02R-059bd02c78268a2b,22,discovery_usable,normal_rate_diagnostic,0.21325816755601504,
SCAN-02R-059bd02c78268a2b,23,discovery_usable,normal_rate_diagnostic,0.21403155181793052,
SCAN-02R-059bd02c78268a2b,24,discovery_usable,normal_rate_diagnostic,0.2524360074721058,
SCAN-02R-059bd02c78268a2b,25,discovery_usable,normal_rate_diagnostic,12.284373236872327,
SCAN-02R-074afad5a6b92ea4,0,discovery_usable,normal_rate_diagnostic,0.11751214629857,
SCAN-02R-074afad5a6b92ea4,1,discovery_usable,normal_rate_diagnostic,0.14134334376779784,
SCAN-02R-074afad5a6b92ea4,2,discovery_usable,normal_rate_diagnostic,0.12507348066989354,
SCAN-02R-074afad5a6b92ea4,3,discovery_usable,normal_rate_diagnostic,0.19060608499337114,
SCAN-02R-074afad5a6b92ea4,4,discovery_usable,normal_rate_diagnostic,0.13996572960317596,
SCAN-02R-074afad5a6b92ea4,5,discovery_usable,normal_rate_diagnostic,0.13457431106634948,
SCAN-02R-074afad5a6b92ea4,6,discovery_usable,normal_rate_diagnostic,0.19629653863770202,
SCAN-02R-074afad5a6b92ea4,7,discovery_usable,normal_rate_diagnostic,0.24698454325822009,
SCAN-02R-074afad5a6b92ea4,8,discovery_usable,normal_rate_diagnostic,0.21159834953287365,
SCAN-02R-074afad5a6b92ea4,9,discovery_usable,normal_rate_diagnostic,0.4082357969963451,
SCAN-02R-074afad5a6b92ea4,10,discovery_usable,normal_rate_diagnostic,0.5890797485273006,
SCAN-02R-074afad5a6b92ea4,11,discovery_usable,normal_rate_diagnostic,0.5070390471805007,
SCAN-02R-074afad5a6b92ea4,12,discovery_usable,normal_rate_diagnostic,0.44745351011298196,
SCAN-02R-074afad5a6b92ea4,13,discovery_usable,normal_rate_diagnostic,0.39790217133004324,
SCAN-02R-074afad5a6b92ea4,14,discovery_usable,normal_rate_diagnostic,0.46016229138374165,
SCAN-02R-074afad5a6b92ea4,15,discovery_usable,normal_rate_diagnostic,0.25852708502094074,
SCAN-02R-074afad5a6b92ea4,16,discovery_usable,normal_rate_diagnostic,0.21007054869260258,
SCAN-02R-074afad5a6b92ea4,17,discovery_usable,normal_rate_diagnostic,0.17180196565145528,
SCAN-02R-074afad5a6b92ea4,18,discovery_usable,normal_rate_diagnostic,0.23800079333597776,
SCAN-02R-074afad5a6b92ea4,19,discovery_usable,normal_rate_diagnostic,0.26663690254731254,
SCAN-02R-074afad5a6b92ea4,20,discovery_usable,normal_rate_diagnostic,0.26198083067092653,
SCAN-02R-074afad5a6b92ea4,21,discovery_usable,normal_rate_diagnostic,0.2737868634455425,
SCAN-02R-074afad5a6b92ea4,22,discovery_usable,normal_rate_diagnostic,0.3312113724736852,
SCAN-02R-074afad5a6b92ea4,23,discovery_usable,normal_rate_diagnostic,0.23508866200967224,
SCAN-02R-074afad5a6b92ea4,24,discovery_usable,normal_rate_diagnostic,0.3395378211178944,
SCAN-02R-074afad5a6b92ea4,25,discovery_usable,normal_rate_diagnostic,0.2833663927458204,
SCAN-02R-074afad5a6b92ea4,26,discovery_usable,normal_rate_diagnostic,0.220090734180091,
SCAN-02R-074afad5a6b92ea4,27,discovery_usable,normal_rate_diagnostic,0.27739251040221913,
SCAN-02R-074afad5a6b92ea4,28,discovery_usable,normal_rate_diagnostic,0.2914907134048358,
SCAN-02R-074afad5a6b92ea4,29,discovery_usable,normal_rate_diagnostic,0.29435458883311644,
SCAN-02R-074afad5a6b92ea4,30,discovery_usable,normal_rate_diagnostic,0.32619678417706915,
SCAN-02R-074afad5a6b92ea4,31,discovery_usable,normal_rate_diagnostic,0.2563055161752809,
SCAN-02R-074afad5a6b92ea4,32,discovery_usable,normal_rate_diagnostic,0.323027953736094,
SCAN-02R-074afad5a6b92ea4,33,discovery_usable,normal_rate_diagnostic,0.3045391561219984,
SCAN-02R-074afad5a6b92ea4,34,discovery_usable,normal_rate_diagnostic,0.33757999178066106,
SCAN-02R-074afad5a6b92ea4,35,discovery_usable,normal_rate_diagnostic,0.2965684856200452,
SCAN-02R-0e6d00a831c04e8d,0,discovery_usable,normal_rate_diagnostic,0.14313318542904174,
SCAN-02R-0e6d00a831c04e8d,1,discovery_usable,normal_rate_diagnostic,0.1322171004789865,
SCAN-02R-0e6d00a831c04e8d,2,discovery_usable,normal_rate_diagnostic,0.18334841521910136,
SCAN-02R-0e6d00a831c04e8d,3,discovery_usable,normal_rate_diagnostic,0.20034917999942758,
SCAN-02R-0e6d00a831c04e8d,4,discovery_usable,normal_rate_diagnostic,0.22173686486246771,
SCAN-02R-0e6d00a831c04e8d,5,discovery_usable,normal_rate_diagnostic,0.207094625894458,
SCAN-02R-0e6d00a831c04e8d,6,discovery_usable,normal_rate_diagnostic,0.23950761689921185,
SCAN-02R-0e6d00a831c04e8d,7,discovery_usable,normal_rate_diagnostic,0.29756695256432697,
SCAN-02R-0e6d00a831c04e8d,8,discovery_usable,normal_rate_diagnostic,0.3517851606286818,
SCAN-02R-0e6d00a831c04e8d,9,discovery_usable,normal_rate_diagnostic,0.2802757436252176,
SCAN-02R-0e6d00a831c04e8d,10,discovery_usable,normal_rate_diagnostic,0.19133263178035015,
SCAN-02R-0e6d00a831c04e8d,11,discovery_usable,normal_rate_diagnostic,0.23931889841511061,
SCAN-02R-0e6d00a831c04e8d,12,discovery_usable,normal_rate_diagnostic,0.2174845850452897,
SCAN-02R-0e6d00a831c04e8d,13,discovery_usable,normal_rate_diagnostic,0.24292138386098117,
SCAN-02R-0e6d00a831c04e8d,14,discovery_usable,normal_rate_diagnostic,0.24309812708747305,
SCAN-02R-0e6d00a831c04e8d,15,discovery_usable,normal_rate_diagnostic,0.19864622597001436,
SCAN-02R-0e6d00a831c04e8d,16,discovery_usable,normal_rate_diagnostic,0.1806607428959917,
SCAN-02R-0e6d00a831c04e8d,17,discovery_usable,normal_rate_diagnostic,0.2893430390156245,
SCAN-02R-0e6d00a831c04e8d,18,discovery_usable,normal_rate_diagnostic,0.27676095686184404,
SCAN-02R-0e6d00a831c04e8d,19,discovery_usable,normal_rate_diagnostic,0.26150121065375304,
SCAN-02R-0e6d00a831c04e8d,20,discovery_usable,normal_rate_diagnostic,0.2365976367020968,
SCAN-02R-0e6d00a831c04e8d,21,discovery_usable,normal_rate_diagnostic,0.25802479754106894,
SCAN-02R-0e6d00a831c04e8d,22,discovery_usable,normal_rate_diagnostic,0.27046480685759156,
SCAN-02R-0e6d00a831c04e8d,23,discovery_usable,normal_rate_diagnostic,0.21028017730824553,
SCAN-02R-0e6d00a831c04e8d,24,discovery_usable,normal_rate_diagnostic,0.34534319398368074,
SCAN-02R-0e6d00a831c04e8d,25,discovery_usable,normal_rate_diagnostic,11.984164468353894,
SCAN-02R-1e5b02c69224108d,0,discovery_usable,normal_rate_diagnostic,0.182476994864576,
SCAN-02R-1e5b02c69224108d,1,discovery_usable,normal_rate_diagnostic,0.20425380755739087,
SCAN-02R-1e5b02c69224108d,2,discovery_usable,normal_rate_diagnostic,0.18744811703903383,
SCAN-02R-1e5b02c69224108d,3,discovery_usable,normal_rate_diagnostic,0.3258542035192254,
SCAN-02R-1e5b02c69224108d,4,discovery_usable,normal_rate_diagnostic,0.33585222502099077,
SCAN-02R-1e5b02c69224108d,5,discovery_usable,normal_rate_diagnostic,0.5060956971844042,
SCAN-02R-1e5b02c69224108d,6,discovery_usable,normal_rate_diagnostic,0.5167424555601488,
SCAN-02R-1e5b02c69224108d,7,discovery_usable,normal_rate_diagnostic,0.4199938616281762,
SCAN-02R-1e5b02c69224108d,8,discovery_usable,normal_rate_diagnostic,0.4886082898709854,
SCAN-02R-1e5b02c69224108d,9,discovery_usable,normal_rate_diagnostic,0.25559613538643294,
SCAN-02R-1e5b02c69224108d,10,discovery_usable,normal_rate_diagnostic,0.22410444416351577,
SCAN-02R-1e5b02c69224108d,11,discovery_usable,normal_rate_diagnostic,0.19491335215526914,
SCAN-02R-1e5b02c69224108d,12,discovery_usable,normal_rate_diagnostic,0.19014456929284046,
SCAN-02R-1e5b02c69224108d,13,discovery_usable,normal_rate_diagnostic,0.18986954125068903,
SCAN-02R-1e5b02c69224108d,14,discovery_usable,normal_rate_diagnostic,0.17381372135177411,
SCAN-02R-1e5b02c69224108d,15,discovery_usable,normal_rate_diagnostic,0.17221913928701277,
SCAN-02R-1e5b02c69224108d,16,discovery_usable,normal_rate_diagnostic,0.1957176967941441,
SCAN-02R-1e5b02c69224108d,17,discovery_usable,normal_rate_diagnostic,0.23151823040694292,
SCAN-02R-1e5b02c69224108d,18,discovery_usable,normal_rate_diagnostic,0.22819404547773092,
SCAN-02R-1e5b02c69224108d,19,discovery_usable,normal_rate_diagnostic,0.13603406292935752,
SCAN-02R-1e5b02c69224108d,20,discovery_usable,normal_rate_diagnostic,0.21479597846497092,
SCAN-02R-1e5b02c69224108d,21,discovery_usable,normal_rate_diagnostic,0.11357344652820171,
SCAN-02R-1e5b02c69224108d,22,discovery_usable,normal_rate_diagnostic,0.15296311403764348,
SCAN-02R-1e5b02c69224108d,23,discovery_usable,normal_rate_diagnostic,0.2620093874220522,
SCAN-02R-1e5b02c69224108d,24,discovery_usable,normal_rate_diagnostic,0.17834572706900428,
SCAN-02R-1e5b02c69224108d,25,discovery_usable,normal_rate_diagnostic,0.18303503927295298,
SCAN-02R-1e5b02c69224108d,26,discovery_usable,normal_rate_diagnostic,0.1916427778620651,
SCAN-02R-1e5b02c69224108d,27,discovery_usable,normal_rate_diagnostic,0.3394540316086963,
SCAN-02R-1e5b02c69224108d,28,discovery_usable,normal_rate_diagnostic,0.1680235844013014,
SCAN-02R-1e5b02c69224108d,29,discovery_usable,normal_rate_diagnostic,0.25137517004790916,
SCAN-02R-1e5b02c69224108d,30,discovery_usable,normal_rate_diagnostic,0.3054234477944064,
SCAN-02R-26c5588a4a75efc2,0,discovery_usable,normal_rate_diagnostic,8.773117842685808,
SCAN-02R-26c5588a4a75efc2,1,discovery_usable,normal_rate_diagnostic,0.27692218000913355,
SCAN-02R-26c5588a4a75efc2,2,discovery_usable,normal_rate_diagnostic,0.16637458683644268,
SCAN-02R-26c5588a4a75efc2,3,discovery_usable,normal_rate_diagnostic,0.20761365405798188,
SCAN-02R-26c5588a4a75efc2,4,discovery_usable,normal_rate_diagnostic,0.20359891014701037,
SCAN-02R-26c5588a4a75efc2,5,discovery_usable,normal_rate_diagnostic,0.2663304983931393,
SCAN-02R-26c5588a4a75efc2,6,discovery_usable,normal_rate_diagnostic,0.19241376656361842,
SCAN-02R-26c5588a4a75efc2,7,discovery_usable,normal_rate_diagnostic,0.24249646648005987,
SCAN-02R-26c5588a4a75efc2,8,discovery_usable,normal_rate_diagnostic,0.22176674170894795,
SCAN-02R-26c5588a4a75efc2,9,discovery_usable,normal_rate_diagnostic,0.24021594148845382,
SCAN-02R-26c5588a4a75efc2,10,discovery_usable,normal_rate_diagnostic,0.17820605900600622,
SCAN-02R-26c5588a4a75efc2,11,discovery_usable,normal_rate_diagnostic,0.28003948556746505,
SCAN-02R-26c5588a4a75efc2,12,discovery_usable,normal_rate_diagnostic,0.17915929500817415,
SCAN-02R-26c5588a4a75efc2,13,discovery_usable,normal_rate_diagnostic,0.28766015673591244,
SCAN-02R-26c5588a4a75efc2,14,discovery_usable,normal_rate_diagnostic,0.22110092467565284,
SCAN-02R-26c5588a4a75efc2,15,discovery_usable,normal_rate_diagnostic,0.28426363873250005,
SCAN-02R-26c5588a4a75efc2,16,discovery_usable,normal_rate_diagnostic,0.25986707405424136,
SCAN-02R-26c5588a4a75efc2,17,discovery_usable,normal_rate_diagnostic,0.18930729306346525,
SCAN-02R-26c5588a4a75efc2,18,discovery_usable,normal_rate_diagnostic,0.270744857781594,
SCAN-02R-26c5588a4a75efc2,19,discovery_usable,normal_rate_diagnostic,0.2512711363367624,
SCAN-02R-26c5588a4a75efc2,20,discovery_usable,normal_rate_diagnostic,0.15951044793433972,
SCAN-02R-26c5588a4a75efc2,21,discovery_usable,normal_rate_diagnostic,0.13965556527427617,
SCAN-02R-26c5588a4a75efc2,22,discovery_usable,normal_rate_diagnostic,0.17508602052312658,
SCAN-02R-26c5588a4a75efc2,23,discovery_usable,normal_rate_diagnostic,0.09435149075355391,
SCAN-02R-26c5588a4a75efc2,24,discovery_usable,normal_rate_diagnostic,0.2549211735933529,
SCAN-02R-26c5588a4a75efc2,25,discovery_usable,normal_rate_diagnostic,0.07933233903468409,
SCAN-02R-26c5588a4a75efc2,26,discovery_usable,normal_rate_diagnostic,0.22382587890248137,
SCAN-02R-26c5588a4a75efc2,27,discovery_usable,normal_rate_diagnostic,0.0895756354271638,
SCAN-02R-26c5588a4a75efc2,28,discovery_usable,normal_rate_diagnostic,0.1449884734163634,
SCAN-02R-26c5588a4a75efc2,29,discovery_usable,normal_rate_diagnostic,0.12769036505256587,
SCAN-02R-26c5588a4a75efc2,30,discovery_usable,normal_rate_diagnostic,0.16080767402186985,
SCAN-02R-26c5588a4a75efc2,31,discovery_usable,normal_rate_diagnostic,0.09579068367179376,
SCAN-02R-26c5588a4a75efc2,32,discovery_usable,normal_rate_diagnostic,0.18901677523880245,
SCAN-02R-26c5588a4a75efc2,33,discovery_usable,normal_rate_diagnostic,0.12677823151039583,
SCAN-02R-26c5588a4a75efc2,34,discovery_usable,normal_rate_diagnostic,0.17037114699098344,
SCAN-02R-26c5588a4a75efc2,35,discovery_usable,normal_rate_diagnostic,0.1411958000667471,
SCAN-02R-26c5588a4a75efc2,36,discovery_usable,normal_rate_diagnostic,0.11267394039548555,
SCAN-02R-26c5588a4a75efc2,37,discovery_usable,normal_rate_diagnostic,0.11610143599144515,
SCAN-02R-26c5588a4a75efc2,38,discovery_usable,normal_rate_diagnostic,0.11967305321860676,
SCAN-02R-26c5588a4a75efc2,39,discovery_usable,normal_rate_diagnostic,0.1878452390037158,
SCAN-02R-26c5588a4a75efc2,40,discovery_usable,normal_rate_diagnostic,0.14989219292278247,
SCAN-02R-26c5588a4a75efc2,41,discovery_usable,normal_rate_diagnostic,0.22697224696850193,
SCAN-02R-26c5588a4a75efc2,42,discovery_usable,normal_rate_diagnostic,0.2986593513561347,
SCAN-02R-26c5588a4a75efc2,43,discovery_usable,normal_rate_diagnostic,0.44541995588732486,
SCAN-02R-26c5588a4a75efc2,44,discovery_usable,normal_rate_diagnostic,0.4088540184139569,
SCAN-02R-26c5588a4a75efc2,45,discovery_usable,normal_rate_diagnostic,0.43954726631569485,
SCAN-02R-26c5588a4a75efc2,46,discovery_usable,normal_rate_diagnostic,0.32704571906772734,
SCAN-02R-26c5588a4a75efc2,47,discovery_usable,normal_rate_diagnostic,0.2447629955296117,
SCAN-02R-26c5588a4a75efc2,48,discovery_usable,normal_rate_diagnostic,0.36888582983566587,
SCAN-02R-26c5588a4a75efc2,49,discovery_usable,normal_rate_diagnostic,0.1143309441097577,
SCAN-02R-26c5588a4a75efc2,50,discovery_usable,normal_rate_diagnostic,0.11678503767398808,
SCAN-02R-26c5588a4a75efc2,51,discovery_usable,normal_rate_diagnostic,0.1106717348645761,
SCAN-02R-26c5588a4a75efc2,52,discovery_usable,normal_rate_diagnostic,0.08842403112525896,
SCAN-02R-26c5588a4a75efc2,53,discovery_usable,normal_rate_diagnostic,0.07952685705675287,
SCAN-02R-26c5588a4a75efc2,54,discovery_usable,normal_rate_diagnostic,0.14490833512743653,
SCAN-02R-26c5588a4a75efc2,55,discovery_usable,normal_rate_diagnostic,0.0853017040030871,
SCAN-02R-2a0e91f43e0fe127,0,discovery_usable,normal_rate_diagnostic,0.17341391299823986,
SCAN-02R-2a0e91f43e0fe127,1,discovery_usable,normal_rate_diagnostic,0.16029066039752082,
SCAN-02R-2a0e91f43e0fe127,2,discovery_usable,normal_rate_diagnostic,0.14768470657733979,
SCAN-02R-2a0e91f43e0fe127,3,discovery_usable,normal_rate_diagnostic,0.2885291065370457,
SCAN-02R-2a0e91f43e0fe127,4,discovery_usable,normal_rate_diagnostic,0.3447962110727472,
SCAN-02R-2a0e91f43e0fe127,5,discovery_usable,normal_rate_diagnostic,0.49126747007278776,
SCAN-02R-2a0e91f43e0fe127,6,discovery_usable,normal_rate_diagnostic,0.49440447436049295,
SCAN-02R-2a0e91f43e0fe127,7,discovery_usable,normal_rate_diagnostic,0.43067713212097725,
SCAN-02R-2a0e91f43e0fe127,8,discovery_usable,normal_rate_diagnostic,0.4454416471442241,
SCAN-02R-2a0e91f43e0fe127,9,discovery_usable,normal_rate_diagnostic,0.4331150661355308,
SCAN-02R-2a0e91f43e0fe127,10,discovery_usable,normal_rate_diagnostic,0.20759449874578326,
SCAN-02R-2a0e91f43e0fe127,11,discovery_usable,normal_rate_diagnostic,0.2458210422812193,
SCAN-02R-2a0e91f43e0fe127,12,discovery_usable,normal_rate_diagnostic,0.16195594798214888,
SCAN-02R-2a0e91f43e0fe127,13,discovery_usable,normal_rate_diagnostic,0.20608933366469265,
SCAN-02R-2a0e91f43e0fe127,14,discovery_usable,normal_rate_diagnostic,0.2114638272464922,
SCAN-02R-2a0e91f43e0fe127,15,discovery_usable,normal_rate_diagnostic,0.10874640976926571,
SCAN-02R-2a0e91f43e0fe127,16,discovery_usable,normal_rate_diagnostic,0.19608227612306123,
SCAN-02R-2a0e91f43e0fe127,17,discovery_usable,normal_rate_diagnostic,0.2522135053694928,
SCAN-02R-2a0e91f43e0fe127,18,discovery_usable,normal_rate_diagnostic,0.18808861660822482,
SCAN-02R-2a0e91f43e0fe127,19,discovery_usable,normal_rate_diagnostic,0.2106722483486014,
SCAN-02R-2a0e91f43e0fe127,20,discovery_usable,normal_rate_diagnostic,0.24935064935064935,
SCAN-02R-2a0e91f43e0fe127,21,discovery_usable,normal_rate_diagnostic,0.2837080644017306,
SCAN-02R-2a0e91f43e0fe127,22,discovery_usable,normal_rate_diagnostic,0.2120425547471941,
SCAN-02R-2a0e91f43e0fe127,23,discovery_usable,normal_rate_diagnostic,0.3002371873780286,
SCAN-02R-2a0e91f43e0fe127,24,discovery_usable,normal_rate_diagnostic,0.2174031197347682,
SCAN-02R-2a0e91f43e0fe127,25,discovery_usable,normal_rate_diagnostic,0.262339913030344,
SCAN-02R-2a0e91f43e0fe127,26,discovery_usable,normal_rate_diagnostic,0.3445595647331266,
SCAN-02R-2a0e91f43e0fe127,27,discovery_usable,normal_rate_diagnostic,0.2834444803124188,
SCAN-02R-2a0e91f43e0fe127,28,discovery_usable,normal_rate_diagnostic,0.25139984001828364,
SCAN-02R-2a0e91f43e0fe127,29,discovery_usable,normal_rate_diagnostic,0.24410270066351553,
SCAN-02R-2a0e91f43e0fe127,30,discovery_usable,normal_rate_diagnostic,0.2681101135482562,
SCAN-02R-2f690557cfd20bec,0,discovery_usable,normal_rate_diagnostic,0.16956284187322979,
SCAN-02R-2f690557cfd20bec,1,discovery_usable,normal_rate_diagnostic,0.18924937389998803,
SCAN-02R-2f690557cfd20bec,2,discovery_usable,normal_rate_diagnostic,0.13684996267728292,
SCAN-02R-2f690557cfd20bec,3,discovery_usable,normal_rate_diagnostic,0.17491269443958576,
SCAN-02R-2f690557cfd20bec,4,discovery_usable,normal_rate_diagnostic,0.23956294370270823,
SCAN-02R-2f690557cfd20bec,5,discovery_usable,normal_rate_diagnostic,0.17824799471005953,
SCAN-02R-2f690557cfd20bec,6,discovery_usable,normal_rate_diagnostic,0.26330109357720866,
SCAN-02R-2f690557cfd20bec,7,discovery_usable,normal_rate_diagnostic,0.25121779357250085,
SCAN-02R-2f690557cfd20bec,8,discovery_usable,normal_rate_diagnostic,0.20004125850956758,
SCAN-02R-2f690557cfd20bec,9,discovery_usable,normal_rate_diagnostic,0.20047613081067533,
SCAN-02R-2f690557cfd20bec,10,discovery_usable,normal_rate_diagnostic,0.2568198189733471,
SCAN-02R-2f690557cfd20bec,11,discovery_usable,normal_rate_diagnostic,0.23255375448608762,
SCAN-02R-2f690557cfd20bec,12,discovery_usable,normal_rate_diagnostic,0.22179916085984142,
SCAN-02R-2f690557cfd20bec,13,discovery_usable,normal_rate_diagnostic,0.2547619752940131,
SCAN-02R-2f690557cfd20bec,14,discovery_usable,normal_rate_diagnostic,0.24999305574845143,
SCAN-02R-2f690557cfd20bec,15,discovery_usable,normal_rate_diagnostic,0.2342371416822391,
SCAN-02R-2f690557cfd20bec,16,discovery_usable,normal_rate_diagnostic,0.26074834775806566,
SCAN-02R-2f690557cfd20bec,17,discovery_usable,normal_rate_diagnostic,0.17535749015606816,
SCAN-02R-2f690557cfd20bec,18,discovery_usable,normal_rate_diagnostic,0.24734108335394508,
SCAN-02R-2f690557cfd20bec,19,discovery_usable,normal_rate_diagnostic,0.27943036849244773,
SCAN-02R-2f690557cfd20bec,20,discovery_usable,normal_rate_diagnostic,0.29205332328418676,
SCAN-02R-2f690557cfd20bec,21,discovery_usable,normal_rate_diagnostic,0.2567235420242176,
SCAN-02R-2f690557cfd20bec,22,discovery_usable,normal_rate_diagnostic,0.25317271442578126,
SCAN-02R-2f690557cfd20bec,23,discovery_usable,normal_rate_diagnostic,0.2036840240878498,
SCAN-02R-2f690557cfd20bec,24,discovery_usable,normal_rate_diagnostic,0.31538582840703233,
SCAN-02R-2f690557cfd20bec,25,discovery_usable,normal_rate_diagnostic,11.759888364548589,
SCAN-02R-306a96179bd778b6,0,discovery_usable,normal_rate_diagnostic,8.893713749834358,
SCAN-02R-306a96179bd778b6,1,discovery_usable,normal_rate_diagnostic,0.3232616117040295,
SCAN-02R-306a96179bd778b6,2,discovery_usable,normal_rate_diagnostic,0.2353349881492024,
SCAN-02R-306a96179bd778b6,3,discovery_usable,normal_rate_diagnostic,0.26116782644527375,
SCAN-02R-306a96179bd778b6,4,discovery_usable,normal_rate_diagnostic,0.29942988549801175,
SCAN-02R-306a96179bd778b6,5,discovery_usable,normal_rate_diagnostic,0.2433869971980814,
SCAN-02R-306a96179bd778b6,6,discovery_usable,normal_rate_diagnostic,0.22485914180902394,
SCAN-02R-306a96179bd778b6,7,discovery_usable,normal_rate_diagnostic,0.24279589883041747,
SCAN-02R-306a96179bd778b6,8,discovery_usable,normal_rate_diagnostic,0.38375568900977564,
SCAN-02R-306a96179bd778b6,9,discovery_usable,normal_rate_diagnostic,0.24718901720182032,
SCAN-02R-306a96179bd778b6,10,discovery_usable,normal_rate_diagnostic,0.351575456053068,
SCAN-02R-306a96179bd778b6,11,discovery_usable,normal_rate_diagnostic,0.34640481290605357,
SCAN-02R-306a96179bd778b6,12,discovery_usable,normal_rate_diagnostic,0.33280890717657025,
SCAN-02R-306a96179bd778b6,13,discovery_usable,normal_rate_diagnostic,0.2891302649058373,
SCAN-02R-306a96179bd778b6,14,discovery_usable,normal_rate_diagnostic,0.2542204568023833,
SCAN-02R-306a96179bd778b6,15,discovery_usable,normal_rate_diagnostic,0.2378404090855036,
SCAN-02R-306a96179bd778b6,16,discovery_usable,normal_rate_diagnostic,0.3162180323332938,
SCAN-02R-306a96179bd778b6,17,discovery_usable,normal_rate_diagnostic,0.22228220313417907,
SCAN-02R-306a96179bd778b6,18,discovery_usable,normal_rate_diagnostic,0.34138431339079967,
SCAN-02R-306a96179bd778b6,19,discovery_usable,normal_rate_diagnostic,0.2971547433325904,
SCAN-02R-306a96179bd778b6,20,discovery_usable,normal_rate_diagnostic,0.18923403883664738,
SCAN-02R-306a96179bd778b6,21,discovery_usable,normal_rate_diagnostic,0.31032036883792413,
SCAN-02R-306a96179bd778b6,22,discovery_usable,normal_rate_diagnostic,0.22993791676247413,
SCAN-02R-306a96179bd778b6,23,discovery_usable,normal_rate_diagnostic,0.22088638550985312,
SCAN-02R-306a96179bd778b6,24,discovery_usable,normal_rate_diagnostic,0.27986790235009074,
SCAN-02R-306a96179bd778b6,25,discovery_usable,normal_rate_diagnostic,0.28732650666836934,
SCAN-02R-306a96179bd778b6,26,discovery_usable,normal_rate_diagnostic,0.2629238680740827,
SCAN-02R-306a96179bd778b6,27,discovery_usable,normal_rate_diagnostic,0.15706453856682348,
SCAN-02R-306a96179bd778b6,28,discovery_usable,normal_rate_diagnostic,0.18939807833795905,
SCAN-02R-306a96179bd778b6,29,discovery_usable,normal_rate_diagnostic,0.3091501247384805,
SCAN-02R-306a96179bd778b6,30,discovery_usable,normal_rate_diagnostic,0.154082125773037,
SCAN-02R-306a96179bd778b6,31,discovery_usable,normal_rate_diagnostic,0.15193580021823505,
SCAN-02R-306a96179bd778b6,32,discovery_usable,normal_rate_diagnostic,0.2455594663174265,
SCAN-02R-306a96179bd778b6,33,discovery_usable,normal_rate_diagnostic,0.24187859038532603,
SCAN-02R-306a96179bd778b6,34,discovery_usable,normal_rate_diagnostic,0.18496865441909932,
SCAN-02R-306a96179bd778b6,35,discovery_usable,normal_rate_diagnostic,0.1682314346906159,
SCAN-02R-306a96179bd778b6,36,discovery_usable,normal_rate_diagnostic,0.1574793229648947,
SCAN-02R-306a96179bd778b6,37,discovery_usable,normal_rate_diagnostic,0.12944983818770228,
SCAN-02R-306a96179bd778b6,38,discovery_usable,normal_rate_diagnostic,0.18081111867839125,
SCAN-02R-306a96179bd778b6,39,discovery_usable,normal_rate_diagnostic,0.12444886929313043,
SCAN-02R-306a96179bd778b6,40,discovery_usable,normal_rate_diagnostic,0.20312699499727227,
SCAN-02R-306a96179bd778b6,41,discovery_usable,normal_rate_diagnostic,0.3134349622453341,
SCAN-02R-306a96179bd778b6,42,discovery_usable,normal_rate_diagnostic,0.5508722143393706,
SCAN-02R-306a96179bd778b6,43,discovery_usable,normal_rate_diagnostic,0.47524923582083106,
SCAN-02R-306a96179bd778b6,44,discovery_usable,normal_rate_diagnostic,0.3599974956695953,
SCAN-02R-306a96179bd778b6,45,discovery_usable,normal_rate_diagnostic,0.3373768196947495,
SCAN-02R-306a96179bd778b6,46,discovery_usable,normal_rate_diagnostic,0.3328621805849691,
SCAN-02R-306a96179bd778b6,47,discovery_usable,normal_rate_diagnostic,0.2234605661932096,
SCAN-02R-306a96179bd778b6,48,discovery_usable,normal_rate_diagnostic,0.20789550990893274,
SCAN-02R-306a96179bd778b6,49,discovery_usable,normal_rate_diagnostic,0.13231130203141953,
SCAN-02R-306a96179bd778b6,50,discovery_usable,normal_rate_diagnostic,0.09994655032308809,
SCAN-02R-306a96179bd778b6,51,discovery_usable,normal_rate_diagnostic,0.10720181814283569,
SCAN-02R-306a96179bd778b6,52,discovery_usable,normal_rate_diagnostic,0.1360220355697623,
SCAN-02R-306a96179bd778b6,53,discovery_usable,normal_rate_diagnostic,0.10059518819683125,
SCAN-02R-306a96179bd778b6,54,discovery_usable,normal_rate_diagnostic,0.08306510227390718,
SCAN-02R-306a96179bd778b6,55,discovery_usable,normal_rate_diagnostic,0.0814318985032817,
SCAN-02R-3f903a520f921d83,0,discovery_usable,normal_rate_diagnostic,0.18248864165523493,
SCAN-02R-3f903a520f921d83,1,discovery_usable,normal_rate_diagnostic,0.14157560780982534,
SCAN-02R-3f903a520f921d83,2,discovery_usable,normal_rate_diagnostic,0.15019337396898505,
SCAN-02R-3f903a520f921d83,3,discovery_usable,normal_rate_diagnostic,0.12111229532022091,
SCAN-02R-3f903a520f921d83,4,discovery_usable,normal_rate_diagnostic,0.140331181588549,
SCAN-02R-3f903a520f921d83,5,discovery_usable,normal_rate_diagnostic,0.12707728031515167,
SCAN-02R-3f903a520f921d83,6,discovery_usable,normal_rate_diagnostic,0.2290829632762388,
SCAN-02R-3f903a520f921d83,7,discovery_usable,normal_rate_diagnostic,0.27054447074737914,
SCAN-02R-3f903a520f921d83,8,discovery_usable,normal_rate_diagnostic,0.25202565621180234,
SCAN-02R-3f903a520f921d83,9,discovery_usable,normal_rate_diagnostic,0.20745714124059372,
SCAN-02R-3f903a520f921d83,10,discovery_usable,normal_rate_diagnostic,0.18281650896116095,
SCAN-02R-3f903a520f921d83,11,discovery_usable,normal_rate_diagnostic,0.2456631014021694,
SCAN-02R-3f903a520f921d83,12,discovery_usable,normal_rate_diagnostic,0.2907012704264031,
SCAN-02R-3f903a520f921d83,13,discovery_usable,normal_rate_diagnostic,0.2332703304064885,
SCAN-02R-3f903a520f921d83,14,discovery_usable,normal_rate_diagnostic,0.22423410040081845,
SCAN-02R-3f903a520f921d83,15,discovery_usable,normal_rate_diagnostic,0.16293578753173307,
SCAN-02R-3f903a520f921d83,16,discovery_usable,normal_rate_diagnostic,0.22764408605958206,
SCAN-02R-3f903a520f921d83,17,discovery_usable,normal_rate_diagnostic,0.17309460702114998,
SCAN-02R-3f903a520f921d83,18,discovery_usable,normal_rate_diagnostic,0.2614175505731719,
SCAN-02R-3f903a520f921d83,19,discovery_usable,normal_rate_diagnostic,0.27305512622359607,
SCAN-02R-3f903a520f921d83,20,discovery_usable,normal_rate_diagnostic,0.22922526635498397,
SCAN-02R-3f903a520f921d83,21,discovery_usable,normal_rate_diagnostic,0.24607961399276237,
SCAN-02R-3f903a520f921d83,22,discovery_usable,normal_rate_diagnostic,0.24287716020551145,
SCAN-02R-3f903a520f921d83,23,discovery_usable,normal_rate_diagnostic,0.2076599432998068,
SCAN-02R-3f903a520f921d83,24,discovery_usable,normal_rate_diagnostic,0.2224826682028565,
SCAN-02R-3f903a520f921d83,25,discovery_usable,normal_rate_diagnostic,13.286093888396811,
SCAN-02R-432159a75d80f2b3,0,discovery_usable,normal_rate_diagnostic,0.1556675977895201,
SCAN-02R-432159a75d80f2b3,1,discovery_usable,normal_rate_diagnostic,0.19989871798288866,
SCAN-02R-432159a75d80f2b3,2,discovery_usable,normal_rate_diagnostic,0.24237854141979964,
SCAN-02R-432159a75d80f2b3,3,discovery_usable,normal_rate_diagnostic,0.3489021213248976,
SCAN-02R-432159a75d80f2b3,4,discovery_usable,normal_rate_diagnostic,0.44524663312156193,
SCAN-02R-432159a75d80f2b3,5,discovery_usable,normal_rate_diagnostic,0.4753826830598632,
SCAN-02R-432159a75d80f2b3,6,discovery_usable,normal_rate_diagnostic,0.5039622748239989,
SCAN-02R-432159a75d80f2b3,7,discovery_usable,normal_rate_diagnostic,0.5102397052425787,
SCAN-02R-432159a75d80f2b3,8,discovery_usable,normal_rate_diagnostic,0.7682093041121147,
SCAN-02R-432159a75d80f2b3,9,discovery_usable,normal_rate_diagnostic,0.29985516429799947,
SCAN-02R-432159a75d80f2b3,10,discovery_usable,normal_rate_diagnostic,0.18911825048425734,
SCAN-02R-432159a75d80f2b3,11,discovery_usable,normal_rate_diagnostic,0.2620682425703653,
SCAN-02R-432159a75d80f2b3,12,discovery_usable,normal_rate_diagnostic,0.2193164439913222,
SCAN-02R-432159a75d80f2b3,13,discovery_usable,normal_rate_diagnostic,0.2193369930116797,
SCAN-02R-432159a75d80f2b3,14,discovery_usable,normal_rate_diagnostic,0.18601767167880948,
SCAN-02R-432159a75d80f2b3,15,discovery_usable,normal_rate_diagnostic,0.1596566742876119,
SCAN-02R-432159a75d80f2b3,16,discovery_usable,normal_rate_diagnostic,0.1889878721920638,
SCAN-02R-432159a75d80f2b3,17,discovery_usable,normal_rate_diagnostic,0.21191912636340157,
SCAN-02R-432159a75d80f2b3,18,discovery_usable,normal_rate_diagnostic,0.1878904598619005,
SCAN-02R-432159a75d80f2b3,19,discovery_usable,normal_rate_diagnostic,0.1765728566771705,
SCAN-02R-432159a75d80f2b3,20,discovery_usable,normal_rate_diagnostic,0.2077922077922078,
SCAN-02R-432159a75d80f2b3,21,discovery_usable,normal_rate_diagnostic,0.17734521309800808,
SCAN-02R-432159a75d80f2b3,22,discovery_usable,normal_rate_diagnostic,0.17473098708446785,
SCAN-02R-432159a75d80f2b3,23,discovery_usable,normal_rate_diagnostic,0.1868879419899828,
SCAN-02R-432159a75d80f2b3,24,discovery_usable,normal_rate_diagnostic,0.17028259170104568,
SCAN-02R-432159a75d80f2b3,25,discovery_usable,normal_rate_diagnostic,0.27002771755100746,
SCAN-02R-432159a75d80f2b3,26,discovery_usable,normal_rate_diagnostic,0.18385732671446958,
SCAN-02R-432159a75d80f2b3,27,discovery_usable,normal_rate_diagnostic,0.20377453131857798,
SCAN-02R-432159a75d80f2b3,28,discovery_usable,normal_rate_diagnostic,0.22096584934700783,
SCAN-02R-432159a75d80f2b3,29,discovery_usable,normal_rate_diagnostic,0.1547941974289421,
SCAN-02R-432159a75d80f2b3,30,discovery_usable,normal_rate_diagnostic,0.27539225278109936,
SCAN-02R-43979cdff2eef525,0,discovery_usable,normal_rate_diagnostic,1.119785505874931,
SCAN-02R-43979cdff2eef525,1,discovery_usable,normal_rate_diagnostic,1.0648611707115498,
SCAN-02R-43979cdff2eef525,2,discovery_usable,normal_rate_diagnostic,0.960802387164305,
SCAN-02R-43979cdff2eef525,3,discovery_usable,normal_rate_diagnostic,1.0114760706055927,
SCAN-02R-43979cdff2eef525,4,discovery_usable,normal_rate_diagnostic,0.9995516716766744,
SCAN-02R-43979cdff2eef525,5,discovery_usable,normal_rate_diagnostic,1.0127314814814814,
SCAN-02R-43979cdff2eef525,6,discovery_usable,normal_rate_diagnostic,1.174740855122683,
SCAN-02R-43979cdff2eef525,7,discovery_usable,normal_rate_diagnostic,1.0877699173757744,
SCAN-02R-43979cdff2eef525,8,discovery_usable,normal_rate_diagnostic,1.0413461766028447,
SCAN-02R-43979cdff2eef525,9,discovery_usable,normal_rate_diagnostic,1.0972789061944945,
SCAN-02R-43979cdff2eef525,10,discovery_usable,normal_rate_diagnostic,0.9591679812288448,
SCAN-02R-43979cdff2eef525,11,discovery_usable,normal_rate_diagnostic,1.0591713170083943,
SCAN-02R-43979cdff2eef525,12,discovery_usable,normal_rate_diagnostic,0.8833374659062732,
SCAN-02R-43979cdff2eef525,13,discovery_usable,normal_rate_diagnostic,0.7980310262529832,
SCAN-02R-43979cdff2eef525,14,discovery_usable,normal_rate_diagnostic,1.0408662242403073,
SCAN-02R-43979cdff2eef525,15,discovery_usable,normal_rate_diagnostic,0.8747525371112119,
SCAN-02R-43979cdff2eef525,16,discovery_usable,normal_rate_diagnostic,0.7913429592458375,
SCAN-02R-43979cdff2eef525,17,discovery_usable,normal_rate_diagnostic,1.0256066496849443,
SCAN-02R-43979cdff2eef525,18,discovery_usable,normal_rate_diagnostic,1.218246002630304,
SCAN-02R-43979cdff2eef525,19,discovery_usable,normal_rate_diagnostic,1.2701019288871214,
SCAN-02R-43979cdff2eef525,20,discovery_usable,normal_rate_diagnostic,1.3650949361478322,
SCAN-02R-43979cdff2eef525,21,discovery_usable,normal_rate_diagnostic,1.6687976852935704,
SCAN-02R-43979cdff2eef525,22,discovery_usable,normal_rate_diagnostic,1.867959008998589,
SCAN-02R-43979cdff2eef525,23,discovery_usable,normal_rate_diagnostic,2.0614755472128183,
SCAN-02R-43979cdff2eef525,24,discovery_usable,normal_rate_diagnostic,2.3643652214524793,
SCAN-02R-45d1daf515e218b6,0,discovery_usable,normal_rate_diagnostic,0.17965900720432618,
SCAN-02R-45d1daf515e218b6,1,discovery_usable,normal_rate_diagnostic,0.1982934743420262,
SCAN-02R-45d1daf515e218b6,2,discovery_usable,normal_rate_diagnostic,0.2077447232840286,
SCAN-02R-45d1daf515e218b6,3,discovery_usable,normal_rate_diagnostic,0.13219834349727844,
SCAN-02R-45d1daf515e218b6,4,discovery_usable,normal_rate_diagnostic,0.10024001915698144,
SCAN-02R-45d1daf515e218b6,5,discovery_usable,normal_rate_diagnostic,0.13135929503844995,
SCAN-02R-45d1daf515e218b6,6,discovery_usable,normal_rate_diagnostic,0.23398198338727919,
SCAN-02R-45d1daf515e218b6,7,discovery_usable,normal_rate_diagnostic,0.3085844706320741,
SCAN-02R-45d1daf515e218b6,8,discovery_usable,normal_rate_diagnostic,0.25590668333035765,
SCAN-02R-45d1daf515e218b6,9,discovery_usable,normal_rate_diagnostic,0.23787576937944158,
SCAN-02R-45d1daf515e218b6,10,discovery_usable,normal_rate_diagnostic,0.22040602363705677,
SCAN-02R-45d1daf515e218b6,11,discovery_usable,normal_rate_diagnostic,0.3466805338880222,
SCAN-02R-45d1daf515e218b6,12,discovery_usable,normal_rate_diagnostic,0.32839374409917493,
SCAN-02R-45d1daf515e218b6,13,discovery_usable,normal_rate_diagnostic,0.2479431984672602,
SCAN-02R-45d1daf515e218b6,14,discovery_usable,normal_rate_diagnostic,0.25831892370629667,
SCAN-02R-45d1daf515e218b6,15,discovery_usable,normal_rate_diagnostic,0.2732308303733327,
SCAN-02R-45d1daf515e218b6,16,discovery_usable,normal_rate_diagnostic,0.22413291558772896,
SCAN-02R-45d1daf515e218b6,17,discovery_usable,normal_rate_diagnostic,0.21254630473067346,
SCAN-02R-45d1daf515e218b6,18,discovery_usable,normal_rate_diagnostic,0.2503507518346016,
SCAN-02R-45d1daf515e218b6,19,discovery_usable,normal_rate_diagnostic,0.1885706825775195,
SCAN-02R-45d1daf515e218b6,20,discovery_usable,normal_rate_diagnostic,0.32072269513971485,
SCAN-02R-45d1daf515e218b6,21,discovery_usable,normal_rate_diagnostic,0.2256653743562895,
SCAN-02R-45d1daf515e218b6,22,discovery_usable,normal_rate_diagnostic,0.23084226939728392,
SCAN-02R-45d1daf515e218b6,23,discovery_usable,normal_rate_diagnostic,0.18760396386330758,
SCAN-02R-45d1daf515e218b6,24,discovery_usable,normal_rate_diagnostic,0.23954182182443762,
SCAN-02R-45d1daf515e218b6,25,discovery_usable,normal_rate_diagnostic,12.79637272918989,
SCAN-02R-4ad1398a663b7933,0,discovery_usable,normal_rate_diagnostic,0.08200014760026568,
SCAN-02R-4ad1398a663b7933,1,discovery_usable,normal_rate_diagnostic,0.12978748346256258,
SCAN-02R-4ad1398a663b7933,2,discovery_usable,normal_rate_diagnostic,0.13837638376383765,
SCAN-02R-4ad1398a663b7933,3,discovery_usable,normal_rate_diagnostic,0.08943591490811524,
SCAN-02R-4ad1398a663b7933,4,discovery_usable,normal_rate_diagnostic,0.14448840480551436,
SCAN-02R-4ad1398a663b7933,5,discovery_usable,normal_rate_diagnostic,0.10871219533407257,
SCAN-02R-4ad1398a663b7933,6,discovery_usable,normal_rate_diagnostic,0.11855208388218558,
SCAN-02R-4ad1398a663b7933,7,discovery_usable,normal_rate_diagnostic,0.13548850380045255,
SCAN-02R-4ad1398a663b7933,8,discovery_usable,normal_rate_diagnostic,0.18017435333576645,
SCAN-02R-4ad1398a663b7933,9,discovery_usable,normal_rate_diagnostic,0.5490615382392463,
SCAN-02R-4ad1398a663b7933,10,discovery_usable,normal_rate_diagnostic,0.37834097482539064,
SCAN-02R-4ad1398a663b7933,11,discovery_usable,normal_rate_diagnostic,0.4480473471429167,
SCAN-02R-4ad1398a663b7933,12,discovery_usable,normal_rate_diagnostic,0.4550710981668666,
SCAN-02R-4ad1398a663b7933,13,discovery_usable,normal_rate_diagnostic,0.3106434201840563,
SCAN-02R-4ad1398a663b7933,14,discovery_usable,normal_rate_diagnostic,0.41206852756061074,
SCAN-02R-4ad1398a663b7933,15,discovery_usable,normal_rate_diagnostic,0.19801172928302282,
SCAN-02R-4ad1398a663b7933,16,discovery_usable,normal_rate_diagnostic,0.16989566063048864,
SCAN-02R-4ad1398a663b7933,17,discovery_usable,normal_rate_diagnostic,0.13837083383467694,
SCAN-02R-4ad1398a663b7933,18,discovery_usable,normal_rate_diagnostic,0.1273607219533496,
SCAN-02R-4ad1398a663b7933,19,discovery_usable,normal_rate_diagnostic,0.12475750260431286,
SCAN-02R-4ad1398a663b7933,20,discovery_usable,normal_rate_diagnostic,0.16661112962345886,
SCAN-02R-4ad1398a663b7933,21,discovery_usable,normal_rate_diagnostic,0.07853660132857751,
SCAN-02R-4ad1398a663b7933,22,discovery_usable,normal_rate_diagnostic,0.0931154431962541,
SCAN-02R-4ad1398a663b7933,23,discovery_usable,normal_rate_diagnostic,0.047225820379965464,
SCAN-02R-4ad1398a663b7933,24,discovery_usable,normal_rate_diagnostic,0.08212765374981179,
SCAN-02R-4ad1398a663b7933,25,discovery_usable,normal_rate_diagnostic,0.11850819100731963,
SCAN-02R-4ad1398a663b7933,26,discovery_usable,normal_rate_diagnostic,0.18600924322854814,
SCAN-02R-4ad1398a663b7933,27,discovery_usable,normal_rate_diagnostic,0.10994891040629788,
SCAN-02R-4ad1398a663b7933,28,discovery_usable,normal_rate_diagnostic,0.24171375049098104,
SCAN-02R-4ad1398a663b7933,29,discovery_usable,normal_rate_diagnostic,0.14818974526962733,
SCAN-02R-4ad1398a663b7933,30,discovery_usable,normal_rate_diagnostic,0.20051653058278124,
SCAN-02R-4ad1398a663b7933,31,discovery_usable,normal_rate_diagnostic,0.16112010698375104,
SCAN-02R-4ad1398a663b7933,32,discovery_usable,normal_rate_diagnostic,0.13461934400785544,
SCAN-02R-4ad1398a663b7933,33,discovery_usable,normal_rate_diagnostic,0.12322289481385641,
SCAN-02R-4ad1398a663b7933,34,discovery_usable,normal_rate_diagnostic,0.15547378785971822,
SCAN-02R-4ad1398a663b7933,35,discovery_usable,normal_rate_diagnostic,0.22650222118307223,
SCAN-02R-4ad1398a663b7933,36,discovery_usable,normal_rate_diagnostic,0.23842164868570065,
SCAN-02R-4ad1398a663b7933,37,discovery_usable,normal_rate_diagnostic,0.319379313568168,
SCAN-02R-4ad1398a663b7933,38,discovery_usable,normal_rate_diagnostic,0.2152783868472879,
SCAN-02R-4ad1398a663b7933,39,discovery_usable,normal_rate_diagnostic,0.1908988951726442,
SCAN-02R-4ad1398a663b7933,40,discovery_usable,normal_rate_diagnostic,0.2465110731183651,
SCAN-02R-4ad1398a663b7933,41,discovery_usable,normal_rate_diagnostic,0.16765396222197385,
SCAN-02R-4ad1398a663b7933,42,discovery_usable,normal_rate_diagnostic,0.17940997519462082,
SCAN-02R-4ad1398a663b7933,43,discovery_usable,normal_rate_diagnostic,0.15813014864233974,
SCAN-02R-4ad1398a663b7933,44,discovery_usable,normal_rate_diagnostic,0.17606997725175894,
SCAN-02R-4ad1398a663b7933,45,discovery_usable,normal_rate_diagnostic,0.24453755964733717,
SCAN-02R-4ad1398a663b7933,46,discovery_usable,normal_rate_diagnostic,0.20318105336677356,
SCAN-02R-4ad1398a663b7933,47,discovery_usable,normal_rate_diagnostic,0.2432662549160056,
SCAN-02R-4ad1398a663b7933,48,discovery_usable,normal_rate_diagnostic,0.1810774105930285,
SCAN-02R-4ad1398a663b7933,49,discovery_usable,normal_rate_diagnostic,0.23160955775441666,
SCAN-02R-4ad1398a663b7933,50,discovery_usable,normal_rate_diagnostic,0.20877075777820195,
SCAN-02R-4ad1398a663b7933,51,discovery_usable,normal_rate_diagnostic,0.1684332102166773,
SCAN-02R-4ad1398a663b7933,52,discovery_usable,normal_rate_diagnostic,0.2207595289688787,
SCAN-02R-4ad1398a663b7933,53,discovery_usable,normal_rate_diagnostic,0.21705374584676004,
SCAN-02R-4ad1398a663b7933,54,discovery_usable,normal_rate_diagnostic,0.25334463640172666,
SCAN-02R-4ad1398a663b7933,55,discovery_usable,normal_rate_diagnostic,214.48817317580955,
SCAN-02R-4d54ea7698000638,0,discovery_usable,normal_rate_diagnostic,44.65557953018768,
SCAN-02R-4d54ea7698000638,1,discovery_usable,normal_rate_diagnostic,0.4288624423716093,
SCAN-02R-4d54ea7698000638,2,discovery_usable,normal_rate_diagnostic,0.26699447655176634,
SCAN-02R-4d54ea7698000638,3,discovery_usable,normal_rate_diagnostic,0.28805991646262424,
SCAN-02R-4d54ea7698000638,4,discovery_usable,normal_rate_diagnostic,0.2986697250446511,
SCAN-02R-4d54ea7698000638,5,discovery_usable,normal_rate_diagnostic,0.27749241323934015,
SCAN-02R-4d54ea7698000638,6,discovery_usable,normal_rate_diagnostic,0.2884375020030382,
SCAN-02R-4d54ea7698000638,7,discovery_usable,normal_rate_diagnostic,0.35238516389364877,
SCAN-02R-4d54ea7698000638,8,discovery_usable,normal_rate_diagnostic,0.3817330681293071,
SCAN-02R-4d54ea7698000638,9,discovery_usable,normal_rate_diagnostic,0.34665977549052357,
SCAN-02R-4d54ea7698000638,10,discovery_usable,normal_rate_diagnostic,0.32729367406786763,
SCAN-02R-4d54ea7698000638,11,discovery_usable,normal_rate_diagnostic,0.2731302831450602,
SCAN-02R-4d54ea7698000638,12,discovery_usable,normal_rate_diagnostic,0.32952877385338963,
SCAN-02R-4d54ea7698000638,13,discovery_usable,normal_rate_diagnostic,0.31006309784041053,
SCAN-02R-4d54ea7698000638,14,discovery_usable,normal_rate_diagnostic,0.30016983293179034,
SCAN-02R-4d54ea7698000638,15,discovery_usable,normal_rate_diagnostic,0.33854802264335143,
SCAN-02R-4d54ea7698000638,16,discovery_usable,normal_rate_diagnostic,0.3452957379519254,
SCAN-02R-4d54ea7698000638,17,discovery_usable,normal_rate_diagnostic,0.361908358509567,
SCAN-02R-4d54ea7698000638,18,discovery_usable,normal_rate_diagnostic,0.361869711505147,
SCAN-02R-4d54ea7698000638,19,discovery_usable,normal_rate_diagnostic,0.30180345969819655,
SCAN-02R-4eb3495e2e32dd73,0,discovery_usable,normal_rate_diagnostic,0.29941374788164776,
SCAN-02R-4eb3495e2e32dd73,1,discovery_usable,normal_rate_diagnostic,0.378428303871514,
SCAN-02R-4eb3495e2e32dd73,2,discovery_usable,normal_rate_diagnostic,0.2965558145629595,
SCAN-02R-4eb3495e2e32dd73,3,discovery_usable,normal_rate_diagnostic,0.3552135973084193,
SCAN-02R-4eb3495e2e32dd73,4,discovery_usable,normal_rate_diagnostic,0.3476633859885334,
SCAN-02R-4eb3495e2e32dd73,5,discovery_usable,normal_rate_diagnostic,0.30246243876779433,
SCAN-02R-4eb3495e2e32dd73,6,discovery_usable,normal_rate_diagnostic,0.4265286858021886,
SCAN-02R-4eb3495e2e32dd73,7,discovery_usable,normal_rate_diagnostic,0.329026082794927,
SCAN-02R-4eb3495e2e32dd73,8,discovery_usable,normal_rate_diagnostic,0.4727069836644865,
SCAN-02R-4eb3495e2e32dd73,9,discovery_usable,normal_rate_diagnostic,0.3224867662442877,
SCAN-02R-4eb3495e2e32dd73,10,discovery_usable,normal_rate_diagnostic,0.3770235561175999,
SCAN-02R-4eb3495e2e32dd73,11,discovery_usable,normal_rate_diagnostic,0.38513837471605866,
SCAN-02R-4eb3495e2e32dd73,12,discovery_usable,normal_rate_diagnostic,0.38631651148306123,
SCAN-02R-4eb3495e2e32dd73,13,discovery_usable,normal_rate_diagnostic,0.35405586385782345,
SCAN-02R-4eb3495e2e32dd73,14,discovery_usable,normal_rate_diagnostic,0.37562143251703184,
SCAN-02R-4eb3495e2e32dd73,15,discovery_usable,normal_rate_diagnostic,0.2314496705458596,
SCAN-02R-4eb3495e2e32dd73,16,discovery_usable,normal_rate_diagnostic,0.395868307809602,
SCAN-02R-4eb3495e2e32dd73,17,discovery_usable,normal_rate_diagnostic,0.38757922575349957,
SCAN-02R-4eb3495e2e32dd73,18,discovery_usable,normal_rate_diagnostic,0.2978453242203115,
SCAN-02R-4eb3495e2e32dd73,19,discovery_usable,normal_rate_diagnostic,0.3176519170293193,
SCAN-02R-4eb3495e2e32dd73,20,discovery_usable,normal_rate_diagnostic,0.3321812444142142,
SCAN-02R-4eb3495e2e32dd73,21,discovery_usable,normal_rate_diagnostic,0.29307871477270975,
SCAN-02R-4eb3495e2e32dd73,22,discovery_usable,normal_rate_diagnostic,0.30495741753133254,
SCAN-02R-4eb3495e2e32dd73,23,discovery_usable,normal_rate_diagnostic,0.2675885211756538,
SCAN-02R-4eb3495e2e32dd73,24,discovery_usable,normal_rate_diagnostic,0.2604368299910607,
SCAN-02R-4eb3495e2e32dd73,25,discovery_usable,normal_rate_diagnostic,0.29967871653878053,
SCAN-02R-4eb3495e2e32dd73,26,discovery_usable,normal_rate_diagnostic,0.22575988725688054,
SCAN-02R-4eb3495e2e32dd73,27,discovery_usable,normal_rate_diagnostic,0.23640502259356574,
SCAN-02R-4eb3495e2e32dd73,28,discovery_usable,normal_rate_diagnostic,0.2202701981096812,
SCAN-02R-4eb3495e2e32dd73,29,discovery_usable,normal_rate_diagnostic,0.3282713885223192,
SCAN-02R-4eb3495e2e32dd73,30,discovery_usable,normal_rate_diagnostic,0.24421750782460044,
SCAN-02R-4eb3495e2e32dd73,31,discovery_usable,normal_rate_diagnostic,0.1874016141525699,
SCAN-02R-4eb3495e2e32dd73,32,discovery_usable,normal_rate_diagnostic,0.19461760681161622,
SCAN-02R-4eb3495e2e32dd73,33,discovery_usable,normal_rate_diagnostic,0.2626787260081789,
SCAN-02R-4eb3495e2e32dd73,34,discovery_usable,normal_rate_diagnostic,0.2878813693752974,
SCAN-02R-4eb3495e2e32dd73,35,discovery_usable,normal_rate_diagnostic,0.24267917812651674,
SCAN-02R-4eb3495e2e32dd73,36,discovery_usable,normal_rate_diagnostic,0.3512011646283782,
SCAN-02R-4eb3495e2e32dd73,37,discovery_usable,normal_rate_diagnostic,0.3925059014091514,
SCAN-02R-4eb3495e2e32dd73,38,discovery_usable,normal_rate_diagnostic,0.37053346078252375,
SCAN-02R-4eb3495e2e32dd73,39,discovery_usable,normal_rate_diagnostic,0.4036076312889054,
SCAN-02R-4eb3495e2e32dd73,40,discovery_usable,normal_rate_diagnostic,0.4835300685914819,
SCAN-02R-4eb3495e2e32dd73,41,discovery_usable,normal_rate_diagnostic,0.379645247946792,
SCAN-02R-4eb3495e2e32dd73,42,discovery_usable,normal_rate_diagnostic,0.33328704346618526,
SCAN-02R-4eb3495e2e32dd73,43,discovery_usable,normal_rate_diagnostic,0.16629064008413408,
SCAN-02R-4eb3495e2e32dd73,44,discovery_usable,normal_rate_diagnostic,0.271496382967543,
SCAN-02R-4eb3495e2e32dd73,45,discovery_usable,normal_rate_diagnostic,0.18525699022015424,
SCAN-02R-4eb3495e2e32dd73,46,discovery_usable,normal_rate_diagnostic,0.15804873881378015,
SCAN-02R-4eb3495e2e32dd73,47,discovery_usable,normal_rate_diagnostic,0.18616064817752956,
SCAN-02R-4eb3495e2e32dd73,48,discovery_usable,normal_rate_diagnostic,0.16281477523211543,
SCAN-02R-4eb3495e2e32dd73,49,discovery_usable,normal_rate_diagnostic,0.1647161528895331,
SCAN-02R-4eb3495e2e32dd73,50,discovery_usable,normal_rate_diagnostic,0.21109121982308932,
SCAN-02R-4f5e09d1864ac832,0,discovery_usable,normal_rate_diagnostic,215.70404081485563,
SCAN-02R-4f5e09d1864ac832,1,discovery_usable,normal_rate_diagnostic,0.279283075445628,
SCAN-02R-4f5e09d1864ac832,2,discovery_usable,normal_rate_diagnostic,0.19049753473778575,
SCAN-02R-4f5e09d1864ac832,3,discovery_usable,normal_rate_diagnostic,0.16813153683819948,
SCAN-02R-4f5e09d1864ac832,4,discovery_usable,normal_rate_diagnostic,0.2336098715145707,
SCAN-02R-4f5e09d1864ac832,5,discovery_usable,normal_rate_diagnostic,0.29033596018249685,
SCAN-02R-4f5e09d1864ac832,6,discovery_usable,normal_rate_diagnostic,0.24386017827462506,
SCAN-02R-4f5e09d1864ac832,7,discovery_usable,normal_rate_diagnostic,0.22899015342340281,
SCAN-02R-4f5e09d1864ac832,8,discovery_usable,normal_rate_diagnostic,0.30934351925327164,
SCAN-02R-4f5e09d1864ac832,9,discovery_usable,normal_rate_diagnostic,0.2655941721050235,
SCAN-02R-4f5e09d1864ac832,10,discovery_usable,normal_rate_diagnostic,0.26961977036286877,
SCAN-02R-4f5e09d1864ac832,11,discovery_usable,normal_rate_diagnostic,0.2800512493786363,
SCAN-02R-4f5e09d1864ac832,12,discovery_usable,normal_rate_diagnostic,0.28382355137953186,
SCAN-02R-4f5e09d1864ac832,13,discovery_usable,normal_rate_diagnostic,0.3010118629547016,
SCAN-02R-4f5e09d1864ac832,14,discovery_usable,normal_rate_diagnostic,0.19707540104844112,
SCAN-02R-4f5e09d1864ac832,15,discovery_usable,normal_rate_diagnostic,0.18118653547711142,
SCAN-02R-4f5e09d1864ac832,16,discovery_usable,normal_rate_diagnostic,0.2598773064110944,
SCAN-02R-4f5e09d1864ac832,17,discovery_usable,normal_rate_diagnostic,0.2747684094834354,
SCAN-02R-4f5e09d1864ac832,18,discovery_usable,normal_rate_diagnostic,0.192146584786602,
SCAN-02R-4f5e09d1864ac832,19,discovery_usable,normal_rate_diagnostic,0.19904458598726116,
SCAN-02R-4fb9fc6716a3e65a,0,discovery_usable,normal_rate_diagnostic,3.0,
SCAN-02R-4fb9fc6716a3e65a,1,discovery_usable,normal_rate_diagnostic,4.0,
SCAN-02R-4fb9fc6716a3e65a,2,discovery_usable,normal_rate_diagnostic,1.9980019980019983,
SCAN-02R-4fb9fc6716a3e65a,3,discovery_usable,normal_rate_diagnostic,7.992007992007993,
SCAN-02R-4fb9fc6716a3e65a,4,discovery_usable,normal_rate_diagnostic,21.0,
SCAN-02R-4fb9fc6716a3e65a,5,discovery_usable,normal_rate_diagnostic,46.95304695304696,
SCAN-02R-4fb9fc6716a3e65a,6,discovery_usable,normal_rate_diagnostic,116.8831168831169,
SCAN-02R-4fb9fc6716a3e65a,7,discovery_usable,normal_rate_diagnostic,211.7882117882118,
SCAN-02R-4fb9fc6716a3e65a,8,discovery_usable,normal_rate_diagnostic,267.73226773226776,
SCAN-02R-4fb9fc6716a3e65a,9,discovery_usable,normal_rate_diagnostic,206.79320679320682,
SCAN-02R-4fb9fc6716a3e65a,10,discovery_usable,normal_rate_diagnostic,90.0,
SCAN-02R-4fb9fc6716a3e65a,11,discovery_usable,normal_rate_diagnostic,30.96903096903097,
SCAN-02R-4fb9fc6716a3e65a,12,discovery_usable,normal_rate_diagnostic,11.988011988011989,
SCAN-02R-4fb9fc6716a3e65a,13,discovery_usable,normal_rate_diagnostic,5.0,
SCAN-02R-4fb9fc6716a3e65a,14,discovery_usable,normal_rate_diagnostic,5.994005994005994,
SCAN-02R-4fb9fc6716a3e65a,15,discovery_usable,normal_rate_diagnostic,2.0,
SCAN-02R-4fb9fc6716a3e65a,16,discovery_usable,normal_rate_diagnostic,6.993006993006993,
SCAN-02R-51f6ed2eb7632349,0,discovery_usable,normal_rate_diagnostic,0.3057941340707847,
SCAN-02R-51f6ed2eb7632349,1,discovery_usable,normal_rate_diagnostic,0.2400638287356403,
SCAN-02R-51f6ed2eb7632349,2,discovery_usable,normal_rate_diagnostic,0.27208827753004305,
SCAN-02R-51f6ed2eb7632349,3,discovery_usable,normal_rate_diagnostic,0.3821705728658893,
SCAN-02R-51f6ed2eb7632349,4,discovery_usable,normal_rate_diagnostic,0.2940568721885779,
SCAN-02R-51f6ed2eb7632349,5,discovery_usable,normal_rate_diagnostic,0.2943258744262634,
SCAN-02R-51f6ed2eb7632349,6,discovery_usable,normal_rate_diagnostic,0.3490678302261008,
SCAN-02R-51f6ed2eb7632349,7,discovery_usable,normal_rate_diagnostic,0.3982635708311761,
SCAN-02R-51f6ed2eb7632349,8,discovery_usable,normal_rate_diagnostic,0.3653748979671163,
SCAN-02R-51f6ed2eb7632349,9,discovery_usable,normal_rate_diagnostic,0.32674884895291845,
SCAN-02R-51f6ed2eb7632349,10,discovery_usable,normal_rate_diagnostic,0.3573303774575579,
SCAN-02R-51f6ed2eb7632349,11,discovery_usable,normal_rate_diagnostic,0.37732498779242685,
SCAN-02R-51f6ed2eb7632349,12,discovery_usable,normal_rate_diagnostic,0.42090440878236185,
SCAN-02R-51f6ed2eb7632349,13,discovery_usable,normal_rate_diagnostic,0.2926520604286957,
SCAN-02R-51f6ed2eb7632349,14,discovery_usable,normal_rate_diagnostic,0.4166332825895361,
SCAN-02R-51f6ed2eb7632349,15,discovery_usable,normal_rate_diagnostic,0.4222535592788228,
SCAN-02R-51f6ed2eb7632349,16,discovery_usable,normal_rate_diagnostic,0.3959781047400909,
SCAN-02R-51f6ed2eb7632349,17,discovery_usable,normal_rate_diagnostic,0.2177030080550113,
SCAN-02R-51f6ed2eb7632349,18,discovery_usable,normal_rate_diagnostic,0.3053923564655925,
SCAN-02R-51f6ed2eb7632349,19,discovery_usable,normal_rate_diagnostic,0.23046784973496195,
SCAN-02R-51f6ed2eb7632349,20,discovery_usable,normal_rate_diagnostic,0.25279301167763274,
SCAN-02R-51f6ed2eb7632349,21,discovery_usable,normal_rate_diagnostic,0.21368699680158817,
SCAN-02R-51f6ed2eb7632349,22,discovery_usable,normal_rate_diagnostic,0.23202489490637113,
SCAN-02R-51f6ed2eb7632349,23,discovery_usable,normal_rate_diagnostic,0.275585787839273,
SCAN-02R-51f6ed2eb7632349,24,discovery_usable,normal_rate_diagnostic,0.22408077452860656,
SCAN-02R-51f6ed2eb7632349,25,discovery_usable,normal_rate_diagnostic,0.27104293449150413,
SCAN-02R-51f6ed2eb7632349,26,discovery_usable,normal_rate_diagnostic,0.19531865293135495,
SCAN-02R-51f6ed2eb7632349,27,discovery_usable,normal_rate_diagnostic,0.22088193247148474,
SCAN-02R-51f6ed2eb7632349,28,discovery_usable,normal_rate_diagnostic,0.20462451401677922,
SCAN-02R-51f6ed2eb7632349,29,discovery_usable,normal_rate_diagnostic,0.19480634478361739,
SCAN-02R-51f6ed2eb7632349,30,discovery_usable,normal_rate_diagnostic,0.2096863441768355,
SCAN-02R-51f6ed2eb7632349,31,discovery_usable,normal_rate_diagnostic,0.21632083795861443,
SCAN-02R-51f6ed2eb7632349,32,discovery_usable,normal_rate_diagnostic,0.305633661935828,
SCAN-02R-51f6ed2eb7632349,33,discovery_usable,normal_rate_diagnostic,0.3724213867029373,
SCAN-02R-51f6ed2eb7632349,34,discovery_usable,normal_rate_diagnostic,0.34438855377679445,
SCAN-02R-51f6ed2eb7632349,35,discovery_usable,normal_rate_diagnostic,0.327090105775908,
SCAN-02R-51f6ed2eb7632349,36,discovery_usable,normal_rate_diagnostic,0.2942368172258774,
SCAN-02R-51f6ed2eb7632349,37,discovery_usable,normal_rate_diagnostic,0.3038888421367593,
SCAN-02R-51f6ed2eb7632349,38,discovery_usable,normal_rate_diagnostic,0.212630236019562,
SCAN-02R-51f6ed2eb7632349,39,discovery_usable,normal_rate_diagnostic,0.18095553348780757,
SCAN-02R-51f6ed2eb7632349,40,discovery_usable,normal_rate_diagnostic,0.2212542949363135,
SCAN-02R-51f6ed2eb7632349,41,discovery_usable,normal_rate_diagnostic,0.18876747707976713,
SCAN-02R-51f6ed2eb7632349,42,discovery_usable,normal_rate_diagnostic,0.23394797847678597,
SCAN-02R-51f6ed2eb7632349,43,discovery_usable,normal_rate_diagnostic,0.23153897642933222,
SCAN-02R-51f6ed2eb7632349,44,discovery_usable,normal_rate_diagnostic,0.14502061364436802,
SCAN-02R-51f6ed2eb7632349,45,discovery_usable,normal_rate_diagnostic,0.16695918458763118,
SCAN-02R-5215f80c458dc1c4,0,discovery_usable,normal_rate_diagnostic,0.3106239359636809,
SCAN-02R-5215f80c458dc1c4,1,discovery_usable,normal_rate_diagnostic,0.337673057441939,
SCAN-02R-5215f80c458dc1c4,2,discovery_usable,normal_rate_diagnostic,0.32822903688222604,
SCAN-02R-5215f80c458dc1c4,3,discovery_usable,normal_rate_diagnostic,0.33439457166145337,
SCAN-02R-5215f80c458dc1c4,4,discovery_usable,normal_rate_diagnostic,0.31729315186865414,
SCAN-02R-5215f80c458dc1c4,5,discovery_usable,normal_rate_diagnostic,0.38162355380574087,
SCAN-02R-5215f80c458dc1c4,6,discovery_usable,normal_rate_diagnostic,0.2540327702273593,
SCAN-02R-5215f80c458dc1c4,7,discovery_usable,normal_rate_diagnostic,0.35145655532788245,
SCAN-02R-5215f80c458dc1c4,8,discovery_usable,normal_rate_diagnostic,0.4023446984149006,
SCAN-02R-5215f80c458dc1c4,9,discovery_usable,normal_rate_diagnostic,0.5917937927406628,
SCAN-02R-5215f80c458dc1c4,10,discovery_usable,normal_rate_diagnostic,0.3874496695282231,
SCAN-02R-5215f80c458dc1c4,11,discovery_usable,normal_rate_diagnostic,0.4125348319504336,
SCAN-02R-5215f80c458dc1c4,12,discovery_usable,normal_rate_diagnostic,0.3230228637158659,
SCAN-02R-5215f80c458dc1c4,13,discovery_usable,normal_rate_diagnostic,0.33070084958623025,
SCAN-02R-5215f80c458dc1c4,14,discovery_usable,normal_rate_diagnostic,0.4091073592119963,
SCAN-02R-5215f80c458dc1c4,15,discovery_usable,normal_rate_diagnostic,0.3534290471552889,
SCAN-02R-5215f80c458dc1c4,16,discovery_usable,normal_rate_diagnostic,0.35498197480416827,
SCAN-02R-5215f80c458dc1c4,17,discovery_usable,normal_rate_diagnostic,0.38999126419568203,
SCAN-02R-5215f80c458dc1c4,18,discovery_usable,normal_rate_diagnostic,0.39547335118033583,
SCAN-02R-5215f80c458dc1c4,19,discovery_usable,normal_rate_diagnostic,0.3615782521750039,
SCAN-02R-5e52d7e5fbefbc05,0,discovery_usable,normal_rate_diagnostic,9.70031065359079,
SCAN-02R-5e52d7e5fbefbc05,1,discovery_usable,normal_rate_diagnostic,0.31528297859956156,
SCAN-02R-5e52d7e5fbefbc05,2,discovery_usable,normal_rate_diagnostic,0.27823996527565237,
SCAN-02R-5e52d7e5fbefbc05,3,discovery_usable,normal_rate_diagnostic,0.31044831035632564,
SCAN-02R-5e52d7e5fbefbc05,4,discovery_usable,normal_rate_diagnostic,0.37113081163914113,
SCAN-02R-5e52d7e5fbefbc05,5,discovery_usable,normal_rate_diagnostic,0.24824015461815344,
SCAN-02R-5e52d7e5fbefbc05,6,discovery_usable,normal_rate_diagnostic,0.32057241410262166,
SCAN-02R-5e52d7e5fbefbc05,7,discovery_usable,normal_rate_diagnostic,0.3737515659498481,
SCAN-02R-5e52d7e5fbefbc05,8,discovery_usable,normal_rate_diagnostic,0.3278951806100189,
SCAN-02R-5e52d7e5fbefbc05,9,discovery_usable,normal_rate_diagnostic,0.2522243030727226,
SCAN-02R-5e52d7e5fbefbc05,10,discovery_usable,normal_rate_diagnostic,0.2952039203080617,
SCAN-02R-5e52d7e5fbefbc05,11,discovery_usable,normal_rate_diagnostic,0.23693875133278045,
SCAN-02R-5e52d7e5fbefbc05,12,discovery_usable,normal_rate_diagnostic,0.37200720205943183,
SCAN-02R-5e52d7e5fbefbc05,13,discovery_usable,normal_rate_diagnostic,0.35644270183567994,
SCAN-02R-5e52d7e5fbefbc05,14,discovery_usable,normal_rate_diagnostic,0.3696566911793622,
SCAN-02R-5e52d7e5fbefbc05,15,discovery_usable,normal_rate_diagnostic,0.3856840381905909,
SCAN-02R-5e52d7e5fbefbc05,16,discovery_usable,normal_rate_diagnostic,0.2596503375454388,
SCAN-02R-5e52d7e5fbefbc05,17,discovery_usable,normal_rate_diagnostic,0.26782197715636075,
SCAN-02R-5e52d7e5fbefbc05,18,discovery_usable,normal_rate_diagnostic,0.3632372944231483,
SCAN-02R-5e52d7e5fbefbc05,19,discovery_usable,normal_rate_diagnostic,0.3021726953804428,
SCAN-02R-68a1fdbd8955d9a4,0,discovery_usable,normal_rate_diagnostic,0.3004879924998197,
SCAN-02R-68a1fdbd8955d9a4,1,discovery_usable,normal_rate_diagnostic,0.3433843442654814,
SCAN-02R-68a1fdbd8955d9a4,2,discovery_usable,normal_rate_diagnostic,0.30746439702039047,
SCAN-02R-68a1fdbd8955d9a4,3,discovery_usable,normal_rate_diagnostic,0.3453108813552436,
SCAN-02R-68a1fdbd8955d9a4,4,discovery_usable,normal_rate_diagnostic,0.2540827928780593,
SCAN-02R-68a1fdbd8955d9a4,5,discovery_usable,normal_rate_diagnostic,0.3310227942296107,
SCAN-02R-68a1fdbd8955d9a4,6,discovery_usable,normal_rate_diagnostic,0.3532420555861699,
SCAN-02R-68a1fdbd8955d9a4,7,discovery_usable,normal_rate_diagnostic,0.2854738866518421,
SCAN-02R-68a1fdbd8955d9a4,8,discovery_usable,normal_rate_diagnostic,0.28182245185533117,
SCAN-02R-68a1fdbd8955d9a4,9,discovery_usable,normal_rate_diagnostic,0.2779962033661369,
SCAN-02R-68a1fdbd8955d9a4,10,discovery_usable,normal_rate_diagnostic,0.2540872313226034,
SCAN-02R-68a1fdbd8955d9a4,11,discovery_usable,normal_rate_diagnostic,0.34974206522689516,
SCAN-02R-68a1fdbd8955d9a4,12,discovery_usable,normal_rate_diagnostic,0.40476832965602627,
SCAN-02R-68a1fdbd8955d9a4,13,discovery_usable,normal_rate_diagnostic,0.41137570244341637,
SCAN-02R-68a1fdbd8955d9a4,14,discovery_usable,normal_rate_diagnostic,0.33400133600534404,
SCAN-02R-68a1fdbd8955d9a4,15,discovery_usable,normal_rate_diagnostic,0.3355508870214753,
SCAN-02R-68a1fdbd8955d9a4,16,discovery_usable,normal_rate_diagnostic,0.3333407409053534,
SCAN-02R-68a1fdbd8955d9a4,17,discovery_usable,normal_rate_diagnostic,0.2674409719569038,
SCAN-02R-68a1fdbd8955d9a4,18,discovery_usable,normal_rate_diagnostic,0.21324992891669037,
SCAN-02R-68a1fdbd8955d9a4,19,discovery_usable,normal_rate_diagnostic,0.36049893051983944,
SCAN-02R-68a1fdbd8955d9a4,20,discovery_usable,normal_rate_diagnostic,0.1990953109072375,
SCAN-02R-68a1fdbd8955d9a4,21,discovery_usable,normal_rate_diagnostic,0.17866159164174464,
SCAN-02R-68a1fdbd8955d9a4,22,discovery_usable,normal_rate_diagnostic,0.25504080652904465,
SCAN-02R-68a1fdbd8955d9a4,23,discovery_usable,normal_rate_diagnostic,0.269492698204596,
SCAN-02R-68a1fdbd8955d9a4,24,discovery_usable,normal_rate_diagnostic,0.2800999741446178,
SCAN-02R-68a1fdbd8955d9a4,25,discovery_usable,normal_rate_diagnostic,0.2532518237648697,
SCAN-02R-68a1fdbd8955d9a4,26,discovery_usable,normal_rate_diagnostic,0.17315297719228984,
SCAN-02R-68a1fdbd8955d9a4,27,discovery_usable,normal_rate_diagnostic,0.2046496398166339,
SCAN-02R-68a1fdbd8955d9a4,28,discovery_usable,normal_rate_diagnostic,0.208633384033489,
SCAN-02R-68a1fdbd8955d9a4,29,discovery_usable,normal_rate_diagnostic,0.23192477685523255,
SCAN-02R-68a1fdbd8955d9a4,30,discovery_usable,normal_rate_diagnostic,0.23307155944295896,
SCAN-02R-68a1fdbd8955d9a4,31,discovery_usable,normal_rate_diagnostic,0.1636784850926672,
SCAN-02R-68a1fdbd8955d9a4,32,discovery_usable,normal_rate_diagnostic,0.2691444265694484,
SCAN-02R-68a1fdbd8955d9a4,33,discovery_usable,normal_rate_diagnostic,0.2403990624436565,
SCAN-02R-68a1fdbd8955d9a4,34,discovery_usable,normal_rate_diagnostic,0.21878732689191904,
SCAN-02R-68a1fdbd8955d9a4,35,discovery_usable,normal_rate_diagnostic,0.24427551952168525,
SCAN-02R-68a1fdbd8955d9a4,36,discovery_usable,normal_rate_diagnostic,0.23928351678402954,
SCAN-02R-68a1fdbd8955d9a4,37,discovery_usable,normal_rate_diagnostic,0.2720982663453316,
SCAN-02R-68a1fdbd8955d9a4,38,discovery_usable,normal_rate_diagnostic,0.3456414078406593,
SCAN-02R-68a1fdbd8955d9a4,39,discovery_usable,normal_rate_diagnostic,0.4540259577599299,
SCAN-02R-68a1fdbd8955d9a4,40,discovery_usable,normal_rate_diagnostic,0.396013795316009,
SCAN-02R-68a1fdbd8955d9a4,41,discovery_usable,normal_rate_diagnostic,0.24681081708898742,
SCAN-02R-68a1fdbd8955d9a4,42,discovery_usable,normal_rate_diagnostic,0.27014187105849036,
SCAN-02R-68a1fdbd8955d9a4,43,discovery_usable,normal_rate_diagnostic,0.21229216822573432,
SCAN-02R-68a1fdbd8955d9a4,44,discovery_usable,normal_rate_diagnostic,0.132154515059007,
SCAN-02R-68a1fdbd8955d9a4,45,discovery_usable,normal_rate_diagnostic,0.18159649259345734,
SCAN-02R-68a1fdbd8955d9a4,46,discovery_usable,normal_rate_diagnostic,0.16264059851740253,
SCAN-02R-68a1fdbd8955d9a4,47,discovery_usable,normal_rate_diagnostic,0.1231830500123183,
SCAN-02R-68a1fdbd8955d9a4,48,discovery_usable,normal_rate_diagnostic,0.15937257533499696,
SCAN-02R-68a1fdbd8955d9a4,49,discovery_usable,normal_rate_diagnostic,0.08281676376932218,
SCAN-02R-68a1fdbd8955d9a4,50,discovery_usable,normal_rate_diagnostic,0.1218912648656555,
SCAN-02R-6fded6b51e0642a8,0,discovery_usable,normal_rate_diagnostic,0.20741932645287808,
SCAN-02R-6fded6b51e0642a8,1,discovery_usable,normal_rate_diagnostic,0.20543504079811514,
SCAN-02R-6fded6b51e0642a8,2,discovery_usable,normal_rate_diagnostic,0.13743987005685013,
SCAN-02R-6fded6b51e0642a8,3,discovery_usable,normal_rate_diagnostic,0.27210226207680543,
SCAN-02R-6fded6b51e0642a8,4,discovery_usable,normal_rate_diagnostic,0.18145845772017935,
SCAN-02R-6fded6b51e0642a8,5,discovery_usable,normal_rate_diagnostic,0.1846647469227351,
SCAN-02R-6fded6b51e0642a8,6,discovery_usable,normal_rate_diagnostic,0.1883616071954134,
SCAN-02R-6fded6b51e0642a8,7,discovery_usable,normal_rate_diagnostic,0.3873347679065478,
SCAN-02R-6fded6b51e0642a8,8,discovery_usable,normal_rate_diagnostic,0.2954952689321304,
SCAN-02R-6fded6b51e0642a8,9,discovery_usable,normal_rate_diagnostic,0.1696971220625114,
SCAN-02R-6fded6b51e0642a8,10,discovery_usable,normal_rate_diagnostic,0.23878946310074403,
SCAN-02R-6fded6b51e0642a8,11,discovery_usable,normal_rate_diagnostic,0.2516958004555694,
SCAN-02R-6fded6b51e0642a8,12,discovery_usable,normal_rate_diagnostic,0.22195505410154445,
SCAN-02R-6fded6b51e0642a8,13,discovery_usable,normal_rate_diagnostic,0.320351199833892,
SCAN-02R-6fded6b51e0642a8,14,discovery_usable,normal_rate_diagnostic,0.16756219350082105,
SCAN-02R-6fded6b51e0642a8,15,discovery_usable,normal_rate_diagnostic,0.24053293732548292,
SCAN-02R-6fded6b51e0642a8,16,discovery_usable,normal_rate_diagnostic,0.1511913881385316,
SCAN-02R-6fded6b51e0642a8,17,discovery_usable,normal_rate_diagnostic,0.21992640511516634,
SCAN-02R-6fded6b51e0642a8,18,discovery_usable,normal_rate_diagnostic,0.23736317117196684,
SCAN-02R-6fded6b51e0642a8,19,discovery_usable,normal_rate_diagnostic,0.24060981790444208,
SCAN-02R-6fded6b51e0642a8,20,discovery_usable,normal_rate_diagnostic,0.3172018066299912,
SCAN-02R-6fded6b51e0642a8,21,discovery_usable,normal_rate_diagnostic,0.2526781500145409,
SCAN-02R-6fded6b51e0642a8,22,discovery_usable,normal_rate_diagnostic,0.24478673533011572,
SCAN-02R-6fded6b51e0642a8,23,discovery_usable,normal_rate_diagnostic,0.19618334225075798,
SCAN-02R-6fded6b51e0642a8,24,discovery_usable,normal_rate_diagnostic,0.2984623375415231,
SCAN-02R-6fded6b51e0642a8,25,discovery_usable,normal_rate_diagnostic,12.131674218993503,
SCAN-02R-708cf4d83a29d78f,0,discovery_usable,normal_rate_diagnostic,0.1453662914530941,
SCAN-02R-708cf4d83a29d78f,1,discovery_usable,normal_rate_diagnostic,0.09519457771685325,
SCAN-02R-708cf4d83a29d78f,2,discovery_usable,normal_rate_diagnostic,0.13735663401324866,
SCAN-02R-708cf4d83a29d78f,3,discovery_usable,normal_rate_diagnostic,0.16964042288933992,
SCAN-02R-708cf4d83a29d78f,4,discovery_usable,normal_rate_diagnostic,0.14060907162860456,
SCAN-02R-708cf4d83a29d78f,5,discovery_usable,normal_rate_diagnostic,0.2303935121186987,
SCAN-02R-708cf4d83a29d78f,6,discovery_usable,normal_rate_diagnostic,0.25808873559982165,
SCAN-02R-708cf4d83a29d78f,7,discovery_usable,normal_rate_diagnostic,0.2514566084023306,
SCAN-02R-708cf4d83a29d78f,8,discovery_usable,normal_rate_diagnostic,0.26902575139518003,
SCAN-02R-708cf4d83a29d78f,9,discovery_usable,normal_rate_diagnostic,0.2821599658899952,
SCAN-02R-708cf4d83a29d78f,10,discovery_usable,normal_rate_diagnostic,0.24540494962906098,
SCAN-02R-708cf4d83a29d78f,11,discovery_usable,normal_rate_diagnostic,0.30666975422609694,
SCAN-02R-708cf4d83a29d78f,12,discovery_usable,normal_rate_diagnostic,0.18538086498711603,
SCAN-02R-708cf4d83a29d78f,13,discovery_usable,normal_rate_diagnostic,0.19565990750622556,
SCAN-02R-708cf4d83a29d78f,14,discovery_usable,normal_rate_diagnostic,0.23405630726020377,
SCAN-02R-708cf4d83a29d78f,15,discovery_usable,normal_rate_diagnostic,0.21901235855451842,
SCAN-02R-708cf4d83a29d78f,16,discovery_usable,normal_rate_diagnostic,0.27604760064444567,
SCAN-02R-708cf4d83a29d78f,17,discovery_usable,normal_rate_diagnostic,0.3209551625637898,
SCAN-02R-708cf4d83a29d78f,18,discovery_usable,normal_rate_diagnostic,0.32433442727487616,
SCAN-02R-708cf4d83a29d78f,19,discovery_usable,normal_rate_diagnostic,0.23998815377623914,
SCAN-02R-708cf4d83a29d78f,20,discovery_usable,normal_rate_diagnostic,0.2541272142010052,
SCAN-02R-708cf4d83a29d78f,21,discovery_usable,normal_rate_diagnostic,0.2477712499583077,
SCAN-02R-708cf4d83a29d78f,22,discovery_usable,normal_rate_diagnostic,0.22090599069433514,
SCAN-02R-708cf4d83a29d78f,23,discovery_usable,normal_rate_diagnostic,0.21320351608131938,
SCAN-02R-708cf4d83a29d78f,24,discovery_usable,normal_rate_diagnostic,0.31682127802612614,
SCAN-02R-708cf4d83a29d78f,25,discovery_usable,normal_rate_diagnostic,12.322703550731598,
SCAN-02R-7118d0dce593edea,0,discovery_usable,normal_rate_diagnostic,9.20106923119842,
SCAN-02R-7118d0dce593edea,1,discovery_usable,normal_rate_diagnostic,0.24885210865566187,
SCAN-02R-7118d0dce593edea,2,discovery_usable,normal_rate_diagnostic,0.16678619677435494,
SCAN-02R-7118d0dce593edea,3,discovery_usable,normal_rate_diagnostic,0.2603940630153633,
SCAN-02R-7118d0dce593edea,4,discovery_usable,normal_rate_diagnostic,0.2821822897591844,
SCAN-02R-7118d0dce593edea,5,discovery_usable,normal_rate_diagnostic,0.24893019286163037,
SCAN-02R-7118d0dce593edea,6,discovery_usable,normal_rate_diagnostic,0.20573485920020573,
SCAN-02R-7118d0dce593edea,7,discovery_usable,normal_rate_diagnostic,0.34813123154904474,
SCAN-02R-7118d0dce593edea,8,discovery_usable,normal_rate_diagnostic,0.3243593902043464,
SCAN-02R-7118d0dce593edea,9,discovery_usable,normal_rate_diagnostic,0.2798448133307893,
SCAN-02R-7118d0dce593edea,10,discovery_usable,normal_rate_diagnostic,0.24431311697315858,
SCAN-02R-7118d0dce593edea,11,discovery_usable,normal_rate_diagnostic,0.2889725264656545,
SCAN-02R-7118d0dce593edea,12,discovery_usable,normal_rate_diagnostic,0.27877819803800424,
SCAN-02R-7118d0dce593edea,13,discovery_usable,normal_rate_diagnostic,0.3119248884868524,
SCAN-02R-7118d0dce593edea,14,discovery_usable,normal_rate_diagnostic,0.3251568286899352,
SCAN-02R-7118d0dce593edea,15,discovery_usable,normal_rate_diagnostic,0.2539440688188426,
SCAN-02R-7118d0dce593edea,16,discovery_usable,normal_rate_diagnostic,0.3006709710089885,
SCAN-02R-7118d0dce593edea,17,discovery_usable,normal_rate_diagnostic,0.2618881340867247,
SCAN-02R-7118d0dce593edea,18,discovery_usable,normal_rate_diagnostic,0.3102554954004623,
SCAN-02R-7118d0dce593edea,19,discovery_usable,normal_rate_diagnostic,0.21511916860150287,
SCAN-02R-7118d0dce593edea,20,discovery_usable,normal_rate_diagnostic,0.26913397052619326,
SCAN-02R-7118d0dce593edea,21,discovery_usable,normal_rate_diagnostic,0.28787599188042073,
SCAN-02R-7118d0dce593edea,22,discovery_usable,normal_rate_diagnostic,0.14496513207086506,
SCAN-02R-7118d0dce593edea,23,discovery_usable,normal_rate_diagnostic,0.3075491487197281,
SCAN-02R-7118d0dce593edea,24,discovery_usable,normal_rate_diagnostic,0.2643722361084407,
SCAN-02R-7118d0dce593edea,25,discovery_usable,normal_rate_diagnostic,0.24692538074300643,
SCAN-02R-7118d0dce593edea,26,discovery_usable,normal_rate_diagnostic,0.22414419427891266,
SCAN-02R-7118d0dce593edea,27,discovery_usable,normal_rate_diagnostic,0.21665396626174785,
SCAN-02R-7118d0dce593edea,28,discovery_usable,normal_rate_diagnostic,0.23999825455814866,
SCAN-02R-7118d0dce593edea,29,discovery_usable,normal_rate_diagnostic,0.2006708138634865,
SCAN-02R-7118d0dce593edea,30,discovery_usable,normal_rate_diagnostic,0.2249592261402621,
SCAN-02R-7118d0dce593edea,31,discovery_usable,normal_rate_diagnostic,0.22049501130036936,
SCAN-02R-7118d0dce593edea,32,discovery_usable,normal_rate_diagnostic,0.17006455650564956,
SCAN-02R-7118d0dce593edea,33,discovery_usable,normal_rate_diagnostic,0.22202337300599462,
SCAN-02R-7118d0dce593edea,34,discovery_usable,normal_rate_diagnostic,0.23087985012599443,
SCAN-02R-7118d0dce593edea,35,discovery_usable,normal_rate_diagnostic,0.2194029658118555,
SCAN-02R-7118d0dce593edea,36,discovery_usable,normal_rate_diagnostic,0.22070739874259843,
SCAN-02R-7118d0dce593edea,37,discovery_usable,normal_rate_diagnostic,0.26364517038835544,
SCAN-02R-7118d0dce593edea,38,discovery_usable,normal_rate_diagnostic,0.1745421278490993,
SCAN-02R-7118d0dce593edea,39,discovery_usable,normal_rate_diagnostic,0.17745284190726315,
SCAN-02R-7118d0dce593edea,40,discovery_usable,normal_rate_diagnostic,0.2503813949155108,
SCAN-02R-7118d0dce593edea,41,discovery_usable,normal_rate_diagnostic,0.21604043367274423,
SCAN-02R-7118d0dce593edea,42,discovery_usable,normal_rate_diagnostic,0.3325241911349051,
SCAN-02R-7118d0dce593edea,43,discovery_usable,normal_rate_diagnostic,0.3659790207908376,
SCAN-02R-7118d0dce593edea,44,discovery_usable,normal_rate_diagnostic,0.42293233082706766,
SCAN-02R-7118d0dce593edea,45,discovery_usable,normal_rate_diagnostic,0.3557952022770893,
SCAN-02R-7118d0dce593edea,46,discovery_usable,normal_rate_diagnostic,0.3237105930667955,
SCAN-02R-7118d0dce593edea,47,discovery_usable,normal_rate_diagnostic,0.2612756785002776,
SCAN-02R-7118d0dce593edea,48,discovery_usable,normal_rate_diagnostic,0.18524626457684784,
SCAN-02R-7118d0dce593edea,49,discovery_usable,normal_rate_diagnostic,0.11057543456145782,
SCAN-02R-7118d0dce593edea,50,discovery_usable,normal_rate_diagnostic,0.17786106881488134,
SCAN-02R-7118d0dce593edea,51,discovery_usable,normal_rate_diagnostic,0.15855194933193922,
SCAN-02R-7118d0dce593edea,52,discovery_usable,normal_rate_diagnostic,0.06788261398975821,
SCAN-02R-7118d0dce593edea,53,discovery_usable,normal_rate_diagnostic,0.10104284637698244,
SCAN-02R-7118d0dce593edea,54,discovery_usable,normal_rate_diagnostic,0.0953217731507576,
SCAN-02R-7118d0dce593edea,55,discovery_usable,normal_rate_diagnostic,0.10602767322271113,
SCAN-02R-731f452fb62a55bd,0,discovery_usable,normal_rate_diagnostic,1.3251339020035706,
SCAN-02R-731f452fb62a55bd,1,discovery_usable,normal_rate_diagnostic,1.1059482511696,
SCAN-02R-731f452fb62a55bd,2,discovery_usable,normal_rate_diagnostic,1.1059690956153425,
SCAN-02R-731f452fb62a55bd,3,discovery_usable,normal_rate_diagnostic,1.0197869101978692,
SCAN-02R-731f452fb62a55bd,4,discovery_usable,normal_rate_diagnostic,1.094525901331061,
SCAN-02R-731f452fb62a55bd,5,discovery_usable,normal_rate_diagnostic,1.0790142589199718,
SCAN-02R-731f452fb62a55bd,6,discovery_usable,normal_rate_diagnostic,1.1284933507401589,
SCAN-02R-731f452fb62a55bd,7,discovery_usable,normal_rate_diagnostic,1.6710818137013308,
SCAN-02R-731f452fb62a55bd,8,discovery_usable,normal_rate_diagnostic,1.2133914290441785,
SCAN-02R-731f452fb62a55bd,9,discovery_usable,normal_rate_diagnostic,1.0089067549460078,
SCAN-02R-731f452fb62a55bd,10,discovery_usable,normal_rate_diagnostic,0.8512315270935961,
SCAN-02R-731f452fb62a55bd,11,discovery_usable,normal_rate_diagnostic,1.0201418708927428,
SCAN-02R-731f452fb62a55bd,12,discovery_usable,normal_rate_diagnostic,1.037191841789543,
SCAN-02R-731f452fb62a55bd,13,discovery_usable,normal_rate_diagnostic,1.1135358125074735,
SCAN-02R-731f452fb62a55bd,14,discovery_usable,normal_rate_diagnostic,0.8404597314731158,
SCAN-02R-731f452fb62a55bd,15,discovery_usable,normal_rate_diagnostic,0.9594532430833936,
SCAN-02R-731f452fb62a55bd,16,discovery_usable,normal_rate_diagnostic,0.9976636989328787,
SCAN-02R-731f452fb62a55bd,17,discovery_usable,normal_rate_diagnostic,1.0555473382726674,
SCAN-02R-731f452fb62a55bd,18,discovery_usable,normal_rate_diagnostic,1.1749906691917447,
SCAN-02R-731f452fb62a55bd,19,discovery_usable,normal_rate_diagnostic,1.371144457116496,
SCAN-02R-731f452fb62a55bd,20,discovery_usable,normal_rate_diagnostic,1.2845557331439057,
SCAN-02R-731f452fb62a55bd,21,discovery_usable,normal_rate_diagnostic,1.9736685190927088,
SCAN-02R-731f452fb62a55bd,22,discovery_usable,normal_rate_diagnostic,2.211446539431704,
SCAN-02R-731f452fb62a55bd,23,discovery_usable,normal_rate_diagnostic,2.5294969296566876,
SCAN-02R-731f452fb62a55bd,24,discovery_usable,normal_rate_diagnostic,2.814694446056526,
SCAN-02R-75faa4a614a8f130,0,discovery_usable,normal_rate_diagnostic,0.10120854914568078,
SCAN-02R-75faa4a614a8f130,1,discovery_usable,normal_rate_diagnostic,0.1502069852256409,
SCAN-02R-75faa4a614a8f130,2,discovery_usable,normal_rate_diagnostic,0.11256124220217184,
SCAN-02R-75faa4a614a8f130,3,discovery_usable,normal_rate_diagnostic,0.17192568225841576,
SCAN-02R-75faa4a614a8f130,4,discovery_usable,normal_rate_diagnostic,0.12783530366442677,
SCAN-02R-75faa4a614a8f130,5,discovery_usable,normal_rate_diagnostic,0.16928512529829678,
SCAN-02R-75faa4a614a8f130,6,discovery_usable,normal_rate_diagnostic,0.2395022808414885,
SCAN-02R-75faa4a614a8f130,7,discovery_usable,normal_rate_diagnostic,0.2328356471375768,
SCAN-02R-75faa4a614a8f130,8,discovery_usable,normal_rate_diagnostic,0.2325803296677083,
SCAN-02R-75faa4a614a8f130,9,discovery_usable,normal_rate_diagnostic,0.2256612468377733,
SCAN-02R-75faa4a614a8f130,10,discovery_usable,normal_rate_diagnostic,0.15496114051399418,
SCAN-02R-75faa4a614a8f130,11,discovery_usable,normal_rate_diagnostic,0.13717257502743452,
SCAN-02R-75faa4a614a8f130,12,discovery_usable,normal_rate_diagnostic,0.17555460626027725,
SCAN-02R-75faa4a614a8f130,13,discovery_usable,normal_rate_diagnostic,0.24241604230441818,
SCAN-02R-75faa4a614a8f130,14,discovery_usable,normal_rate_diagnostic,0.18464590191609692,
SCAN-02R-75faa4a614a8f130,15,discovery_usable,normal_rate_diagnostic,0.2035759859780833,
SCAN-02R-75faa4a614a8f130,16,discovery_usable,normal_rate_diagnostic,0.21415823914336704,
SCAN-02R-75faa4a614a8f130,17,discovery_usable,normal_rate_diagnostic,0.20729370484409995,
SCAN-02R-75faa4a614a8f130,18,discovery_usable,normal_rate_diagnostic,0.3185678027177489,
SCAN-02R-75faa4a614a8f130,19,discovery_usable,normal_rate_diagnostic,0.21767522855899,
SCAN-02R-75faa4a614a8f130,20,discovery_usable,normal_rate_diagnostic,0.2543484663233706,
SCAN-02R-75faa4a614a8f130,21,discovery_usable,normal_rate_diagnostic,0.22070183182520414,
SCAN-02R-75faa4a614a8f130,22,discovery_usable,normal_rate_diagnostic,0.277791040370851,
SCAN-02R-75faa4a614a8f130,23,discovery_usable,normal_rate_diagnostic,0.20481182391198943,
SCAN-02R-75faa4a614a8f130,24,discovery_usable,normal_rate_diagnostic,0.25242178582926045,
SCAN-02R-75faa4a614a8f130,25,discovery_usable,normal_rate_diagnostic,12.919006311835732,
SCAN-02R-762111064d108c6d,0,discovery_usable,normal_rate_diagnostic,0.18607307912000415,
SCAN-02R-762111064d108c6d,1,discovery_usable,normal_rate_diagnostic,0.1816747755651858,
SCAN-02R-762111064d108c6d,2,discovery_usable,normal_rate_diagnostic,0.2685801510315716,
SCAN-02R-762111064d108c6d,3,discovery_usable,normal_rate_diagnostic,0.442632498543972,
SCAN-02R-762111064d108c6d,4,discovery_usable,normal_rate_diagnostic,0.44788778028722,
SCAN-02R-762111064d108c6d,5,discovery_usable,normal_rate_diagnostic,0.454459193559664,
SCAN-02R-762111064d108c6d,6,discovery_usable,normal_rate_diagnostic,0.5447322846380357,
SCAN-02R-762111064d108c6d,7,discovery_usable,normal_rate_diagnostic,0.4461621987733227,
SCAN-02R-762111064d108c6d,8,discovery_usable,normal_rate_diagnostic,0.39605267500577573,
SCAN-02R-762111064d108c6d,9,discovery_usable,normal_rate_diagnostic,0.32360438512328193,
SCAN-02R-762111064d108c6d,10,discovery_usable,normal_rate_diagnostic,0.25860285497551894,
SCAN-02R-762111064d108c6d,11,discovery_usable,normal_rate_diagnostic,0.22138716537038655,
SCAN-02R-762111064d108c6d,12,discovery_usable,normal_rate_diagnostic,0.27922340248568234,
SCAN-02R-762111064d108c6d,13,discovery_usable,normal_rate_diagnostic,0.22628170237228842,
SCAN-02R-762111064d108c6d,14,discovery_usable,normal_rate_diagnostic,0.30433081380543947,
SCAN-02R-762111064d108c6d,15,discovery_usable,normal_rate_diagnostic,0.26108496723702057,
SCAN-02R-762111064d108c6d,16,discovery_usable,normal_rate_diagnostic,0.22183944044263493,
SCAN-02R-762111064d108c6d,17,discovery_usable,normal_rate_diagnostic,0.21840708433160816,
SCAN-02R-762111064d108c6d,18,discovery_usable,normal_rate_diagnostic,0.24784309522533624,
SCAN-02R-762111064d108c6d,19,discovery_usable,normal_rate_diagnostic,0.2648359035997311,
SCAN-02R-762111064d108c6d,20,discovery_usable,normal_rate_diagnostic,0.2695045262939672,
SCAN-02R-762111064d108c6d,21,discovery_usable,normal_rate_diagnostic,0.26988061333920443,
SCAN-02R-762111064d108c6d,22,discovery_usable,normal_rate_diagnostic,0.255217372281935,
SCAN-02R-762111064d108c6d,23,discovery_usable,normal_rate_diagnostic,0.25440723115141717,
SCAN-02R-762111064d108c6d,24,discovery_usable,normal_rate_diagnostic,0.2936766774348115,
SCAN-02R-762111064d108c6d,25,discovery_usable,normal_rate_diagnostic,0.18301756172864064,
SCAN-02R-762111064d108c6d,26,discovery_usable,normal_rate_diagnostic,0.3682120901639344,
SCAN-02R-762111064d108c6d,27,discovery_usable,normal_rate_diagnostic,0.29175439011504584,
SCAN-02R-762111064d108c6d,28,discovery_usable,normal_rate_diagnostic,0.29724930070196565,
SCAN-02R-762111064d108c6d,29,discovery_usable,normal_rate_diagnostic,0.2805421846853498,
SCAN-02R-762111064d108c6d,30,discovery_usable,normal_rate_diagnostic,0.25407057354617185,
SCAN-02R-774f62fc1777bc6b,0,discovery_usable,normal_rate_diagnostic,1.1171613165316439,
SCAN-02R-774f62fc1777bc6b,1,discovery_usable,normal_rate_diagnostic,1.1390326863103981,
SCAN-02R-774f62fc1777bc6b,2,discovery_usable,normal_rate_diagnostic,1.1111454057223988,
SCAN-02R-774f62fc1777bc6b,3,discovery_usable,normal_rate_diagnostic,1.1736124088955335,
SCAN-02R-774f62fc1777bc6b,4,discovery_usable,normal_rate_diagnostic,1.0358865885284616,
SCAN-02R-774f62fc1777bc6b,5,discovery_usable,normal_rate_diagnostic,0.903335941389857,
SCAN-02R-774f62fc1777bc6b,6,discovery_usable,normal_rate_diagnostic,1.0895145123333043,
SCAN-02R-774f62fc1777bc6b,7,discovery_usable,normal_rate_diagnostic,1.2375110085335115,
SCAN-02R-774f62fc1777bc6b,8,discovery_usable,normal_rate_diagnostic,1.197418552212114,
SCAN-02R-774f62fc1777bc6b,9,discovery_usable,normal_rate_diagnostic,1.1822813362890368,
SCAN-02R-774f62fc1777bc6b,10,discovery_usable,normal_rate_diagnostic,1.0753190892514843,
SCAN-02R-774f62fc1777bc6b,11,discovery_usable,normal_rate_diagnostic,0.9936268155036834,
SCAN-02R-774f62fc1777bc6b,12,discovery_usable,normal_rate_diagnostic,0.8555692208972782,
SCAN-02R-774f62fc1777bc6b,13,discovery_usable,normal_rate_diagnostic,0.9646041809332362,
SCAN-02R-774f62fc1777bc6b,14,discovery_usable,normal_rate_diagnostic,0.9896330745062216,
SCAN-02R-774f62fc1777bc6b,15,discovery_usable,normal_rate_diagnostic,0.8275576704251578,
SCAN-02R-774f62fc1777bc6b,16,discovery_usable,normal_rate_diagnostic,1.0226734179741088,
SCAN-02R-774f62fc1777bc6b,17,discovery_usable,normal_rate_diagnostic,1.1041249314054122,
SCAN-02R-774f62fc1777bc6b,18,discovery_usable,normal_rate_diagnostic,1.290472353848885,
SCAN-02R-774f62fc1777bc6b,19,discovery_usable,normal_rate_diagnostic,1.3448413024125063,
SCAN-02R-774f62fc1777bc6b,20,discovery_usable,normal_rate_diagnostic,1.5491054789414835,
SCAN-02R-774f62fc1777bc6b,21,discovery_usable,normal_rate_diagnostic,1.8357179959389904,
SCAN-02R-774f62fc1777bc6b,22,discovery_usable,normal_rate_diagnostic,1.7839287337514773,
SCAN-02R-774f62fc1777bc6b,23,discovery_usable,normal_rate_diagnostic,2.207107541861291,
SCAN-02R-774f62fc1777bc6b,24,discovery_usable,normal_rate_diagnostic,2.2282462141103334,
SCAN-02R-77b71bd09c7eb4b4,0,discovery_usable,normal_rate_diagnostic,9.076602313506145,
SCAN-02R-77b71bd09c7eb4b4,1,discovery_usable,normal_rate_diagnostic,0.320824421543846,
SCAN-02R-77b71bd09c7eb4b4,2,discovery_usable,normal_rate_diagnostic,0.2101828037279792,
SCAN-02R-77b71bd09c7eb4b4,3,discovery_usable,normal_rate_diagnostic,0.2878592483419307,
SCAN-02R-77b71bd09c7eb4b4,4,discovery_usable,normal_rate_diagnostic,0.23297769387925782,
SCAN-02R-77b71bd09c7eb4b4,5,discovery_usable,normal_rate_diagnostic,0.24793388429752064,
SCAN-02R-77b71bd09c7eb4b4,6,discovery_usable,normal_rate_diagnostic,0.2692601116788368,
SCAN-02R-77b71bd09c7eb4b4,7,discovery_usable,normal_rate_diagnostic,0.23525341636395086,
SCAN-02R-77b71bd09c7eb4b4,8,discovery_usable,normal_rate_diagnostic,0.27531745445510647,
SCAN-02R-77b71bd09c7eb4b4,9,discovery_usable,normal_rate_diagnostic,0.14573657164219772,
SCAN-02R-77b71bd09c7eb4b4,10,discovery_usable,normal_rate_diagnostic,0.27705582015119334,
SCAN-02R-77b71bd09c7eb4b4,11,discovery_usable,normal_rate_diagnostic,0.20376043393946205,
SCAN-02R-77b71bd09c7eb4b4,12,discovery_usable,normal_rate_diagnostic,0.2694630947836436,
SCAN-02R-77b71bd09c7eb4b4,13,discovery_usable,normal_rate_diagnostic,0.20910132895511294,
SCAN-02R-77b71bd09c7eb4b4,14,discovery_usable,normal_rate_diagnostic,0.19725266488350257,
SCAN-02R-77b71bd09c7eb4b4,15,discovery_usable,normal_rate_diagnostic,0.2850785153744427,
SCAN-02R-77b71bd09c7eb4b4,16,discovery_usable,normal_rate_diagnostic,0.21322130001816328,
SCAN-02R-77b71bd09c7eb4b4,17,discovery_usable,normal_rate_diagnostic,0.4111256937746082,
SCAN-02R-77b71bd09c7eb4b4,18,discovery_usable,normal_rate_diagnostic,0.2706067002218975,
SCAN-02R-77b71bd09c7eb4b4,19,discovery_usable,normal_rate_diagnostic,0.21443994202727087,
SCAN-02R-77b71bd09c7eb4b4,20,discovery_usable,normal_rate_diagnostic,0.26783258291951995,
SCAN-02R-77b71bd09c7eb4b4,21,discovery_usable,normal_rate_diagnostic,0.2491444818161167,
SCAN-02R-77b71bd09c7eb4b4,22,discovery_usable,normal_rate_diagnostic,0.2511033328260539,
SCAN-02R-77b71bd09c7eb4b4,23,discovery_usable,normal_rate_diagnostic,0.2750901902838145,
SCAN-02R-77b71bd09c7eb4b4,24,discovery_usable,normal_rate_diagnostic,0.23184420069713152,
SCAN-02R-77b71bd09c7eb4b4,25,discovery_usable,normal_rate_diagnostic,0.28563720900709333,
SCAN-02R-77b71bd09c7eb4b4,26,discovery_usable,normal_rate_diagnostic,0.16969154704698142,
SCAN-02R-77b71bd09c7eb4b4,27,discovery_usable,normal_rate_diagnostic,0.30575794411341384,
SCAN-02R-77b71bd09c7eb4b4,28,discovery_usable,normal_rate_diagnostic,0.15221251766752436,
SCAN-02R-77b71bd09c7eb4b4,29,discovery_usable,normal_rate_diagnostic,0.17080027043376153,
SCAN-02R-77b71bd09c7eb4b4,30,discovery_usable,normal_rate_diagnostic,0.22965468286776067,
SCAN-02R-77b71bd09c7eb4b4,31,discovery_usable,normal_rate_diagnostic,0.1777960132663179,
SCAN-02R-77b71bd09c7eb4b4,32,discovery_usable,normal_rate_diagnostic,0.135189941868325,
SCAN-02R-77b71bd09c7eb4b4,33,discovery_usable,normal_rate_diagnostic,0.16040100250626566,
SCAN-02R-77b71bd09c7eb4b4,34,discovery_usable,normal_rate_diagnostic,0.22381526025106807,
SCAN-02R-77b71bd09c7eb4b4,35,discovery_usable,normal_rate_diagnostic,0.1863801125992956,
SCAN-02R-77b71bd09c7eb4b4,36,discovery_usable,normal_rate_diagnostic,0.16866777445995076,
SCAN-02R-77b71bd09c7eb4b4,37,discovery_usable,normal_rate_diagnostic,0.14645308924485126,
SCAN-02R-77b71bd09c7eb4b4,38,discovery_usable,normal_rate_diagnostic,0.11382357346113524,
SCAN-02R-77b71bd09c7eb4b4,39,discovery_usable,normal_rate_diagnostic,0.18864587631904733,
SCAN-02R-77b71bd09c7eb4b4,40,discovery_usable,normal_rate_diagnostic,0.15605673529309766,
SCAN-02R-77b71bd09c7eb4b4,41,discovery_usable,normal_rate_diagnostic,0.2999960377881801,
SCAN-02R-77b71bd09c7eb4b4,42,discovery_usable,normal_rate_diagnostic,0.27077208726597557,
SCAN-02R-77b71bd09c7eb4b4,43,discovery_usable,normal_rate_diagnostic,0.440105410612981,
SCAN-02R-77b71bd09c7eb4b4,44,discovery_usable,normal_rate_diagnostic,0.5038594595717714,
SCAN-02R-77b71bd09c7eb4b4,45,discovery_usable,normal_rate_diagnostic,0.3640425680460389,
SCAN-02R-77b71bd09c7eb4b4,46,discovery_usable,normal_rate_diagnostic,0.20346175645627754,
SCAN-02R-77b71bd09c7eb4b4,47,discovery_usable,normal_rate_diagnostic,0.1912581051453095,
SCAN-02R-77b71bd09c7eb4b4,48,discovery_usable,normal_rate_diagnostic,0.1486948646200846,
SCAN-02R-77b71bd09c7eb4b4,49,discovery_usable,normal_rate_diagnostic,0.11467687584904995,
SCAN-02R-77b71bd09c7eb4b4,50,discovery_usable,normal_rate_diagnostic,0.10839544392270103,
SCAN-02R-77b71bd09c7eb4b4,51,discovery_usable,normal_rate_diagnostic,0.10286037561180494,
SCAN-02R-77b71bd09c7eb4b4,52,discovery_usable,normal_rate_diagnostic,0.05518459246178467,
SCAN-02R-77b71bd09c7eb4b4,53,discovery_usable,normal_rate_diagnostic,0.10096888054960727,
SCAN-02R-77b71bd09c7eb4b4,54,discovery_usable,normal_rate_diagnostic,0.09938423186341294,
SCAN-02R-77b71bd09c7eb4b4,55,discovery_usable,normal_rate_diagnostic,0.06536722079004458,
SCAN-02R-79e659b84aa4786d,0,discovery_usable,normal_rate_diagnostic,0.601768072523876,
SCAN-02R-79e659b84aa4786d,1,discovery_usable,normal_rate_diagnostic,0.15578611901169287,
SCAN-02R-79e659b84aa4786d,2,discovery_usable,normal_rate_diagnostic,0.2287436590912149,
SCAN-02R-79e659b84aa4786d,3,discovery_usable,normal_rate_diagnostic,0.30214991284137127,
SCAN-02R-79e659b84aa4786d,4,discovery_usable,normal_rate_diagnostic,0.34883331979414056,
SCAN-02R-79e659b84aa4786d,5,discovery_usable,normal_rate_diagnostic,0.37103332781797305,
SCAN-02R-79e659b84aa4786d,6,discovery_usable,normal_rate_diagnostic,0.42261723762942655,
SCAN-02R-79e659b84aa4786d,7,discovery_usable,normal_rate_diagnostic,0.5277329025309639,
SCAN-02R-79e659b84aa4786d,8,discovery_usable,normal_rate_diagnostic,0.30763314747164006,
SCAN-02R-79e659b84aa4786d,9,discovery_usable,normal_rate_diagnostic,0.33566974648400166,
SCAN-02R-79e659b84aa4786d,10,discovery_usable,normal_rate_diagnostic,0.2592285358772293,
SCAN-02R-79e659b84aa4786d,11,discovery_usable,normal_rate_diagnostic,0.18877051404570605,
SCAN-02R-79e659b84aa4786d,12,discovery_usable,normal_rate_diagnostic,0.19056126246836383,
SCAN-02R-79e659b84aa4786d,13,discovery_usable,normal_rate_diagnostic,0.22449549188782508,
SCAN-02R-79e659b84aa4786d,14,discovery_usable,normal_rate_diagnostic,0.21125491633683974,
SCAN-02R-79e659b84aa4786d,15,discovery_usable,normal_rate_diagnostic,0.2560426054895535,
SCAN-02R-79e659b84aa4786d,16,discovery_usable,normal_rate_diagnostic,0.1892024139618333,
SCAN-02R-79e659b84aa4786d,17,discovery_usable,normal_rate_diagnostic,0.212374815001626,
SCAN-02R-79e659b84aa4786d,18,discovery_usable,normal_rate_diagnostic,0.1880747193992356,
SCAN-02R-79e659b84aa4786d,19,discovery_usable,normal_rate_diagnostic,0.14278526456069732,
SCAN-02R-79e659b84aa4786d,20,discovery_usable,normal_rate_diagnostic,0.18007909627998145,
SCAN-02R-79e659b84aa4786d,21,discovery_usable,normal_rate_diagnostic,0.18481266393238702,
SCAN-02R-79e659b84aa4786d,22,discovery_usable,normal_rate_diagnostic,0.16746028278945146,
SCAN-02R-79e659b84aa4786d,23,discovery_usable,normal_rate_diagnostic,0.1570974378155975,
SCAN-02R-79e659b84aa4786d,24,discovery_usable,normal_rate_diagnostic,0.24076547889030414,
SCAN-02R-79e659b84aa4786d,25,discovery_usable,normal_rate_diagnostic,0.21525779113616253,
SCAN-02R-79e659b84aa4786d,26,discovery_usable,normal_rate_diagnostic,0.22397133166954628,
SCAN-02R-79e659b84aa4786d,27,discovery_usable,normal_rate_diagnostic,0.2677587021578201,
SCAN-02R-79e659b84aa4786d,28,discovery_usable,normal_rate_diagnostic,0.21443943234818835,
SCAN-02R-79e659b84aa4786d,29,discovery_usable,normal_rate_diagnostic,0.1621044099767896,
SCAN-02R-79e659b84aa4786d,30,discovery_usable,normal_rate_diagnostic,0.14529076313973338,
SCAN-02R-7acd4c14a0007418,0,discovery_usable,normal_rate_diagnostic,0.3063439843364989,
SCAN-02R-7acd4c14a0007418,1,discovery_usable,normal_rate_diagnostic,0.4018074285029501,
SCAN-02R-7acd4c14a0007418,2,discovery_usable,normal_rate_diagnostic,0.354382657869934,
SCAN-02R-7acd4c14a0007418,3,discovery_usable,normal_rate_diagnostic,0.2734161393641122,
SCAN-02R-7acd4c14a0007418,4,discovery_usable,normal_rate_diagnostic,0.4451121126133645,
SCAN-02R-7acd4c14a0007418,5,discovery_usable,normal_rate_diagnostic,0.30950661471188107,
SCAN-02R-7acd4c14a0007418,6,discovery_usable,normal_rate_diagnostic,0.30909696133910314,
SCAN-02R-7acd4c14a0007418,7,discovery_usable,normal_rate_diagnostic,0.6044747035290188,
SCAN-02R-7acd4c14a0007418,8,discovery_usable,normal_rate_diagnostic,0.3727113195533676,
SCAN-02R-7acd4c14a0007418,9,discovery_usable,normal_rate_diagnostic,0.34121844656593303,
SCAN-02R-7acd4c14a0007418,10,discovery_usable,normal_rate_diagnostic,0.19655805014414257,
SCAN-02R-7acd4c14a0007418,11,discovery_usable,normal_rate_diagnostic,0.24429786572500947,
SCAN-02R-7acd4c14a0007418,12,discovery_usable,normal_rate_diagnostic,0.35923383829891314,
SCAN-02R-7acd4c14a0007418,13,discovery_usable,normal_rate_diagnostic,0.30037151213342816,
SCAN-02R-7acd4c14a0007418,14,discovery_usable,normal_rate_diagnostic,0.2723180675028433,
SCAN-02R-7acd4c14a0007418,15,discovery_usable,normal_rate_diagnostic,0.23926879456381298,
SCAN-02R-7acd4c14a0007418,16,discovery_usable,normal_rate_diagnostic,0.2408141070457547,
SCAN-02R-7acd4c14a0007418,17,discovery_usable,normal_rate_diagnostic,0.3368944322580162,
SCAN-02R-7acd4c14a0007418,18,discovery_usable,normal_rate_diagnostic,0.21839147399685518,
SCAN-02R-7acd4c14a0007418,19,discovery_usable,normal_rate_diagnostic,0.3019388789440766,
SCAN-02R-7acd4c14a0007418,20,discovery_usable,normal_rate_diagnostic,0.2802042689120369,
SCAN-02R-7acd4c14a0007418,21,discovery_usable,normal_rate_diagnostic,0.2484592078292257,
SCAN-02R-7acd4c14a0007418,22,discovery_usable,normal_rate_diagnostic,0.14967106382110226,
SCAN-02R-7acd4c14a0007418,23,discovery_usable,normal_rate_diagnostic,0.2221713547066665,
SCAN-02R-7acd4c14a0007418,24,discovery_usable,normal_rate_diagnostic,0.34293778976594497,
SCAN-02R-7acd4c14a0007418,25,discovery_usable,normal_rate_diagnostic,0.22020154918266366,
SCAN-02R-7acd4c14a0007418,26,discovery_usable,normal_rate_diagnostic,0.2458334383903583,
SCAN-02R-7acd4c14a0007418,27,discovery_usable,normal_rate_diagnostic,0.17164224851345553,
SCAN-02R-7acd4c14a0007418,28,discovery_usable,normal_rate_diagnostic,0.20472308192536037,
SCAN-02R-7acd4c14a0007418,29,discovery_usable,normal_rate_diagnostic,0.18986478067651194,
SCAN-02R-7acd4c14a0007418,30,discovery_usable,normal_rate_diagnostic,0.29671173582183336,
SCAN-02R-7acd4c14a0007418,31,discovery_usable,normal_rate_diagnostic,0.2108274121220064,
SCAN-02R-7acd4c14a0007418,32,discovery_usable,normal_rate_diagnostic,0.26579544825294865,
SCAN-02R-7acd4c14a0007418,33,discovery_usable,normal_rate_diagnostic,0.323546064870986,
SCAN-02R-7acd4c14a0007418,34,discovery_usable,normal_rate_diagnostic,0.3604827333995089,
SCAN-02R-7acd4c14a0007418,35,discovery_usable,normal_rate_diagnostic,0.3564078108528688,
SCAN-02R-7acd4c14a0007418,36,discovery_usable,normal_rate_diagnostic,0.25708437218056057,
SCAN-02R-7acd4c14a0007418,37,discovery_usable,normal_rate_diagnostic,0.23287766936028503,
SCAN-02R-7acd4c14a0007418,38,discovery_usable,normal_rate_diagnostic,0.21719653571525535,
SCAN-02R-7acd4c14a0007418,39,discovery_usable,normal_rate_diagnostic,0.1633229601182988,
SCAN-02R-7acd4c14a0007418,40,discovery_usable,normal_rate_diagnostic,0.1735983022086044,
SCAN-02R-7acd4c14a0007418,41,discovery_usable,normal_rate_diagnostic,0.17625614747050933,
SCAN-02R-7acd4c14a0007418,42,discovery_usable,normal_rate_diagnostic,0.18276484964403358,
SCAN-02R-7acd4c14a0007418,43,discovery_usable,normal_rate_diagnostic,0.16334599613833312,
SCAN-02R-7acd4c14a0007418,44,discovery_usable,normal_rate_diagnostic,0.14519206836472248,
SCAN-02R-7acd4c14a0007418,45,discovery_usable,normal_rate_diagnostic,0.1508252587468459,
SCAN-02R-8345a5938afc1084,0,discovery_usable,normal_rate_diagnostic,0.11927705548894176,
SCAN-02R-8345a5938afc1084,1,discovery_usable,normal_rate_diagnostic,0.1540327704719179,
SCAN-02R-8345a5938afc1084,2,discovery_usable,normal_rate_diagnostic,0.16889672903334774,
SCAN-02R-8345a5938afc1084,3,discovery_usable,normal_rate_diagnostic,0.20657767624417483,
SCAN-02R-8345a5938afc1084,4,discovery_usable,normal_rate_diagnostic,0.18800968249864866,
SCAN-02R-8345a5938afc1084,5,discovery_usable,normal_rate_diagnostic,0.21981327440795032,
SCAN-02R-8345a5938afc1084,6,discovery_usable,normal_rate_diagnostic,0.26531454513295205,
SCAN-02R-8345a5938afc1084,7,discovery_usable,normal_rate_diagnostic,0.246431365784237,
SCAN-02R-8345a5938afc1084,8,discovery_usable,normal_rate_diagnostic,0.2518400060441602,
SCAN-02R-8345a5938afc1084,9,discovery_usable,normal_rate_diagnostic,0.2389441185162828,
SCAN-02R-8345a5938afc1084,10,discovery_usable,normal_rate_diagnostic,0.22725694554039808,
SCAN-02R-8345a5938afc1084,11,discovery_usable,normal_rate_diagnostic,0.28926633254309125,
SCAN-02R-8345a5938afc1084,12,discovery_usable,normal_rate_diagnostic,0.27922041659686153,
SCAN-02R-8345a5938afc1084,13,discovery_usable,normal_rate_diagnostic,0.280143767397226,
SCAN-02R-8345a5938afc1084,14,discovery_usable,normal_rate_diagnostic,0.20180390266325096,
SCAN-02R-8345a5938afc1084,15,discovery_usable,normal_rate_diagnostic,0.24259172340324545,
SCAN-02R-8345a5938afc1084,16,discovery_usable,normal_rate_diagnostic,0.288922117748435,
SCAN-02R-8345a5938afc1084,17,discovery_usable,normal_rate_diagnostic,0.2366978498152143,
SCAN-02R-8345a5938afc1084,18,discovery_usable,normal_rate_diagnostic,0.23370726495726496,
SCAN-02R-8345a5938afc1084,19,discovery_usable,normal_rate_diagnostic,0.2991186314806888,
SCAN-02R-8345a5938afc1084,20,discovery_usable,normal_rate_diagnostic,0.2470696118631424,
SCAN-02R-8345a5938afc1084,21,discovery_usable,normal_rate_diagnostic,0.24458437441551528,
SCAN-02R-8345a5938afc1084,22,discovery_usable,normal_rate_diagnostic,0.23703290574456218,
SCAN-02R-8345a5938afc1084,23,discovery_usable,normal_rate_diagnostic,0.22864315975880387,
SCAN-02R-8345a5938afc1084,24,discovery_usable,normal_rate_diagnostic,0.28422585442964043,
SCAN-02R-8345a5938afc1084,25,discovery_usable,normal_rate_diagnostic,13.422791435174805,
SCAN-02R-8641a638f4880175,0,discovery_usable,normal_rate_diagnostic,1.0446095771705326,
SCAN-02R-8641a638f4880175,1,discovery_usable,normal_rate_diagnostic,0.9052648296672754,
SCAN-02R-8641a638f4880175,2,discovery_usable,normal_rate_diagnostic,1.0193360201985353,
SCAN-02R-8641a638f4880175,3,discovery_usable,normal_rate_diagnostic,0.970402717127608,
SCAN-02R-8641a638f4880175,4,discovery_usable,normal_rate_diagnostic,0.8676980998882288,
SCAN-02R-8641a638f4880175,5,discovery_usable,normal_rate_diagnostic,1.0187198809325984,
SCAN-02R-8641a638f4880175,6,discovery_usable,normal_rate_diagnostic,1.045978874173161,
SCAN-02R-8641a638f4880175,7,discovery_usable,normal_rate_diagnostic,1.097448817923967,
SCAN-02R-8641a638f4880175,8,discovery_usable,normal_rate_diagnostic,1.2221757883033835,
SCAN-02R-8641a638f4880175,9,discovery_usable,normal_rate_diagnostic,0.9221820245442293,
SCAN-02R-8641a638f4880175,10,discovery_usable,normal_rate_diagnostic,0.8887001384170127,
SCAN-02R-8641a638f4880175,11,discovery_usable,normal_rate_diagnostic,0.7802340702210663,
SCAN-02R-8641a638f4880175,12,discovery_usable,normal_rate_diagnostic,1.0392349989530094,
SCAN-02R-8641a638f4880175,13,discovery_usable,normal_rate_diagnostic,0.8141984253850636,
SCAN-02R-8641a638f4880175,14,discovery_usable,normal_rate_diagnostic,0.9976393884892085,
SCAN-02R-8641a638f4880175,15,discovery_usable,normal_rate_diagnostic,0.9410495005198805,
SCAN-02R-8641a638f4880175,16,discovery_usable,normal_rate_diagnostic,0.8803207154030793,
SCAN-02R-8641a638f4880175,17,discovery_usable,normal_rate_diagnostic,1.0824693748571275,
SCAN-02R-8641a638f4880175,18,discovery_usable,normal_rate_diagnostic,1.2156627088556886,
SCAN-02R-8641a638f4880175,19,discovery_usable,normal_rate_diagnostic,1.2844555193053664,
SCAN-02R-8641a638f4880175,20,discovery_usable,normal_rate_diagnostic,1.3074834198086698,
SCAN-02R-8641a638f4880175,21,discovery_usable,normal_rate_diagnostic,1.5993125343136085,
SCAN-02R-8641a638f4880175,22,discovery_usable,normal_rate_diagnostic,1.9648756737958615,
SCAN-02R-8641a638f4880175,23,discovery_usable,normal_rate_diagnostic,2.41778688935561,
SCAN-02R-8641a638f4880175,24,discovery_usable,normal_rate_diagnostic,2.483845396238199,
SCAN-02R-89614c0503a95275,0,discovery_usable,normal_rate_diagnostic,0.14919761522531824,
SCAN-02R-89614c0503a95275,1,discovery_usable,normal_rate_diagnostic,0.13785580283023957,
SCAN-02R-89614c0503a95275,2,discovery_usable,normal_rate_diagnostic,0.18963300088297863,
SCAN-02R-89614c0503a95275,3,discovery_usable,normal_rate_diagnostic,0.11510923866749546,
SCAN-02R-89614c0503a95275,4,discovery_usable,normal_rate_diagnostic,0.12749092320057648,
SCAN-02R-89614c0503a95275,5,discovery_usable,normal_rate_diagnostic,0.18557331237446512,
SCAN-02R-89614c0503a95275,6,discovery_usable,normal_rate_diagnostic,0.2616576849418786,
SCAN-02R-89614c0503a95275,7,discovery_usable,normal_rate_diagnostic,0.2974107767669699,
SCAN-02R-89614c0503a95275,8,discovery_usable,normal_rate_diagnostic,0.2556024490281163,
SCAN-02R-89614c0503a95275,9,discovery_usable,normal_rate_diagnostic,0.22046774914345302,
SCAN-02R-89614c0503a95275,10,discovery_usable,normal_rate_diagnostic,0.21444271698922424,
SCAN-02R-89614c0503a95275,11,discovery_usable,normal_rate_diagnostic,0.3035804637042769,
SCAN-02R-89614c0503a95275,12,discovery_usable,normal_rate_diagnostic,0.21068402078749005,
SCAN-02R-89614c0503a95275,13,discovery_usable,normal_rate_diagnostic,0.2430751837196156,
SCAN-02R-89614c0503a95275,14,discovery_usable,normal_rate_diagnostic,0.25829169038733213,
SCAN-02R-89614c0503a95275,15,discovery_usable,normal_rate_diagnostic,0.2809597981032749,
SCAN-02R-89614c0503a95275,16,discovery_usable,normal_rate_diagnostic,0.22321004540187306,
SCAN-02R-89614c0503a95275,17,discovery_usable,normal_rate_diagnostic,0.27339695719312457,
SCAN-02R-89614c0503a95275,18,discovery_usable,normal_rate_diagnostic,0.26610454256107363,
SCAN-02R-89614c0503a95275,19,discovery_usable,normal_rate_diagnostic,0.24692075296304902,
SCAN-02R-89614c0503a95275,20,discovery_usable,normal_rate_diagnostic,0.23633072031819924,
SCAN-02R-89614c0503a95275,21,discovery_usable,normal_rate_diagnostic,0.2343915510860893,
SCAN-02R-89614c0503a95275,22,discovery_usable,normal_rate_diagnostic,0.1905842707336195,
SCAN-02R-89614c0503a95275,23,discovery_usable,normal_rate_diagnostic,0.16696651069211793,
SCAN-02R-89614c0503a95275,24,discovery_usable,normal_rate_diagnostic,0.2721483389879711,
SCAN-02R-89614c0503a95275,25,discovery_usable,normal_rate_diagnostic,11.886423640273735,
SCAN-02R-8ca6316615b8cbae,0,discovery_usable,normal_rate_diagnostic,1.0874669434764341,
SCAN-02R-8ca6316615b8cbae,1,discovery_usable,normal_rate_diagnostic,1.045036078626524,
SCAN-02R-8ca6316615b8cbae,2,discovery_usable,normal_rate_diagnostic,1.3431833445265278,
SCAN-02R-8ca6316615b8cbae,3,discovery_usable,normal_rate_diagnostic,1.1937922801432552,
SCAN-02R-8ca6316615b8cbae,4,discovery_usable,normal_rate_diagnostic,0.9293453006921176,
SCAN-02R-8ca6316615b8cbae,5,discovery_usable,normal_rate_diagnostic,1.315020455873758,
SCAN-02R-8ca6316615b8cbae,6,discovery_usable,normal_rate_diagnostic,0.8565106706954391,
SCAN-02R-8ca6316615b8cbae,7,discovery_usable,normal_rate_diagnostic,1.1713991191078625,
SCAN-02R-8ca6316615b8cbae,8,discovery_usable,normal_rate_diagnostic,0.7105691429619272,
SCAN-02R-8ca6316615b8cbae,9,discovery_usable,normal_rate_diagnostic,1.2115670362327124,
SCAN-02R-8ca6316615b8cbae,10,discovery_usable,normal_rate_diagnostic,1.3387488371037644,
SCAN-02R-8ca6316615b8cbae,11,discovery_usable,normal_rate_diagnostic,1.1661674250565934,
SCAN-02R-8ca6316615b8cbae,12,discovery_usable,normal_rate_diagnostic,1.2497107151122424,
SCAN-02R-8ca6316615b8cbae,13,discovery_usable,normal_rate_diagnostic,1.3833897819968515,
SCAN-02R-8ca6316615b8cbae,14,discovery_usable,normal_rate_diagnostic,1.039827823858003,
SCAN-02R-8ca6316615b8cbae,15,discovery_usable,normal_rate_diagnostic,1.11281467926208,
SCAN-02R-8ca6316615b8cbae,16,discovery_usable,normal_rate_diagnostic,0.9626064420584969,
SCAN-02R-8ca6316615b8cbae,17,discovery_usable,normal_rate_diagnostic,1.2899384798571145,
SCAN-02R-8ca6316615b8cbae,18,discovery_usable,normal_rate_diagnostic,0.763133277534341,
SCAN-02R-8ca6316615b8cbae,19,discovery_usable,normal_rate_diagnostic,0.5732658707410084,
SCAN-02R-8ca6316615b8cbae,20,discovery_usable,normal_rate_diagnostic,1.1375720256201005,
SCAN-02R-8ca6316615b8cbae,21,discovery_usable,normal_rate_diagnostic,1.247442742378125,
SCAN-02R-8ca6316615b8cbae,22,discovery_usable,normal_rate_diagnostic,1.3009646775816786,
SCAN-02R-8ca6316615b8cbae,23,discovery_usable,normal_rate_diagnostic,0.8665296724517838,
SCAN-02R-8ca6316615b8cbae,24,discovery_usable,normal_rate_diagnostic,1.1918371318074574,
SCAN-02R-8ca6316615b8cbae,25,discovery_usable,normal_rate_diagnostic,1.0901162790697674,
SCAN-02R-8ca6316615b8cbae,26,discovery_usable,normal_rate_diagnostic,0.9806897517920938,
SCAN-02R-8ca6316615b8cbae,27,discovery_usable,normal_rate_diagnostic,1.1403288708463521,
SCAN-02R-8ca6316615b8cbae,28,discovery_usable,normal_rate_diagnostic,1.1008366358432409,
SCAN-02R-8ca6316615b8cbae,29,discovery_usable,normal_rate_diagnostic,0.7525263384218448,
SCAN-02R-8ca6316615b8cbae,30,discovery_usable,normal_rate_diagnostic,1.2107779761538304,
SCAN-02R-8ca6316615b8cbae,31,discovery_usable,normal_rate_diagnostic,1.2351428513576448,
SCAN-02R-8ca6316615b8cbae,32,discovery_usable,normal_rate_diagnostic,1.2006455930401922,
SCAN-02R-8ca6316615b8cbae,33,discovery_usable,normal_rate_diagnostic,1.3211919183706655,
SCAN-02R-8ca6316615b8cbae,34,discovery_usable,normal_rate_diagnostic,1.491095430107527,
SCAN-02R-8ca6316615b8cbae,35,discovery_usable,normal_rate_diagnostic,1.1717627291017223,
SCAN-02R-8ca6316615b8cbae,36,discovery_usable,normal_rate_diagnostic,1.2990668369887632,
SCAN-02R-8ca6316615b8cbae,37,discovery_usable,normal_rate_diagnostic,1.7171203256168914,
SCAN-02R-8ca6316615b8cbae,38,discovery_usable,normal_rate_diagnostic,1.4984715590098099,
SCAN-02R-8ca6316615b8cbae,39,discovery_usable,normal_rate_diagnostic,1.072041166380789,
SCAN-02R-8ca6316615b8cbae,40,discovery_usable,normal_rate_diagnostic,1.570961243462029,
SCAN-02R-8ca6316615b8cbae,41,discovery_usable,normal_rate_diagnostic,1.6817520455017858,
SCAN-02R-8ca6316615b8cbae,42,discovery_usable,normal_rate_diagnostic,1.8724838498267953,
SCAN-02R-8ca6316615b8cbae,43,discovery_usable,normal_rate_diagnostic,2.0527805004345976,
SCAN-02R-8ca6316615b8cbae,44,discovery_usable,normal_rate_diagnostic,2.1526772793053546,
SCAN-02R-8ca6316615b8cbae,45,discovery_usable,normal_rate_diagnostic,2.0655590480467,
SCAN-02R-8ca6316615b8cbae,46,discovery_usable,normal_rate_diagnostic,2.429178723252242,
SCAN-02R-8ca6316615b8cbae,47,discovery_usable,normal_rate_diagnostic,2.477618843117175,
SCAN-02R-8ca6316615b8cbae,48,discovery_usable,normal_rate_diagnostic,2.8565598857376044,
SCAN-02R-8dcd5041a8a4e044,0,discovery_usable,normal_rate_diagnostic,1.075251814487437,
SCAN-02R-8dcd5041a8a4e044,1,discovery_usable,normal_rate_diagnostic,1.0271191298947402,
SCAN-02R-8dcd5041a8a4e044,2,discovery_usable,normal_rate_diagnostic,1.0601289430907077,
SCAN-02R-8dcd5041a8a4e044,3,discovery_usable,normal_rate_diagnostic,1.026225769669327,
SCAN-02R-8dcd5041a8a4e044,4,discovery_usable,normal_rate_diagnostic,0.9564097848077984,
SCAN-02R-8dcd5041a8a4e044,5,discovery_usable,normal_rate_diagnostic,0.9902707703872898,
SCAN-02R-8dcd5041a8a4e044,6,discovery_usable,normal_rate_diagnostic,1.1743590879883008,
SCAN-02R-8dcd5041a8a4e044,7,discovery_usable,normal_rate_diagnostic,1.3191899710703954,
SCAN-02R-8dcd5041a8a4e044,8,discovery_usable,normal_rate_diagnostic,1.2390497987530582,
SCAN-02R-8dcd5041a8a4e044,9,discovery_usable,normal_rate_diagnostic,0.9144370693868542,
SCAN-02R-8dcd5041a8a4e044,10,discovery_usable,normal_rate_diagnostic,0.8926949116390037,
SCAN-02R-8dcd5041a8a4e044,11,discovery_usable,normal_rate_diagnostic,1.0181932988673588,
SCAN-02R-8dcd5041a8a4e044,12,discovery_usable,normal_rate_diagnostic,1.011840855198622,
SCAN-02R-8dcd5041a8a4e044,13,discovery_usable,normal_rate_diagnostic,1.0079139913394057,
SCAN-02R-8dcd5041a8a4e044,14,discovery_usable,normal_rate_diagnostic,0.9857658211918677,
SCAN-02R-8dcd5041a8a4e044,15,discovery_usable,normal_rate_diagnostic,0.9436620641297011,
SCAN-02R-8dcd5041a8a4e044,16,discovery_usable,normal_rate_diagnostic,1.0918201841578785,
SCAN-02R-8dcd5041a8a4e044,17,discovery_usable,normal_rate_diagnostic,1.0433735745577368,
SCAN-02R-8dcd5041a8a4e044,18,discovery_usable,normal_rate_diagnostic,1.2735238543476306,
SCAN-02R-8dcd5041a8a4e044,19,discovery_usable,normal_rate_diagnostic,1.2215556607273053,
SCAN-02R-8dcd5041a8a4e044,20,discovery_usable,normal_rate_diagnostic,1.3019369270737784,
SCAN-02R-8dcd5041a8a4e044,21,discovery_usable,normal_rate_diagnostic,1.8549666583163347,
SCAN-02R-8dcd5041a8a4e044,22,discovery_usable,normal_rate_diagnostic,1.9411642363598547,
SCAN-02R-8dcd5041a8a4e044,23,discovery_usable,normal_rate_diagnostic,2.2398594946699126,
SCAN-02R-8dcd5041a8a4e044,24,discovery_usable,normal_rate_diagnostic,2.787339029967505,
SCAN-02R-8e62e3b1b9deee81,0,discovery_usable,normal_rate_diagnostic,0.16194331983805668,
SCAN-02R-8e62e3b1b9deee81,1,discovery_usable,normal_rate_diagnostic,0.13251176041873716,
SCAN-02R-8e62e3b1b9deee81,2,discovery_usable,normal_rate_diagnostic,0.17181926982735124,
SCAN-02R-8e62e3b1b9deee81,3,discovery_usable,normal_rate_diagnostic,0.1606739122949973,
SCAN-02R-8e62e3b1b9deee81,4,discovery_usable,normal_rate_diagnostic,0.15510059381370203,
SCAN-02R-8e62e3b1b9deee81,5,discovery_usable,normal_rate_diagnostic,0.08701184992631184,
SCAN-02R-8e62e3b1b9deee81,6,discovery_usable,normal_rate_diagnostic,0.1892695309455683,
SCAN-02R-8e62e3b1b9deee81,7,discovery_usable,normal_rate_diagnostic,0.26154883407341967,
SCAN-02R-8e62e3b1b9deee81,8,discovery_usable,normal_rate_diagnostic,0.14274159014131418,
SCAN-02R-8e62e3b1b9deee81,9,discovery_usable,normal_rate_diagnostic,0.18485170123194714,
SCAN-02R-8e62e3b1b9deee81,10,discovery_usable,normal_rate_diagnostic,0.19624284159634633,
SCAN-02R-8e62e3b1b9deee81,11,discovery_usable,normal_rate_diagnostic,0.19643558698524946,
SCAN-02R-8e62e3b1b9deee81,12,discovery_usable,normal_rate_diagnostic,0.21652368300932806,
SCAN-02R-8e62e3b1b9deee81,13,discovery_usable,normal_rate_diagnostic,0.23659039442998617,
SCAN-02R-8e62e3b1b9deee81,14,discovery_usable,normal_rate_diagnostic,0.25887300430046173,
SCAN-02R-8e62e3b1b9deee81,15,discovery_usable,normal_rate_diagnostic,0.2285282778903859,
SCAN-02R-8e62e3b1b9deee81,16,discovery_usable,normal_rate_diagnostic,0.22827032913728085,
SCAN-02R-8e62e3b1b9deee81,17,discovery_usable,normal_rate_diagnostic,0.2125882620909574,
SCAN-02R-8e62e3b1b9deee81,18,discovery_usable,normal_rate_diagnostic,0.2867405936051634,
SCAN-02R-8e62e3b1b9deee81,19,discovery_usable,normal_rate_diagnostic,0.19305951059414064,
SCAN-02R-8e62e3b1b9deee81,20,discovery_usable,normal_rate_diagnostic,0.30689172059510306,
SCAN-02R-8e62e3b1b9deee81,21,discovery_usable,normal_rate_diagnostic,0.2882882882882883,
SCAN-02R-8e62e3b1b9deee81,22,discovery_usable,normal_rate_diagnostic,0.23936667928781885,
SCAN-02R-8e62e3b1b9deee81,23,discovery_usable,normal_rate_diagnostic,0.18769395041542927,
SCAN-02R-8e62e3b1b9deee81,24,discovery_usable,normal_rate_diagnostic,0.24878716258241074,
SCAN-02R-8e62e3b1b9deee81,25,discovery_usable,normal_rate_diagnostic,12.365511767364316,
SCAN-02R-91de8f7a5ce6984b,0,discovery_usable,normal_rate_diagnostic,1.3188314835265236,
SCAN-02R-91de8f7a5ce6984b,1,discovery_usable,normal_rate_diagnostic,1.1552404095128073,
SCAN-02R-91de8f7a5ce6984b,2,discovery_usable,normal_rate_diagnostic,1.2222161285520656,
SCAN-02R-91de8f7a5ce6984b,3,discovery_usable,normal_rate_diagnostic,1.0324147878235785,
SCAN-02R-91de8f7a5ce6984b,4,discovery_usable,normal_rate_diagnostic,0.9764119430597668,
SCAN-02R-91de8f7a5ce6984b,5,discovery_usable,normal_rate_diagnostic,1.0321556173084558,
SCAN-02R-91de8f7a5ce6984b,6,discovery_usable,normal_rate_diagnostic,1.0606015967946263,
SCAN-02R-91de8f7a5ce6984b,7,discovery_usable,normal_rate_diagnostic,1.0713322286022582,
SCAN-02R-91de8f7a5ce6984b,8,discovery_usable,normal_rate_diagnostic,1.2070434535643284,
SCAN-02R-91de8f7a5ce6984b,9,discovery_usable,normal_rate_diagnostic,1.117823336345907,
SCAN-02R-91de8f7a5ce6984b,10,discovery_usable,normal_rate_diagnostic,0.9872915827468822,
SCAN-02R-91de8f7a5ce6984b,11,discovery_usable,normal_rate_diagnostic,1.099274794973388,
SCAN-02R-91de8f7a5ce6984b,12,discovery_usable,normal_rate_diagnostic,0.9790742309216507,
SCAN-02R-91de8f7a5ce6984b,13,discovery_usable,normal_rate_diagnostic,0.9908050290861325,
SCAN-02R-91de8f7a5ce6984b,14,discovery_usable,normal_rate_diagnostic,0.9753838381003171,
SCAN-02R-91de8f7a5ce6984b,15,discovery_usable,normal_rate_diagnostic,0.8690099211966004,
SCAN-02R-91de8f7a5ce6984b,16,discovery_usable,normal_rate_diagnostic,0.9465872374798061,
SCAN-02R-91de8f7a5ce6984b,17,discovery_usable,normal_rate_diagnostic,1.2718388111654062,
SCAN-02R-91de8f7a5ce6984b,18,discovery_usable,normal_rate_diagnostic,1.2948282630705337,
SCAN-02R-91de8f7a5ce6984b,19,discovery_usable,normal_rate_diagnostic,1.3650657974471994,
SCAN-02R-91de8f7a5ce6984b,20,discovery_usable,normal_rate_diagnostic,1.5846361249733925,
SCAN-02R-91de8f7a5ce6984b,21,discovery_usable,normal_rate_diagnostic,1.95945662530036,
SCAN-02R-91de8f7a5ce6984b,22,discovery_usable,normal_rate_diagnostic,1.9400596410026136,
SCAN-02R-91de8f7a5ce6984b,23,discovery_usable,normal_rate_diagnostic,2.2295052727799702,
SCAN-02R-91de8f7a5ce6984b,24,discovery_usable,normal_rate_diagnostic,2.1279277183185976,
SCAN-02R-91f840c137c7a43c,0,discovery_usable,normal_rate_diagnostic,47.27979601625811,
SCAN-02R-91f840c137c7a43c,1,discovery_usable,normal_rate_diagnostic,0.2794980802895011,
SCAN-02R-91f840c137c7a43c,2,discovery_usable,normal_rate_diagnostic,0.19560722070083272,
SCAN-02R-91f840c137c7a43c,3,discovery_usable,normal_rate_diagnostic,0.27908112539463814,
SCAN-02R-91f840c137c7a43c,4,discovery_usable,normal_rate_diagnostic,0.25767790262172285,
SCAN-02R-91f840c137c7a43c,5,discovery_usable,normal_rate_diagnostic,0.2552549878605477,
SCAN-02R-91f840c137c7a43c,6,discovery_usable,normal_rate_diagnostic,0.3219554284904798,
SCAN-02R-91f840c137c7a43c,7,discovery_usable,normal_rate_diagnostic,0.3333587982415323,
SCAN-02R-91f840c137c7a43c,8,discovery_usable,normal_rate_diagnostic,0.23676484515579127,
SCAN-02R-91f840c137c7a43c,9,discovery_usable,normal_rate_diagnostic,0.28018696111769126,
SCAN-02R-91f840c137c7a43c,10,discovery_usable,normal_rate_diagnostic,0.2647516298772214,
SCAN-02R-91f840c137c7a43c,11,discovery_usable,normal_rate_diagnostic,0.21853609017786016,
SCAN-02R-91f840c137c7a43c,12,discovery_usable,normal_rate_diagnostic,0.2858625903664307,
SCAN-02R-91f840c137c7a43c,13,discovery_usable,normal_rate_diagnostic,0.312810366535547,
SCAN-02R-91f840c137c7a43c,14,discovery_usable,normal_rate_diagnostic,0.24551538431077496,
SCAN-02R-91f840c137c7a43c,15,discovery_usable,normal_rate_diagnostic,0.27799178732834007,
SCAN-02R-91f840c137c7a43c,16,discovery_usable,normal_rate_diagnostic,0.25299642642547676,
SCAN-02R-91f840c137c7a43c,17,discovery_usable,normal_rate_diagnostic,0.3245930711254671,
SCAN-02R-91f840c137c7a43c,18,discovery_usable,normal_rate_diagnostic,0.25509809681359286,
SCAN-02R-91f840c137c7a43c,19,discovery_usable,normal_rate_diagnostic,0.2823704254133383,
SCAN-02R-91f840c137c7a43c,20,discovery_usable,normal_rate_diagnostic,0.29100009457503073,
SCAN-02R-91f840c137c7a43c,21,discovery_usable,normal_rate_diagnostic,0.2137303312820135,
SCAN-02R-91f840c137c7a43c,22,discovery_usable,normal_rate_diagnostic,0.24437741036312957,
SCAN-02R-91f840c137c7a43c,23,discovery_usable,normal_rate_diagnostic,0.2996231056723385,
SCAN-02R-91f840c137c7a43c,24,discovery_usable,normal_rate_diagnostic,0.16830564304777476,
SCAN-02R-91f840c137c7a43c,25,discovery_usable,normal_rate_diagnostic,0.33575556994508,
SCAN-02R-91f840c137c7a43c,26,discovery_usable,normal_rate_diagnostic,0.20207358587350194,
SCAN-02R-91f840c137c7a43c,27,discovery_usable,normal_rate_diagnostic,0.2020670712997403,
SCAN-02R-91f840c137c7a43c,28,discovery_usable,normal_rate_diagnostic,0.25632199901865294,
SCAN-02R-91f840c137c7a43c,29,discovery_usable,normal_rate_diagnostic,0.21598738633663794,
SCAN-02R-91f840c137c7a43c,30,discovery_usable,normal_rate_diagnostic,0.20270364726769463,
SCAN-02R-91f840c137c7a43c,31,discovery_usable,normal_rate_diagnostic,0.2139436017060277,
SCAN-02R-91f840c137c7a43c,32,discovery_usable,normal_rate_diagnostic,0.19675022897655958,
SCAN-02R-91f840c137c7a43c,33,discovery_usable,normal_rate_diagnostic,0.20826615070407395,
SCAN-02R-91f840c137c7a43c,34,discovery_usable,normal_rate_diagnostic,0.14481496596848298,
SCAN-02R-91f840c137c7a43c,35,discovery_usable,normal_rate_diagnostic,0.2589013521123114,
SCAN-02R-91f840c137c7a43c,36,discovery_usable,normal_rate_diagnostic,0.1763879527028304,
SCAN-02R-91f840c137c7a43c,37,discovery_usable,normal_rate_diagnostic,0.1596051613853728,
SCAN-02R-91f840c137c7a43c,38,discovery_usable,normal_rate_diagnostic,0.1686076620138981,
SCAN-02R-91f840c137c7a43c,39,discovery_usable,normal_rate_diagnostic,0.19549299779626075,
SCAN-02R-91f840c137c7a43c,40,discovery_usable,normal_rate_diagnostic,0.1983316805693286,
SCAN-02R-91f840c137c7a43c,41,discovery_usable,normal_rate_diagnostic,0.2051387250628237,
SCAN-02R-91f840c137c7a43c,42,discovery_usable,normal_rate_diagnostic,0.2665659639691672,
SCAN-02R-91f840c137c7a43c,43,discovery_usable,normal_rate_diagnostic,0.399883277313649,
SCAN-02R-91f840c137c7a43c,44,discovery_usable,normal_rate_diagnostic,0.3699670156167767,
SCAN-02R-91f840c137c7a43c,45,discovery_usable,normal_rate_diagnostic,0.4115019822351583,
SCAN-02R-91f840c137c7a43c,46,discovery_usable,normal_rate_diagnostic,0.2755247053819159,
SCAN-02R-91f840c137c7a43c,47,discovery_usable,normal_rate_diagnostic,0.2742629763576017,
SCAN-02R-91f840c137c7a43c,48,discovery_usable,normal_rate_diagnostic,0.17646659577837606,
SCAN-02R-91f840c137c7a43c,49,discovery_usable,normal_rate_diagnostic,0.11002601014879917,
SCAN-02R-91f840c137c7a43c,50,discovery_usable,normal_rate_diagnostic,0.10867250020647774,
SCAN-02R-91f840c137c7a43c,51,discovery_usable,normal_rate_diagnostic,0.08165089515165579,
SCAN-02R-91f840c137c7a43c,52,discovery_usable,normal_rate_diagnostic,0.1061864208804978,
SCAN-02R-91f840c137c7a43c,53,discovery_usable,normal_rate_diagnostic,0.08809463881198087,
SCAN-02R-91f840c137c7a43c,54,discovery_usable,normal_rate_diagnostic,0.08317530026283396,
SCAN-02R-91f840c137c7a43c,55,discovery_usable,normal_rate_diagnostic,0.08175545308872102,
SCAN-02R-957a8834d758202b,0,discovery_usable,normal_rate_diagnostic,0.16356316054353295,
SCAN-02R-957a8834d758202b,1,discovery_usable,normal_rate_diagnostic,0.1269406044911586,
SCAN-02R-957a8834d758202b,2,discovery_usable,normal_rate_diagnostic,0.1875058595581112,
SCAN-02R-957a8834d758202b,3,discovery_usable,normal_rate_diagnostic,0.14570798904761617,
SCAN-02R-957a8834d758202b,4,discovery_usable,normal_rate_diagnostic,0.14046752273818025,
SCAN-02R-957a8834d758202b,5,discovery_usable,normal_rate_diagnostic,0.1740452169473629,
SCAN-02R-957a8834d758202b,6,discovery_usable,normal_rate_diagnostic,0.15365612940210036,
SCAN-02R-957a8834d758202b,7,discovery_usable,normal_rate_diagnostic,0.21004380031012349,
SCAN-02R-957a8834d758202b,8,discovery_usable,normal_rate_diagnostic,0.2837773924010721,
SCAN-02R-957a8834d758202b,9,discovery_usable,normal_rate_diagnostic,0.22679594035266767,
SCAN-02R-957a8834d758202b,10,discovery_usable,normal_rate_diagnostic,0.27781460926006607,
SCAN-02R-957a8834d758202b,11,discovery_usable,normal_rate_diagnostic,0.21486485632492622,
SCAN-02R-957a8834d758202b,12,discovery_usable,normal_rate_diagnostic,0.24859852581074196,
SCAN-02R-957a8834d758202b,13,discovery_usable,normal_rate_diagnostic,0.2751459469805723,
SCAN-02R-957a8834d758202b,14,discovery_usable,normal_rate_diagnostic,0.26942679449471246,
SCAN-02R-957a8834d758202b,15,discovery_usable,normal_rate_diagnostic,0.22631578947368422,
SCAN-02R-957a8834d758202b,16,discovery_usable,normal_rate_diagnostic,0.2332988456778853,
SCAN-02R-957a8834d758202b,17,discovery_usable,normal_rate_diagnostic,0.26961154368785456,
SCAN-02R-957a8834d758202b,18,discovery_usable,normal_rate_diagnostic,0.35159389231181354,
SCAN-02R-957a8834d758202b,19,discovery_usable,normal_rate_diagnostic,0.33569871814735625,
SCAN-02R-957a8834d758202b,20,discovery_usable,normal_rate_diagnostic,0.2436484201072053,
SCAN-02R-957a8834d758202b,21,discovery_usable,normal_rate_diagnostic,0.25142514541560096,
SCAN-02R-957a8834d758202b,22,discovery_usable,normal_rate_diagnostic,0.22045028142589118,
SCAN-02R-957a8834d758202b,23,discovery_usable,normal_rate_diagnostic,0.25380825692647263,
SCAN-02R-957a8834d758202b,24,discovery_usable,normal_rate_diagnostic,0.20286476875405232,
SCAN-02R-957a8834d758202b,25,discovery_usable,normal_rate_diagnostic,62.316837618223,
SCAN-02R-abcd8030795bc9cb,0,discovery_usable,normal_rate_diagnostic,8.28456801165257,
SCAN-02R-abcd8030795bc9cb,1,discovery_usable,normal_rate_diagnostic,0.19048828497047432,
SCAN-02R-abcd8030795bc9cb,2,discovery_usable,normal_rate_diagnostic,0.20605581328001873,
SCAN-02R-abcd8030795bc9cb,3,discovery_usable,normal_rate_diagnostic,0.1736583445728873,
SCAN-02R-abcd8030795bc9cb,4,discovery_usable,normal_rate_diagnostic,0.18556429503525723,
SCAN-02R-abcd8030795bc9cb,5,discovery_usable,normal_rate_diagnostic,0.22445628418528277,
SCAN-02R-abcd8030795bc9cb,6,discovery_usable,normal_rate_diagnostic,0.19192384461845538,
SCAN-02R-abcd8030795bc9cb,7,discovery_usable,normal_rate_diagnostic,0.22104637829324567,
SCAN-02R-abcd8030795bc9cb,8,discovery_usable,normal_rate_diagnostic,0.24854066326770516,
SCAN-02R-abcd8030795bc9cb,9,discovery_usable,normal_rate_diagnostic,0.24052155199696182,
SCAN-02R-abcd8030795bc9cb,10,discovery_usable,normal_rate_diagnostic,0.1712351321803501,
SCAN-02R-abcd8030795bc9cb,11,discovery_usable,normal_rate_diagnostic,0.259454304487157,
SCAN-02R-abcd8030795bc9cb,12,discovery_usable,normal_rate_diagnostic,0.20300751879699247,
SCAN-02R-abcd8030795bc9cb,13,discovery_usable,normal_rate_diagnostic,0.20256162547913617,
SCAN-02R-abcd8030795bc9cb,14,discovery_usable,normal_rate_diagnostic,0.22156806887601685,
SCAN-02R-abcd8030795bc9cb,15,discovery_usable,normal_rate_diagnostic,0.19025422721111085,
SCAN-02R-abcd8030795bc9cb,16,discovery_usable,normal_rate_diagnostic,0.21377502949303648,
SCAN-02R-abcd8030795bc9cb,17,discovery_usable,normal_rate_diagnostic,0.1896813353566009,
SCAN-02R-abcd8030795bc9cb,18,discovery_usable,normal_rate_diagnostic,0.11575592477408302,
SCAN-02R-abcd8030795bc9cb,19,discovery_usable,normal_rate_diagnostic,0.17080307148479854,
SCAN-02R-abcd8030795bc9cb,20,discovery_usable,normal_rate_diagnostic,0.1891555659025267,
SCAN-02R-abcd8030795bc9cb,21,discovery_usable,normal_rate_diagnostic,0.24349211970958032,
SCAN-02R-abcd8030795bc9cb,22,discovery_usable,normal_rate_diagnostic,0.17533695188144174,
SCAN-02R-abcd8030795bc9cb,23,discovery_usable,normal_rate_diagnostic,0.1412540218158989,
SCAN-02R-abcd8030795bc9cb,24,discovery_usable,normal_rate_diagnostic,0.1276110415453697,
SCAN-02R-abcd8030795bc9cb,25,discovery_usable,normal_rate_diagnostic,0.07120253164556961,
SCAN-02R-abcd8030795bc9cb,26,discovery_usable,normal_rate_diagnostic,0.13149243918474687,
SCAN-02R-abcd8030795bc9cb,27,discovery_usable,normal_rate_diagnostic,0.13409019800652572,
SCAN-02R-abcd8030795bc9cb,28,discovery_usable,normal_rate_diagnostic,0.1450168582097669,
SCAN-02R-abcd8030795bc9cb,29,discovery_usable,normal_rate_diagnostic,0.1492187333461235,
SCAN-02R-abcd8030795bc9cb,30,discovery_usable,normal_rate_diagnostic,0.1466091400326729,
SCAN-02R-abcd8030795bc9cb,31,discovery_usable,normal_rate_diagnostic,0.1787740227593083,
SCAN-02R-abcd8030795bc9cb,32,discovery_usable,normal_rate_diagnostic,0.11512467324908916,
SCAN-02R-abcd8030795bc9cb,33,discovery_usable,normal_rate_diagnostic,0.14693997502020426,
SCAN-02R-abcd8030795bc9cb,34,discovery_usable,normal_rate_diagnostic,0.15729556492046742,
SCAN-02R-abcd8030795bc9cb,35,discovery_usable,normal_rate_diagnostic,0.1410916646892456,
SCAN-02R-abcd8030795bc9cb,36,discovery_usable,normal_rate_diagnostic,0.156002346275288,
SCAN-02R-abcd8030795bc9cb,37,discovery_usable,normal_rate_diagnostic,0.17079627664116923,
SCAN-02R-abcd8030795bc9cb,38,discovery_usable,normal_rate_diagnostic,0.14350462204470169,
SCAN-02R-abcd8030795bc9cb,39,discovery_usable,normal_rate_diagnostic,0.19415647835449443,
SCAN-02R-abcd8030795bc9cb,40,discovery_usable,normal_rate_diagnostic,0.20230746109916534,
SCAN-02R-abcd8030795bc9cb,41,discovery_usable,normal_rate_diagnostic,0.19859508165094927,
SCAN-02R-abcd8030795bc9cb,42,discovery_usable,normal_rate_diagnostic,0.30887519787317363,
SCAN-02R-abcd8030795bc9cb,43,discovery_usable,normal_rate_diagnostic,0.6051421012890063,
SCAN-02R-abcd8030795bc9cb,44,discovery_usable,normal_rate_diagnostic,0.4770893401646995,
SCAN-02R-abcd8030795bc9cb,45,discovery_usable,normal_rate_diagnostic,0.37413761280249025,
SCAN-02R-abcd8030795bc9cb,46,discovery_usable,normal_rate_diagnostic,0.3116101134260813,
SCAN-02R-abcd8030795bc9cb,47,discovery_usable,normal_rate_diagnostic,0.24994561368591095,
SCAN-02R-abcd8030795bc9cb,48,discovery_usable,normal_rate_diagnostic,0.24270971917586567,
SCAN-02R-abcd8030795bc9cb,49,discovery_usable,normal_rate_diagnostic,0.1360801028941165,
SCAN-02R-abcd8030795bc9cb,50,discovery_usable,normal_rate_diagnostic,0.10813102019454933,
SCAN-02R-abcd8030795bc9cb,51,discovery_usable,normal_rate_diagnostic,0.1151459581636352,
SCAN-02R-abcd8030795bc9cb,52,discovery_usable,normal_rate_diagnostic,0.08892991898907857,
SCAN-02R-abcd8030795bc9cb,53,discovery_usable,normal_rate_diagnostic,0.09179901023976232,
SCAN-02R-abcd8030795bc9cb,54,discovery_usable,normal_rate_diagnostic,0.07436664408124143,
SCAN-02R-abcd8030795bc9cb,55,discovery_usable,normal_rate_diagnostic,0.07694644122709324,
SCAN-02R-ae86f327e3ed5623,0,discovery_usable,normal_rate_diagnostic,0.15782927922524764,
SCAN-02R-ae86f327e3ed5623,1,discovery_usable,normal_rate_diagnostic,0.15859220868197188,
SCAN-02R-ae86f327e3ed5623,2,discovery_usable,normal_rate_diagnostic,0.1868367296098849,
SCAN-02R-ae86f327e3ed5623,3,discovery_usable,normal_rate_diagnostic,0.14534355583009337,
SCAN-02R-ae86f327e3ed5623,4,discovery_usable,normal_rate_diagnostic,0.21719733258194795,
SCAN-02R-ae86f327e3ed5623,5,discovery_usable,normal_rate_diagnostic,0.14426184101191025,
SCAN-02R-ae86f327e3ed5623,6,discovery_usable,normal_rate_diagnostic,0.22993113857183284,
SCAN-02R-ae86f327e3ed5623,7,discovery_usable,normal_rate_diagnostic,0.2588087403408881,
SCAN-02R-ae86f327e3ed5623,8,discovery_usable,normal_rate_diagnostic,0.13876361617983765,
SCAN-02R-ae86f327e3ed5623,9,discovery_usable,normal_rate_diagnostic,0.18926250709734402,
SCAN-02R-ae86f327e3ed5623,10,discovery_usable,normal_rate_diagnostic,0.1584544982062951,
SCAN-02R-ae86f327e3ed5623,11,discovery_usable,normal_rate_diagnostic,0.1836384475585585,
SCAN-02R-ae86f327e3ed5623,12,discovery_usable,normal_rate_diagnostic,0.23051236044657097,
SCAN-02R-ae86f327e3ed5623,13,discovery_usable,normal_rate_diagnostic,0.18625442354255914,
SCAN-02R-ae86f327e3ed5623,14,discovery_usable,normal_rate_diagnostic,0.2817774521682775,
SCAN-02R-ae86f327e3ed5623,15,discovery_usable,normal_rate_diagnostic,0.19063051041319162,
SCAN-02R-ae86f327e3ed5623,16,discovery_usable,normal_rate_diagnostic,0.16800562055166937,
SCAN-02R-ae86f327e3ed5623,17,discovery_usable,normal_rate_diagnostic,0.2166459950279744,
SCAN-02R-ae86f327e3ed5623,18,discovery_usable,normal_rate_diagnostic,0.2737613694772834,
SCAN-02R-ae86f327e3ed5623,19,discovery_usable,normal_rate_diagnostic,0.2904549250263225,
SCAN-02R-ae86f327e3ed5623,20,discovery_usable,normal_rate_diagnostic,0.19238446110707638,
SCAN-02R-ae86f327e3ed5623,21,discovery_usable,normal_rate_diagnostic,0.26822202931910616,
SCAN-02R-ae86f327e3ed5623,22,discovery_usable,normal_rate_diagnostic,0.22257581784773922,
SCAN-02R-ae86f327e3ed5623,23,discovery_usable,normal_rate_diagnostic,0.1786008682749904,
SCAN-02R-ae86f327e3ed5623,24,discovery_usable,normal_rate_diagnostic,0.22645568545305292,
SCAN-02R-ae86f327e3ed5623,25,discovery_usable,normal_rate_diagnostic,12.66255844501417,
SCAN-02R-b704f6a14f738619,0,discovery_usable,normal_rate_diagnostic,9.828725639020501,
SCAN-02R-b704f6a14f738619,1,discovery_usable,normal_rate_diagnostic,0.3521987966541114,
SCAN-02R-b704f6a14f738619,2,discovery_usable,normal_rate_diagnostic,0.19532557983793558,
SCAN-02R-b704f6a14f738619,3,discovery_usable,normal_rate_diagnostic,0.2941617543576315,
SCAN-02R-b704f6a14f738619,4,discovery_usable,normal_rate_diagnostic,0.26896180742334586,
SCAN-02R-b704f6a14f738619,5,discovery_usable,normal_rate_diagnostic,0.28305224672720836,
SCAN-02R-b704f6a14f738619,6,discovery_usable,normal_rate_diagnostic,0.26360117784721415,
SCAN-02R-b704f6a14f738619,7,discovery_usable,normal_rate_diagnostic,0.28376451697742344,
SCAN-02R-b704f6a14f738619,8,discovery_usable,normal_rate_diagnostic,0.30207627090199973,
SCAN-02R-b704f6a14f738619,9,discovery_usable,normal_rate_diagnostic,0.2978699132374657,
SCAN-02R-b704f6a14f738619,10,discovery_usable,normal_rate_diagnostic,0.3541053266621638,
SCAN-02R-b704f6a14f738619,11,discovery_usable,normal_rate_diagnostic,0.25941792227278143,
SCAN-02R-b704f6a14f738619,12,discovery_usable,normal_rate_diagnostic,0.3582971925922055,
SCAN-02R-b704f6a14f738619,13,discovery_usable,normal_rate_diagnostic,0.2790892387841012,
SCAN-02R-b704f6a14f738619,14,discovery_usable,normal_rate_diagnostic,0.29207682409870617,
SCAN-02R-b704f6a14f738619,15,discovery_usable,normal_rate_diagnostic,0.27602523659305994,
SCAN-02R-b704f6a14f738619,16,discovery_usable,normal_rate_diagnostic,0.2360903439049343,
SCAN-02R-b704f6a14f738619,17,discovery_usable,normal_rate_diagnostic,0.27542572948471783,
SCAN-02R-b704f6a14f738619,18,discovery_usable,normal_rate_diagnostic,0.31571490174336225,
SCAN-02R-b704f6a14f738619,19,discovery_usable,normal_rate_diagnostic,0.25660200296192026,
SCAN-02R-c3dcce6e5bc72678,0,discovery_usable,normal_rate_diagnostic,69.7658934817903,
SCAN-02R-c3dcce6e5bc72678,1,discovery_usable,normal_rate_diagnostic,0.2888648168208205,
SCAN-02R-c3dcce6e5bc72678,2,discovery_usable,normal_rate_diagnostic,0.4321884341572926,
SCAN-02R-c3dcce6e5bc72678,3,discovery_usable,normal_rate_diagnostic,0.36719706242350064,
SCAN-02R-c3dcce6e5bc72678,4,discovery_usable,normal_rate_diagnostic,0.34350142452061344,
SCAN-02R-c3dcce6e5bc72678,5,discovery_usable,normal_rate_diagnostic,0.23050731366776653,
SCAN-02R-c3dcce6e5bc72678,6,discovery_usable,normal_rate_diagnostic,0.3755050542980309,
SCAN-02R-c3dcce6e5bc72678,7,discovery_usable,normal_rate_diagnostic,0.23676484515579127,
SCAN-02R-c3dcce6e5bc72678,8,discovery_usable,normal_rate_diagnostic,0.30738431709450886,
SCAN-02R-c3dcce6e5bc72678,9,discovery_usable,normal_rate_diagnostic,0.2928618770904943,
SCAN-02R-c3dcce6e5bc72678,10,discovery_usable,normal_rate_diagnostic,0.21713954834973945,
SCAN-02R-c5843105fb81b54c,0,discovery_usable,normal_rate_diagnostic,0.1499673071270463,
SCAN-02R-c5843105fb81b54c,1,discovery_usable,normal_rate_diagnostic,0.1745978229457663,
SCAN-02R-c5843105fb81b54c,2,discovery_usable,normal_rate_diagnostic,0.13615751648689928,
SCAN-02R-c5843105fb81b54c,3,discovery_usable,normal_rate_diagnostic,0.16044833850015186,
SCAN-02R-c5843105fb81b54c,4,discovery_usable,normal_rate_diagnostic,0.21658845416932773,
SCAN-02R-c5843105fb81b54c,5,discovery_usable,normal_rate_diagnostic,0.2134576861186825,
SCAN-02R-c5843105fb81b54c,6,discovery_usable,normal_rate_diagnostic,0.2394716031231552,
SCAN-02R-c5843105fb81b54c,7,discovery_usable,normal_rate_diagnostic,0.26209571735597836,
SCAN-02R-c5843105fb81b54c,8,discovery_usable,normal_rate_diagnostic,0.26789222398171186,
SCAN-02R-c5843105fb81b54c,9,discovery_usable,normal_rate_diagnostic,0.23200337892100584,
SCAN-02R-c5843105fb81b54c,10,discovery_usable,normal_rate_diagnostic,0.23816186671271128,
SCAN-02R-c5843105fb81b54c,11,discovery_usable,normal_rate_diagnostic,0.25551435634150976,
SCAN-02R-c5843105fb81b54c,12,discovery_usable,normal_rate_diagnostic,0.304369457695572,
SCAN-02R-c5843105fb81b54c,13,discovery_usable,normal_rate_diagnostic,0.23602665977318962,
SCAN-02R-c5843105fb81b54c,14,discovery_usable,normal_rate_diagnostic,0.2842688762430183,
SCAN-02R-c5843105fb81b54c,15,discovery_usable,normal_rate_diagnostic,0.27820833830133934,
SCAN-02R-c5843105fb81b54c,16,discovery_usable,normal_rate_diagnostic,0.31436954616469154,
SCAN-02R-c5843105fb81b54c,17,discovery_usable,normal_rate_diagnostic,0.3034747863031713,
SCAN-02R-c5843105fb81b54c,18,discovery_usable,normal_rate_diagnostic,0.30199053415877414,
SCAN-02R-c5843105fb81b54c,19,discovery_usable,normal_rate_diagnostic,0.26161016210140786,
SCAN-02R-c5843105fb81b54c,20,discovery_usable,normal_rate_diagnostic,0.27743223046563864,
SCAN-02R-c5843105fb81b54c,21,discovery_usable,normal_rate_diagnostic,0.23928197348936323,
SCAN-02R-c5843105fb81b54c,22,discovery_usable,normal_rate_diagnostic,0.19137340866486602,
SCAN-02R-c5843105fb81b54c,23,discovery_usable,normal_rate_diagnostic,0.22162657177146539,
SCAN-02R-c5843105fb81b54c,24,discovery_usable,normal_rate_diagnostic,0.3030325157540398,
SCAN-02R-c5843105fb81b54c,25,discovery_usable,normal_rate_diagnostic,13.807148257768896,
SCAN-02R-c7a73b4824a01210,0,discovery_usable,normal_rate_diagnostic,11.854256964758857,
SCAN-02R-c7a73b4824a01210,1,discovery_usable,normal_rate_diagnostic,0.4649227983458536,
SCAN-02R-c7a73b4824a01210,2,discovery_usable,normal_rate_diagnostic,0.1893264433357092,
SCAN-02R-c7a73b4824a01210,3,discovery_usable,normal_rate_diagnostic,0.31137917911222335,
SCAN-02R-c7a73b4824a01210,4,discovery_usable,normal_rate_diagnostic,0.20333347287591277,
SCAN-02R-c7a73b4824a01210,5,discovery_usable,normal_rate_diagnostic,0.2899322505251324,
SCAN-02R-c7a73b4824a01210,6,discovery_usable,normal_rate_diagnostic,0.4090005687664159,
SCAN-02R-c7a73b4824a01210,7,discovery_usable,normal_rate_diagnostic,0.34564999481525005,
SCAN-02R-c7a73b4824a01210,8,discovery_usable,normal_rate_diagnostic,0.3087061855324175,
SCAN-02R-c7a73b4824a01210,9,discovery_usable,normal_rate_diagnostic,0.25889722411659216,
SCAN-02R-c7a73b4824a01210,10,discovery_usable,normal_rate_diagnostic,0.32193000321930004,
SCAN-02R-c7a73b4824a01210,11,discovery_usable,normal_rate_diagnostic,0.36482011561991357,
SCAN-02R-c7a73b4824a01210,12,discovery_usable,normal_rate_diagnostic,0.4879623443212444,
SCAN-02R-c7a73b4824a01210,13,discovery_usable,normal_rate_diagnostic,0.41227490179300685,
SCAN-02R-c7a73b4824a01210,14,discovery_usable,normal_rate_diagnostic,0.41820864666103796,
SCAN-02R-c7a73b4824a01210,15,discovery_usable,normal_rate_diagnostic,0.331612108579279,
SCAN-02R-c7a73b4824a01210,16,discovery_usable,normal_rate_diagnostic,0.3548112404200965,
SCAN-02R-c7a73b4824a01210,17,discovery_usable,normal_rate_diagnostic,0.2914739918544836,
SCAN-02R-c7a73b4824a01210,18,discovery_usable,normal_rate_diagnostic,0.39267318042177723,
SCAN-02R-c7a73b4824a01210,19,discovery_usable,normal_rate_diagnostic,0.2722389816790523,
SCAN-02R-d2b7e9ee069bd20e,0,discovery_usable,normal_rate_diagnostic,0.1433181184502534,
SCAN-02R-d2b7e9ee069bd20e,1,discovery_usable,normal_rate_diagnostic,0.14667709703801157,
SCAN-02R-d2b7e9ee069bd20e,2,discovery_usable,normal_rate_diagnostic,0.3275452057253107,
SCAN-02R-d2b7e9ee069bd20e,3,discovery_usable,normal_rate_diagnostic,0.8689954505532295,
SCAN-02R-d2b7e9ee069bd20e,4,discovery_usable,normal_rate_diagnostic,0.5487897991906544,
SCAN-02R-d2b7e9ee069bd20e,5,discovery_usable,normal_rate_diagnostic,0.5954912803062526,
SCAN-02R-d2b7e9ee069bd20e,6,discovery_usable,normal_rate_diagnostic,0.4780778187313974,
SCAN-02R-d2b7e9ee069bd20e,7,discovery_usable,normal_rate_diagnostic,0.5601516718372975,
SCAN-02R-d2b7e9ee069bd20e,8,discovery_usable,normal_rate_diagnostic,0.4330831684145318,
SCAN-02R-d2b7e9ee069bd20e,9,discovery_usable,normal_rate_diagnostic,0.36237012711264616,
SCAN-02R-d2b7e9ee069bd20e,10,discovery_usable,normal_rate_diagnostic,0.3275391466743284,
SCAN-02R-d2b7e9ee069bd20e,11,discovery_usable,normal_rate_diagnostic,0.2709324789143854,
SCAN-02R-d2b7e9ee069bd20e,12,discovery_usable,normal_rate_diagnostic,0.20177083580601513,
SCAN-02R-d2b7e9ee069bd20e,13,discovery_usable,normal_rate_diagnostic,0.1896790141586206,
SCAN-02R-d2b7e9ee069bd20e,14,discovery_usable,normal_rate_diagnostic,0.2794822746130723,
SCAN-02R-d2b7e9ee069bd20e,15,discovery_usable,normal_rate_diagnostic,0.18503158297709438,
SCAN-02R-d2b7e9ee069bd20e,16,discovery_usable,normal_rate_diagnostic,0.2631700144085583,
SCAN-02R-d2b7e9ee069bd20e,17,discovery_usable,normal_rate_diagnostic,0.2116920145802875,
SCAN-02R-d2b7e9ee069bd20e,18,discovery_usable,normal_rate_diagnostic,0.18096272167933405,
SCAN-02R-d2b7e9ee069bd20e,19,discovery_usable,normal_rate_diagnostic,0.22519909647392808,
SCAN-02R-d2b7e9ee069bd20e,20,discovery_usable,normal_rate_diagnostic,0.2976375881664832,
SCAN-02R-d2b7e9ee069bd20e,21,discovery_usable,normal_rate_diagnostic,0.3111849782524134,
SCAN-02R-d2b7e9ee069bd20e,22,discovery_usable,normal_rate_diagnostic,0.24734468208933508,
SCAN-02R-d2b7e9ee069bd20e,23,discovery_usable,normal_rate_diagnostic,0.2764722145424385,
SCAN-02R-d2b7e9ee069bd20e,24,discovery_usable,normal_rate_diagnostic,0.40494973172080273,
SCAN-02R-d2b7e9ee069bd20e,25,discovery_usable,normal_rate_diagnostic,0.2855692346744511,
SCAN-02R-d2b7e9ee069bd20e,26,discovery_usable,normal_rate_diagnostic,0.30264415418923224,
SCAN-02R-d2b7e9ee069bd20e,27,discovery_usable,normal_rate_diagnostic,0.32210420463830053,
SCAN-02R-d2b7e9ee069bd20e,28,discovery_usable,normal_rate_diagnostic,0.3112781384048893,
SCAN-02R-d2b7e9ee069bd20e,29,discovery_usable,normal_rate_diagnostic,0.38242042713420016,
SCAN-02R-d2b7e9ee069bd20e,30,discovery_usable,normal_rate_diagnostic,0.5069708491761724,
SCAN-02R-ebc55d8b20e3cec0,0,discovery_usable,normal_rate_diagnostic,8.956746565580287,
SCAN-02R-ebc55d8b20e3cec0,1,discovery_usable,normal_rate_diagnostic,0.19974666276917083,
SCAN-02R-ebc55d8b20e3cec0,2,discovery_usable,normal_rate_diagnostic,0.18877981610624972,
SCAN-02R-ebc55d8b20e3cec0,3,discovery_usable,normal_rate_diagnostic,0.2593166717569569,
SCAN-02R-ebc55d8b20e3cec0,4,discovery_usable,normal_rate_diagnostic,0.23298465288273704,
SCAN-02R-ebc55d8b20e3cec0,5,discovery_usable,normal_rate_diagnostic,0.16557564145777526,
SCAN-02R-ebc55d8b20e3cec0,6,discovery_usable,normal_rate_diagnostic,0.2622455897967277,
SCAN-02R-ebc55d8b20e3cec0,7,discovery_usable,normal_rate_diagnostic,0.30482946869609195,
SCAN-02R-ebc55d8b20e3cec0,8,discovery_usable,normal_rate_diagnostic,0.18098334282937292,
SCAN-02R-ebc55d8b20e3cec0,9,discovery_usable,normal_rate_diagnostic,0.17710645995812696,
SCAN-02R-ebc55d8b20e3cec0,10,discovery_usable,normal_rate_diagnostic,0.24341464698297416,
SCAN-02R-ebc55d8b20e3cec0,11,discovery_usable,normal_rate_diagnostic,0.18891952028435885,
SCAN-02R-ebc55d8b20e3cec0,12,discovery_usable,normal_rate_diagnostic,0.2397506593143131,
SCAN-02R-ebc55d8b20e3cec0,13,discovery_usable,normal_rate_diagnostic,0.24106129177747707,
SCAN-02R-ebc55d8b20e3cec0,14,discovery_usable,normal_rate_diagnostic,0.2366434493149172,
SCAN-02R-ebc55d8b20e3cec0,15,discovery_usable,normal_rate_diagnostic,0.1892759406619926,
SCAN-02R-ebc55d8b20e3cec0,16,discovery_usable,normal_rate_diagnostic,0.17336758656558812,
SCAN-02R-ebc55d8b20e3cec0,17,discovery_usable,normal_rate_diagnostic,0.33146031946461263,
SCAN-02R-ebc55d8b20e3cec0,18,discovery_usable,normal_rate_diagnostic,0.22365498519249755,
SCAN-02R-ebc55d8b20e3cec0,19,discovery_usable,normal_rate_diagnostic,0.25814445763849453,
SCAN-02R-ebc55d8b20e3cec0,20,discovery_usable,normal_rate_diagnostic,0.24632326305875535,
SCAN-02R-ebc55d8b20e3cec0,21,discovery_usable,normal_rate_diagnostic,0.21275190926497883,
SCAN-02R-ebc55d8b20e3cec0,22,discovery_usable,normal_rate_diagnostic,0.1973928953741734,
SCAN-02R-ebc55d8b20e3cec0,23,discovery_usable,normal_rate_diagnostic,0.23536057239691208,
SCAN-02R-ebc55d8b20e3cec0,24,discovery_usable,normal_rate_diagnostic,0.21521489605917613,
SCAN-02R-ebc55d8b20e3cec0,25,discovery_usable,normal_rate_diagnostic,0.17456576765296325,
SCAN-02R-ebc55d8b20e3cec0,26,discovery_usable,normal_rate_diagnostic,0.1616702850016167,
SCAN-02R-ebc55d8b20e3cec0,27,discovery_usable,normal_rate_diagnostic,0.15589737498515263,
SCAN-02R-ebc55d8b20e3cec0,28,discovery_usable,normal_rate_diagnostic,0.20323580434198782,
SCAN-02R-ebc55d8b20e3cec0,29,discovery_usable,normal_rate_diagnostic,0.11968543850632574,
SCAN-02R-ebc55d8b20e3cec0,30,discovery_usable,normal_rate_diagnostic,0.20896312497387962,
SCAN-02R-ebc55d8b20e3cec0,31,discovery_usable,normal_rate_diagnostic,0.15106984920482328,
SCAN-02R-ebc55d8b20e3cec0,32,discovery_usable,normal_rate_diagnostic,0.19646631618882446,
SCAN-02R-ebc55d8b20e3cec0,33,discovery_usable,normal_rate_diagnostic,0.15309144884415957,
SCAN-02R-ebc55d8b20e3cec0,34,discovery_usable,normal_rate_diagnostic,0.11152221260069799,
SCAN-02R-ebc55d8b20e3cec0,35,discovery_usable,normal_rate_diagnostic,0.1733102253032929,
SCAN-02R-ebc55d8b20e3cec0,36,discovery_usable,normal_rate_diagnostic,0.13726236453140503,
SCAN-02R-ebc55d8b20e3cec0,37,discovery_usable,normal_rate_diagnostic,0.1528313536578656,
SCAN-02R-ebc55d8b20e3cec0,38,discovery_usable,normal_rate_diagnostic,0.15563270681192387,
SCAN-02R-ebc55d8b20e3cec0,39,discovery_usable,normal_rate_diagnostic,0.15317183523423508,
SCAN-02R-ebc55d8b20e3cec0,40,discovery_usable,normal_rate_diagnostic,0.173548842429221,
SCAN-02R-ebc55d8b20e3cec0,41,discovery_usable,normal_rate_diagnostic,0.2096317280453258,
SCAN-02R-ebc55d8b20e3cec0,42,discovery_usable,normal_rate_diagnostic,0.29825685438437577,
SCAN-02R-ebc55d8b20e3cec0,43,discovery_usable,normal_rate_diagnostic,0.33334946314606617,
SCAN-02R-ebc55d8b20e3cec0,44,discovery_usable,normal_rate_diagnostic,0.3211420224695821,
SCAN-02R-ebc55d8b20e3cec0,45,discovery_usable,normal_rate_diagnostic,0.3538623326006888,
SCAN-02R-ebc55d8b20e3cec0,46,discovery_usable,normal_rate_diagnostic,0.2541832325392905,
SCAN-02R-ebc55d8b20e3cec0,47,discovery_usable,normal_rate_diagnostic,0.16728702270921333,
SCAN-02R-ebc55d8b20e3cec0,48,discovery_usable,normal_rate_diagnostic,0.11676157286820314,
SCAN-02R-ebc55d8b20e3cec0,49,discovery_usable,normal_rate_diagnostic,0.16252734412749173,
SCAN-02R-ebc55d8b20e3cec0,50,discovery_usable,normal_rate_diagnostic,0.09077352006743176,
SCAN-02R-ebc55d8b20e3cec0,51,discovery_usable,normal_rate_diagnostic,0.08956293288750895,
SCAN-02R-ebc55d8b20e3cec0,52,discovery_usable,normal_rate_diagnostic,0.10954609994817627,
SCAN-02R-ebc55d8b20e3cec0,53,discovery_usable,normal_rate_diagnostic,0.0918971754149993,
SCAN-02R-ebc55d8b20e3cec0,54,discovery_usable,normal_rate_diagnostic,0.09461438467740609,
SCAN-02R-ebc55d8b20e3cec0,55,discovery_usable,normal_rate_diagnostic,0.09736110829394941,
SCAN-02R-eea1fadd4abbd144,0,discovery_usable,normal_rate_diagnostic,0.12560210509128134,
SCAN-02R-eea1fadd4abbd144,1,discovery_usable,normal_rate_diagnostic,0.17326129086078776,
SCAN-02R-eea1fadd4abbd144,2,discovery_usable,normal_rate_diagnostic,0.1496567248872898,
SCAN-02R-eea1fadd4abbd144,3,discovery_usable,normal_rate_diagnostic,0.19963581587528206,
SCAN-02R-eea1fadd4abbd144,4,discovery_usable,normal_rate_diagnostic,0.1054728700339857,
SCAN-02R-eea1fadd4abbd144,5,discovery_usable,normal_rate_diagnostic,0.20839725147180557,
SCAN-02R-eea1fadd4abbd144,6,discovery_usable,normal_rate_diagnostic,0.2421836697323575,
SCAN-02R-eea1fadd4abbd144,7,discovery_usable,normal_rate_diagnostic,0.23454184103000902,
SCAN-02R-eea1fadd4abbd144,8,discovery_usable,normal_rate_diagnostic,0.25284290238367646,
SCAN-02R-eea1fadd4abbd144,9,discovery_usable,normal_rate_diagnostic,0.1831524965579962,
SCAN-02R-eea1fadd4abbd144,10,discovery_usable,normal_rate_diagnostic,0.23403797740584717,
SCAN-02R-eea1fadd4abbd144,11,discovery_usable,normal_rate_diagnostic,0.2026547775863816,
SCAN-02R-eea1fadd4abbd144,12,discovery_usable,normal_rate_diagnostic,0.18683556601834728,
SCAN-02R-eea1fadd4abbd144,13,discovery_usable,normal_rate_diagnostic,0.2587384395063511,
SCAN-02R-eea1fadd4abbd144,14,discovery_usable,normal_rate_diagnostic,0.209229864452977,
SCAN-02R-eea1fadd4abbd144,15,discovery_usable,normal_rate_diagnostic,0.16487958471619438,
SCAN-02R-eea1fadd4abbd144,16,discovery_usable,normal_rate_diagnostic,0.2253728896902147,
SCAN-02R-eea1fadd4abbd144,17,discovery_usable,normal_rate_diagnostic,0.22932774210457343,
SCAN-02R-eea1fadd4abbd144,18,discovery_usable,normal_rate_diagnostic,0.2873401318384134,
SCAN-02R-eea1fadd4abbd144,19,discovery_usable,normal_rate_diagnostic,0.22031862269386726,
SCAN-02R-eea1fadd4abbd144,20,discovery_usable,normal_rate_diagnostic,0.26323743041269776,
SCAN-02R-eea1fadd4abbd144,21,discovery_usable,normal_rate_diagnostic,0.17739408095083228,
SCAN-02R-eea1fadd4abbd144,22,discovery_usable,normal_rate_diagnostic,0.28779324932968153,
SCAN-02R-eea1fadd4abbd144,23,discovery_usable,normal_rate_diagnostic,0.2371265837498547,
SCAN-02R-eea1fadd4abbd144,24,discovery_usable,normal_rate_diagnostic,0.22874135071767598,
SCAN-02R-eea1fadd4abbd144,25,discovery_usable,normal_rate_diagnostic,12.94266297851996,
SCAN-02R-ef6a11424f751d3f,0,discovery_usable,normal_rate_diagnostic,0.38998349069889376,
SCAN-02R-ef6a11424f751d3f,1,discovery_usable,normal_rate_diagnostic,0.19053949263321146,
SCAN-02R-ef6a11424f751d3f,2,discovery_usable,normal_rate_diagnostic,0.26838072489633796,
SCAN-02R-ef6a11424f751d3f,3,discovery_usable,normal_rate_diagnostic,0.3256889484434395,
SCAN-02R-ef6a11424f751d3f,4,discovery_usable,normal_rate_diagnostic,0.5733177900510253,
SCAN-02R-ef6a11424f751d3f,5,discovery_usable,normal_rate_diagnostic,0.8610203090662435,
SCAN-02R-ef6a11424f751d3f,6,discovery_usable,normal_rate_diagnostic,0.5314894605123972,
SCAN-02R-ef6a11424f751d3f,7,discovery_usable,normal_rate_diagnostic,0.3981555712187327,
SCAN-02R-ef6a11424f751d3f,8,discovery_usable,normal_rate_diagnostic,0.3128739392475656,
SCAN-02R-ef6a11424f751d3f,9,discovery_usable,normal_rate_diagnostic,0.32389860269006315,
SCAN-02R-ef6a11424f751d3f,10,discovery_usable,normal_rate_diagnostic,0.22949465277459036,
SCAN-02R-ef6a11424f751d3f,11,discovery_usable,normal_rate_diagnostic,0.21721008324429675,
SCAN-02R-ef6a11424f751d3f,12,discovery_usable,normal_rate_diagnostic,0.1835785982885737,
SCAN-02R-ef6a11424f751d3f,13,discovery_usable,normal_rate_diagnostic,0.156916707404658,
SCAN-02R-ef6a11424f751d3f,14,discovery_usable,normal_rate_diagnostic,0.19941049273086436,
SCAN-02R-ef6a11424f751d3f,15,discovery_usable,normal_rate_diagnostic,0.20370099240577239,
SCAN-02R-ef6a11424f751d3f,16,discovery_usable,normal_rate_diagnostic,0.1759932210018577,
SCAN-02R-ef6a11424f751d3f,17,discovery_usable,normal_rate_diagnostic,0.13921575126785773,
SCAN-02R-ef6a11424f751d3f,18,discovery_usable,normal_rate_diagnostic,0.1870794887384829,
SCAN-02R-ef6a11424f751d3f,19,discovery_usable,normal_rate_diagnostic,0.23778789319926627,
SCAN-02R-ef6a11424f751d3f,20,discovery_usable,normal_rate_diagnostic,0.1384255478191055,
SCAN-02R-ef6a11424f751d3f,21,discovery_usable,normal_rate_diagnostic,0.1634823154782213,
SCAN-02R-ef6a11424f751d3f,22,discovery_usable,normal_rate_diagnostic,0.15287737050922723,
SCAN-02R-ef6a11424f751d3f,23,discovery_usable,normal_rate_diagnostic,0.2241398632746834,
SCAN-02R-ef6a11424f751d3f,24,discovery_usable,normal_rate_diagnostic,0.22506441498773785,
SCAN-02R-ef6a11424f751d3f,25,discovery_usable,normal_rate_diagnostic,0.24671707122960604,
SCAN-02R-ef6a11424f751d3f,26,discovery_usable,normal_rate_diagnostic,0.21586875179890627,
SCAN-02R-ef6a11424f751d3f,27,discovery_usable,normal_rate_diagnostic,0.1888291804026782,
SCAN-02R-ef6a11424f751d3f,28,discovery_usable,normal_rate_diagnostic,0.23661593417497365,
SCAN-02R-ef6a11424f751d3f,29,discovery_usable,normal_rate_diagnostic,0.2134283212022638,
SCAN-02R-ef6a11424f751d3f,30,discovery_usable,normal_rate_diagnostic,0.166929156717447,
SCAN-02R-f36bb8e354cf21b7,0,discovery_usable,normal_rate_diagnostic,0.1677058439497122,
SCAN-02R-f36bb8e354cf21b7,1,discovery_usable,normal_rate_diagnostic,0.14442258047045656,
SCAN-02R-f36bb8e354cf21b7,2,discovery_usable,normal_rate_diagnostic,0.13639814024100957,
SCAN-02R-f36bb8e354cf21b7,3,discovery_usable,normal_rate_diagnostic,0.2066507086397217,
SCAN-02R-f36bb8e354cf21b7,4,discovery_usable,normal_rate_diagnostic,0.1940047004567425,
SCAN-02R-f36bb8e354cf21b7,5,discovery_usable,normal_rate_diagnostic,0.1749331700623746,
SCAN-02R-f36bb8e354cf21b7,6,discovery_usable,normal_rate_diagnostic,0.18379281537176273,
SCAN-02R-f36bb8e354cf21b7,7,discovery_usable,normal_rate_diagnostic,0.24448454508411432,
SCAN-02R-f36bb8e354cf21b7,8,discovery_usable,normal_rate_diagnostic,0.25029946543185594,
SCAN-02R-f36bb8e354cf21b7,9,discovery_usable,normal_rate_diagnostic,0.24975173488258695,
SCAN-02R-f36bb8e354cf21b7,10,discovery_usable,normal_rate_diagnostic,0.2087234473957277,
SCAN-02R-f36bb8e354cf21b7,11,discovery_usable,normal_rate_diagnostic,0.27282216739419246,
SCAN-02R-f36bb8e354cf21b7,12,discovery_usable,normal_rate_diagnostic,0.2863152974173192,
SCAN-02R-f36bb8e354cf21b7,13,discovery_usable,normal_rate_diagnostic,0.22573872999390507,
SCAN-02R-f36bb8e354cf21b7,14,discovery_usable,normal_rate_diagnostic,0.19499957837929,
SCAN-02R-f36bb8e354cf21b7,15,discovery_usable,normal_rate_diagnostic,0.3019517966131898,
SCAN-02R-f36bb8e354cf21b7,16,discovery_usable,normal_rate_diagnostic,0.20948989211270558,
SCAN-02R-f36bb8e354cf21b7,17,discovery_usable,normal_rate_diagnostic,0.2939983779399838,
SCAN-02R-f36bb8e354cf21b7,18,discovery_usable,normal_rate_diagnostic,0.24484012460799534,
SCAN-02R-f36bb8e354cf21b7,19,discovery_usable,normal_rate_diagnostic,0.21277418855661728,
SCAN-02R-f36bb8e354cf21b7,20,discovery_usable,normal_rate_diagnostic,0.24485798237022527,
SCAN-02R-f36bb8e354cf21b7,21,discovery_usable,normal_rate_diagnostic,0.2474145182839329,
SCAN-02R-f36bb8e354cf21b7,22,discovery_usable,normal_rate_diagnostic,0.23019657919196657,
SCAN-02R-f36bb8e354cf21b7,23,discovery_usable,normal_rate_diagnostic,0.19623479702224134,
SCAN-02R-f36bb8e354cf21b7,24,discovery_usable,normal_rate_diagnostic,0.22594999216463738,
SCAN-02R-f36bb8e354cf21b7,25,discovery_usable,normal_rate_diagnostic,12.75636776820377,
SCAN-02R-f380a5a0600b447a,0,discovery_usable,normal_rate_diagnostic,0.17937863241730645,
SCAN-02R-f380a5a0600b447a,1,discovery_usable,normal_rate_diagnostic,0.06611570247933884,
SCAN-02R-f380a5a0600b447a,2,discovery_usable,normal_rate_diagnostic,0.25438217668321134,
SCAN-02R-f380a5a0600b447a,3,discovery_usable,normal_rate_diagnostic,0.1433026092539093,
SCAN-02R-f380a5a0600b447a,4,discovery_usable,normal_rate_diagnostic,0.18295218295218296,
SCAN-02R-f380a5a0600b447a,5,discovery_usable,normal_rate_diagnostic,0.24015631993188294,
SCAN-02R-f380a5a0600b447a,6,discovery_usable,normal_rate_diagnostic,0.2287691105903359,
SCAN-02R-f380a5a0600b447a,7,discovery_usable,normal_rate_diagnostic,0.2907619125155558,
SCAN-02R-f380a5a0600b447a,8,discovery_usable,normal_rate_diagnostic,0.20855554430017698,
SCAN-02R-f380a5a0600b447a,9,discovery_usable,normal_rate_diagnostic,0.2140258257829778,
SCAN-02R-f380a5a0600b447a,10,discovery_usable,normal_rate_diagnostic,0.23840459644061937,
SCAN-02R-f380a5a0600b447a,11,discovery_usable,normal_rate_diagnostic,0.20853814758542616,
SCAN-02R-f380a5a0600b447a,12,discovery_usable,normal_rate_diagnostic,0.20495883255448977,
SCAN-02R-f380a5a0600b447a,13,discovery_usable,normal_rate_diagnostic,0.19793357349273585,
SCAN-02R-f380a5a0600b447a,14,discovery_usable,normal_rate_diagnostic,0.24958977000568217,
SCAN-02R-f380a5a0600b447a,15,discovery_usable,normal_rate_diagnostic,0.2734712954583876,
SCAN-02R-f380a5a0600b447a,16,discovery_usable,normal_rate_diagnostic,0.2335880555462862,
SCAN-02R-f380a5a0600b447a,17,discovery_usable,normal_rate_diagnostic,0.21744187222508773,
SCAN-02R-f380a5a0600b447a,18,discovery_usable,normal_rate_diagnostic,0.22972542590571862,
SCAN-02R-f380a5a0600b447a,19,discovery_usable,normal_rate_diagnostic,0.2316322837495476,
SCAN-02R-f380a5a0600b447a,20,discovery_usable,normal_rate_diagnostic,0.24085422966788878,
SCAN-02R-f380a5a0600b447a,21,discovery_usable,normal_rate_diagnostic,0.22990578370824505,
SCAN-02R-f380a5a0600b447a,22,discovery_usable,normal_rate_diagnostic,0.22188866409971938,
SCAN-02R-f380a5a0600b447a,23,discovery_usable,normal_rate_diagnostic,0.21711355874174343,
SCAN-02R-f380a5a0600b447a,24,discovery_usable,normal_rate_diagnostic,0.24035922779135363,
SCAN-02R-f380a5a0600b447a,25,discovery_usable,normal_rate_diagnostic,12.973447576372278,
SCAN-02R-f56f915bc229d6aa,0,discovery_usable,normal_rate_diagnostic,0.19786307874950532,
SCAN-02R-f56f915bc229d6aa,1,discovery_usable,normal_rate_diagnostic,0.22236779633513834,
SCAN-02R-f56f915bc229d6aa,2,discovery_usable,normal_rate_diagnostic,0.19534718522464925,
SCAN-02R-f56f915bc229d6aa,3,discovery_usable,normal_rate_diagnostic,0.19545621780721117,
SCAN-02R-f56f915bc229d6aa,4,discovery_usable,normal_rate_diagnostic,0.10527540600291446,
SCAN-02R-f56f915bc229d6aa,5,discovery_usable,normal_rate_diagnostic,0.2345919464039237,
SCAN-02R-f56f915bc229d6aa,6,discovery_usable,normal_rate_diagnostic,0.24385242494610307,
SCAN-02R-f56f915bc229d6aa,7,discovery_usable,normal_rate_diagnostic,0.33162864573333567,
SCAN-02R-f56f915bc229d6aa,8,discovery_usable,normal_rate_diagnostic,0.22608281770585434,
SCAN-02R-f56f915bc229d6aa,9,discovery_usable,normal_rate_diagnostic,0.17877574370709384,
SCAN-02R-f56f915bc229d6aa,10,discovery_usable,normal_rate_diagnostic,0.16654176034640686,
SCAN-02R-f56f915bc229d6aa,11,discovery_usable,normal_rate_diagnostic,0.28012039216854906,
SCAN-02R-f56f915bc229d6aa,12,discovery_usable,normal_rate_diagnostic,0.2393014731632153,
SCAN-02R-f56f915bc229d6aa,13,discovery_usable,normal_rate_diagnostic,0.18049726997879156,
SCAN-02R-f56f915bc229d6aa,14,discovery_usable,normal_rate_diagnostic,0.199708845525208,
SCAN-02R-f56f915bc229d6aa,15,discovery_usable,normal_rate_diagnostic,0.2667417495294972,
SCAN-02R-f56f915bc229d6aa,16,discovery_usable,normal_rate_diagnostic,0.1946328796646618,
SCAN-02R-f56f915bc229d6aa,17,discovery_usable,normal_rate_diagnostic,0.2424193450637361,
SCAN-02R-f56f915bc229d6aa,18,discovery_usable,normal_rate_diagnostic,0.2769721198818949,
SCAN-02R-f56f915bc229d6aa,19,discovery_usable,normal_rate_diagnostic,0.21724122948880725,
SCAN-02R-f56f915bc229d6aa,20,discovery_usable,normal_rate_diagnostic,0.16960121398763695,
SCAN-02R-f56f915bc229d6aa,21,discovery_usable,normal_rate_diagnostic,0.22073662966700303,
SCAN-02R-f56f915bc229d6aa,22,discovery_usable,normal_rate_diagnostic,0.24245887940701485,
SCAN-02R-f56f915bc229d6aa,23,discovery_usable,normal_rate_diagnostic,0.16636167027116952,
SCAN-02R-f56f915bc229d6aa,24,discovery_usable,normal_rate_diagnostic,0.24031809376775073,
SCAN-02R-f56f915bc229d6aa,25,discovery_usable,normal_rate_diagnostic,12.03616164147426,
SCAN-02R-f71173d3ec0c732c,0,discovery_usable,normal_rate_diagnostic,0.1301987266564533,
SCAN-02R-f71173d3ec0c732c,1,discovery_usable,normal_rate_diagnostic,0.22629654609350042,
SCAN-02R-f71173d3ec0c732c,2,discovery_usable,normal_rate_diagnostic,0.19719357686740077,
SCAN-02R-f71173d3ec0c732c,3,discovery_usable,normal_rate_diagnostic,0.3680341386603557,
SCAN-02R-f71173d3ec0c732c,4,discovery_usable,normal_rate_diagnostic,1.196630289105878,
SCAN-02R-f71173d3ec0c732c,5,discovery_usable,normal_rate_diagnostic,0.5710221296120055,
SCAN-02R-f71173d3ec0c732c,6,discovery_usable,normal_rate_diagnostic,0.6746039920077451,
SCAN-02R-f71173d3ec0c732c,7,discovery_usable,normal_rate_diagnostic,0.6021602498965036,
SCAN-02R-f71173d3ec0c732c,8,discovery_usable,normal_rate_diagnostic,0.5534701482313614,
SCAN-02R-f71173d3ec0c732c,9,discovery_usable,normal_rate_diagnostic,1.2868043037084906,
SCAN-02R-f71173d3ec0c732c,10,discovery_usable,normal_rate_diagnostic,0.1608474362067579,
SCAN-02R-f71173d3ec0c732c,11,discovery_usable,normal_rate_diagnostic,0.19232898747530322,
SCAN-02R-f71173d3ec0c732c,12,discovery_usable,normal_rate_diagnostic,0.16140506094535542,
SCAN-02R-f71173d3ec0c732c,13,discovery_usable,normal_rate_diagnostic,0.2178807466046917,
SCAN-02R-f71173d3ec0c732c,14,discovery_usable,normal_rate_diagnostic,0.23595156783607574,
SCAN-02R-f71173d3ec0c732c,15,discovery_usable,normal_rate_diagnostic,0.16623934629573978,
SCAN-02R-f71173d3ec0c732c,16,discovery_usable,normal_rate_diagnostic,0.16278055228185778,
SCAN-02R-f71173d3ec0c732c,17,discovery_usable,normal_rate_diagnostic,0.19853612695723533,
SCAN-02R-f71173d3ec0c732c,18,discovery_usable,normal_rate_diagnostic,0.12729209516089052,
SCAN-02R-f71173d3ec0c732c,19,discovery_usable,normal_rate_diagnostic,0.21067797531669658,
SCAN-02R-f71173d3ec0c732c,20,discovery_usable,normal_rate_diagnostic,0.2005685079777853,
SCAN-02R-f71173d3ec0c732c,21,discovery_usable,normal_rate_diagnostic,0.26290546061747255,
SCAN-02R-f71173d3ec0c732c,22,discovery_usable,normal_rate_diagnostic,0.17433371832029462,
SCAN-02R-f71173d3ec0c732c,23,discovery_usable,normal_rate_diagnostic,0.1273436856258942,
SCAN-02R-f71173d3ec0c732c,24,discovery_usable,normal_rate_diagnostic,0.19379244054447925,
SCAN-02R-f71173d3ec0c732c,25,discovery_usable,normal_rate_diagnostic,0.15846730423345404,
SCAN-02R-f71173d3ec0c732c,26,discovery_usable,normal_rate_diagnostic,0.21548112145952547,
SCAN-02R-f71173d3ec0c732c,27,discovery_usable,normal_rate_diagnostic,0.18094706118370849,
SCAN-02R-f71173d3ec0c732c,28,discovery_usable,normal_rate_diagnostic,0.17482517482517482,
SCAN-02R-f71173d3ec0c732c,29,discovery_usable,normal_rate_diagnostic,0.2356788286762215,
SCAN-02R-f71173d3ec0c732c,30,discovery_usable,normal_rate_diagnostic,0.23241625751721334,
SCAN-02R-f87c8c3cd06321c2,0,discovery_usable,normal_rate_diagnostic,0.20901012803363272,
SCAN-02R-f87c8c3cd06321c2,1,discovery_usable,normal_rate_diagnostic,0.19215410759429064,
SCAN-02R-f87c8c3cd06321c2,2,discovery_usable,normal_rate_diagnostic,0.12983334120202067,
SCAN-02R-f87c8c3cd06321c2,3,discovery_usable,normal_rate_diagnostic,0.166381714075893,
SCAN-02R-f87c8c3cd06321c2,4,discovery_usable,normal_rate_diagnostic,0.1494164457701311,
SCAN-02R-f87c8c3cd06321c2,5,discovery_usable,normal_rate_diagnostic,0.20213939970061515,
SCAN-02R-f87c8c3cd06321c2,6,discovery_usable,normal_rate_diagnostic,0.1612840434465844,
SCAN-02R-f87c8c3cd06321c2,7,discovery_usable,normal_rate_diagnostic,0.34365462128095803,
SCAN-02R-f87c8c3cd06321c2,8,discovery_usable,normal_rate_diagnostic,0.2728270217371964,
SCAN-02R-f87c8c3cd06321c2,9,discovery_usable,normal_rate_diagnostic,0.27444663206252606,
SCAN-02R-f87c8c3cd06321c2,10,discovery_usable,normal_rate_diagnostic,0.22071368066906072,
SCAN-02R-f87c8c3cd06321c2,11,discovery_usable,normal_rate_diagnostic,0.3226538879793502,
SCAN-02R-f87c8c3cd06321c2,12,discovery_usable,normal_rate_diagnostic,0.2868818866289622,
SCAN-02R-f87c8c3cd06321c2,13,discovery_usable,normal_rate_diagnostic,0.22007414805911532,
SCAN-02R-f87c8c3cd06321c2,14,discovery_usable,normal_rate_diagnostic,0.2698155731200203,
SCAN-02R-f87c8c3cd06321c2,15,discovery_usable,normal_rate_diagnostic,0.2527254707631318,
SCAN-02R-f87c8c3cd06321c2,16,discovery_usable,normal_rate_diagnostic,0.19549876025176427,
SCAN-02R-f87c8c3cd06321c2,17,discovery_usable,normal_rate_diagnostic,0.28909356487868215,
SCAN-02R-f87c8c3cd06321c2,18,discovery_usable,normal_rate_diagnostic,0.25083743121567315,
SCAN-02R-f87c8c3cd06321c2,19,discovery_usable,normal_rate_diagnostic,0.24693390402502266,
SCAN-02R-f87c8c3cd06321c2,20,discovery_usable,normal_rate_diagnostic,0.25422254730992405,
SCAN-02R-f87c8c3cd06321c2,21,discovery_usable,normal_rate_diagnostic,0.27615930317311566,
SCAN-02R-f87c8c3cd06321c2,22,discovery_usable,normal_rate_diagnostic,0.2529161670118827,
SCAN-02R-f87c8c3cd06321c2,23,discovery_usable,normal_rate_diagnostic,0.201048804597316,
SCAN-02R-f87c8c3cd06321c2,24,discovery_usable,normal_rate_diagnostic,0.2696203454055236,
SCAN-02R-f87c8c3cd06321c2,25,discovery_usable,normal_rate_diagnostic,11.870137493853372,
SCAN-02R-fb62d31e5c3c1dbf,0,discovery_usable,normal_rate_diagnostic,25.816657195951652,
SCAN-02R-fb62d31e5c3c1dbf,1,discovery_usable,normal_rate_diagnostic,0.45777288620934825,
SCAN-02R-fb62d31e5c3c1dbf,2,discovery_usable,normal_rate_diagnostic,0.3057101089995498,
SCAN-02R-fb62d31e5c3c1dbf,3,discovery_usable,normal_rate_diagnostic,0.2816253807690097,
SCAN-02R-fb62d31e5c3c1dbf,4,discovery_usable,normal_rate_diagnostic,0.287141447073251,
SCAN-02R-fb62d31e5c3c1dbf,5,discovery_usable,normal_rate_diagnostic,0.3474307788338103,
SCAN-02R-fb62d31e5c3c1dbf,6,discovery_usable,normal_rate_diagnostic,0.24989747795776093,
SCAN-02R-fb62d31e5c3c1dbf,7,discovery_usable,normal_rate_diagnostic,0.2979634544358443,
SCAN-02R-fb62d31e5c3c1dbf,8,discovery_usable,normal_rate_diagnostic,0.335042047776996,
SCAN-02R-fb62d31e5c3c1dbf,9,discovery_usable,normal_rate_diagnostic,0.3292806484295846,
SCAN-02R-fb62d31e5c3c1dbf,10,discovery_usable,normal_rate_diagnostic,0.3018650007218511,
SCAN-02R-fb62d31e5c3c1dbf,11,discovery_usable,normal_rate_diagnostic,0.4146927759112698,
SCAN-02R-fb62d31e5c3c1dbf,12,discovery_usable,normal_rate_diagnostic,0.328463611457408,
SCAN-02R-fb62d31e5c3c1dbf,13,discovery_usable,normal_rate_diagnostic,0.30170113021884937,
SCAN-02R-fb62d31e5c3c1dbf,14,discovery_usable,normal_rate_diagnostic,0.2995097498305406,
SCAN-02R-fb62d31e5c3c1dbf,15,discovery_usable,normal_rate_diagnostic,0.27599476398504896,
SCAN-02R-fb62d31e5c3c1dbf,16,discovery_usable,normal_rate_diagnostic,0.314987912338864,
SCAN-02R-fb62d31e5c3c1dbf,17,discovery_usable,normal_rate_diagnostic,0.31613555892766815,
SCAN-02R-fb62d31e5c3c1dbf,18,discovery_usable,normal_rate_diagnostic,0.300240192153723,
SCAN-02R-fb62d31e5c3c1dbf,19,discovery_usable,normal_rate_diagnostic,0.31013018083543165,
SCAN-02R-fede66c26a275769,0,discovery_usable,normal_rate_diagnostic,0.18940350522753674,
SCAN-02R-fede66c26a275769,1,discovery_usable,normal_rate_diagnostic,0.1332690257399604,
SCAN-02R-fede66c26a275769,2,discovery_usable,normal_rate_diagnostic,0.17504376094023505,
SCAN-02R-fede66c26a275769,3,discovery_usable,normal_rate_diagnostic,0.16380115752817986,
SCAN-02R-fede66c26a275769,4,discovery_usable,normal_rate_diagnostic,0.21047708138447146,
SCAN-02R-fede66c26a275769,5,discovery_usable,normal_rate_diagnostic,0.19641939006002346,
SCAN-02R-fede66c26a275769,6,discovery_usable,normal_rate_diagnostic,0.288501733954299,
SCAN-02R-fede66c26a275769,7,discovery_usable,normal_rate_diagnostic,0.26420566260322453,
SCAN-02R-fede66c26a275769,8,discovery_usable,normal_rate_diagnostic,0.24523212163513236,
SCAN-02R-fede66c26a275769,9,discovery_usable,normal_rate_diagnostic,0.20095579600474758,
SCAN-02R-fede66c26a275769,10,discovery_usable,normal_rate_diagnostic,0.264227386539502,
SCAN-02R-fede66c26a275769,11,discovery_usable,normal_rate_diagnostic,0.2704657672107431,
SCAN-02R-fede66c26a275769,12,discovery_usable,normal_rate_diagnostic,0.2476166893648632,
SCAN-02R-fede66c26a275769,13,discovery_usable,normal_rate_diagnostic,0.18497192603509693,
SCAN-02R-fede66c26a275769,14,discovery_usable,normal_rate_diagnostic,0.16202384544042553,
SCAN-02R-fede66c26a275769,15,discovery_usable,normal_rate_diagnostic,0.21510115000419708,
SCAN-02R-fede66c26a275769,16,discovery_usable,normal_rate_diagnostic,0.22203831170141905,
SCAN-02R-fede66c26a275769,17,discovery_usable,normal_rate_diagnostic,0.24692020719826083,
SCAN-02R-fede66c26a275769,18,discovery_usable,normal_rate_diagnostic,0.24368226048526,
SCAN-02R-fede66c26a275769,19,discovery_usable,normal_rate_diagnostic,0.2866282789507358,
SCAN-02R-fede66c26a275769,20,discovery_usable,normal_rate_diagnostic,0.1941205156977212,
SCAN-02R-fede66c26a275769,21,discovery_usable,normal_rate_diagnostic,0.22988065362732515,
SCAN-02R-fede66c26a275769,22,discovery_usable,normal_rate_diagnostic,0.3009649398996166,
SCAN-02R-fede66c26a275769,23,discovery_usable,normal_rate_diagnostic,0.20075125581063358,
SCAN-02R-fede66c26a275769,24,discovery_usable,normal_rate_diagnostic,0.2622293349786939,
SCAN-02R-fede66c26a275769,25,discovery_usable,normal_rate_diagnostic,12.11962857257708,
