scan_record_id,point_index,analysis_point_index,file_record_id,source_data_line_number,energy_transfer_meV,detector_counts,monitor_counts,time_exposure,exposure_value,exposure_type,count_control_mode,acquisition_state_id,lattice_state_id,UB_state_id,display_rate,display_sigma_rate,likelihood_model,likelihood_detector_counts,likelihood_exposure,QC_flags,split_role
SCAN-02R-059bd02c78268a2b,25,0,FILE-02R-5220bed93a198b55,57,-0.0011,3070.0,950005.0,249.911,950005.0,monitor_raw,monitor_controlled,ACQSTATE-02R-896f06c2a7c231ec,LAT-02R-517a9644e4f59287,UB-02R-c7cdba07fed2dfd7,0.003231561939147689,5.83234622015466e-05,Poisson_E_times_lambda,3070.0,950005.0,normal_rate_diagnostic,discovery
SCAN-02R-059bd02c78268a2b,24,1,FILE-02R-5220bed93a198b55,56,0.9989,65.0,950002.0,257.491,950002.0,monitor_raw,monitor_controlled,ACQSTATE-02R-896f06c2a7c231ec,LAT-02R-517a9644e4f59287,UB-02R-c7cdba07fed2dfd7,6.842090858756087e-05,8.486569237010606e-06,Poisson_E_times_lambda,65.0,950002.0,normal_rate_diagnostic,discovery
SCAN-02R-059bd02c78268a2b,23,2,FILE-02R-5220bed93a198b55,55,1.9991,48.0,950003.0,224.266,950003.0,monitor_raw,monitor_controlled,ACQSTATE-02R-896f06c2a7c231ec,LAT-02R-517a9644e4f59287,UB-02R-c7cdba07fed2dfd7,5.0526156233190844e-05,7.292822475587455e-06,Poisson_E_times_lambda,48.0,950003.0,normal_rate_diagnostic,discovery
SCAN-02R-059bd02c78268a2b,22,3,FILE-02R-5220bed93a198b55,54,2.9987,46.0,950002.0,215.701,950002.0,monitor_raw,monitor_controlled,ACQSTATE-02R-896f06c2a7c231ec,LAT-02R-517a9644e4f59287,UB-02R-c7cdba07fed2dfd7,4.8420950692735385e-05,7.139279689016726e-06,Poisson_E_times_lambda,46.0,950002.0,normal_rate_diagnostic,discovery
SCAN-02R-059bd02c78268a2b,21,4,FILE-02R-5220bed93a198b55,53,3.9989,62.0,950000.0,208.226,950000.0,monitor_raw,monitor_controlled,ACQSTATE-02R-896f06c2a7c231ec,LAT-02R-517a9644e4f59287,UB-02R-c7cdba07fed2dfd7,6.526315789473684e-05,8.288429341065065e-06,Poisson_E_times_lambda,62.0,950000.0,normal_rate_diagnostic,discovery
SCAN-02R-059bd02c78268a2b,20,5,FILE-02R-5220bed93a198b55,52,4.9987,42.0,950000.0,211.518,950000.0,monitor_raw,monitor_controlled,ACQSTATE-02R-896f06c2a7c231ec,LAT-02R-517a9644e4f59287,UB-02R-c7cdba07fed2dfd7,4.421052631578947e-05,6.821832314113537e-06,Poisson_E_times_lambda,42.0,950000.0,normal_rate_diagnostic,discovery
SCAN-02R-059bd02c78268a2b,19,6,FILE-02R-5220bed93a198b55,51,5.9989,43.0,950000.0,194.17,950000.0,monitor_raw,monitor_controlled,ACQSTATE-02R-896f06c2a7c231ec,LAT-02R-517a9644e4f59287,UB-02R-c7cdba07fed2dfd7,4.526315789473684e-05,6.902566867686316e-06,Poisson_E_times_lambda,43.0,950000.0,normal_rate_diagnostic,discovery
SCAN-02R-059bd02c78268a2b,18,7,FILE-02R-5220bed93a198b55,50,6.9989,49.0,950004.0,180.434,950004.0,monitor_raw,monitor_controlled,ACQSTATE-02R-896f06c2a7c231ec,LAT-02R-517a9644e4f59287,UB-02R-c7cdba07fed2dfd7,5.157873019482023e-05,7.368390027831462e-06,Poisson_E_times_lambda,49.0,950004.0,normal_rate_diagnostic,discovery
SCAN-02R-059bd02c78268a2b,17,8,FILE-02R-5220bed93a198b55,49,7.9984,51.0,950000.0,186.009,950000.0,monitor_raw,monitor_controlled,ACQSTATE-02R-896f06c2a7c231ec,LAT-02R-517a9644e4f59287,UB-02R-c7cdba07fed2dfd7,5.368421052631579e-05,7.5172930826766846e-06,Poisson_E_times_lambda,51.0,950000.0,normal_rate_diagnostic,discovery
SCAN-02R-059bd02c78268a2b,16,9,FILE-02R-5220bed93a198b55,48,8.9985,42.0,950006.0,197.773,950006.0,monitor_raw,monitor_controlled,ACQSTATE-02R-896f06c2a7c231ec,LAT-02R-517a9644e4f59287,UB-02R-c7cdba07fed2dfd7,4.4210247093176254e-05,6.821789229128932e-06,Poisson_E_times_lambda,42.0,950006.0,normal_rate_diagnostic,discovery
SCAN-02R-059bd02c78268a2b,15,10,FILE-02R-5220bed93a198b55,47,9.9983,45.0,950004.0,190.564,950004.0,monitor_raw,monitor_controlled,ACQSTATE-02R-896f06c2a7c231ec,LAT-02R-517a9644e4f59287,UB-02R-c7cdba07fed2dfd7,4.7368221607487966e-05,7.061237565841164e-06,Poisson_E_times_lambda,45.0,950004.0,normal_rate_diagnostic,discovery
SCAN-02R-059bd02c78268a2b,14,11,FILE-02R-5220bed93a198b55,46,10.9986,36.0,950000.0,178.988,950000.0,monitor_raw,monitor_controlled,ACQSTATE-02R-896f06c2a7c231ec,LAT-02R-517a9644e4f59287,UB-02R-c7cdba07fed2dfd7,3.789473684210526e-05,6.31578947368421e-06,Poisson_E_times_lambda,36.0,950000.0,normal_rate_diagnostic,discovery
SCAN-02R-059bd02c78268a2b,13,12,FILE-02R-5220bed93a198b55,45,11.9983,68.0,950000.0,167.704,950000.0,monitor_raw,monitor_controlled,ACQSTATE-02R-896f06c2a7c231ec,LAT-02R-517a9644e4f59287,UB-02R-c7cdba07fed2dfd7,7.157894736842105e-05,8.680222369721391e-06,Poisson_E_times_lambda,68.0,950000.0,normal_rate_diagnostic,discovery
SCAN-02R-059bd02c78268a2b,12,13,FILE-02R-5220bed93a198b55,44,12.9983,47.0,950000.0,161.658,950000.0,monitor_raw,monitor_controlled,ACQSTATE-02R-896f06c2a7c231ec,LAT-02R-517a9644e4f59287,UB-02R-c7cdba07fed2dfd7,4.9473684210526315e-05,7.216478526737941e-06,Poisson_E_times_lambda,47.0,950000.0,normal_rate_diagnostic,discovery
SCAN-02R-059bd02c78268a2b,11,14,FILE-02R-5220bed93a198b55,43,13.9984,35.0,950002.0,159.002,950002.0,monitor_raw,monitor_controlled,ACQSTATE-02R-896f06c2a7c231ec,LAT-02R-517a9644e4f59287,UB-02R-c7cdba07fed2dfd7,3.6842027700994314e-05,6.227439292864243e-06,Poisson_E_times_lambda,35.0,950002.0,normal_rate_diagnostic,discovery
SCAN-02R-059bd02c78268a2b,10,15,FILE-02R-5220bed93a198b55,42,14.9987,35.0,950000.0,159.161,950000.0,monitor_raw,monitor_controlled,ACQSTATE-02R-896f06c2a7c231ec,LAT-02R-517a9644e4f59287,UB-02R-c7cdba07fed2dfd7,3.6842105263157895e-05,6.227452403262754e-06,Poisson_E_times_lambda,35.0,950000.0,normal_rate_diagnostic,discovery
SCAN-02R-059bd02c78268a2b,9,16,FILE-02R-5220bed93a198b55,41,15.9981,38.0,950001.0,159.333,950001.0,monitor_raw,monitor_controlled,ACQSTATE-02R-896f06c2a7c231ec,LAT-02R-517a9644e4f59287,UB-02R-c7cdba07fed2dfd7,3.999995789478116e-05,6.488850014862064e-06,Poisson_E_times_lambda,38.0,950001.0,normal_rate_diagnostic,discovery
SCAN-02R-059bd02c78268a2b,8,17,FILE-02R-5220bed93a198b55,40,16.9986,45.0,950001.0,159.079,950001.0,monitor_raw,monitor_controlled,ACQSTATE-02R-896f06c2a7c231ec,LAT-02R-517a9644e4f59287,UB-02R-c7cdba07fed2dfd7,4.736837119118822e-05,7.061259864462636e-06,Poisson_E_times_lambda,45.0,950001.0,normal_rate_diagnostic,discovery
SCAN-02R-059bd02c78268a2b,7,18,FILE-02R-5220bed93a198b55,39,17.9988,49.0,950003.0,162.256,950003.0,monitor_raw,monitor_controlled,ACQSTATE-02R-896f06c2a7c231ec,LAT-02R-517a9644e4f59287,UB-02R-c7cdba07fed2dfd7,5.1578784488048984e-05,7.368397784006998e-06,Poisson_E_times_lambda,49.0,950003.0,normal_rate_diagnostic,discovery
SCAN-02R-059bd02c78268a2b,6,19,FILE-02R-5220bed93a198b55,38,18.9989,47.0,950002.0,169.599,950002.0,monitor_raw,monitor_controlled,ACQSTATE-02R-896f06c2a7c231ec,LAT-02R-517a9644e4f59287,UB-02R-c7cdba07fed2dfd7,4.947358005562093e-05,7.216463334183553e-06,Poisson_E_times_lambda,47.0,950002.0,normal_rate_diagnostic,discovery
SCAN-02R-059bd02c78268a2b,5,20,FILE-02R-5220bed93a198b55,37,19.9985,27.0,950001.0,173.194,950001.0,monitor_raw,monitor_controlled,ACQSTATE-02R-896f06c2a7c231ec,LAT-02R-517a9644e4f59287,UB-02R-c7cdba07fed2dfd7,2.842102271471293e-05,5.469628371661327e-06,Poisson_E_times_lambda,27.0,950001.0,normal_rate_diagnostic,discovery
SCAN-02R-059bd02c78268a2b,4,21,FILE-02R-5220bed93a198b55,36,20.9983,32.0,950001.0,170.635,950001.0,monitor_raw,monitor_controlled,ACQSTATE-02R-896f06c2a7c231ec,LAT-02R-517a9644e4f59287,UB-02R-c7cdba07fed2dfd7,3.36841750692894e-05,5.954577152542346e-06,Poisson_E_times_lambda,32.0,950001.0,normal_rate_diagnostic,discovery
SCAN-02R-059bd02c78268a2b,3,22,FILE-02R-5220bed93a198b55,35,21.9983,31.0,950002.0,164.743,950002.0,monitor_raw,monitor_controlled,ACQSTATE-02R-896f06c2a7c231ec,LAT-02R-517a9644e4f59287,UB-02R-c7cdba07fed2dfd7,3.2631510249452106e-05,5.860792253942646e-06,Poisson_E_times_lambda,31.0,950002.0,normal_rate_diagnostic,discovery
SCAN-02R-059bd02c78268a2b,2,23,FILE-02R-5220bed93a198b55,34,22.9982,17.0,950001.0,159.736,950001.0,monitor_raw,monitor_controlled,ACQSTATE-02R-896f06c2a7c231ec,LAT-02R-517a9644e4f59287,UB-02R-c7cdba07fed2dfd7,1.7894718005559995e-05,4.340106616327415e-06,Poisson_E_times_lambda,17.0,950001.0,normal_rate_diagnostic,discovery
SCAN-02R-059bd02c78268a2b,1,24,FILE-02R-5220bed93a198b55,33,23.9984,36.0,950004.0,157.729,950004.0,monitor_raw,monitor_controlled,ACQSTATE-02R-896f06c2a7c231ec,LAT-02R-517a9644e4f59287,UB-02R-c7cdba07fed2dfd7,3.789457728599037e-05,6.315762880998396e-06,Poisson_E_times_lambda,36.0,950004.0,normal_rate_diagnostic,discovery
SCAN-02R-059bd02c78268a2b,0,25,FILE-02R-5220bed93a198b55,32,24.9983,24.0,950002.0,158.338,950002.0,monitor_raw,monitor_controlled,ACQSTATE-02R-896f06c2a7c231ec,LAT-02R-517a9644e4f59287,UB-02R-c7cdba07fed2dfd7,2.5263104709253243e-05,5.156809654681102e-06,Poisson_E_times_lambda,24.0,950002.0,normal_rate_diagnostic,discovery
SCAN-02R-074afad5a6b92ea4,35,0,FILE-02R-a31d6cff4c90e94e,67,19.9992,41.0,750004.0,138.248,750004.0,monitor_raw,monitor_controlled,ACQSTATE-02R-896f06c2a7c231ec,LAT-02R-517a9644e4f59287,UB-02R-c7cdba07fed2dfd7,5.466637511266607e-05,8.53745345015873e-06,Poisson_E_times_lambda,41.0,750004.0,normal_rate_diagnostic,discovery
SCAN-02R-074afad5a6b92ea4,34,1,FILE-02R-a31d6cff4c90e94e,66,20.9987,46.0,750002.0,136.264,750002.0,monitor_raw,monitor_controlled,ACQSTATE-02R-896f06c2a7c231ec,LAT-02R-517a9644e4f59287,UB-02R-c7cdba07fed2dfd7,6.133316977821393e-05,9.04308252928028e-06,Poisson_E_times_lambda,46.0,750002.0,normal_rate_diagnostic,discovery
SCAN-02R-074afad5a6b92ea4,33,2,FILE-02R-a31d6cff4c90e94e,65,21.9988,40.0,750000.0,131.346,750000.0,monitor_raw,monitor_controlled,ACQSTATE-02R-896f06c2a7c231ec,LAT-02R-517a9644e4f59287,UB-02R-c7cdba07fed2dfd7,5.333333333333333e-05,8.432740427115678e-06,Poisson_E_times_lambda,40.0,750000.0,normal_rate_diagnostic,discovery
SCAN-02R-074afad5a6b92ea4,32,3,FILE-02R-a31d6cff4c90e94e,64,22.9988,41.0,750003.0,126.924,750003.0,monitor_raw,monitor_controlled,ACQSTATE-02R-896f06c2a7c231ec,LAT-02R-517a9644e4f59287,UB-02R-c7cdba07fed2dfd7,5.466644800087466e-05,8.537464833384464e-06,Poisson_E_times_lambda,41.0,750003.0,normal_rate_diagnostic,discovery
SCAN-02R-074afad5a6b92ea4,31,4,FILE-02R-a31d6cff4c90e94e,63,23.9985,32.0,750007.0,124.851,750007.0,monitor_raw,monitor_controlled,ACQSTATE-02R-896f06c2a7c231ec,LAT-02R-517a9644e4f59287,UB-02R-c7cdba07fed2dfd7,4.266626844816115e-05,7.5424019369050964e-06,Poisson_E_times_lambda,32.0,750007.0,normal_rate_diagnostic,discovery
SCAN-02R-074afad5a6b92ea4,30,5,FILE-02R-a31d6cff4c90e94e,62,24.9982,41.0,750002.0,125.691,750002.0,monitor_raw,monitor_controlled,ACQSTATE-02R-896f06c2a7c231ec,LAT-02R-517a9644e4f59287,UB-02R-c7cdba07fed2dfd7,5.466652088927763e-05,8.537476216640554e-06,Poisson_E_times_lambda,41.0,750002.0,normal_rate_diagnostic,discovery
SCAN-02R-074afad5a6b92ea4,29,6,FILE-02R-a31d6cff4c90e94e,61,25.9983,38.0,750000.0,129.096,750000.0,monitor_raw,monitor_controlled,ACQSTATE-02R-896f06c2a7c231ec,LAT-02R-517a9644e4f59287,UB-02R-c7cdba07fed2dfd7,5.066666666666667e-05,8.219218670625302e-06,Poisson_E_times_lambda,38.0,750000.0,normal_rate_diagnostic,discovery
SCAN-02R-074afad5a6b92ea4,28,7,FILE-02R-a31d6cff4c90e94e,60,26.9989,39.0,750002.0,133.795,750002.0,monitor_raw,monitor_controlled,ACQSTATE-02R-896f06c2a7c231ec,LAT-02R-517a9644e4f59287,UB-02R-c7cdba07fed2dfd7,5.199986133370311e-05,8.326641793486416e-06,Poisson_E_times_lambda,39.0,750002.0,normal_rate_diagnostic,discovery
SCAN-02R-074afad5a6b92ea4,27,8,FILE-02R-a31d6cff4c90e94e,59,27.9987,38.0,750002.0,136.99,750002.0,monitor_raw,monitor_controlled,ACQSTATE-02R-896f06c2a7c231ec,LAT-02R-517a9644e4f59287,UB-02R-c7cdba07fed2dfd7,5.066653155591585e-05,8.219196752767294e-06,Poisson_E_times_lambda,38.0,750002.0,normal_rate_diagnostic,discovery
SCAN-02R-074afad5a6b92ea4,26,9,FILE-02R-a31d6cff4c90e94e,58,28.9981,31.0,750009.0,140.851,750009.0,monitor_raw,monitor_controlled,ACQSTATE-02R-896f06c2a7c231ec,LAT-02R-517a9644e4f59287,UB-02R-c7cdba07fed2dfd7,4.133283733928526e-05,7.423596733945888e-06,Poisson_E_times_lambda,31.0,750009.0,normal_rate_diagnostic,discovery
SCAN-02R-074afad5a6b92ea4,25,10,FILE-02R-a31d6cff4c90e94e,57,29.9985,41.0,750005.0,144.689,750005.0,monitor_raw,monitor_controlled,ACQSTATE-02R-896f06c2a7c231ec,LAT-02R-517a9644e4f59287,UB-02R-c7cdba07fed2dfd7,5.4666302224651834e-05,8.537442066963352e-06,Poisson_E_times_lambda,41.0,750005.0,normal_rate_diagnostic,discovery
SCAN-02R-074afad5a6b92ea4,24,11,FILE-02R-a31d6cff4c90e94e,56,30.9985,50.0,750006.0,147.259,750006.0,monitor_raw,monitor_controlled,ACQSTATE-02R-896f06c2a7c231ec,LAT-02R-517a9644e4f59287,UB-02R-c7cdba07fed2dfd7,6.666613333759997e-05,9.4280149917007e-06,Poisson_E_times_lambda,50.0,750006.0,normal_rate_diagnostic,discovery
SCAN-02R-074afad5a6b92ea4,23,12,FILE-02R-a31d6cff4c90e94e,55,31.9987,35.0,750003.0,148.88,750003.0,monitor_raw,monitor_controlled,ACQSTATE-02R-896f06c2a7c231ec,LAT-02R-517a9644e4f59287,UB-02R-c7cdba07fed2dfd7,4.6666480000746666e-05,7.888074825166855e-06,Poisson_E_times_lambda,35.0,750003.0,normal_rate_diagnostic,discovery
SCAN-02R-074afad5a6b92ea4,22,13,FILE-02R-a31d6cff4c90e94e,54,32.998,50.0,750002.0,150.961,750002.0,monitor_raw,monitor_controlled,ACQSTATE-02R-896f06c2a7c231ec,LAT-02R-517a9644e4f59287,UB-02R-c7cdba07fed2dfd7,6.666648888936297e-05,9.428065274313236e-06,Poisson_E_times_lambda,50.0,750002.0,normal_rate_diagnostic,discovery
SCAN-02R-074afad5a6b92ea4,21,14,FILE-02R-a31d6cff4c90e94e,53,33.9974,42.0,750004.0,153.404,750004.0,monitor_raw,monitor_controlled,ACQSTATE-02R-896f06c2a7c231ec,LAT-02R-517a9644e4f59287,UB-02R-c7cdba07fed2dfd7,5.5999701334926214e-05,8.640941512855745e-06,Poisson_E_times_lambda,42.0,750004.0,normal_rate_diagnostic,discovery
SCAN-02R-074afad5a6b92ea4,20,15,FILE-02R-a31d6cff4c90e94e,52,34.997,41.0,750004.0,156.5,750004.0,monitor_raw,monitor_controlled,ACQSTATE-02R-896f06c2a7c231ec,LAT-02R-517a9644e4f59287,UB-02R-c7cdba07fed2dfd7,5.466637511266607e-05,8.53745345015873e-06,Poisson_E_times_lambda,41.0,750004.0,normal_rate_diagnostic,discovery
SCAN-02R-074afad5a6b92ea4,19,16,FILE-02R-a31d6cff4c90e94e,51,35.998,43.0,750002.0,161.268,750002.0,monitor_raw,monitor_controlled,ACQSTATE-02R-896f06c2a7c231ec,LAT-02R-517a9644e4f59287,UB-02R-c7cdba07fed2dfd7,5.733318044485215e-05,8.7432280504612e-06,Poisson_E_times_lambda,43.0,750002.0,normal_rate_diagnostic,discovery
SCAN-02R-074afad5a6b92ea4,18,17,FILE-02R-a31d6cff4c90e94e,50,36.9971,39.0,750003.0,163.865,750003.0,monitor_raw,monitor_controlled,ACQSTATE-02R-896f06c2a7c231ec,LAT-02R-517a9644e4f59287,UB-02R-c7cdba07fed2dfd7,5.1999792000832e-05,8.326630691341766e-06,Poisson_E_times_lambda,39.0,750003.0,normal_rate_diagnostic,discovery
SCAN-02R-074afad5a6b92ea4,17,18,FILE-02R-a31d6cff4c90e94e,49,37.9975,29.0,750004.0,168.799,750004.0,monitor_raw,monitor_controlled,ACQSTATE-02R-896f06c2a7c231ec,LAT-02R-517a9644e4f59287,UB-02R-c7cdba07fed2dfd7,3.866646044554429e-05,7.180181448544946e-06,Poisson_E_times_lambda,29.0,750004.0,normal_rate_diagnostic,discovery
SCAN-02R-074afad5a6b92ea4,16,19,FILE-02R-a31d6cff4c90e94e,48,38.997,36.0,750000.0,171.371,750000.0,monitor_raw,monitor_controlled,ACQSTATE-02R-896f06c2a7c231ec,LAT-02R-517a9644e4f59287,UB-02R-c7cdba07fed2dfd7,4.8e-05,8e-06,Poisson_E_times_lambda,36.0,750000.0,normal_rate_diagnostic,discovery
SCAN-02R-074afad5a6b92ea4,15,20,FILE-02R-a31d6cff4c90e94e,47,39.9972,45.0,750000.0,174.063,750000.0,monitor_raw,monitor_controlled,ACQSTATE-02R-896f06c2a7c231ec,LAT-02R-517a9644e4f59287,UB-02R-c7cdba07fed2dfd7,6e-05,8.94427190999916e-06,Poisson_E_times_lambda,45.0,750000.0,normal_rate_diagnostic,discovery
SCAN-02R-074afad5a6b92ea4,14,21,FILE-02R-a31d6cff4c90e94e,46,40.9982,82.0,750001.0,178.198,750001.0,monitor_raw,monitor_controlled,ACQSTATE-02R-896f06c2a7c231ec,LAT-02R-517a9644e4f59287,UB-02R-c7cdba07fed2dfd7,0.00010933318755574992,1.2073830752408886e-05,Poisson_E_times_lambda,82.0,750001.0,normal_rate_diagnostic,discovery
SCAN-02R-074afad5a6b92ea4,13,22,FILE-02R-a31d6cff4c90e94e,45,41.9985,72.0,750007.0,180.949,750007.0,monitor_raw,monitor_controlled,ACQSTATE-02R-896f06c2a7c231ec,LAT-02R-517a9644e4f59287,UB-02R-c7cdba07fed2dfd7,9.599910400836259e-05,1.1313602905357642e-05,Poisson_E_times_lambda,72.0,750007.0,normal_rate_diagnostic,discovery
SCAN-02R-074afad5a6b92ea4,12,23,FILE-02R-a31d6cff4c90e94e,44,42.9981,84.0,750000.0,187.729,750000.0,monitor_raw,monitor_controlled,ACQSTATE-02R-896f06c2a7c231ec,LAT-02R-517a9644e4f59287,UB-02R-c7cdba07fed2dfd7,0.000112,1.2220201853215573e-05,Poisson_E_times_lambda,84.0,750000.0,normal_rate_diagnostic,discovery
SCAN-02R-074afad5a6b92ea4,11,24,FILE-02R-a31d6cff4c90e94e,43,43.9981,98.0,750001.0,193.279,750001.0,monitor_raw,monitor_controlled,ACQSTATE-02R-896f06c2a7c231ec,LAT-02R-517a9644e4f59287,UB-02R-c7cdba07fed2dfd7,0.00013066649244467674,1.3199308983070243e-05,Poisson_E_times_lambda,98.0,750001.0,normal_rate_diagnostic,discovery
SCAN-02R-074afad5a6b92ea4,10,25,FILE-02R-a31d6cff4c90e94e,42,44.9985,119.0,750004.0,202.01,750004.0,monitor_raw,monitor_controlled,ACQSTATE-02R-896f06c2a7c231ec,LAT-02R-517a9644e4f59287,UB-02R-c7cdba07fed2dfd7,0.0001586658204489576,1.4544871913530747e-05,Poisson_E_times_lambda,119.0,750004.0,normal_rate_diagnostic,discovery
SCAN-02R-074afad5a6b92ea4,9,26,FILE-02R-a31d6cff4c90e94e,41,45.9983,85.0,750001.0,208.213,750001.0,monitor_raw,monitor_controlled,ACQSTATE-02R-896f06c2a7c231ec,LAT-02R-517a9644e4f59287,UB-02R-c7cdba07fed2dfd7,0.00011333318222242371,1.2292709552777779e-05,Poisson_E_times_lambda,85.0,750001.0,normal_rate_diagnostic,discovery
SCAN-02R-074afad5a6b92ea4,8,27,FILE-02R-a31d6cff4c90e94e,40,46.9989,46.0,750001.0,217.393,750001.0,monitor_raw,monitor_controlled,ACQSTATE-02R-896f06c2a7c231ec,LAT-02R-517a9644e4f59287,UB-02R-c7cdba07fed2dfd7,6.13332515556646e-05,9.043094586707574e-06,Poisson_E_times_lambda,46.0,750001.0,normal_rate_diagnostic,discovery
SCAN-02R-074afad5a6b92ea4,7,28,FILE-02R-a31d6cff4c90e94e,39,47.998,55.0,750002.0,222.686,750002.0,monitor_raw,monitor_controlled,ACQSTATE-02R-896f06c2a7c231ec,LAT-02R-517a9644e4f59287,UB-02R-c7cdba07fed2dfd7,7.333313777829925e-05,9.888238280825468e-06,Poisson_E_times_lambda,55.0,750002.0,normal_rate_diagnostic,discovery
SCAN-02R-074afad5a6b92ea4,6,29,FILE-02R-a31d6cff4c90e94e,38,48.9972,45.0,750003.0,229.245,750003.0,monitor_raw,monitor_controlled,ACQSTATE-02R-896f06c2a7c231ec,LAT-02R-517a9644e4f59287,UB-02R-c7cdba07fed2dfd7,5.999976000096e-05,8.944236133054627e-06,Poisson_E_times_lambda,45.0,750003.0,normal_rate_diagnostic,discovery
SCAN-02R-074afad5a6b92ea4,5,30,FILE-02R-a31d6cff4c90e94e,37,49.9983,31.0,750003.0,230.356,750003.0,monitor_raw,monitor_controlled,ACQSTATE-02R-896f06c2a7c231ec,LAT-02R-517a9644e4f59287,UB-02R-c7cdba07fed2dfd7,4.133316800066133e-05,7.423656122482205e-06,Poisson_E_times_lambda,31.0,750003.0,normal_rate_diagnostic,discovery
SCAN-02R-074afad5a6b92ea4,4,31,FILE-02R-a31d6cff4c90e94e,36,50.9976,33.0,750001.0,235.772,750001.0,monitor_raw,monitor_controlled,ACQSTATE-02R-896f06c2a7c231ec,LAT-02R-517a9644e4f59287,UB-02R-c7cdba07fed2dfd7,4.399994133341155e-05,7.659406649508506e-06,Poisson_E_times_lambda,33.0,750001.0,normal_rate_diagnostic,discovery
SCAN-02R-074afad5a6b92ea4,3,32,FILE-02R-a31d6cff4c90e94e,35,51.9971,45.0,750000.0,236.089,750000.0,monitor_raw,monitor_controlled,ACQSTATE-02R-896f06c2a7c231ec,LAT-02R-517a9644e4f59287,UB-02R-c7cdba07fed2dfd7,6e-05,8.94427190999916e-06,Poisson_E_times_lambda,45.0,750000.0,normal_rate_diagnostic,discovery
SCAN-02R-074afad5a6b92ea4,2,33,FILE-02R-a31d6cff4c90e94e,34,52.9973,30.0,750002.0,239.859,750002.0,monitor_raw,monitor_controlled,ACQSTATE-02R-896f06c2a7c231ec,LAT-02R-517a9644e4f59287,UB-02R-c7cdba07fed2dfd7,3.9999893333617774e-05,7.302947958874325e-06,Poisson_E_times_lambda,30.0,750002.0,normal_rate_diagnostic,discovery
SCAN-02R-074afad5a6b92ea4,1,34,FILE-02R-a31d6cff4c90e94e,33,53.9959,34.0,750003.0,240.549,750003.0,monitor_raw,monitor_controlled,ACQSTATE-02R-896f06c2a7c231ec,LAT-02R-517a9644e4f59287,UB-02R-c7cdba07fed2dfd7,4.533315200072533e-05,7.774571428174688e-06,Poisson_E_times_lambda,34.0,750003.0,normal_rate_diagnostic,discovery
SCAN-02R-074afad5a6b92ea4,0,35,FILE-02R-a31d6cff4c90e94e,32,54.9966,29.0,750004.0,246.783,750004.0,monitor_raw,monitor_controlled,ACQSTATE-02R-896f06c2a7c231ec,LAT-02R-517a9644e4f59287,UB-02R-c7cdba07fed2dfd7,3.866646044554429e-05,7.180181448544946e-06,Poisson_E_times_lambda,29.0,750004.0,normal_rate_diagnostic,discovery
SCAN-02R-0e6d00a831c04e8d,25,0,FILE-02R-f9ba9fd60372aa35,57,-0.0011,3121.0,1000006.0,260.427,1000006.0,monitor_raw,monitor_controlled,ACQSTATE-02R-896f06c2a7c231ec,LAT-02R-517a9644e4f59287,UB-02R-c7cdba07fed2dfd7,0.0031209812741123553,5.586557570039948e-05,Poisson_E_times_lambda,3121.0,1000006.0,normal_rate_diagnostic,discovery
SCAN-02R-0e6d00a831c04e8d,24,1,FILE-02R-f9ba9fd60372aa35,56,0.999,94.0,1000000.0,272.193,1000000.0,monitor_raw,monitor_controlled,ACQSTATE-02R-896f06c2a7c231ec,LAT-02R-517a9644e4f59287,UB-02R-c7cdba07fed2dfd7,9.4e-05,9.69535971483266e-06,Poisson_E_times_lambda,94.0,1000000.0,normal_rate_diagnostic,discovery
SCAN-02R-0e6d00a831c04e8d,23,2,FILE-02R-f9ba9fd60372aa35,55,1.9992,50.0,1000001.0,237.778,1000001.0,monitor_raw,monitor_controlled,ACQSTATE-02R-896f06c2a7c231ec,LAT-02R-517a9644e4f59287,UB-02R-c7cdba07fed2dfd7,4.999995000005e-05,7.071060740804735e-06,Poisson_E_times_lambda,50.0,1000001.0,normal_rate_diagnostic,discovery
SCAN-02R-0e6d00a831c04e8d,22,3,FILE-02R-f9ba9fd60372aa35,54,2.9987,62.0,1000001.0,229.235,1000001.0,monitor_raw,monitor_controlled,ACQSTATE-02R-896f06c2a7c231ec,LAT-02R-517a9644e4f59287,UB-02R-c7cdba07fed2dfd7,6.1999938000062e-05,7.87400000001181e-06,Poisson_E_times_lambda,62.0,1000001.0,normal_rate_diagnostic,discovery
SCAN-02R-0e6d00a831c04e8d,21,4,FILE-02R-f9ba9fd60372aa35,53,3.9987,57.0,1000001.0,220.909,1000001.0,monitor_raw,monitor_controlled,ACQSTATE-02R-896f06c2a7c231ec,LAT-02R-517a9644e4f59287,UB-02R-c7cdba07fed2dfd7,5.6999943000057e-05,7.549826885443864e-06,Poisson_E_times_lambda,57.0,1000001.0,normal_rate_diagnostic,discovery
SCAN-02R-0e6d00a831c04e8d,20,5,FILE-02R-f9ba9fd60372aa35,52,4.9984,53.0,1000005.0,224.009,1000005.0,monitor_raw,monitor_controlled,ACQSTATE-02R-896f06c2a7c231ec,LAT-02R-517a9644e4f59287,UB-02R-c7cdba07fed2dfd7,5.299973500132499e-05,7.280073488913073e-06,Poisson_E_times_lambda,53.0,1000005.0,normal_rate_diagnostic,discovery
SCAN-02R-0e6d00a831c04e8d,19,6,FILE-02R-f9ba9fd60372aa35,51,5.9987,54.0,1000001.0,206.5,1000001.0,monitor_raw,monitor_controlled,ACQSTATE-02R-896f06c2a7c231ec,LAT-02R-517a9644e4f59287,UB-02R-c7cdba07fed2dfd7,5.3999946000054e-05,7.3484618798876544e-06,Poisson_E_times_lambda,54.0,1000001.0,normal_rate_diagnostic,discovery
SCAN-02R-0e6d00a831c04e8d,18,7,FILE-02R-f9ba9fd60372aa35,50,6.9989,53.0,1000000.0,191.501,1000000.0,monitor_raw,monitor_controlled,ACQSTATE-02R-896f06c2a7c231ec,LAT-02R-517a9644e4f59287,UB-02R-c7cdba07fed2dfd7,5.3e-05,7.280109889280518e-06,Poisson_E_times_lambda,53.0,1000000.0,normal_rate_diagnostic,discovery
SCAN-02R-0e6d00a831c04e8d,17,8,FILE-02R-f9ba9fd60372aa35,49,7.9986,57.0,1000004.0,196.998,1000004.0,monitor_raw,monitor_controlled,ACQSTATE-02R-896f06c2a7c231ec,LAT-02R-517a9644e4f59287,UB-02R-c7cdba07fed2dfd7,5.6999772000911996e-05,7.549804236053806e-06,Poisson_E_times_lambda,57.0,1000004.0,normal_rate_diagnostic,discovery
SCAN-02R-0e6d00a831c04e8d,16,9,FILE-02R-f9ba9fd60372aa35,48,8.9986,38.0,1000001.0,210.339,1000001.0,monitor_raw,monitor_controlled,ACQSTATE-02R-896f06c2a7c231ec,LAT-02R-517a9644e4f59287,UB-02R-c7cdba07fed2dfd7,3.7999962000038e-05,6.164407838561138e-06,Poisson_E_times_lambda,38.0,1000001.0,normal_rate_diagnostic,discovery
SCAN-02R-0e6d00a831c04e8d,15,10,FILE-02R-f9ba9fd60372aa35,47,9.9986,40.0,1000001.0,201.363,1000001.0,monitor_raw,monitor_controlled,ACQSTATE-02R-896f06c2a7c231ec,LAT-02R-517a9644e4f59287,UB-02R-c7cdba07fed2dfd7,3.999996000004e-05,6.324548995787764e-06,Poisson_E_times_lambda,40.0,1000001.0,normal_rate_diagnostic,discovery
SCAN-02R-0e6d00a831c04e8d,14,11,FILE-02R-f9ba9fd60372aa35,46,10.9987,46.0,1000005.0,189.224,1000005.0,monitor_raw,monitor_controlled,ACQSTATE-02R-896f06c2a7c231ec,LAT-02R-517a9644e4f59287,UB-02R-c7cdba07fed2dfd7,4.599977000115e-05,6.78229607164491e-06,Poisson_E_times_lambda,46.0,1000005.0,normal_rate_diagnostic,discovery
SCAN-02R-0e6d00a831c04e8d,13,12,FILE-02R-f9ba9fd60372aa35,45,11.9986,43.0,1000004.0,177.012,1000004.0,monitor_raw,monitor_controlled,ACQSTATE-02R-896f06c2a7c231ec,LAT-02R-517a9644e4f59287,UB-02R-c7cdba07fed2dfd7,4.2999828000688e-05,6.557412294652822e-06,Poisson_E_times_lambda,43.0,1000004.0,normal_rate_diagnostic,discovery
SCAN-02R-0e6d00a831c04e8d,12,13,FILE-02R-f9ba9fd60372aa35,44,12.9983,37.0,1000003.0,170.127,1000003.0,monitor_raw,monitor_controlled,ACQSTATE-02R-896f06c2a7c231ec,LAT-02R-517a9644e4f59287,UB-02R-c7cdba07fed2dfd7,3.6999889000333e-05,6.082744282065373e-06,Poisson_E_times_lambda,37.0,1000003.0,normal_rate_diagnostic,discovery
SCAN-02R-0e6d00a831c04e8d,11,14,FILE-02R-f9ba9fd60372aa35,43,13.9979,40.0,1000005.0,167.141,1000005.0,monitor_raw,monitor_controlled,ACQSTATE-02R-896f06c2a7c231ec,LAT-02R-517a9644e4f59287,UB-02R-c7cdba07fed2dfd7,3.9999800000999996e-05,6.3245236977182704e-06,Poisson_E_times_lambda,40.0,1000005.0,normal_rate_diagnostic,discovery
SCAN-02R-0e6d00a831c04e8d,10,15,FILE-02R-f9ba9fd60372aa35,42,14.9987,32.0,1000000.0,167.248,1000000.0,monitor_raw,monitor_controlled,ACQSTATE-02R-896f06c2a7c231ec,LAT-02R-517a9644e4f59287,UB-02R-c7cdba07fed2dfd7,3.2e-05,5.656854249492381e-06,Poisson_E_times_lambda,32.0,1000000.0,normal_rate_diagnostic,discovery
SCAN-02R-0e6d00a831c04e8d,9,16,FILE-02R-f9ba9fd60372aa35,41,15.9982,47.0,1000001.0,167.692,1000001.0,monitor_raw,monitor_controlled,ACQSTATE-02R-896f06c2a7c231ec,LAT-02R-517a9644e4f59287,UB-02R-c7cdba07fed2dfd7,4.6999953000047e-05,6.855647744753299e-06,Poisson_E_times_lambda,47.0,1000001.0,normal_rate_diagnostic,discovery
SCAN-02R-0e6d00a831c04e8d,8,17,FILE-02R-f9ba9fd60372aa35,40,16.998,59.0,1000002.0,167.716,1000002.0,monitor_raw,monitor_controlled,ACQSTATE-02R-896f06c2a7c231ec,LAT-02R-517a9644e4f59287,UB-02R-c7cdba07fed2dfd7,5.8999882000236e-05,7.681130385607836e-06,Poisson_E_times_lambda,59.0,1000002.0,normal_rate_diagnostic,discovery
SCAN-02R-0e6d00a831c04e8d,7,18,FILE-02R-f9ba9fd60372aa35,39,17.9986,51.0,1000005.0,171.39,1000005.0,monitor_raw,monitor_controlled,ACQSTATE-02R-896f06c2a7c231ec,LAT-02R-517a9644e4f59287,UB-02R-c7cdba07fed2dfd7,5.0999745001275e-05,7.141392721579243e-06,Poisson_E_times_lambda,51.0,1000005.0,normal_rate_diagnostic,discovery
SCAN-02R-0e6d00a831c04e8d,6,19,FILE-02R-f9ba9fd60372aa35,38,18.9982,43.0,1000001.0,179.535,1000001.0,monitor_raw,monitor_controlled,ACQSTATE-02R-896f06c2a7c231ec,LAT-02R-517a9644e4f59287,UB-02R-c7cdba07fed2dfd7,4.2999957000043e-05,6.5574319668700335e-06,Poisson_E_times_lambda,43.0,1000001.0,normal_rate_diagnostic,discovery
SCAN-02R-0e6d00a831c04e8d,5,20,FILE-02R-f9ba9fd60372aa35,37,19.9983,38.0,1000006.0,183.491,1000006.0,monitor_raw,monitor_controlled,ACQSTATE-02R-896f06c2a7c231ec,LAT-02R-517a9644e4f59287,UB-02R-c7cdba07fed2dfd7,3.799977200136799e-05,6.1643770167068755e-06,Poisson_E_times_lambda,38.0,1000006.0,normal_rate_diagnostic,discovery
SCAN-02R-0e6d00a831c04e8d,4,21,FILE-02R-f9ba9fd60372aa35,36,20.9982,40.0,1000002.0,180.394,1000002.0,monitor_raw,monitor_controlled,ACQSTATE-02R-896f06c2a7c231ec,LAT-02R-517a9644e4f59287,UB-02R-c7cdba07fed2dfd7,3.999992000016e-05,6.324542671251417e-06,Poisson_E_times_lambda,40.0,1000002.0,normal_rate_diagnostic,discovery
SCAN-02R-0e6d00a831c04e8d,3,22,FILE-02R-f9ba9fd60372aa35,35,21.9982,35.0,1000002.0,174.695,1000002.0,monitor_raw,monitor_controlled,ACQSTATE-02R-896f06c2a7c231ec,LAT-02R-517a9644e4f59287,UB-02R-c7cdba07fed2dfd7,3.4999930000139996e-05,5.916067950963714e-06,Poisson_E_times_lambda,35.0,1000002.0,normal_rate_diagnostic,discovery
SCAN-02R-0e6d00a831c04e8d,2,23,FILE-02R-f9ba9fd60372aa35,34,22.9975,31.0,1000003.0,169.077,1000003.0,monitor_raw,monitor_controlled,ACQSTATE-02R-896f06c2a7c231ec,LAT-02R-517a9644e4f59287,UB-02R-c7cdba07fed2dfd7,3.0999907000279e-05,5.567747659587042e-06,Poisson_E_times_lambda,31.0,1000003.0,normal_rate_diagnostic,discovery
SCAN-02R-0e6d00a831c04e8d,1,24,FILE-02R-f9ba9fd60372aa35,33,23.9985,22.0,1000000.0,166.393,1000000.0,monitor_raw,monitor_controlled,ACQSTATE-02R-896f06c2a7c231ec,LAT-02R-517a9644e4f59287,UB-02R-c7cdba07fed2dfd7,2.2e-05,4.69041575982343e-06,Poisson_E_times_lambda,22.0,1000000.0,normal_rate_diagnostic,discovery
SCAN-02R-0e6d00a831c04e8d,0,25,FILE-02R-f9ba9fd60372aa35,32,24.9982,24.0,1000002.0,167.676,1000002.0,monitor_raw,monitor_controlled,ACQSTATE-02R-896f06c2a7c231ec,LAT-02R-517a9644e4f59287,UB-02R-c7cdba07fed2dfd7,2.3999952000096e-05,4.89896968762698e-06,Poisson_E_times_lambda,24.0,1000002.0,normal_rate_diagnostic,discovery
SCAN-02R-1e5b02c69224108d,30,0,FILE-02R-db3216aa4bbb640f,62,19.9983,42.0,750003.0,137.514,750003.0,monitor_raw,monitor_controlled,ACQSTATE-02R-896f06c2a7c231ec,LAT-02R-517a9644e4f59287,UB-02R-c7cdba07fed2dfd7,5.5999776000896e-05,8.640953034065011e-06,Poisson_E_times_lambda,42.0,750003.0,normal_rate_diagnostic,discovery
SCAN-02R-1e5b02c69224108d,29,1,FILE-02R-db3216aa4bbb640f,61,20.9981,34.0,750005.0,135.256,750005.0,monitor_raw,monitor_controlled,ACQSTATE-02R-896f06c2a7c231ec,LAT-02R-517a9644e4f59287,UB-02R-c7cdba07fed2dfd7,4.533303111312591e-05,7.774550696122427e-06,Poisson_E_times_lambda,34.0,750005.0,normal_rate_diagnostic,discovery
SCAN-02R-1e5b02c69224108d,28,2,FILE-02R-db3216aa4bbb640f,60,21.9981,22.0,750005.0,130.934,750005.0,monitor_raw,monitor_controlled,ACQSTATE-02R-896f06c2a7c231ec,LAT-02R-517a9644e4f59287,UB-02R-c7cdba07fed2dfd7,2.9333137779081474e-05,6.25384598745799e-06,Poisson_E_times_lambda,22.0,750005.0,normal_rate_diagnostic,discovery
SCAN-02R-1e5b02c69224108d,27,3,FILE-02R-db3216aa4bbb640f,59,22.9982,43.0,750002.0,126.674,750002.0,monitor_raw,monitor_controlled,ACQSTATE-02R-896f06c2a7c231ec,LAT-02R-517a9644e4f59287,UB-02R-c7cdba07fed2dfd7,5.733318044485215e-05,8.7432280504612e-06,Poisson_E_times_lambda,43.0,750002.0,normal_rate_diagnostic,discovery
SCAN-02R-1e5b02c69224108d,26,4,FILE-02R-db3216aa4bbb640f,58,23.9985,24.0,750003.0,125.233,750003.0,monitor_raw,monitor_controlled,ACQSTATE-02R-896f06c2a7c231ec,LAT-02R-517a9644e4f59287,UB-02R-c7cdba07fed2dfd7,3.1999872000511996e-05,6.5319465196357295e-06,Poisson_E_times_lambda,24.0,750003.0,normal_rate_diagnostic,discovery
SCAN-02R-1e5b02c69224108d,25,5,FILE-02R-db3216aa4bbb640f,57,24.9982,23.0,750001.0,125.659,750001.0,monitor_raw,monitor_controlled,ACQSTATE-02R-896f06c2a7c231ec,LAT-02R-517a9644e4f59287,UB-02R-c7cdba07fed2dfd7,3.06666257778323e-05,6.394433505172286e-06,Poisson_E_times_lambda,23.0,750001.0,normal_rate_diagnostic,discovery
SCAN-02R-1e5b02c69224108d,24,6,FILE-02R-db3216aa4bbb640f,56,25.9975,23.0,750000.0,128.963,750000.0,monitor_raw,monitor_controlled,ACQSTATE-02R-896f06c2a7c231ec,LAT-02R-517a9644e4f59287,UB-02R-c7cdba07fed2dfd7,3.066666666666667e-05,6.394442031083626e-06,Poisson_E_times_lambda,23.0,750000.0,normal_rate_diagnostic,discovery
SCAN-02R-1e5b02c69224108d,23,7,FILE-02R-db3216aa4bbb640f,55,26.9982,35.0,750002.0,133.583,750002.0,monitor_raw,monitor_controlled,ACQSTATE-02R-896f06c2a7c231ec,LAT-02R-517a9644e4f59287,UB-02R-c7cdba07fed2dfd7,4.666654222255407e-05,7.888085342571908e-06,Poisson_E_times_lambda,35.0,750002.0,normal_rate_diagnostic,discovery
SCAN-02R-1e5b02c69224108d,22,8,FILE-02R-db3216aa4bbb640f,54,27.9987,21.0,750003.0,137.288,750003.0,monitor_raw,monitor_controlled,ACQSTATE-02R-896f06c2a7c231ec,LAT-02R-517a9644e4f59287,UB-02R-c7cdba07fed2dfd7,2.7999888000448e-05,6.110076486301841e-06,Poisson_E_times_lambda,21.0,750003.0,normal_rate_diagnostic,discovery
SCAN-02R-1e5b02c69224108d,21,9,FILE-02R-db3216aa4bbb640f,53,28.9982,16.0,750003.0,140.878,750003.0,monitor_raw,monitor_controlled,ACQSTATE-02R-896f06c2a7c231ec,LAT-02R-517a9644e4f59287,UB-02R-c7cdba07fed2dfd7,2.1333248000341333e-05,5.333312000085333e-06,Poisson_E_times_lambda,16.0,750003.0,normal_rate_diagnostic,discovery
SCAN-02R-1e5b02c69224108d,20,10,FILE-02R-db3216aa4bbb640f,52,29.9977,31.0,750004.0,144.323,750004.0,monitor_raw,monitor_controlled,ACQSTATE-02R-896f06c2a7c231ec,LAT-02R-517a9644e4f59287,UB-02R-c7cdba07fed2dfd7,4.1333112890064584e-05,7.423646224326832e-06,Poisson_E_times_lambda,31.0,750004.0,normal_rate_diagnostic,discovery
SCAN-02R-1e5b02c69224108d,19,11,FILE-02R-db3216aa4bbb640f,51,30.9977,20.0,750000.0,147.022,750000.0,monitor_raw,monitor_controlled,ACQSTATE-02R-896f06c2a7c231ec,LAT-02R-517a9644e4f59287,UB-02R-c7cdba07fed2dfd7,2.6666666666666667e-05,5.96284793999944e-06,Poisson_E_times_lambda,20.0,750000.0,normal_rate_diagnostic,discovery
SCAN-02R-1e5b02c69224108d,18,12,FILE-02R-db3216aa4bbb640f,50,31.9978,34.0,750003.0,148.996,750003.0,monitor_raw,monitor_controlled,ACQSTATE-02R-896f06c2a7c231ec,LAT-02R-517a9644e4f59287,UB-02R-c7cdba07fed2dfd7,4.533315200072533e-05,7.774571428174688e-06,Poisson_E_times_lambda,34.0,750003.0,normal_rate_diagnostic,discovery
SCAN-02R-1e5b02c69224108d,17,13,FILE-02R-db3216aa4bbb640f,49,32.998,35.0,750000.0,151.176,750000.0,monitor_raw,monitor_controlled,ACQSTATE-02R-896f06c2a7c231ec,LAT-02R-517a9644e4f59287,UB-02R-c7cdba07fed2dfd7,4.6666666666666665e-05,7.888106377466155e-06,Poisson_E_times_lambda,35.0,750000.0,normal_rate_diagnostic,discovery
SCAN-02R-1e5b02c69224108d,16,14,FILE-02R-db3216aa4bbb640f,48,33.9974,30.0,750002.0,153.282,750002.0,monitor_raw,monitor_controlled,ACQSTATE-02R-896f06c2a7c231ec,LAT-02R-517a9644e4f59287,UB-02R-c7cdba07fed2dfd7,3.9999893333617774e-05,7.302947958874325e-06,Poisson_E_times_lambda,30.0,750002.0,normal_rate_diagnostic,discovery
SCAN-02R-1e5b02c69224108d,15,15,FILE-02R-db3216aa4bbb640f,47,34.9969,27.0,750006.0,156.777,750006.0,monitor_raw,monitor_controlled,ACQSTATE-02R-896f06c2a7c231ec,LAT-02R-517a9644e4f59287,UB-02R-c7cdba07fed2dfd7,3.5999712002303984e-05,6.928147805093069e-06,Poisson_E_times_lambda,27.0,750006.0,normal_rate_diagnostic,discovery
SCAN-02R-1e5b02c69224108d,14,16,FILE-02R-db3216aa4bbb640f,46,35.996,28.0,750004.0,161.092,750004.0,monitor_raw,monitor_controlled,ACQSTATE-02R-896f06c2a7c231ec,LAT-02R-517a9644e4f59287,UB-02R-c7cdba07fed2dfd7,3.733313422328414e-05,7.055299201243169e-06,Poisson_E_times_lambda,28.0,750004.0,normal_rate_diagnostic,discovery
SCAN-02R-1e5b02c69224108d,13,17,FILE-02R-db3216aa4bbb640f,45,36.9959,31.0,750005.0,163.27,750005.0,monitor_raw,monitor_controlled,ACQSTATE-02R-896f06c2a7c231ec,LAT-02R-517a9644e4f59287,UB-02R-c7cdba07fed2dfd7,4.1333057779614805e-05,7.423636326197854e-06,Poisson_E_times_lambda,31.0,750005.0,normal_rate_diagnostic,discovery
SCAN-02R-1e5b02c69224108d,12,18,FILE-02R-db3216aa4bbb640f,44,37.9975,32.0,750004.0,168.293,750004.0,monitor_raw,monitor_controlled,ACQSTATE-02R-896f06c2a7c231ec,LAT-02R-517a9644e4f59287,UB-02R-c7cdba07fed2dfd7,4.2666439112324736e-05,7.54243210635194e-06,Poisson_E_times_lambda,32.0,750004.0,normal_rate_diagnostic,discovery
SCAN-02R-1e5b02c69224108d,11,19,FILE-02R-db3216aa4bbb640f,43,38.997,33.0,750004.0,169.306,750004.0,monitor_raw,monitor_controlled,ACQSTATE-02R-896f06c2a7c231ec,LAT-02R-517a9644e4f59287,UB-02R-c7cdba07fed2dfd7,4.399976533458488e-05,7.659376012045307e-06,Poisson_E_times_lambda,33.0,750004.0,normal_rate_diagnostic,discovery
SCAN-02R-1e5b02c69224108d,10,20,FILE-02R-db3216aa4bbb640f,42,39.9973,39.0,750005.0,174.026,750005.0,monitor_raw,monitor_controlled,ACQSTATE-02R-896f06c2a7c231ec,LAT-02R-517a9644e4f59287,UB-02R-c7cdba07fed2dfd7,5.199965333564443e-05,8.326608487141283e-06,Poisson_E_times_lambda,39.0,750005.0,normal_rate_diagnostic,discovery
SCAN-02R-1e5b02c69224108d,9,21,FILE-02R-db3216aa4bbb640f,41,40.9971,45.0,750001.0,176.059,750001.0,monitor_raw,monitor_controlled,ACQSTATE-02R-896f06c2a7c231ec,LAT-02R-517a9644e4f59287,UB-02R-c7cdba07fed2dfd7,5.999992000010667e-05,8.94425998431918e-06,Poisson_E_times_lambda,45.0,750001.0,normal_rate_diagnostic,discovery
SCAN-02R-1e5b02c69224108d,8,22,FILE-02R-db3216aa4bbb640f,40,41.9985,89.0,750001.0,182.15,750001.0,monitor_raw,monitor_controlled,ACQSTATE-02R-896f06c2a7c231ec,LAT-02R-517a9644e4f59287,UB-02R-c7cdba07fed2dfd7,0.0001186665084446554,1.2578624737909153e-05,Poisson_E_times_lambda,89.0,750001.0,normal_rate_diagnostic,discovery
SCAN-02R-1e5b02c69224108d,7,23,FILE-02R-db3216aa4bbb640f,39,42.9969,78.0,750000.0,185.717,750000.0,monitor_raw,monitor_controlled,ACQSTATE-02R-896f06c2a7c231ec,LAT-02R-517a9644e4f59287,UB-02R-c7cdba07fed2dfd7,0.000104,1.1775681155103797e-05,Poisson_E_times_lambda,78.0,750000.0,normal_rate_diagnostic,discovery
SCAN-02R-1e5b02c69224108d,6,24,FILE-02R-db3216aa4bbb640f,38,43.998,100.0,750004.0,193.52,750004.0,monitor_raw,monitor_controlled,ACQSTATE-02R-896f06c2a7c231ec,LAT-02R-517a9644e4f59287,UB-02R-c7cdba07fed2dfd7,0.0001333326222260148,1.333326222260148e-05,Poisson_E_times_lambda,100.0,750004.0,normal_rate_diagnostic,discovery
SCAN-02R-1e5b02c69224108d,5,25,FILE-02R-db3216aa4bbb640f,37,44.9972,101.0,750004.0,199.567,750004.0,monitor_raw,monitor_controlled,ACQSTATE-02R-896f06c2a7c231ec,LAT-02R-517a9644e4f59287,UB-02R-c7cdba07fed2dfd7,0.00013466594844827495,1.3399762696093475e-05,Poisson_E_times_lambda,101.0,750004.0,normal_rate_diagnostic,discovery
SCAN-02R-1e5b02c69224108d,4,26,FILE-02R-db3216aa4bbb640f,36,45.9982,70.0,750004.0,208.425,750004.0,monitor_raw,monitor_controlled,ACQSTATE-02R-896f06c2a7c231ec,LAT-02R-517a9644e4f59287,UB-02R-c7cdba07fed2dfd7,9.333283555821036e-05,1.1155407524947542e-05,Poisson_E_times_lambda,70.0,750004.0,normal_rate_diagnostic,discovery
SCAN-02R-1e5b02c69224108d,3,27,FILE-02R-db3216aa4bbb640f,35,46.9976,70.0,750002.0,214.82,750002.0,monitor_raw,monitor_controlled,ACQSTATE-02R-896f06c2a7c231ec,LAT-02R-517a9644e4f59287,UB-02R-c7cdba07fed2dfd7,9.333308444510814e-05,1.1155437272621614e-05,Poisson_E_times_lambda,70.0,750002.0,normal_rate_diagnostic,discovery
SCAN-02R-1e5b02c69224108d,2,28,FILE-02R-db3216aa4bbb640f,34,47.998,42.0,750004.0,224.062,750004.0,monitor_raw,monitor_controlled,ACQSTATE-02R-896f06c2a7c231ec,LAT-02R-517a9644e4f59287,UB-02R-c7cdba07fed2dfd7,5.5999701334926214e-05,8.640941512855745e-06,Poisson_E_times_lambda,42.0,750004.0,normal_rate_diagnostic,discovery
SCAN-02R-1e5b02c69224108d,1,29,FILE-02R-db3216aa4bbb640f,33,48.9959,46.0,750001.0,225.21,750001.0,monitor_raw,monitor_controlled,ACQSTATE-02R-896f06c2a7c231ec,LAT-02R-517a9644e4f59287,UB-02R-c7cdba07fed2dfd7,6.13332515556646e-05,9.043094586707574e-06,Poisson_E_times_lambda,46.0,750001.0,normal_rate_diagnostic,discovery
SCAN-02R-1e5b02c69224108d,0,30,FILE-02R-db3216aa4bbb640f,32,49.9983,42.0,750004.0,230.166,750004.0,monitor_raw,monitor_controlled,ACQSTATE-02R-896f06c2a7c231ec,LAT-02R-517a9644e4f59287,UB-02R-c7cdba07fed2dfd7,5.5999701334926214e-05,8.640941512855745e-06,Poisson_E_times_lambda,42.0,750004.0,normal_rate_diagnostic,discovery
SCAN-02R-26c5588a4a75efc2,0,0,FILE-02R-038cf4e529ce94a2,32,-0.0013,1749.0,750001.0,199.359,750001.0,monitor_raw,monitor_controlled,ACQSTATE-02R-896f06c2a7c231ec,LAT-02R-517a9644e4f59287,UB-02R-c7cdba07fed2dfd7,0.0023319968906708125,5.576132209510783e-05,Poisson_E_times_lambda,1749.0,750001.0,normal_rate_diagnostic,discovery
SCAN-02R-26c5588a4a75efc2,1,1,FILE-02R-038cf4e529ce94a2,33,0.9986,57.0,750003.0,205.834,750003.0,monitor_raw,monitor_controlled,ACQSTATE-02R-896f06c2a7c231ec,LAT-02R-517a9644e4f59287,UB-02R-c7cdba07fed2dfd7,7.5999696001216e-05,1.0066405648071741e-05,Poisson_E_times_lambda,57.0,750003.0,normal_rate_diagnostic,discovery
SCAN-02R-26c5588a4a75efc2,2,2,FILE-02R-038cf4e529ce94a2,34,1.9989,30.0,750002.0,180.316,750002.0,monitor_raw,monitor_controlled,ACQSTATE-02R-896f06c2a7c231ec,LAT-02R-517a9644e4f59287,UB-02R-c7cdba07fed2dfd7,3.9999893333617774e-05,7.302947958874325e-06,Poisson_E_times_lambda,30.0,750002.0,normal_rate_diagnostic,discovery
SCAN-02R-26c5588a4a75efc2,3,3,FILE-02R-038cf4e529ce94a2,35,2.9987,36.0,750000.0,173.399,750000.0,monitor_raw,monitor_controlled,ACQSTATE-02R-896f06c2a7c231ec,LAT-02R-517a9644e4f59287,UB-02R-c7cdba07fed2dfd7,4.8e-05,8e-06,Poisson_E_times_lambda,36.0,750000.0,normal_rate_diagnostic,discovery
SCAN-02R-26c5588a4a75efc2,4,4,FILE-02R-038cf4e529ce94a2,36,3.9987,34.0,750002.0,166.995,750002.0,monitor_raw,monitor_controlled,ACQSTATE-02R-896f06c2a7c231ec,LAT-02R-517a9644e4f59287,UB-02R-c7cdba07fed2dfd7,4.533321244476682e-05,7.774581794242283e-06,Poisson_E_times_lambda,34.0,750002.0,normal_rate_diagnostic,discovery
SCAN-02R-26c5588a4a75efc2,5,5,FILE-02R-038cf4e529ce94a2,37,4.9985,45.0,750000.0,168.963,750000.0,monitor_raw,monitor_controlled,ACQSTATE-02R-896f06c2a7c231ec,LAT-02R-517a9644e4f59287,UB-02R-c7cdba07fed2dfd7,6e-05,8.94427190999916e-06,Poisson_E_times_lambda,45.0,750000.0,normal_rate_diagnostic,discovery
SCAN-02R-26c5588a4a75efc2,6,6,FILE-02R-038cf4e529ce94a2,38,5.9986,30.0,750001.0,155.914,750001.0,monitor_raw,monitor_controlled,ACQSTATE-02R-896f06c2a7c231ec,LAT-02R-517a9644e4f59287,UB-02R-c7cdba07fed2dfd7,3.999994666673778e-05,7.302957696125286e-06,Poisson_E_times_lambda,30.0,750001.0,normal_rate_diagnostic,discovery
SCAN-02R-26c5588a4a75efc2,7,7,FILE-02R-038cf4e529ce94a2,39,6.9985,35.0,750000.0,144.332,750000.0,monitor_raw,monitor_controlled,ACQSTATE-02R-896f06c2a7c231ec,LAT-02R-517a9644e4f59287,UB-02R-c7cdba07fed2dfd7,4.6666666666666665e-05,7.888106377466155e-06,Poisson_E_times_lambda,35.0,750000.0,normal_rate_diagnostic,discovery
SCAN-02R-26c5588a4a75efc2,8,8,FILE-02R-038cf4e529ce94a2,40,7.9985,33.0,750006.0,148.805,750006.0,monitor_raw,monitor_controlled,ACQSTATE-02R-896f06c2a7c231ec,LAT-02R-517a9644e4f59287,UB-02R-c7cdba07fed2dfd7,4.399964800281598e-05,7.659355587206008e-06,Poisson_E_times_lambda,33.0,750006.0,normal_rate_diagnostic,discovery
SCAN-02R-26c5588a4a75efc2,9,9,FILE-02R-038cf4e529ce94a2,41,8.9984,38.0,750004.0,158.191,750004.0,monitor_raw,monitor_controlled,ACQSTATE-02R-896f06c2a7c231ec,LAT-02R-517a9644e4f59287,UB-02R-c7cdba07fed2dfd7,5.066639644588562e-05,8.21917483502618e-06,Poisson_E_times_lambda,38.0,750004.0,normal_rate_diagnostic,discovery
SCAN-02R-26c5588a4a75efc2,10,10,FILE-02R-038cf4e529ce94a2,42,9.9983,27.0,750000.0,151.51,750000.0,monitor_raw,monitor_controlled,ACQSTATE-02R-896f06c2a7c231ec,LAT-02R-517a9644e4f59287,UB-02R-c7cdba07fed2dfd7,3.6e-05,6.928203230275509e-06,Poisson_E_times_lambda,27.0,750000.0,normal_rate_diagnostic,discovery
SCAN-02R-26c5588a4a75efc2,11,11,FILE-02R-038cf4e529ce94a2,43,10.9987,40.0,750003.0,142.837,750003.0,monitor_raw,monitor_controlled,ACQSTATE-02R-896f06c2a7c231ec,LAT-02R-517a9644e4f59287,UB-02R-c7cdba07fed2dfd7,5.333312000085333e-05,8.432706696288894e-06,Poisson_E_times_lambda,40.0,750003.0,normal_rate_diagnostic,discovery
SCAN-02R-26c5588a4a75efc2,12,12,FILE-02R-038cf4e529ce94a2,44,11.9987,24.0,750000.0,133.959,750000.0,monitor_raw,monitor_controlled,ACQSTATE-02R-896f06c2a7c231ec,LAT-02R-517a9644e4f59287,UB-02R-c7cdba07fed2dfd7,3.2e-05,6.531972647421808e-06,Poisson_E_times_lambda,24.0,750000.0,normal_rate_diagnostic,discovery
SCAN-02R-26c5588a4a75efc2,13,13,FILE-02R-038cf4e529ce94a2,45,12.9987,37.0,750000.0,128.624,750000.0,monitor_raw,monitor_controlled,ACQSTATE-02R-896f06c2a7c231ec,LAT-02R-517a9644e4f59287,UB-02R-c7cdba07fed2dfd7,4.933333333333333e-05,8.110350040397626e-06,Poisson_E_times_lambda,37.0,750000.0,normal_rate_diagnostic,discovery
SCAN-02R-26c5588a4a75efc2,14,14,FILE-02R-038cf4e529ce94a2,46,13.9987,28.0,750007.0,126.639,750007.0,monitor_raw,monitor_controlled,ACQSTATE-02R-896f06c2a7c231ec,LAT-02R-517a9644e4f59287,UB-02R-c7cdba07fed2dfd7,3.733298489214101e-05,7.055270980309759e-06,Poisson_E_times_lambda,28.0,750007.0,normal_rate_diagnostic,discovery
SCAN-02R-26c5588a4a75efc2,15,15,FILE-02R-038cf4e529ce94a2,47,14.9987,36.0,750000.0,126.643,750000.0,monitor_raw,monitor_controlled,ACQSTATE-02R-896f06c2a7c231ec,LAT-02R-517a9644e4f59287,UB-02R-c7cdba07fed2dfd7,4.8e-05,8e-06,Poisson_E_times_lambda,36.0,750000.0,normal_rate_diagnostic,discovery
SCAN-02R-26c5588a4a75efc2,16,16,FILE-02R-038cf4e529ce94a2,48,15.9981,33.0,750000.0,126.988,750000.0,monitor_raw,monitor_controlled,ACQSTATE-02R-896f06c2a7c231ec,LAT-02R-517a9644e4f59287,UB-02R-c7cdba07fed2dfd7,4.4e-05,7.659416862050705e-06,Poisson_E_times_lambda,33.0,750000.0,normal_rate_diagnostic,discovery
SCAN-02R-26c5588a4a75efc2,17,17,FILE-02R-038cf4e529ce94a2,49,16.9985,24.0,750005.0,126.778,750005.0,monitor_raw,monitor_controlled,ACQSTATE-02R-896f06c2a7c231ec,LAT-02R-517a9644e4f59287,UB-02R-c7cdba07fed2dfd7,3.199978666808888e-05,6.5319291012278e-06,Poisson_E_times_lambda,24.0,750005.0,normal_rate_diagnostic,discovery
SCAN-02R-26c5588a4a75efc2,18,18,FILE-02R-038cf4e529ce94a2,50,17.9982,35.0,750002.0,129.273,750002.0,monitor_raw,monitor_controlled,ACQSTATE-02R-896f06c2a7c231ec,LAT-02R-517a9644e4f59287,UB-02R-c7cdba07fed2dfd7,4.666654222255407e-05,7.888085342571908e-06,Poisson_E_times_lambda,35.0,750002.0,normal_rate_diagnostic,discovery
SCAN-02R-26c5588a4a75efc2,19,19,FILE-02R-038cf4e529ce94a2,51,18.9984,34.0,750005.0,135.312,750005.0,monitor_raw,monitor_controlled,ACQSTATE-02R-896f06c2a7c231ec,LAT-02R-517a9644e4f59287,UB-02R-c7cdba07fed2dfd7,4.533303111312591e-05,7.774550696122427e-06,Poisson_E_times_lambda,34.0,750005.0,normal_rate_diagnostic,discovery
SCAN-02R-26c5588a4a75efc2,20,20,FILE-02R-038cf4e529ce94a2,52,19.9984,22.0,750001.0,137.922,750001.0,monitor_raw,monitor_controlled,ACQSTATE-02R-896f06c2a7c231ec,LAT-02R-517a9644e4f59287,UB-02R-c7cdba07fed2dfd7,2.933329422227437e-05,6.2538793412587845e-06,Poisson_E_times_lambda,22.0,750001.0,normal_rate_diagnostic,discovery
SCAN-02R-26c5588a4a75efc2,21,21,FILE-02R-038cf4e529ce94a2,53,20.9983,19.0,750006.0,136.049,750006.0,monitor_raw,monitor_controlled,ACQSTATE-02R-896f06c2a7c231ec,LAT-02R-517a9644e4f59287,UB-02R-c7cdba07fed2dfd7,2.5333130668287987e-05,5.811818763504124e-06,Poisson_E_times_lambda,19.0,750006.0,normal_rate_diagnostic,discovery
SCAN-02R-26c5588a4a75efc2,22,22,FILE-02R-038cf4e529ce94a2,54,21.9983,23.0,750006.0,131.364,750006.0,monitor_raw,monitor_controlled,ACQSTATE-02R-896f06c2a7c231ec,LAT-02R-517a9644e4f59287,UB-02R-c7cdba07fed2dfd7,3.0666421335295985e-05,6.394390875956618e-06,Poisson_E_times_lambda,23.0,750006.0,normal_rate_diagnostic,discovery
SCAN-02R-26c5588a4a75efc2,23,23,FILE-02R-038cf4e529ce94a2,55,22.9982,12.0,750008.0,127.184,750008.0,monitor_raw,monitor_controlled,ACQSTATE-02R-896f06c2a7c231ec,LAT-02R-517a9644e4f59287,UB-02R-c7cdba07fed2dfd7,1.5999829335153758e-05,4.618752886819547e-06,Poisson_E_times_lambda,12.0,750008.0,normal_rate_diagnostic,discovery
SCAN-02R-26c5588a4a75efc2,24,24,FILE-02R-038cf4e529ce94a2,56,23.9984,32.0,750003.0,125.529,750003.0,monitor_raw,monitor_controlled,ACQSTATE-02R-896f06c2a7c231ec,LAT-02R-517a9644e4f59287,UB-02R-c7cdba07fed2dfd7,4.2666496000682666e-05,7.542442162887856e-06,Poisson_E_times_lambda,32.0,750003.0,normal_rate_diagnostic,discovery
SCAN-02R-26c5588a4a75efc2,25,25,FILE-02R-038cf4e529ce94a2,57,24.9982,10.0,750001.0,126.052,750001.0,monitor_raw,monitor_controlled,ACQSTATE-02R-896f06c2a7c231ec,LAT-02R-517a9644e4f59287,UB-02R-c7cdba07fed2dfd7,1.3333315555579258e-05,4.216364591738384e-06,Poisson_E_times_lambda,10.0,750001.0,normal_rate_diagnostic,discovery
SCAN-02R-26c5588a4a75efc2,26,26,FILE-02R-038cf4e529ce94a2,58,25.9983,29.0,750000.0,129.565,750000.0,monitor_raw,monitor_controlled,ACQSTATE-02R-896f06c2a7c231ec,LAT-02R-517a9644e4f59287,UB-02R-c7cdba07fed2dfd7,3.866666666666667e-05,7.180219742846005e-06,Poisson_E_times_lambda,29.0,750000.0,normal_rate_diagnostic,discovery
SCAN-02R-26c5588a4a75efc2,27,27,FILE-02R-038cf4e529ce94a2,59,26.9983,12.0,750001.0,133.965,750001.0,monitor_raw,monitor_controlled,ACQSTATE-02R-896f06c2a7c231ec,LAT-02R-517a9644e4f59287,UB-02R-c7cdba07fed2dfd7,1.5999978666695112e-05,4.618795995122346e-06,Poisson_E_times_lambda,12.0,750001.0,normal_rate_diagnostic,discovery
SCAN-02R-26c5588a4a75efc2,28,28,FILE-02R-038cf4e529ce94a2,60,27.9989,20.0,750000.0,137.942,750000.0,monitor_raw,monitor_controlled,ACQSTATE-02R-896f06c2a7c231ec,LAT-02R-517a9644e4f59287,UB-02R-c7cdba07fed2dfd7,2.6666666666666667e-05,5.96284793999944e-06,Poisson_E_times_lambda,20.0,750000.0,normal_rate_diagnostic,discovery
SCAN-02R-26c5588a4a75efc2,29,29,FILE-02R-038cf4e529ce94a2,61,28.9984,18.0,750001.0,140.966,750001.0,monitor_raw,monitor_controlled,ACQSTATE-02R-896f06c2a7c231ec,LAT-02R-517a9644e4f59287,UB-02R-c7cdba07fed2dfd7,2.3999968000042666e-05,5.6568467070301035e-06,Poisson_E_times_lambda,18.0,750001.0,normal_rate_diagnostic,discovery
SCAN-02R-26c5588a4a75efc2,30,30,FILE-02R-038cf4e529ce94a2,62,29.9988,23.0,750003.0,143.028,750003.0,monitor_raw,monitor_controlled,ACQSTATE-02R-896f06c2a7c231ec,LAT-02R-517a9644e4f59287,UB-02R-c7cdba07fed2dfd7,3.0666544000490665e-05,6.394416453417812e-06,Poisson_E_times_lambda,23.0,750003.0,normal_rate_diagnostic,discovery
SCAN-02R-26c5588a4a75efc2,31,31,FILE-02R-038cf4e529ce94a2,63,30.9987,14.0,750003.0,146.152,750003.0,monitor_raw,monitor_controlled,ACQSTATE-02R-896f06c2a7c231ec,LAT-02R-517a9644e4f59287,UB-02R-c7cdba07fed2dfd7,1.8666592000298667e-05,4.988856560272347e-06,Poisson_E_times_lambda,14.0,750003.0,normal_rate_diagnostic,discovery
SCAN-02R-26c5588a4a75efc2,32,32,FILE-02R-038cf4e529ce94a2,64,31.9987,28.0,750002.0,148.135,750002.0,monitor_raw,monitor_controlled,ACQSTATE-02R-896f06c2a7c231ec,LAT-02R-517a9644e4f59287,UB-02R-c7cdba07fed2dfd7,3.733323377804326e-05,7.055318015324201e-06,Poisson_E_times_lambda,28.0,750002.0,normal_rate_diagnostic,discovery
SCAN-02R-26c5588a4a75efc2,33,33,FILE-02R-038cf4e529ce94a2,65,32.9981,19.0,750001.0,149.868,750001.0,monitor_raw,monitor_controlled,ACQSTATE-02R-896f06c2a7c231ec,LAT-02R-517a9644e4f59287,UB-02R-c7cdba07fed2dfd7,2.5333299555600593e-05,5.811857508910886e-06,Poisson_E_times_lambda,19.0,750001.0,normal_rate_diagnostic,discovery
SCAN-02R-26c5588a4a75efc2,34,34,FILE-02R-038cf4e529ce94a2,66,33.9984,26.0,750005.0,152.608,750005.0,monitor_raw,monitor_controlled,ACQSTATE-02R-896f06c2a7c231ec,LAT-02R-517a9644e4f59287,UB-02R-c7cdba07fed2dfd7,3.4666435557096286e-05,6.798647360474643e-06,Poisson_E_times_lambda,26.0,750005.0,normal_rate_diagnostic,discovery
SCAN-02R-26c5588a4a75efc2,35,35,FILE-02R-038cf4e529ce94a2,67,34.998,22.0,750000.0,155.812,750000.0,monitor_raw,monitor_controlled,ACQSTATE-02R-896f06c2a7c231ec,LAT-02R-517a9644e4f59287,UB-02R-c7cdba07fed2dfd7,2.9333333333333333e-05,6.253887679764573e-06,Poisson_E_times_lambda,22.0,750000.0,normal_rate_diagnostic,discovery
SCAN-02R-26c5588a4a75efc2,36,36,FILE-02R-038cf4e529ce94a2,68,35.9981,18.0,750006.0,159.753,750006.0,monitor_raw,monitor_controlled,ACQSTATE-02R-896f06c2a7c231ec,LAT-02R-517a9644e4f59287,UB-02R-c7cdba07fed2dfd7,2.3999808001535988e-05,5.65680899502042e-06,Poisson_E_times_lambda,18.0,750006.0,normal_rate_diagnostic,discovery
SCAN-02R-26c5588a4a75efc2,37,37,FILE-02R-038cf4e529ce94a2,69,36.9981,19.0,750006.0,163.65,750006.0,monitor_raw,monitor_controlled,ACQSTATE-02R-896f06c2a7c231ec,LAT-02R-517a9644e4f59287,UB-02R-c7cdba07fed2dfd7,2.5333130668287987e-05,5.811818763504124e-06,Poisson_E_times_lambda,19.0,750006.0,normal_rate_diagnostic,discovery
SCAN-02R-26c5588a4a75efc2,38,38,FILE-02R-038cf4e529ce94a2,70,37.9986,20.0,750005.0,167.122,750005.0,monitor_raw,monitor_controlled,ACQSTATE-02R-896f06c2a7c231ec,LAT-02R-517a9644e4f59287,UB-02R-c7cdba07fed2dfd7,2.6666488890074066e-05,5.9628081879448535e-06,Poisson_E_times_lambda,20.0,750005.0,normal_rate_diagnostic,discovery
SCAN-02R-26c5588a4a75efc2,39,39,FILE-02R-038cf4e529ce94a2,71,38.9982,32.0,750002.0,170.353,750002.0,monitor_raw,monitor_controlled,ACQSTATE-02R-896f06c2a7c231ec,LAT-02R-517a9644e4f59287,UB-02R-c7cdba07fed2dfd7,4.2666552889192296e-05,7.542452219450589e-06,Poisson_E_times_lambda,32.0,750002.0,normal_rate_diagnostic,discovery
SCAN-02R-26c5588a4a75efc2,40,40,FILE-02R-038cf4e529ce94a2,72,39.9985,26.0,750001.0,173.458,750001.0,monitor_raw,monitor_controlled,ACQSTATE-02R-896f06c2a7c231ec,LAT-02R-517a9644e4f59287,UB-02R-c7cdba07fed2dfd7,3.466662044450607e-05,6.798683619878886e-06,Poisson_E_times_lambda,26.0,750001.0,normal_rate_diagnostic,discovery
SCAN-02R-26c5588a4a75efc2,41,41,FILE-02R-038cf4e529ce94a2,73,40.9983,40.0,750000.0,176.233,750000.0,monitor_raw,monitor_controlled,ACQSTATE-02R-896f06c2a7c231ec,LAT-02R-517a9644e4f59287,UB-02R-c7cdba07fed2dfd7,5.333333333333333e-05,8.432740427115678e-06,Poisson_E_times_lambda,40.0,750000.0,normal_rate_diagnostic,discovery
SCAN-02R-26c5588a4a75efc2,42,42,FILE-02R-038cf4e529ce94a2,74,41.9986,54.0,750002.0,180.808,750002.0,monitor_raw,monitor_controlled,ACQSTATE-02R-896f06c2a7c231ec,LAT-02R-517a9644e4f59287,UB-02R-c7cdba07fed2dfd7,7.1999808000512e-05,9.797932843311797e-06,Poisson_E_times_lambda,54.0,750002.0,normal_rate_diagnostic,discovery
SCAN-02R-26c5588a4a75efc2,43,43,FILE-02R-038cf4e529ce94a2,75,42.9981,83.0,750005.0,186.341,750005.0,monitor_raw,monitor_controlled,ACQSTATE-02R-896f06c2a7c231ec,LAT-02R-517a9644e4f59287,UB-02R-c7cdba07fed2dfd7,0.00011066592889380737,1.2147163791100458e-05,Poisson_E_times_lambda,83.0,750005.0,normal_rate_diagnostic,discovery
SCAN-02R-26c5588a4a75efc2,44,44,FILE-02R-038cf4e529ce94a2,76,43.998,79.0,750004.0,193.223,750004.0,monitor_raw,monitor_controlled,ACQSTATE-02R-896f06c2a7c231ec,LAT-02R-517a9644e4f59287,UB-02R-c7cdba07fed2dfd7,0.00010533277155855168,1.1850862685153131e-05,Poisson_E_times_lambda,79.0,750004.0,normal_rate_diagnostic,discovery
SCAN-02R-26c5588a4a75efc2,45,45,FILE-02R-038cf4e529ce94a2,77,44.9984,88.0,750001.0,200.206,750001.0,monitor_raw,monitor_controlled,ACQSTATE-02R-896f06c2a7c231ec,LAT-02R-517a9644e4f59287,UB-02R-c7cdba07fed2dfd7,0.00011733317688909748,1.2507758682517569e-05,Poisson_E_times_lambda,88.0,750001.0,normal_rate_diagnostic,discovery
SCAN-02R-26c5588a4a75efc2,46,46,FILE-02R-038cf4e529ce94a2,78,45.9981,68.0,750002.0,207.922,750002.0,monitor_raw,monitor_controlled,ACQSTATE-02R-896f06c2a7c231ec,LAT-02R-517a9644e4f59287,UB-02R-c7cdba07fed2dfd7,9.066642488953363e-05,1.0994919015196388e-05,Poisson_E_times_lambda,68.0,750002.0,normal_rate_diagnostic,discovery
SCAN-02R-26c5588a4a75efc2,47,47,FILE-02R-038cf4e529ce94a2,79,46.9988,53.0,750001.0,216.536,750001.0,monitor_raw,monitor_controlled,ACQSTATE-02R-896f06c2a7c231ec,LAT-02R-517a9644e4f59287,UB-02R-c7cdba07fed2dfd7,7.066657244457008e-05,9.706800243307033e-06,Poisson_E_times_lambda,53.0,750001.0,normal_rate_diagnostic,discovery
SCAN-02R-26c5588a4a75efc2,48,48,FILE-02R-038cf4e529ce94a2,80,47.9979,82.0,750003.0,222.291,750003.0,monitor_raw,monitor_controlled,ACQSTATE-02R-896f06c2a7c231ec,LAT-02R-517a9644e4f59287,UB-02R-c7cdba07fed2dfd7,0.00010933289600174932,1.2073798555655667e-05,Poisson_E_times_lambda,82.0,750003.0,normal_rate_diagnostic,discovery
SCAN-02R-26c5588a4a75efc2,49,49,FILE-02R-038cf4e529ce94a2,81,48.997,26.0,750002.0,227.41,750002.0,monitor_raw,monitor_controlled,ACQSTATE-02R-896f06c2a7c231ec,LAT-02R-517a9644e4f59287,UB-02R-c7cdba07fed2dfd7,3.466657422246874e-05,6.798674554991566e-06,Poisson_E_times_lambda,26.0,750002.0,normal_rate_diagnostic,discovery
SCAN-02R-26c5588a4a75efc2,50,50,FILE-02R-038cf4e529ce94a2,82,49.9982,27.0,750002.0,231.194,750002.0,monitor_raw,monitor_controlled,ACQSTATE-02R-896f06c2a7c231ec,LAT-02R-517a9644e4f59287,UB-02R-c7cdba07fed2dfd7,3.5999904000256e-05,6.928184755116162e-06,Poisson_E_times_lambda,27.0,750002.0,normal_rate_diagnostic,discovery
SCAN-02R-26c5588a4a75efc2,51,51,FILE-02R-038cf4e529ce94a2,83,50.9976,26.0,750002.0,234.929,750002.0,monitor_raw,monitor_controlled,ACQSTATE-02R-896f06c2a7c231ec,LAT-02R-517a9644e4f59287,UB-02R-c7cdba07fed2dfd7,3.466657422246874e-05,6.798674554991566e-06,Poisson_E_times_lambda,26.0,750002.0,normal_rate_diagnostic,discovery
SCAN-02R-26c5588a4a75efc2,52,52,FILE-02R-038cf4e529ce94a2,84,51.9987,21.0,750002.0,237.492,750002.0,monitor_raw,monitor_controlled,ACQSTATE-02R-896f06c2a7c231ec,LAT-02R-517a9644e4f59287,UB-02R-c7cdba07fed2dfd7,2.7999925333532445e-05,6.110084633048765e-06,Poisson_E_times_lambda,21.0,750002.0,normal_rate_diagnostic,discovery
SCAN-02R-26c5588a4a75efc2,53,53,FILE-02R-038cf4e529ce94a2,85,52.9975,19.0,750003.0,238.913,750003.0,monitor_raw,monitor_controlled,ACQSTATE-02R-896f06c2a7c231ec,LAT-02R-517a9644e4f59287,UB-02R-c7cdba07fed2dfd7,2.5333232000405333e-05,5.8118420106861896e-06,Poisson_E_times_lambda,19.0,750003.0,normal_rate_diagnostic,discovery
SCAN-02R-26c5588a4a75efc2,54,54,FILE-02R-038cf4e529ce94a2,86,53.9961,35.0,750004.0,241.532,750004.0,monitor_raw,monitor_controlled,ACQSTATE-02R-896f06c2a7c231ec,LAT-02R-517a9644e4f59287,UB-02R-c7cdba07fed2dfd7,4.666641777910518e-05,7.888064307789847e-06,Poisson_E_times_lambda,35.0,750004.0,normal_rate_diagnostic,discovery
SCAN-02R-26c5588a4a75efc2,55,55,FILE-02R-038cf4e529ce94a2,87,54.9967,21.0,750000.0,246.185,750000.0,monitor_raw,monitor_controlled,ACQSTATE-02R-896f06c2a7c231ec,LAT-02R-517a9644e4f59287,UB-02R-c7cdba07fed2dfd7,2.8e-05,6.110100926607786e-06,Poisson_E_times_lambda,21.0,750000.0,normal_rate_diagnostic,discovery
SCAN-02R-2a0e91f43e0fe127,30,0,FILE-02R-b3c55d12147f0b5a,62,19.9984,37.0,750003.0,138.003,750003.0,monitor_raw,monitor_controlled,ACQSTATE-02R-896f06c2a7c231ec,LAT-02R-517a9644e4f59287,UB-02R-c7cdba07fed2dfd7,4.933313600078933e-05,8.11031759912723e-06,Poisson_E_times_lambda,37.0,750003.0,normal_rate_diagnostic,discovery
SCAN-02R-2a0e91f43e0fe127,29,1,FILE-02R-b3c55d12147f0b5a,61,20.9983,33.0,750003.0,135.189,750003.0,monitor_raw,monitor_controlled,ACQSTATE-02R-896f06c2a7c231ec,LAT-02R-517a9644e4f59287,UB-02R-c7cdba07fed2dfd7,4.3999824000704e-05,7.659386224505806e-06,Poisson_E_times_lambda,33.0,750003.0,normal_rate_diagnostic,discovery
SCAN-02R-2a0e91f43e0fe127,28,2,FILE-02R-b3c55d12147f0b5a,60,21.9983,33.0,750003.0,131.265,750003.0,monitor_raw,monitor_controlled,ACQSTATE-02R-896f06c2a7c231ec,LAT-02R-517a9644e4f59287,UB-02R-c7cdba07fed2dfd7,4.3999824000704e-05,7.659386224505806e-06,Poisson_E_times_lambda,33.0,750003.0,normal_rate_diagnostic,discovery
SCAN-02R-2a0e91f43e0fe127,27,3,FILE-02R-b3c55d12147f0b5a,59,22.9983,36.0,750001.0,127.009,750001.0,monitor_raw,monitor_controlled,ACQSTATE-02R-896f06c2a7c231ec,LAT-02R-517a9644e4f59287,UB-02R-c7cdba07fed2dfd7,4.799993600008533e-05,7.999989333347556e-06,Poisson_E_times_lambda,36.0,750001.0,normal_rate_diagnostic,discovery
SCAN-02R-2a0e91f43e0fe127,26,4,FILE-02R-b3c55d12147f0b5a,58,23.9985,43.0,750007.0,124.797,750007.0,monitor_raw,monitor_controlled,ACQSTATE-02R-896f06c2a7c231ec,LAT-02R-517a9644e4f59287,UB-02R-c7cdba07fed2dfd7,5.733279822721654e-05,8.743169762818214e-06,Poisson_E_times_lambda,43.0,750007.0,normal_rate_diagnostic,discovery
SCAN-02R-2a0e91f43e0fe127,25,5,FILE-02R-b3c55d12147f0b5a,57,24.9982,33.0,750008.0,125.791,750008.0,monitor_raw,monitor_controlled,ACQSTATE-02R-896f06c2a7c231ec,LAT-02R-517a9644e4f59287,UB-02R-c7cdba07fed2dfd7,4.3999530671672834e-05,7.659335162475638e-06,Poisson_E_times_lambda,33.0,750008.0,normal_rate_diagnostic,discovery
SCAN-02R-2a0e91f43e0fe127,24,6,FILE-02R-b3c55d12147f0b5a,56,25.9975,28.0,750003.0,128.793,750003.0,monitor_raw,monitor_controlled,ACQSTATE-02R-896f06c2a7c231ec,LAT-02R-517a9644e4f59287,UB-02R-c7cdba07fed2dfd7,3.7333184000597334e-05,7.055308608271142e-06,Poisson_E_times_lambda,28.0,750003.0,normal_rate_diagnostic,discovery
SCAN-02R-2a0e91f43e0fe127,23,7,FILE-02R-b3c55d12147f0b5a,55,26.9982,40.0,750008.0,133.228,750008.0,monitor_raw,monitor_controlled,ACQSTATE-02R-896f06c2a7c231ec,LAT-02R-517a9644e4f59287,UB-02R-c7cdba07fed2dfd7,5.3332764450512525e-05,8.432650478843905e-06,Poisson_E_times_lambda,40.0,750008.0,normal_rate_diagnostic,discovery
SCAN-02R-2a0e91f43e0fe127,22,8,FILE-02R-b3c55d12147f0b5a,54,27.998,29.0,750003.0,136.765,750003.0,monitor_raw,monitor_controlled,ACQSTATE-02R-896f06c2a7c231ec,LAT-02R-517a9644e4f59287,UB-02R-c7cdba07fed2dfd7,3.8666512000618665e-05,7.180191022081917e-06,Poisson_E_times_lambda,29.0,750003.0,normal_rate_diagnostic,discovery
SCAN-02R-2a0e91f43e0fe127,21,9,FILE-02R-b3c55d12147f0b5a,53,28.9983,40.0,750002.0,140.99,750002.0,monitor_raw,monitor_controlled,ACQSTATE-02R-896f06c2a7c231ec,LAT-02R-517a9644e4f59287,UB-02R-c7cdba07fed2dfd7,5.333319111149037e-05,8.43271793986784e-06,Poisson_E_times_lambda,40.0,750002.0,normal_rate_diagnostic,discovery
SCAN-02R-2a0e91f43e0fe127,20,10,FILE-02R-b3c55d12147f0b5a,52,29.9978,36.0,750003.0,144.375,750003.0,monitor_raw,monitor_controlled,ACQSTATE-02R-896f06c2a7c231ec,LAT-02R-517a9644e4f59287,UB-02R-c7cdba07fed2dfd7,4.7999808000768e-05,7.999968000127999e-06,Poisson_E_times_lambda,36.0,750003.0,normal_rate_diagnostic,discovery
SCAN-02R-2a0e91f43e0fe127,19,11,FILE-02R-b3c55d12147f0b5a,51,30.9985,31.0,750000.0,147.148,750000.0,monitor_raw,monitor_controlled,ACQSTATE-02R-896f06c2a7c231ec,LAT-02R-517a9644e4f59287,UB-02R-c7cdba07fed2dfd7,4.133333333333333e-05,7.423685817106695e-06,Poisson_E_times_lambda,31.0,750000.0,normal_rate_diagnostic,discovery
SCAN-02R-2a0e91f43e0fe127,18,12,FILE-02R-b3c55d12147f0b5a,50,31.997,28.0,750006.0,148.866,750006.0,monitor_raw,monitor_controlled,ACQSTATE-02R-896f06c2a7c231ec,LAT-02R-517a9644e4f59287,UB-02R-c7cdba07fed2dfd7,3.733303466905598e-05,7.055280387262477e-06,Poisson_E_times_lambda,28.0,750006.0,normal_rate_diagnostic,discovery
SCAN-02R-2a0e91f43e0fe127,17,13,FILE-02R-b3c55d12147f0b5a,49,32.9972,38.0,750008.0,150.666,750008.0,monitor_raw,monitor_controlled,ACQSTATE-02R-896f06c2a7c231ec,LAT-02R-517a9644e4f59287,UB-02R-c7cdba07fed2dfd7,5.0666126227986904e-05,8.219130999894636e-06,Poisson_E_times_lambda,38.0,750008.0,normal_rate_diagnostic,discovery
SCAN-02R-2a0e91f43e0fe127,16,14,FILE-02R-b3c55d12147f0b5a,48,33.9983,30.0,750005.0,152.997,750005.0,monitor_raw,monitor_controlled,ACQSTATE-02R-896f06c2a7c231ec,LAT-02R-517a9644e4f59287,UB-02R-c7cdba07fed2dfd7,3.99997333351111e-05,7.302918747277233e-06,Poisson_E_times_lambda,30.0,750005.0,normal_rate_diagnostic,discovery
SCAN-02R-2a0e91f43e0fe127,15,15,FILE-02R-b3c55d12147f0b5a,47,34.997,17.0,750005.0,156.327,750005.0,monitor_raw,monitor_controlled,ACQSTATE-02R-896f06c2a7c231ec,LAT-02R-517a9644e4f59287,UB-02R-c7cdba07fed2dfd7,2.2666515556562956e-05,5.497437517906761e-06,Poisson_E_times_lambda,17.0,750005.0,normal_rate_diagnostic,discovery
SCAN-02R-2a0e91f43e0fe127,14,16,FILE-02R-b3c55d12147f0b5a,46,35.9951,34.0,750006.0,160.784,750006.0,monitor_raw,monitor_controlled,ACQSTATE-02R-896f06c2a7c231ec,LAT-02R-517a9644e4f59287,UB-02R-c7cdba07fed2dfd7,4.533297066956798e-05,7.77454033013776e-06,Poisson_E_times_lambda,34.0,750006.0,normal_rate_diagnostic,discovery
SCAN-02R-2a0e91f43e0fe127,13,17,FILE-02R-b3c55d12147f0b5a,45,36.997,34.0,750000.0,164.977,750000.0,monitor_raw,monitor_controlled,ACQSTATE-02R-896f06c2a7c231ec,LAT-02R-517a9644e4f59287,UB-02R-c7cdba07fed2dfd7,4.5333333333333335e-05,7.774602526460401e-06,Poisson_E_times_lambda,34.0,750000.0,normal_rate_diagnostic,discovery
SCAN-02R-2a0e91f43e0fe127,12,18,FILE-02R-b3c55d12147f0b5a,44,37.9975,27.0,750002.0,166.712,750002.0,monitor_raw,monitor_controlled,ACQSTATE-02R-896f06c2a7c231ec,LAT-02R-517a9644e4f59287,UB-02R-c7cdba07fed2dfd7,3.5999904000256e-05,6.928184755116162e-06,Poisson_E_times_lambda,27.0,750002.0,normal_rate_diagnostic,discovery
SCAN-02R-2a0e91f43e0fe127,11,19,FILE-02R-b3c55d12147f0b5a,43,38.997,42.0,750009.0,170.856,750009.0,monitor_raw,monitor_controlled,ACQSTATE-02R-896f06c2a7c231ec,LAT-02R-517a9644e4f59287,UB-02R-c7cdba07fed2dfd7,5.5999328008063904e-05,8.64088390727026e-06,Poisson_E_times_lambda,42.0,750009.0,normal_rate_diagnostic,discovery
SCAN-02R-2a0e91f43e0fe127,10,20,FILE-02R-b3c55d12147f0b5a,42,39.9973,36.0,750000.0,173.415,750000.0,monitor_raw,monitor_controlled,ACQSTATE-02R-896f06c2a7c231ec,LAT-02R-517a9644e4f59287,UB-02R-c7cdba07fed2dfd7,4.8e-05,8e-06,Poisson_E_times_lambda,36.0,750000.0,normal_rate_diagnostic,discovery
SCAN-02R-2a0e91f43e0fe127,9,21,FILE-02R-b3c55d12147f0b5a,41,40.9971,76.0,750001.0,175.473,750001.0,monitor_raw,monitor_controlled,ACQSTATE-02R-896f06c2a7c231ec,LAT-02R-517a9644e4f59287,UB-02R-c7cdba07fed2dfd7,0.00010133319822240237,1.1623715017821773e-05,Poisson_E_times_lambda,76.0,750001.0,normal_rate_diagnostic,discovery
SCAN-02R-2a0e91f43e0fe127,8,22,FILE-02R-b3c55d12147f0b5a,40,41.9963,81.0,750003.0,181.842,750003.0,monitor_raw,monitor_controlled,ACQSTATE-02R-896f06c2a7c231ec,LAT-02R-517a9644e4f59287,UB-02R-c7cdba07fed2dfd7,0.00010799956800172799,1.1999952000192e-05,Poisson_E_times_lambda,81.0,750003.0,normal_rate_diagnostic,discovery
SCAN-02R-2a0e91f43e0fe127,7,23,FILE-02R-b3c55d12147f0b5a,39,42.9981,80.0,750000.0,185.754,750000.0,monitor_raw,monitor_controlled,ACQSTATE-02R-896f06c2a7c231ec,LAT-02R-517a9644e4f59287,UB-02R-c7cdba07fed2dfd7,0.00010666666666666667,1.192569587999888e-05,Poisson_E_times_lambda,80.0,750000.0,normal_rate_diagnostic,discovery
SCAN-02R-2a0e91f43e0fe127,6,24,FILE-02R-b3c55d12147f0b5a,38,43.9969,96.0,750001.0,194.173,750001.0,monitor_raw,monitor_controlled,ACQSTATE-02R-896f06c2a7c231ec,LAT-02R-517a9644e4f59287,UB-02R-c7cdba07fed2dfd7,0.0001279998293335609,1.3063927876273113e-05,Poisson_E_times_lambda,96.0,750001.0,normal_rate_diagnostic,discovery
SCAN-02R-2a0e91f43e0fe127,5,25,FILE-02R-b3c55d12147f0b5a,37,44.9984,98.0,750005.0,199.484,750005.0,monitor_raw,monitor_controlled,ACQSTATE-02R-896f06c2a7c231ec,LAT-02R-517a9644e4f59287,UB-02R-c7cdba07fed2dfd7,0.00013066579556136293,1.3199238587224972e-05,Poisson_E_times_lambda,98.0,750005.0,normal_rate_diagnostic,discovery
SCAN-02R-2a0e91f43e0fe127,4,26,FILE-02R-b3c55d12147f0b5a,36,45.9981,72.0,750002.0,208.819,750002.0,monitor_raw,monitor_controlled,ACQSTATE-02R-896f06c2a7c231ec,LAT-02R-517a9644e4f59287,UB-02R-c7cdba07fed2dfd7,9.599974400068266e-05,1.1313678329175882e-05,Poisson_E_times_lambda,72.0,750002.0,normal_rate_diagnostic,discovery
SCAN-02R-2a0e91f43e0fe127,3,27,FILE-02R-b3c55d12147f0b5a,35,46.9987,62.0,750000.0,214.883,750000.0,monitor_raw,monitor_controlled,ACQSTATE-02R-896f06c2a7c231ec,LAT-02R-517a9644e4f59287,UB-02R-c7cdba07fed2dfd7,8.266666666666667e-05,1.0498677165349082e-05,Poisson_E_times_lambda,62.0,750000.0,normal_rate_diagnostic,discovery
SCAN-02R-2a0e91f43e0fe127,2,28,FILE-02R-b3c55d12147f0b5a,34,47.9965,33.0,750003.0,223.449,750003.0,monitor_raw,monitor_controlled,ACQSTATE-02R-896f06c2a7c231ec,LAT-02R-517a9644e4f59287,UB-02R-c7cdba07fed2dfd7,4.3999824000704e-05,7.659386224505806e-06,Poisson_E_times_lambda,33.0,750003.0,normal_rate_diagnostic,discovery
SCAN-02R-2a0e91f43e0fe127,1,29,FILE-02R-b3c55d12147f0b5a,33,48.9957,36.0,750002.0,224.592,750002.0,monitor_raw,monitor_controlled,ACQSTATE-02R-896f06c2a7c231ec,LAT-02R-517a9644e4f59287,UB-02R-c7cdba07fed2dfd7,4.799987200034133e-05,7.999978666723556e-06,Poisson_E_times_lambda,36.0,750002.0,normal_rate_diagnostic,discovery
SCAN-02R-2a0e91f43e0fe127,0,30,FILE-02R-b3c55d12147f0b5a,32,49.9981,40.0,750003.0,230.662,750003.0,monitor_raw,monitor_controlled,ACQSTATE-02R-896f06c2a7c231ec,LAT-02R-517a9644e4f59287,UB-02R-c7cdba07fed2dfd7,5.333312000085333e-05,8.432706696288894e-06,Poisson_E_times_lambda,40.0,750003.0,normal_rate_diagnostic,discovery
SCAN-02R-2f690557cfd20bec,25,0,FILE-02R-871111657c7b0483,57,-0.0012,2958.0,950002.0,251.533,950002.0,monitor_raw,monitor_controlled,ACQSTATE-02R-896f06c2a7c231ec,LAT-02R-517a9644e4f59287,UB-02R-c7cdba07fed2dfd7,0.0031136776554154624,5.7249877961887016e-05,Poisson_E_times_lambda,2958.0,950002.0,normal_rate_diagnostic,discovery
SCAN-02R-2f690557cfd20bec,24,1,FILE-02R-871111657c7b0483,56,0.9988,82.0,950001.0,259.999,950001.0,monitor_raw,monitor_controlled,ACQSTATE-02R-896f06c2a7c231ec,LAT-02R-517a9644e4f59287,UB-02R-c7cdba07fed2dfd7,8.631569861505409e-05,9.531974322276943e-06,Poisson_E_times_lambda,82.0,950001.0,normal_rate_diagnostic,discovery
SCAN-02R-2f690557cfd20bec,23,2,FILE-02R-871111657c7b0483,55,1.9992,46.0,950005.0,225.84,950005.0,monitor_raw,monitor_controlled,ACQSTATE-02R-896f06c2a7c231ec,LAT-02R-517a9644e4f59287,UB-02R-c7cdba07fed2dfd7,4.8420797785274814e-05,7.139257144041629e-06,Poisson_E_times_lambda,46.0,950005.0,normal_rate_diagnostic,discovery
SCAN-02R-2f690557cfd20bec,22,3,FILE-02R-871111657c7b0483,54,2.9989,55.0,950000.0,217.243,950000.0,monitor_raw,monitor_controlled,ACQSTATE-02R-896f06c2a7c231ec,LAT-02R-517a9644e4f59287,UB-02R-c7cdba07fed2dfd7,5.789473684210526e-05,7.806524723258592e-06,Poisson_E_times_lambda,55.0,950000.0,normal_rate_diagnostic,discovery
SCAN-02R-2f690557cfd20bec,21,4,FILE-02R-871111657c7b0483,53,3.9989,54.0,950001.0,210.343,950001.0,monitor_raw,monitor_controlled,ACQSTATE-02R-896f06c2a7c231ec,LAT-02R-517a9644e4f59287,UB-02R-c7cdba07fed2dfd7,5.684204542942586e-05,7.735222624344116e-06,Poisson_E_times_lambda,54.0,950001.0,normal_rate_diagnostic,discovery
SCAN-02R-2f690557cfd20bec,20,5,FILE-02R-871111657c7b0483,52,4.9987,62.0,950001.0,212.29,950001.0,monitor_raw,monitor_controlled,ACQSTATE-02R-896f06c2a7c231ec,LAT-02R-517a9644e4f59287,UB-02R-c7cdba07fed2dfd7,6.526308919674822e-05,8.288420616411785e-06,Poisson_E_times_lambda,62.0,950001.0,normal_rate_diagnostic,discovery
SCAN-02R-2f690557cfd20bec,19,6,FILE-02R-871111657c7b0483,51,5.9987,55.0,950006.0,196.829,950006.0,monitor_raw,monitor_controlled,ACQSTATE-02R-896f06c2a7c231ec,LAT-02R-517a9644e4f59287,UB-02R-c7cdba07fed2dfd7,5.789437119344509e-05,7.806475419203313e-06,Poisson_E_times_lambda,55.0,950006.0,normal_rate_diagnostic,discovery
SCAN-02R-2f690557cfd20bec,18,7,FILE-02R-871111657c7b0483,50,6.9989,45.0,950001.0,181.935,950001.0,monitor_raw,monitor_controlled,ACQSTATE-02R-896f06c2a7c231ec,LAT-02R-517a9644e4f59287,UB-02R-c7cdba07fed2dfd7,4.736837119118822e-05,7.061259864462636e-06,Poisson_E_times_lambda,45.0,950001.0,normal_rate_diagnostic,discovery
SCAN-02R-2f690557cfd20bec,17,8,FILE-02R-871111657c7b0483,49,7.9986,33.0,950005.0,188.187,950005.0,monitor_raw,monitor_controlled,ACQSTATE-02R-896f06c2a7c231ec,LAT-02R-517a9644e4f59287,UB-02R-c7cdba07fed2dfd7,3.473665928074063e-05,6.0468762233230655e-06,Poisson_E_times_lambda,33.0,950005.0,normal_rate_diagnostic,discovery
SCAN-02R-2f690557cfd20bec,16,9,FILE-02R-871111657c7b0483,48,8.9986,52.0,950000.0,199.426,950000.0,monitor_raw,monitor_controlled,ACQSTATE-02R-896f06c2a7c231ec,LAT-02R-517a9644e4f59287,UB-02R-c7cdba07fed2dfd7,5.473684210526316e-05,7.590634264134714e-06,Poisson_E_times_lambda,52.0,950000.0,normal_rate_diagnostic,discovery
SCAN-02R-2f690557cfd20bec,15,10,FILE-02R-871111657c7b0483,47,9.9983,45.0,950008.0,192.113,950008.0,monitor_raw,monitor_controlled,ACQSTATE-02R-896f06c2a7c231ec,LAT-02R-517a9644e4f59287,UB-02R-c7cdba07fed2dfd7,4.736802216402388e-05,7.06120783456494e-06,Poisson_E_times_lambda,45.0,950008.0,normal_rate_diagnostic,discovery
SCAN-02R-2f690557cfd20bec,14,11,FILE-02R-871111657c7b0483,46,10.9986,45.0,950004.0,180.005,950004.0,monitor_raw,monitor_controlled,ACQSTATE-02R-896f06c2a7c231ec,LAT-02R-517a9644e4f59287,UB-02R-c7cdba07fed2dfd7,4.7368221607487966e-05,7.061237565841164e-06,Poisson_E_times_lambda,45.0,950004.0,normal_rate_diagnostic,discovery
SCAN-02R-2f690557cfd20bec,13,12,FILE-02R-871111657c7b0483,45,11.9986,43.0,950001.0,168.785,950001.0,monitor_raw,monitor_controlled,ACQSTATE-02R-896f06c2a7c231ec,LAT-02R-517a9644e4f59287,UB-02R-c7cdba07fed2dfd7,4.5263110249357634e-05,6.902559601834104e-06,Poisson_E_times_lambda,43.0,950001.0,normal_rate_diagnostic,discovery
SCAN-02R-2f690557cfd20bec,12,13,FILE-02R-871111657c7b0483,44,12.9983,36.0,950004.0,162.309,950004.0,monitor_raw,monitor_controlled,ACQSTATE-02R-896f06c2a7c231ec,LAT-02R-517a9644e4f59287,UB-02R-c7cdba07fed2dfd7,3.789457728599037e-05,6.315762880998396e-06,Poisson_E_times_lambda,36.0,950004.0,normal_rate_diagnostic,discovery
SCAN-02R-2f690557cfd20bec,11,14,FILE-02R-871111657c7b0483,43,13.9983,37.0,950000.0,159.103,950000.0,monitor_raw,monitor_controlled,ACQSTATE-02R-896f06c2a7c231ec,LAT-02R-517a9644e4f59287,UB-02R-c7cdba07fed2dfd7,3.894736842105263e-05,6.402907926629705e-06,Poisson_E_times_lambda,37.0,950000.0,normal_rate_diagnostic,discovery
SCAN-02R-2f690557cfd20bec,10,15,FILE-02R-871111657c7b0483,42,14.9987,41.0,950000.0,159.645,950000.0,monitor_raw,monitor_controlled,ACQSTATE-02R-896f06c2a7c231ec,LAT-02R-517a9644e4f59287,UB-02R-c7cdba07fed2dfd7,4.3157894736842105e-05,6.740130776245104e-06,Poisson_E_times_lambda,41.0,950000.0,normal_rate_diagnostic,discovery
SCAN-02R-2f690557cfd20bec,9,16,FILE-02R-871111657c7b0483,41,15.9986,32.0,950001.0,159.62,950001.0,monitor_raw,monitor_controlled,ACQSTATE-02R-896f06c2a7c231ec,LAT-02R-517a9644e4f59287,UB-02R-c7cdba07fed2dfd7,3.36841750692894e-05,5.954577152542346e-06,Poisson_E_times_lambda,32.0,950001.0,normal_rate_diagnostic,discovery
SCAN-02R-2f690557cfd20bec,8,17,FILE-02R-871111657c7b0483,40,16.998,32.0,950002.0,159.967,950002.0,monitor_raw,monitor_controlled,ACQSTATE-02R-896f06c2a7c231ec,LAT-02R-517a9644e4f59287,UB-02R-c7cdba07fed2dfd7,3.368413961233766e-05,5.954570884579591e-06,Poisson_E_times_lambda,32.0,950002.0,normal_rate_diagnostic,discovery
SCAN-02R-2f690557cfd20bec,7,18,FILE-02R-871111657c7b0483,39,17.9986,41.0,950006.0,163.205,950006.0,monitor_raw,monitor_controlled,ACQSTATE-02R-896f06c2a7c231ec,LAT-02R-517a9644e4f59287,UB-02R-c7cdba07fed2dfd7,4.315762216238634e-05,6.740088207266953e-06,Poisson_E_times_lambda,41.0,950006.0,normal_rate_diagnostic,discovery
SCAN-02R-2f690557cfd20bec,6,19,FILE-02R-871111657c7b0483,38,18.9982,45.0,950000.0,170.907,950000.0,monitor_raw,monitor_controlled,ACQSTATE-02R-896f06c2a7c231ec,LAT-02R-517a9644e4f59287,UB-02R-c7cdba07fed2dfd7,4.736842105263158e-05,7.061267297367757e-06,Poisson_E_times_lambda,45.0,950000.0,normal_rate_diagnostic,discovery
SCAN-02R-2f690557cfd20bec,5,20,FILE-02R-871111657c7b0483,37,19.9983,31.0,950002.0,173.915,950002.0,monitor_raw,monitor_controlled,ACQSTATE-02R-896f06c2a7c231ec,LAT-02R-517a9644e4f59287,UB-02R-c7cdba07fed2dfd7,3.2631510249452106e-05,5.860792253942646e-06,Poisson_E_times_lambda,31.0,950002.0,normal_rate_diagnostic,discovery
SCAN-02R-2f690557cfd20bec,4,21,FILE-02R-871111657c7b0483,36,20.9982,41.0,950003.0,171.145,950003.0,monitor_raw,monitor_controlled,ACQSTATE-02R-896f06c2a7c231ec,LAT-02R-517a9644e4f59287,UB-02R-c7cdba07fed2dfd7,4.315775844918384e-05,6.740109491688814e-06,Poisson_E_times_lambda,41.0,950003.0,normal_rate_diagnostic,discovery
SCAN-02R-2f690557cfd20bec,3,22,FILE-02R-871111657c7b0483,35,21.9982,29.0,950003.0,165.797,950003.0,monitor_raw,monitor_controlled,ACQSTATE-02R-896f06c2a7c231ec,LAT-02R-517a9644e4f59287,UB-02R-c7cdba07fed2dfd7,3.052621939088613e-05,5.6685766330574785e-06,Poisson_E_times_lambda,29.0,950003.0,normal_rate_diagnostic,discovery
SCAN-02R-2f690557cfd20bec,2,23,FILE-02R-871111657c7b0483,34,22.9982,22.0,950005.0,160.76,950005.0,monitor_raw,monitor_controlled,ACQSTATE-02R-896f06c2a7c231ec,LAT-02R-517a9644e4f59287,UB-02R-c7cdba07fed2dfd7,2.3157772853827084e-05,4.937253761636444e-06,Poisson_E_times_lambda,22.0,950005.0,normal_rate_diagnostic,discovery
SCAN-02R-2f690557cfd20bec,1,24,FILE-02R-871111657c7b0483,33,23.9985,30.0,950004.0,158.521,950004.0,monitor_raw,monitor_controlled,ACQSTATE-02R-896f06c2a7c231ec,LAT-02R-517a9644e4f59287,UB-02R-c7cdba07fed2dfd7,3.157881440499198e-05,5.7654763296277295e-06,Poisson_E_times_lambda,30.0,950004.0,normal_rate_diagnostic,discovery
SCAN-02R-2f690557cfd20bec,0,25,FILE-02R-871111657c7b0483,32,24.9983,27.0,950002.0,159.233,950002.0,monitor_raw,monitor_controlled,ACQSTATE-02R-896f06c2a7c231ec,LAT-02R-517a9644e4f59287,UB-02R-c7cdba07fed2dfd7,2.8420992797909898e-05,5.469622614169899e-06,Poisson_E_times_lambda,27.0,950002.0,normal_rate_diagnostic,discovery
SCAN-02R-306a96179bd778b6,0,0,FILE-02R-3c1b75c58699b634,32,-0.001,1745.0,750003.0,196.206,750003.0,monitor_raw,monitor_controlled,ACQSTATE-02R-896f06c2a7c231ec,LAT-02R-517a9644e4f59287,UB-02R-c7cdba07fed2dfd7,0.0023266573600372264,5.5697373408387495e-05,Poisson_E_times_lambda,1745.0,750003.0,normal_rate_diagnostic,discovery
SCAN-02R-306a96179bd778b6,1,1,FILE-02R-3c1b75c58699b634,33,0.9985,66.0,750000.0,204.169,750000.0,monitor_raw,monitor_controlled,ACQSTATE-02R-896f06c2a7c231ec,LAT-02R-517a9644e4f59287,UB-02R-c7cdba07fed2dfd7,8.8e-05,1.083205120618128e-05,Poisson_E_times_lambda,66.0,750000.0,normal_rate_diagnostic,discovery
SCAN-02R-306a96179bd778b6,2,2,FILE-02R-3c1b75c58699b634,34,1.9986,42.0,750000.0,178.469,750000.0,monitor_raw,monitor_controlled,ACQSTATE-02R-896f06c2a7c231ec,LAT-02R-517a9644e4f59287,UB-02R-c7cdba07fed2dfd7,5.6e-05,8.640987597877147e-06,Poisson_E_times_lambda,42.0,750000.0,normal_rate_diagnostic,discovery
SCAN-02R-306a96179bd778b6,3,3,FILE-02R-3c1b75c58699b634,35,2.9987,45.0,750000.0,172.303,750000.0,monitor_raw,monitor_controlled,ACQSTATE-02R-896f06c2a7c231ec,LAT-02R-517a9644e4f59287,UB-02R-c7cdba07fed2dfd7,6e-05,8.94427190999916e-06,Poisson_E_times_lambda,45.0,750000.0,normal_rate_diagnostic,discovery
SCAN-02R-306a96179bd778b6,4,4,FILE-02R-3c1b75c58699b634,36,3.9985,50.0,750000.0,166.984,750000.0,monitor_raw,monitor_controlled,ACQSTATE-02R-896f06c2a7c231ec,LAT-02R-517a9644e4f59287,UB-02R-c7cdba07fed2dfd7,6.666666666666667e-05,9.428090415820634e-06,Poisson_E_times_lambda,50.0,750000.0,normal_rate_diagnostic,discovery
SCAN-02R-306a96179bd778b6,5,5,FILE-02R-3c1b75c58699b634,37,4.9988,41.0,750000.0,168.456,750000.0,monitor_raw,monitor_controlled,ACQSTATE-02R-896f06c2a7c231ec,LAT-02R-517a9644e4f59287,UB-02R-c7cdba07fed2dfd7,5.466666666666667e-05,8.537498983243797e-06,Poisson_E_times_lambda,41.0,750000.0,normal_rate_diagnostic,discovery
SCAN-02R-306a96179bd778b6,6,6,FILE-02R-3c1b75c58699b634,38,5.9987,35.0,750000.0,155.653,750000.0,monitor_raw,monitor_controlled,ACQSTATE-02R-896f06c2a7c231ec,LAT-02R-517a9644e4f59287,UB-02R-c7cdba07fed2dfd7,4.6666666666666665e-05,7.888106377466155e-06,Poisson_E_times_lambda,35.0,750000.0,normal_rate_diagnostic,discovery
SCAN-02R-306a96179bd778b6,7,7,FILE-02R-3c1b75c58699b634,39,6.9987,35.0,750001.0,144.154,750001.0,monitor_raw,monitor_controlled,ACQSTATE-02R-896f06c2a7c231ec,LAT-02R-517a9644e4f59287,UB-02R-c7cdba07fed2dfd7,4.6666604444527406e-05,7.888095860005007e-06,Poisson_E_times_lambda,35.0,750001.0,normal_rate_diagnostic,discovery
SCAN-02R-306a96179bd778b6,8,8,FILE-02R-3c1b75c58699b634,40,7.9989,57.0,750003.0,148.532,750003.0,monitor_raw,monitor_controlled,ACQSTATE-02R-896f06c2a7c231ec,LAT-02R-517a9644e4f59287,UB-02R-c7cdba07fed2dfd7,7.5999696001216e-05,1.0066405648071741e-05,Poisson_E_times_lambda,57.0,750003.0,normal_rate_diagnostic,discovery
SCAN-02R-306a96179bd778b6,9,9,FILE-02R-3c1b75c58699b634,41,8.9985,39.0,750004.0,157.774,750004.0,monitor_raw,monitor_controlled,ACQSTATE-02R-896f06c2a7c231ec,LAT-02R-517a9644e4f59287,UB-02R-c7cdba07fed2dfd7,5.199972266814577e-05,8.326619589226723e-06,Poisson_E_times_lambda,39.0,750004.0,normal_rate_diagnostic,discovery
SCAN-02R-306a96179bd778b6,10,10,FILE-02R-3c1b75c58699b634,42,9.9985,53.0,750000.0,150.75,750000.0,monitor_raw,monitor_controlled,ACQSTATE-02R-896f06c2a7c231ec,LAT-02R-517a9644e4f59287,UB-02R-c7cdba07fed2dfd7,7.066666666666667e-05,9.706813185707358e-06,Poisson_E_times_lambda,53.0,750000.0,normal_rate_diagnostic,discovery
SCAN-02R-306a96179bd778b6,11,11,FILE-02R-3c1b75c58699b634,43,10.9985,49.0,750006.0,141.453,750006.0,monitor_raw,monitor_controlled,ACQSTATE-02R-896f06c2a7c231ec,LAT-02R-517a9644e4f59287,UB-02R-c7cdba07fed2dfd7,6.533281067084797e-05,9.333258667263995e-06,Poisson_E_times_lambda,49.0,750006.0,normal_rate_diagnostic,discovery
SCAN-02R-306a96179bd778b6,12,12,FILE-02R-3c1b75c58699b634,44,11.9985,44.0,750009.0,132.208,750009.0,monitor_raw,monitor_controlled,ACQSTATE-02R-896f06c2a7c231ec,LAT-02R-517a9644e4f59287,UB-02R-c7cdba07fed2dfd7,5.8665962675114566e-05,8.844226643561344e-06,Poisson_E_times_lambda,44.0,750009.0,normal_rate_diagnostic,discovery
SCAN-02R-306a96179bd778b6,13,13,FILE-02R-3c1b75c58699b634,45,12.9986,37.0,750001.0,127.97,750001.0,monitor_raw,monitor_controlled,ACQSTATE-02R-896f06c2a7c231ec,LAT-02R-517a9644e4f59287,UB-02R-c7cdba07fed2dfd7,4.933326755564326e-05,8.11033922661199e-06,Poisson_E_times_lambda,37.0,750001.0,normal_rate_diagnostic,discovery
SCAN-02R-306a96179bd778b6,14,14,FILE-02R-3c1b75c58699b634,46,13.9982,32.0,750005.0,125.875,750005.0,monitor_raw,monitor_controlled,ACQSTATE-02R-896f06c2a7c231ec,LAT-02R-517a9644e4f59287,UB-02R-c7cdba07fed2dfd7,4.266638222411851e-05,7.542422049842842e-06,Poisson_E_times_lambda,32.0,750005.0,normal_rate_diagnostic,discovery
SCAN-02R-306a96179bd778b6,15,15,FILE-02R-3c1b75c58699b634,47,14.9985,30.0,750002.0,126.135,750002.0,monitor_raw,monitor_controlled,ACQSTATE-02R-896f06c2a7c231ec,LAT-02R-517a9644e4f59287,UB-02R-c7cdba07fed2dfd7,3.9999893333617774e-05,7.302947958874325e-06,Poisson_E_times_lambda,30.0,750002.0,normal_rate_diagnostic,discovery
SCAN-02R-306a96179bd778b6,16,16,FILE-02R-3c1b75c58699b634,48,15.998,40.0,750009.0,126.495,750009.0,monitor_raw,monitor_controlled,ACQSTATE-02R-896f06c2a7c231ec,LAT-02R-517a9644e4f59287,UB-02R-c7cdba07fed2dfd7,5.333269334101324e-05,8.432639235444854e-06,Poisson_E_times_lambda,40.0,750009.0,normal_rate_diagnostic,discovery
SCAN-02R-306a96179bd778b6,17,17,FILE-02R-3c1b75c58699b634,49,16.9984,28.0,750000.0,125.966,750000.0,monitor_raw,monitor_controlled,ACQSTATE-02R-896f06c2a7c231ec,LAT-02R-517a9644e4f59287,UB-02R-c7cdba07fed2dfd7,3.733333333333333e-05,7.055336829505575e-06,Poisson_E_times_lambda,28.0,750000.0,normal_rate_diagnostic,discovery
SCAN-02R-306a96179bd778b6,18,18,FILE-02R-3c1b75c58699b634,50,17.998,44.0,750003.0,128.887,750003.0,monitor_raw,monitor_controlled,ACQSTATE-02R-896f06c2a7c231ec,LAT-02R-517a9644e4f59287,UB-02R-c7cdba07fed2dfd7,5.866643200093866e-05,8.844297397091478e-06,Poisson_E_times_lambda,44.0,750003.0,normal_rate_diagnostic,discovery
SCAN-02R-306a96179bd778b6,19,19,FILE-02R-3c1b75c58699b634,51,18.9987,40.0,750002.0,134.61,750002.0,monitor_raw,monitor_controlled,ACQSTATE-02R-896f06c2a7c231ec,LAT-02R-517a9644e4f59287,UB-02R-c7cdba07fed2dfd7,5.333319111149037e-05,8.43271793986784e-06,Poisson_E_times_lambda,40.0,750002.0,normal_rate_diagnostic,discovery
SCAN-02R-306a96179bd778b6,20,20,FILE-02R-3c1b75c58699b634,52,19.9983,26.0,750003.0,137.396,750003.0,monitor_raw,monitor_controlled,ACQSTATE-02R-896f06c2a7c231ec,LAT-02R-517a9644e4f59287,UB-02R-c7cdba07fed2dfd7,3.4666528000554665e-05,6.7986654901284184e-06,Poisson_E_times_lambda,26.0,750003.0,normal_rate_diagnostic,discovery
SCAN-02R-306a96179bd778b6,21,21,FILE-02R-3c1b75c58699b634,53,20.9982,42.0,750001.0,135.344,750001.0,monitor_raw,monitor_controlled,ACQSTATE-02R-896f06c2a7c231ec,LAT-02R-517a9644e4f59287,UB-02R-c7cdba07fed2dfd7,5.599992533343289e-05,8.640976076575712e-06,Poisson_E_times_lambda,42.0,750001.0,normal_rate_diagnostic,discovery
SCAN-02R-306a96179bd778b6,22,22,FILE-02R-3c1b75c58699b634,54,21.9981,30.0,750001.0,130.47,750001.0,monitor_raw,monitor_controlled,ACQSTATE-02R-896f06c2a7c231ec,LAT-02R-517a9644e4f59287,UB-02R-c7cdba07fed2dfd7,3.999994666673778e-05,7.302957696125286e-06,Poisson_E_times_lambda,30.0,750001.0,normal_rate_diagnostic,discovery
SCAN-02R-306a96179bd778b6,23,23,FILE-02R-3c1b75c58699b634,55,22.9982,28.0,750000.0,126.762,750000.0,monitor_raw,monitor_controlled,ACQSTATE-02R-896f06c2a7c231ec,LAT-02R-517a9644e4f59287,UB-02R-c7cdba07fed2dfd7,3.733333333333333e-05,7.055336829505575e-06,Poisson_E_times_lambda,28.0,750000.0,normal_rate_diagnostic,discovery
SCAN-02R-306a96179bd778b6,24,24,FILE-02R-3c1b75c58699b634,56,23.9985,35.0,750004.0,125.059,750004.0,monitor_raw,monitor_controlled,ACQSTATE-02R-896f06c2a7c231ec,LAT-02R-517a9644e4f59287,UB-02R-c7cdba07fed2dfd7,4.666641777910518e-05,7.888064307789847e-06,Poisson_E_times_lambda,35.0,750004.0,normal_rate_diagnostic,discovery
SCAN-02R-306a96179bd778b6,25,25,FILE-02R-3c1b75c58699b634,57,24.9983,36.0,750007.0,125.293,750007.0,monitor_raw,monitor_controlled,ACQSTATE-02R-896f06c2a7c231ec,LAT-02R-517a9644e4f59287,UB-02R-c7cdba07fed2dfd7,4.7999552004181296e-05,7.999925334030215e-06,Poisson_E_times_lambda,36.0,750007.0,normal_rate_diagnostic,discovery
SCAN-02R-306a96179bd778b6,26,26,FILE-02R-3c1b75c58699b634,58,25.9983,34.0,750004.0,129.315,750004.0,monitor_raw,monitor_controlled,ACQSTATE-02R-896f06c2a7c231ec,LAT-02R-517a9644e4f59287,UB-02R-c7cdba07fed2dfd7,4.533309155684503e-05,7.774561062134735e-06,Poisson_E_times_lambda,34.0,750004.0,normal_rate_diagnostic,discovery
SCAN-02R-306a96179bd778b6,27,27,FILE-02R-3c1b75c58699b634,59,26.9982,21.0,750002.0,133.703,750002.0,monitor_raw,monitor_controlled,ACQSTATE-02R-896f06c2a7c231ec,LAT-02R-517a9644e4f59287,UB-02R-c7cdba07fed2dfd7,2.7999925333532445e-05,6.110084633048765e-06,Poisson_E_times_lambda,21.0,750002.0,normal_rate_diagnostic,discovery
SCAN-02R-306a96179bd778b6,28,28,FILE-02R-3c1b75c58699b634,60,27.9987,26.0,750008.0,137.277,750008.0,monitor_raw,monitor_controlled,ACQSTATE-02R-896f06c2a7c231ec,LAT-02R-517a9644e4f59287,UB-02R-c7cdba07fed2dfd7,3.466629689283314e-05,6.798620166175273e-06,Poisson_E_times_lambda,26.0,750008.0,normal_rate_diagnostic,discovery
SCAN-02R-306a96179bd778b6,29,29,FILE-02R-3c1b75c58699b634,61,28.9983,43.0,750009.0,139.091,750009.0,monitor_raw,monitor_controlled,ACQSTATE-02R-896f06c2a7c231ec,LAT-02R-517a9644e4f59287,UB-02R-c7cdba07fed2dfd7,5.7332645341589235e-05,8.743146447978624e-06,Poisson_E_times_lambda,43.0,750009.0,normal_rate_diagnostic,discovery
SCAN-02R-306a96179bd778b6,30,30,FILE-02R-3c1b75c58699b634,62,29.9986,22.0,750006.0,142.781,750006.0,monitor_raw,monitor_controlled,ACQSTATE-02R-896f06c2a7c231ec,LAT-02R-517a9644e4f59287,UB-02R-c7cdba07fed2dfd7,2.9333098668543986e-05,6.253837649063381e-06,Poisson_E_times_lambda,22.0,750006.0,normal_rate_diagnostic,discovery
SCAN-02R-306a96179bd778b6,31,31,FILE-02R-3c1b75c58699b634,63,30.9986,22.0,750002.0,144.798,750002.0,monitor_raw,monitor_controlled,ACQSTATE-02R-896f06c2a7c231ec,LAT-02R-517a9644e4f59287,UB-02R-c7cdba07fed2dfd7,2.9333255111319702e-05,6.2538710027752325e-06,Poisson_E_times_lambda,22.0,750002.0,normal_rate_diagnostic,discovery
SCAN-02R-306a96179bd778b6,32,32,FILE-02R-3c1b75c58699b634,64,31.9979,36.0,750005.0,146.604,750005.0,monitor_raw,monitor_controlled,ACQSTATE-02R-896f06c2a7c231ec,LAT-02R-517a9644e4f59287,UB-02R-c7cdba07fed2dfd7,4.7999680002133316e-05,7.99994666702222e-06,Poisson_E_times_lambda,36.0,750005.0,normal_rate_diagnostic,discovery
SCAN-02R-306a96179bd778b6,33,33,FILE-02R-3c1b75c58699b634,65,32.9981,36.0,750001.0,148.835,750001.0,monitor_raw,monitor_controlled,ACQSTATE-02R-896f06c2a7c231ec,LAT-02R-517a9644e4f59287,UB-02R-c7cdba07fed2dfd7,4.799993600008533e-05,7.999989333347556e-06,Poisson_E_times_lambda,36.0,750001.0,normal_rate_diagnostic,discovery
SCAN-02R-306a96179bd778b6,34,34,FILE-02R-3c1b75c58699b634,66,33.9984,28.0,750007.0,151.377,750007.0,monitor_raw,monitor_controlled,ACQSTATE-02R-896f06c2a7c231ec,LAT-02R-517a9644e4f59287,UB-02R-c7cdba07fed2dfd7,3.733298489214101e-05,7.055270980309759e-06,Poisson_E_times_lambda,28.0,750007.0,normal_rate_diagnostic,discovery
SCAN-02R-306a96179bd778b6,35,35,FILE-02R-3c1b75c58699b634,67,34.9981,26.0,750001.0,154.549,750001.0,monitor_raw,monitor_controlled,ACQSTATE-02R-896f06c2a7c231ec,LAT-02R-517a9644e4f59287,UB-02R-c7cdba07fed2dfd7,3.466662044450607e-05,6.798683619878886e-06,Poisson_E_times_lambda,26.0,750001.0,normal_rate_diagnostic,discovery
SCAN-02R-306a96179bd778b6,36,36,FILE-02R-3c1b75c58699b634,68,35.998,25.0,750001.0,158.751,750001.0,monitor_raw,monitor_controlled,ACQSTATE-02R-896f06c2a7c231ec,LAT-02R-517a9644e4f59287,UB-02R-c7cdba07fed2dfd7,3.333328888894815e-05,6.666657777789629e-06,Poisson_E_times_lambda,25.0,750001.0,normal_rate_diagnostic,discovery
SCAN-02R-306a96179bd778b6,37,37,FILE-02R-3c1b75c58699b634,69,36.998,21.0,750001.0,162.225,750001.0,monitor_raw,monitor_controlled,ACQSTATE-02R-896f06c2a7c231ec,LAT-02R-517a9644e4f59287,UB-02R-c7cdba07fed2dfd7,2.7999962666716444e-05,6.110092779817413e-06,Poisson_E_times_lambda,21.0,750001.0,normal_rate_diagnostic,discovery
SCAN-02R-306a96179bd778b6,38,38,FILE-02R-3c1b75c58699b634,70,37.9984,30.0,750001.0,165.919,750001.0,monitor_raw,monitor_controlled,ACQSTATE-02R-896f06c2a7c231ec,LAT-02R-517a9644e4f59287,UB-02R-c7cdba07fed2dfd7,3.999994666673778e-05,7.302957696125286e-06,Poisson_E_times_lambda,30.0,750001.0,normal_rate_diagnostic,discovery
SCAN-02R-306a96179bd778b6,39,39,FILE-02R-3c1b75c58699b634,71,38.998,21.0,750004.0,168.744,750004.0,monitor_raw,monitor_controlled,ACQSTATE-02R-896f06c2a7c231ec,LAT-02R-517a9644e4f59287,UB-02R-c7cdba07fed2dfd7,2.7999850667463107e-05,6.110068339576642e-06,Poisson_E_times_lambda,21.0,750004.0,normal_rate_diagnostic,discovery
SCAN-02R-306a96179bd778b6,40,40,FILE-02R-3c1b75c58699b634,72,39.9985,35.0,750000.0,172.306,750000.0,monitor_raw,monitor_controlled,ACQSTATE-02R-896f06c2a7c231ec,LAT-02R-517a9644e4f59287,UB-02R-c7cdba07fed2dfd7,4.6666666666666665e-05,7.888106377466155e-06,Poisson_E_times_lambda,35.0,750000.0,normal_rate_diagnostic,discovery
SCAN-02R-306a96179bd778b6,41,41,FILE-02R-3c1b75c58699b634,73,40.9984,55.0,750006.0,175.475,750006.0,monitor_raw,monitor_controlled,ACQSTATE-02R-896f06c2a7c231ec,LAT-02R-517a9644e4f59287,UB-02R-c7cdba07fed2dfd7,7.333274667135996e-05,9.888185543976533e-06,Poisson_E_times_lambda,55.0,750006.0,normal_rate_diagnostic,discovery
SCAN-02R-306a96179bd778b6,42,42,FILE-02R-3c1b75c58699b634,74,41.9988,99.0,750001.0,179.715,750001.0,monitor_raw,monitor_controlled,ACQSTATE-02R-896f06c2a7c231ec,LAT-02R-517a9644e4f59287,UB-02R-c7cdba07fed2dfd7,0.00013199982400023466,1.3266481472779636e-05,Poisson_E_times_lambda,99.0,750001.0,normal_rate_diagnostic,discovery
SCAN-02R-306a96179bd778b6,43,43,FILE-02R-3c1b75c58699b634,75,42.9983,88.0,750000.0,185.166,750000.0,monitor_raw,monitor_controlled,ACQSTATE-02R-896f06c2a7c231ec,LAT-02R-517a9644e4f59287,UB-02R-c7cdba07fed2dfd7,0.00011733333333333333,1.2507775359529146e-05,Poisson_E_times_lambda,88.0,750000.0,normal_rate_diagnostic,discovery
SCAN-02R-306a96179bd778b6,44,44,FILE-02R-3c1b75c58699b634,76,43.9981,69.0,750003.0,191.668,750003.0,monitor_raw,monitor_controlled,ACQSTATE-02R-896f06c2a7c231ec,LAT-02R-517a9644e4f59287,UB-02R-c7cdba07fed2dfd7,9.199963200147199e-05,1.1075454182074038e-05,Poisson_E_times_lambda,69.0,750003.0,normal_rate_diagnostic,discovery
SCAN-02R-306a96179bd778b6,45,45,FILE-02R-3c1b75c58699b634,77,44.9985,67.0,750003.0,198.591,750003.0,monitor_raw,monitor_controlled,ACQSTATE-02R-896f06c2a7c231ec,LAT-02R-517a9644e4f59287,UB-02R-c7cdba07fed2dfd7,8.933297600142933e-05,1.091376004078977e-05,Poisson_E_times_lambda,67.0,750003.0,normal_rate_diagnostic,discovery
SCAN-02R-306a96179bd778b6,46,46,FILE-02R-3c1b75c58699b634,78,45.9981,69.0,750002.0,207.293,750002.0,monitor_raw,monitor_controlled,ACQSTATE-02R-896f06c2a7c231ec,LAT-02R-517a9644e4f59287,UB-02R-c7cdba07fed2dfd7,9.199975466732089e-05,1.1075468949306902e-05,Poisson_E_times_lambda,69.0,750002.0,normal_rate_diagnostic,discovery
SCAN-02R-306a96179bd778b6,47,47,FILE-02R-3c1b75c58699b634,79,46.9975,48.0,750001.0,214.803,750001.0,monitor_raw,monitor_controlled,ACQSTATE-02R-896f06c2a7c231ec,LAT-02R-517a9644e4f59287,UB-02R-c7cdba07fed2dfd7,6.399991466678045e-05,9.237591990244692e-06,Poisson_E_times_lambda,48.0,750001.0,normal_rate_diagnostic,discovery
SCAN-02R-306a96179bd778b6,48,48,FILE-02R-3c1b75c58699b634,80,47.9978,46.0,750002.0,221.265,750002.0,monitor_raw,monitor_controlled,ACQSTATE-02R-896f06c2a7c231ec,LAT-02R-517a9644e4f59287,UB-02R-c7cdba07fed2dfd7,6.133316977821393e-05,9.04308252928028e-06,Poisson_E_times_lambda,46.0,750002.0,normal_rate_diagnostic,discovery
SCAN-02R-306a96179bd778b6,49,49,FILE-02R-3c1b75c58699b634,81,48.997,30.0,750001.0,226.738,750001.0,monitor_raw,monitor_controlled,ACQSTATE-02R-896f06c2a7c231ec,LAT-02R-517a9644e4f59287,UB-02R-c7cdba07fed2dfd7,3.999994666673778e-05,7.302957696125286e-06,Poisson_E_times_lambda,30.0,750001.0,normal_rate_diagnostic,discovery
SCAN-02R-306a96179bd778b6,50,50,FILE-02R-3c1b75c58699b634,82,49.9982,23.0,750003.0,230.123,750003.0,monitor_raw,monitor_controlled,ACQSTATE-02R-896f06c2a7c231ec,LAT-02R-517a9644e4f59287,UB-02R-c7cdba07fed2dfd7,3.0666544000490665e-05,6.394416453417812e-06,Poisson_E_times_lambda,23.0,750003.0,normal_rate_diagnostic,discovery
SCAN-02R-306a96179bd778b6,51,51,FILE-02R-3c1b75c58699b634,83,50.9976,25.0,750001.0,233.205,750001.0,monitor_raw,monitor_controlled,ACQSTATE-02R-896f06c2a7c231ec,LAT-02R-517a9644e4f59287,UB-02R-c7cdba07fed2dfd7,3.333328888894815e-05,6.666657777789629e-06,Poisson_E_times_lambda,25.0,750001.0,normal_rate_diagnostic,discovery
SCAN-02R-306a96179bd778b6,52,52,FILE-02R-3c1b75c58699b634,84,51.9971,32.0,750003.0,235.256,750003.0,monitor_raw,monitor_controlled,ACQSTATE-02R-896f06c2a7c231ec,LAT-02R-517a9644e4f59287,UB-02R-c7cdba07fed2dfd7,4.2666496000682666e-05,7.542442162887856e-06,Poisson_E_times_lambda,32.0,750003.0,normal_rate_diagnostic,discovery
SCAN-02R-306a96179bd778b6,53,53,FILE-02R-3c1b75c58699b634,85,52.9975,24.0,750000.0,238.58,750000.0,monitor_raw,monitor_controlled,ACQSTATE-02R-896f06c2a7c231ec,LAT-02R-517a9644e4f59287,UB-02R-c7cdba07fed2dfd7,3.2e-05,6.531972647421808e-06,Poisson_E_times_lambda,24.0,750000.0,normal_rate_diagnostic,discovery
SCAN-02R-306a96179bd778b6,54,54,FILE-02R-3c1b75c58699b634,86,53.9976,20.0,750001.0,240.775,750001.0,monitor_raw,monitor_controlled,ACQSTATE-02R-896f06c2a7c231ec,LAT-02R-517a9644e4f59287,UB-02R-c7cdba07fed2dfd7,2.6666631111158517e-05,5.96283998954612e-06,Poisson_E_times_lambda,20.0,750001.0,normal_rate_diagnostic,discovery
SCAN-02R-306a96179bd778b6,55,55,FILE-02R-3c1b75c58699b634,87,54.9967,20.0,750000.0,245.604,750000.0,monitor_raw,monitor_controlled,ACQSTATE-02R-896f06c2a7c231ec,LAT-02R-517a9644e4f59287,UB-02R-c7cdba07fed2dfd7,2.6666666666666667e-05,5.96284793999944e-06,Poisson_E_times_lambda,20.0,750000.0,normal_rate_diagnostic,discovery
SCAN-02R-3f903a520f921d83,25,0,FILE-02R-79cf8c5a8e4232ec,57,-0.0012,3210.0,950001.0,241.606,950001.0,monitor_raw,monitor_controlled,ACQSTATE-02R-896f06c2a7c231ec,LAT-02R-517a9644e4f59287,UB-02R-c7cdba07fed2dfd7,0.003378943811638093,5.963873921907575e-05,Poisson_E_times_lambda,3210.0,950001.0,normal_rate_diagnostic,discovery
SCAN-02R-3f903a520f921d83,24,1,FILE-02R-79cf8c5a8e4232ec,56,0.999,56.0,950002.0,251.705,950002.0,monitor_raw,monitor_controlled,ACQSTATE-02R-896f06c2a7c231ec,LAT-02R-517a9644e4f59287,UB-02R-c7cdba07fed2dfd7,5.89472443215909e-05,7.877156862351746e-06,Poisson_E_times_lambda,56.0,950002.0,normal_rate_diagnostic,discovery
SCAN-02R-3f903a520f921d83,23,2,FILE-02R-79cf8c5a8e4232ec,55,1.9989,46.0,950005.0,221.516,950005.0,monitor_raw,monitor_controlled,ACQSTATE-02R-896f06c2a7c231ec,LAT-02R-517a9644e4f59287,UB-02R-c7cdba07fed2dfd7,4.8420797785274814e-05,7.139257144041629e-06,Poisson_E_times_lambda,46.0,950005.0,normal_rate_diagnostic,discovery
SCAN-02R-3f903a520f921d83,22,3,FILE-02R-79cf8c5a8e4232ec,54,2.9989,52.0,950002.0,214.1,950002.0,monitor_raw,monitor_controlled,ACQSTATE-02R-896f06c2a7c231ec,LAT-02R-517a9644e4f59287,UB-02R-c7cdba07fed2dfd7,5.4736726870048694e-05,7.590618283885695e-06,Poisson_E_times_lambda,52.0,950002.0,normal_rate_diagnostic,discovery
SCAN-02R-3f903a520f921d83,21,4,FILE-02R-79cf8c5a8e4232ec,53,3.9989,51.0,950000.0,207.25,950000.0,monitor_raw,monitor_controlled,ACQSTATE-02R-896f06c2a7c231ec,LAT-02R-517a9644e4f59287,UB-02R-c7cdba07fed2dfd7,5.368421052631579e-05,7.5172930826766846e-06,Poisson_E_times_lambda,51.0,950000.0,normal_rate_diagnostic,discovery
SCAN-02R-3f903a520f921d83,20,5,FILE-02R-79cf8c5a8e4232ec,52,4.9987,48.0,950006.0,209.401,950006.0,monitor_raw,monitor_controlled,ACQSTATE-02R-896f06c2a7c231ec,LAT-02R-517a9644e4f59287,UB-02R-c7cdba07fed2dfd7,5.052599667791572e-05,7.292799445767194e-06,Poisson_E_times_lambda,48.0,950006.0,normal_rate_diagnostic,discovery
SCAN-02R-3f903a520f921d83,19,6,FILE-02R-79cf8c5a8e4232ec,51,5.9986,53.0,950005.0,194.1,950005.0,monitor_raw,monitor_controlled,ACQSTATE-02R-896f06c2a7c231ec,LAT-02R-517a9644e4f59287,UB-02R-c7cdba07fed2dfd7,5.578918005694707e-05,7.663233234857205e-06,Poisson_E_times_lambda,53.0,950005.0,normal_rate_diagnostic,discovery
SCAN-02R-3f903a520f921d83,18,7,FILE-02R-79cf8c5a8e4232ec,50,6.9985,47.0,950004.0,179.789,950004.0,monitor_raw,monitor_controlled,ACQSTATE-02R-896f06c2a7c231ec,LAT-02R-517a9644e4f59287,UB-02R-c7cdba07fed2dfd7,4.94734759011541e-05,7.216448141693134e-06,Poisson_E_times_lambda,47.0,950004.0,normal_rate_diagnostic,discovery
SCAN-02R-3f903a520f921d83,17,8,FILE-02R-79cf8c5a8e4232ec,49,7.9984,32.0,950008.0,184.87,950008.0,monitor_raw,monitor_controlled,ACQSTATE-02R-896f06c2a7c231ec,LAT-02R-517a9644e4f59287,UB-02R-c7cdba07fed2dfd7,3.368392687219476e-05,5.954533277080172e-06,Poisson_E_times_lambda,32.0,950008.0,normal_rate_diagnostic,discovery
SCAN-02R-3f903a520f921d83,16,9,FILE-02R-79cf8c5a8e4232ec,48,8.9986,45.0,950001.0,197.677,950001.0,monitor_raw,monitor_controlled,ACQSTATE-02R-896f06c2a7c231ec,LAT-02R-517a9644e4f59287,UB-02R-c7cdba07fed2dfd7,4.736837119118822e-05,7.061259864462636e-06,Poisson_E_times_lambda,45.0,950001.0,normal_rate_diagnostic,discovery
SCAN-02R-3f903a520f921d83,15,10,FILE-02R-79cf8c5a8e4232ec,47,9.9987,31.0,950000.0,190.259,950000.0,monitor_raw,monitor_controlled,ACQSTATE-02R-896f06c2a7c231ec,LAT-02R-517a9644e4f59287,UB-02R-c7cdba07fed2dfd7,3.263157894736842e-05,5.860804592452654e-06,Poisson_E_times_lambda,31.0,950000.0,normal_rate_diagnostic,discovery
SCAN-02R-3f903a520f921d83,14,11,FILE-02R-79cf8c5a8e4232ec,46,10.9986,40.0,950003.0,178.385,950003.0,monitor_raw,monitor_controlled,ACQSTATE-02R-896f06c2a7c231ec,LAT-02R-517a9644e4f59287,UB-02R-c7cdba07fed2dfd7,4.21051301943257e-05,6.657405629599864e-06,Poisson_E_times_lambda,40.0,950003.0,normal_rate_diagnostic,discovery
SCAN-02R-3f903a520f921d83,13,12,FILE-02R-79cf8c5a8e4232ec,45,11.9985,39.0,950009.0,167.188,950009.0,monitor_raw,monitor_controlled,ACQSTATE-02R-896f06c2a7c231ec,LAT-02R-517a9644e4f59287,UB-02R-c7cdba07fed2dfd7,4.1052242662964246e-05,6.5736198271788985e-06,Poisson_E_times_lambda,39.0,950009.0,normal_rate_diagnostic,discovery
SCAN-02R-3f903a520f921d83,12,13,FILE-02R-79cf8c5a8e4232ec,44,12.9982,47.0,950004.0,161.678,950004.0,monitor_raw,monitor_controlled,ACQSTATE-02R-896f06c2a7c231ec,LAT-02R-517a9644e4f59287,UB-02R-c7cdba07fed2dfd7,4.94734759011541e-05,7.216448141693134e-06,Poisson_E_times_lambda,47.0,950004.0,normal_rate_diagnostic,discovery
SCAN-02R-3f903a520f921d83,11,14,FILE-02R-79cf8c5a8e4232ec,43,13.9978,39.0,950001.0,158.754,950001.0,monitor_raw,monitor_controlled,ACQSTATE-02R-896f06c2a7c231ec,LAT-02R-517a9644e4f59287,UB-02R-c7cdba07fed2dfd7,4.1052588365696454e-05,6.573675183919173e-06,Poisson_E_times_lambda,39.0,950001.0,normal_rate_diagnostic,discovery
SCAN-02R-3f903a520f921d83,10,15,FILE-02R-79cf8c5a8e4232ec,42,14.9982,29.0,950005.0,158.629,950005.0,monitor_raw,monitor_controlled,ACQSTATE-02R-896f06c2a7c231ec,LAT-02R-517a9644e4f59287,UB-02R-c7cdba07fed2dfd7,3.052615512549934e-05,5.668564699274745e-06,Poisson_E_times_lambda,29.0,950005.0,normal_rate_diagnostic,discovery
SCAN-02R-3f903a520f921d83,9,16,FILE-02R-79cf8c5a8e4232ec,41,15.9975,33.0,950002.0,159.069,950002.0,monitor_raw,monitor_controlled,ACQSTATE-02R-896f06c2a7c231ec,LAT-02R-517a9644e4f59287,UB-02R-c7cdba07fed2dfd7,3.473676897522321e-05,6.046895318681464e-06,Poisson_E_times_lambda,33.0,950002.0,normal_rate_diagnostic,discovery
SCAN-02R-3f903a520f921d83,8,17,FILE-02R-79cf8c5a8e4232ec,40,16.9979,40.0,950001.0,158.714,950001.0,monitor_raw,monitor_controlled,ACQSTATE-02R-896f06c2a7c231ec,LAT-02R-517a9644e4f59287,UB-02R-c7cdba07fed2dfd7,4.210521883661175e-05,6.657419645175909e-06,Poisson_E_times_lambda,40.0,950001.0,normal_rate_diagnostic,discovery
SCAN-02R-3f903a520f921d83,7,18,FILE-02R-79cf8c5a8e4232ec,39,17.9981,44.0,950008.0,162.635,950008.0,monitor_raw,monitor_controlled,ACQSTATE-02R-896f06c2a7c231ec,LAT-02R-517a9644e4f59287,UB-02R-c7cdba07fed2dfd7,4.63153994492678e-05,6.982309181302473e-06,Poisson_E_times_lambda,44.0,950008.0,normal_rate_diagnostic,discovery
SCAN-02R-3f903a520f921d83,6,19,FILE-02R-79cf8c5a8e4232ec,38,18.9983,39.0,950002.0,170.244,950002.0,monitor_raw,monitor_controlled,ACQSTATE-02R-896f06c2a7c231ec,LAT-02R-517a9644e4f59287,UB-02R-c7cdba07fed2dfd7,4.105254515253652e-05,6.573668264275652e-06,Poisson_E_times_lambda,39.0,950002.0,normal_rate_diagnostic,discovery
SCAN-02R-3f903a520f921d83,5,20,FILE-02R-79cf8c5a8e4232ec,37,19.9983,22.0,950007.0,173.123,950007.0,monitor_raw,monitor_controlled,ACQSTATE-02R-896f06c2a7c231ec,LAT-02R-517a9644e4f59287,UB-02R-c7cdba07fed2dfd7,2.315772410098031e-05,4.937243367494587e-06,Poisson_E_times_lambda,22.0,950007.0,normal_rate_diagnostic,discovery
SCAN-02R-3f903a520f921d83,4,21,FILE-02R-79cf8c5a8e4232ec,36,20.9982,24.0,950008.0,171.024,950008.0,monitor_raw,monitor_controlled,ACQSTATE-02R-896f06c2a7c231ec,LAT-02R-517a9644e4f59287,UB-02R-c7cdba07fed2dfd7,2.526294515414607e-05,5.156777085631232e-06,Poisson_E_times_lambda,24.0,950008.0,normal_rate_diagnostic,discovery
SCAN-02R-3f903a520f921d83,3,22,FILE-02R-79cf8c5a8e4232ec,35,21.9982,20.0,950000.0,165.136,950000.0,monitor_raw,monitor_controlled,ACQSTATE-02R-896f06c2a7c231ec,LAT-02R-517a9644e4f59287,UB-02R-c7cdba07fed2dfd7,2.105263157894737e-05,4.707511531578505e-06,Poisson_E_times_lambda,20.0,950000.0,normal_rate_diagnostic,discovery
SCAN-02R-3f903a520f921d83,2,23,FILE-02R-79cf8c5a8e4232ec,34,22.9982,24.0,950001.0,159.794,950001.0,monitor_raw,monitor_controlled,ACQSTATE-02R-896f06c2a7c231ec,LAT-02R-517a9644e4f59287,UB-02R-c7cdba07fed2dfd7,2.526313130196705e-05,5.156815082896077e-06,Poisson_E_times_lambda,24.0,950001.0,normal_rate_diagnostic,discovery
SCAN-02R-3f903a520f921d83,1,24,FILE-02R-79cf8c5a8e4232ec,33,23.9978,22.0,950002.0,155.394,950002.0,monitor_raw,monitor_controlled,ACQSTATE-02R-896f06c2a7c231ec,LAT-02R-517a9644e4f59287,UB-02R-c7cdba07fed2dfd7,2.315784598348214e-05,4.937269352931288e-06,Poisson_E_times_lambda,22.0,950002.0,normal_rate_diagnostic,discovery
SCAN-02R-3f903a520f921d83,0,25,FILE-02R-79cf8c5a8e4232ec,32,24.9975,29.0,950007.0,158.914,950007.0,monitor_raw,monitor_controlled,ACQSTATE-02R-896f06c2a7c231ec,LAT-02R-517a9644e4f59287,UB-02R-c7cdba07fed2dfd7,3.0526090860383133e-05,5.668552765542258e-06,Poisson_E_times_lambda,29.0,950007.0,normal_rate_diagnostic,discovery
SCAN-02R-432159a75d80f2b3,30,0,FILE-02R-47923655f1056cab,62,19.9976,38.0,750005.0,137.985,750005.0,monitor_raw,monitor_controlled,ACQSTATE-02R-896f06c2a7c231ec,LAT-02R-517a9644e4f59287,UB-02R-c7cdba07fed2dfd7,5.066632889114073e-05,8.219163876199461e-06,Poisson_E_times_lambda,38.0,750005.0,normal_rate_diagnostic,discovery
SCAN-02R-432159a75d80f2b3,29,1,FILE-02R-47923655f1056cab,61,20.9981,21.0,750003.0,135.664,750003.0,monitor_raw,monitor_controlled,ACQSTATE-02R-896f06c2a7c231ec,LAT-02R-517a9644e4f59287,UB-02R-c7cdba07fed2dfd7,2.7999888000448e-05,6.110076486301841e-06,Poisson_E_times_lambda,21.0,750003.0,normal_rate_diagnostic,discovery
SCAN-02R-432159a75d80f2b3,28,2,FILE-02R-47923655f1056cab,60,21.998,29.0,750003.0,131.242,750003.0,monitor_raw,monitor_controlled,ACQSTATE-02R-896f06c2a7c231ec,LAT-02R-517a9644e4f59287,UB-02R-c7cdba07fed2dfd7,3.8666512000618665e-05,7.180191022081917e-06,Poisson_E_times_lambda,29.0,750003.0,normal_rate_diagnostic,discovery
SCAN-02R-432159a75d80f2b3,27,3,FILE-02R-47923655f1056cab,59,22.998,26.0,750001.0,127.592,750001.0,monitor_raw,monitor_controlled,ACQSTATE-02R-896f06c2a7c231ec,LAT-02R-517a9644e4f59287,UB-02R-c7cdba07fed2dfd7,3.466662044450607e-05,6.798683619878886e-06,Poisson_E_times_lambda,26.0,750001.0,normal_rate_diagnostic,discovery
SCAN-02R-432159a75d80f2b3,26,4,FILE-02R-47923655f1056cab,58,23.9983,23.0,750000.0,125.097,750000.0,monitor_raw,monitor_controlled,ACQSTATE-02R-896f06c2a7c231ec,LAT-02R-517a9644e4f59287,UB-02R-c7cdba07fed2dfd7,3.066666666666667e-05,6.394442031083626e-06,Poisson_E_times_lambda,23.0,750000.0,normal_rate_diagnostic,discovery
SCAN-02R-432159a75d80f2b3,25,5,FILE-02R-47923655f1056cab,57,24.9981,34.0,750001.0,125.913,750001.0,monitor_raw,monitor_controlled,ACQSTATE-02R-896f06c2a7c231ec,LAT-02R-517a9644e4f59287,UB-02R-c7cdba07fed2dfd7,4.533327288896948e-05,7.774592160337521e-06,Poisson_E_times_lambda,34.0,750001.0,normal_rate_diagnostic,discovery
SCAN-02R-432159a75d80f2b3,24,6,FILE-02R-47923655f1056cab,56,25.9982,22.0,750003.0,129.197,750003.0,monitor_raw,monitor_controlled,ACQSTATE-02R-896f06c2a7c231ec,LAT-02R-517a9644e4f59287,UB-02R-c7cdba07fed2dfd7,2.933321600046933e-05,6.253862664313916e-06,Poisson_E_times_lambda,22.0,750003.0,normal_rate_diagnostic,discovery
SCAN-02R-432159a75d80f2b3,23,7,FILE-02R-47923655f1056cab,55,26.9982,25.0,750002.0,133.77,750002.0,monitor_raw,monitor_controlled,ACQSTATE-02R-896f06c2a7c231ec,LAT-02R-517a9644e4f59287,UB-02R-c7cdba07fed2dfd7,3.3333244444681484e-05,6.666648888936296e-06,Poisson_E_times_lambda,25.0,750002.0,normal_rate_diagnostic,discovery
SCAN-02R-432159a75d80f2b3,22,8,FILE-02R-47923655f1056cab,54,27.9979,24.0,750000.0,137.354,750000.0,monitor_raw,monitor_controlled,ACQSTATE-02R-896f06c2a7c231ec,LAT-02R-517a9644e4f59287,UB-02R-c7cdba07fed2dfd7,3.2e-05,6.531972647421808e-06,Poisson_E_times_lambda,24.0,750000.0,normal_rate_diagnostic,discovery
SCAN-02R-432159a75d80f2b3,21,9,FILE-02R-47923655f1056cab,53,28.9983,25.0,750001.0,140.968,750001.0,monitor_raw,monitor_controlled,ACQSTATE-02R-896f06c2a7c231ec,LAT-02R-517a9644e4f59287,UB-02R-c7cdba07fed2dfd7,3.333328888894815e-05,6.666657777789629e-06,Poisson_E_times_lambda,25.0,750001.0,normal_rate_diagnostic,discovery
SCAN-02R-432159a75d80f2b3,20,10,FILE-02R-47923655f1056cab,52,29.9986,30.0,750003.0,144.375,750003.0,monitor_raw,monitor_controlled,ACQSTATE-02R-896f06c2a7c231ec,LAT-02R-517a9644e4f59287,UB-02R-c7cdba07fed2dfd7,3.999984000064e-05,7.302938221649328e-06,Poisson_E_times_lambda,30.0,750003.0,normal_rate_diagnostic,discovery
SCAN-02R-432159a75d80f2b3,19,11,FILE-02R-47923655f1056cab,51,30.9977,26.0,750003.0,147.248,750003.0,monitor_raw,monitor_controlled,ACQSTATE-02R-896f06c2a7c231ec,LAT-02R-517a9644e4f59287,UB-02R-c7cdba07fed2dfd7,3.4666528000554665e-05,6.7986654901284184e-06,Poisson_E_times_lambda,26.0,750003.0,normal_rate_diagnostic,discovery
SCAN-02R-432159a75d80f2b3,18,12,FILE-02R-47923655f1056cab,50,31.9978,28.0,750005.0,149.023,750005.0,monitor_raw,monitor_controlled,ACQSTATE-02R-896f06c2a7c231ec,LAT-02R-517a9644e4f59287,UB-02R-c7cdba07fed2dfd7,3.733308444610369e-05,7.0552897942402804e-06,Poisson_E_times_lambda,28.0,750005.0,normal_rate_diagnostic,discovery
SCAN-02R-432159a75d80f2b3,17,13,FILE-02R-47923655f1056cab,49,32.9971,32.0,750001.0,151.001,750001.0,monitor_raw,monitor_controlled,ACQSTATE-02R-896f06c2a7c231ec,LAT-02R-517a9644e4f59287,UB-02R-c7cdba07fed2dfd7,4.266660977785363e-05,7.542462276040139e-06,Poisson_E_times_lambda,32.0,750001.0,normal_rate_diagnostic,discovery
SCAN-02R-432159a75d80f2b3,16,14,FILE-02R-47923655f1056cab,48,33.9965,29.0,750002.0,153.449,750002.0,monitor_raw,monitor_controlled,ACQSTATE-02R-896f06c2a7c231ec,LAT-02R-517a9644e4f59287,UB-02R-c7cdba07fed2dfd7,3.866656355583052e-05,7.180200595644417e-06,Poisson_E_times_lambda,29.0,750002.0,normal_rate_diagnostic,discovery
SCAN-02R-432159a75d80f2b3,15,15,FILE-02R-47923655f1056cab,47,34.996,25.0,750007.0,156.586,750007.0,monitor_raw,monitor_controlled,ACQSTATE-02R-896f06c2a7c231ec,LAT-02R-517a9644e4f59287,UB-02R-c7cdba07fed2dfd7,3.33330222251259e-05,6.6666044450251795e-06,Poisson_E_times_lambda,25.0,750007.0,normal_rate_diagnostic,discovery
SCAN-02R-432159a75d80f2b3,14,16,FILE-02R-47923655f1056cab,46,35.9941,30.0,750001.0,161.275,750001.0,monitor_raw,monitor_controlled,ACQSTATE-02R-896f06c2a7c231ec,LAT-02R-517a9644e4f59287,UB-02R-c7cdba07fed2dfd7,3.999994666673778e-05,7.302957696125286e-06,Poisson_E_times_lambda,30.0,750001.0,normal_rate_diagnostic,discovery
SCAN-02R-432159a75d80f2b3,13,17,FILE-02R-47923655f1056cab,45,36.995,36.0,750008.0,164.131,750008.0,monitor_raw,monitor_controlled,ACQSTATE-02R-896f06c2a7c231ec,LAT-02R-517a9644e4f59287,UB-02R-c7cdba07fed2dfd7,4.7999488005461276e-05,7.999914667576879e-06,Poisson_E_times_lambda,36.0,750008.0,normal_rate_diagnostic,discovery
SCAN-02R-432159a75d80f2b3,12,18,FILE-02R-47923655f1056cab,44,37.9975,37.0,750007.0,168.706,750007.0,monitor_raw,monitor_controlled,ACQSTATE-02R-896f06c2a7c231ec,LAT-02R-517a9644e4f59287,UB-02R-c7cdba07fed2dfd7,4.933287289318633e-05,8.110274344503744e-06,Poisson_E_times_lambda,37.0,750007.0,normal_rate_diagnostic,discovery
SCAN-02R-432159a75d80f2b3,11,19,FILE-02R-47923655f1056cab,43,38.996,45.0,750002.0,171.711,750002.0,monitor_raw,monitor_controlled,ACQSTATE-02R-896f06c2a7c231ec,LAT-02R-517a9644e4f59287,UB-02R-c7cdba07fed2dfd7,5.9999840000426665e-05,8.944248058671002e-06,Poisson_E_times_lambda,45.0,750002.0,normal_rate_diagnostic,discovery
SCAN-02R-432159a75d80f2b3,10,20,FILE-02R-47923655f1056cab,42,39.9951,33.0,750003.0,174.494,750003.0,monitor_raw,monitor_controlled,ACQSTATE-02R-896f06c2a7c231ec,LAT-02R-517a9644e4f59287,UB-02R-c7cdba07fed2dfd7,4.3999824000704e-05,7.659386224505806e-06,Poisson_E_times_lambda,33.0,750003.0,normal_rate_diagnostic,discovery
SCAN-02R-432159a75d80f2b3,9,21,FILE-02R-47923655f1056cab,41,40.996,53.0,750004.0,176.752,750004.0,monitor_raw,monitor_controlled,ACQSTATE-02R-896f06c2a7c231ec,LAT-02R-517a9644e4f59287,UB-02R-c7cdba07fed2dfd7,7.066628977978784e-05,9.706761416313138e-06,Poisson_E_times_lambda,53.0,750004.0,normal_rate_diagnostic,discovery
SCAN-02R-432159a75d80f2b3,8,22,FILE-02R-47923655f1056cab,40,41.9973,140.0,750004.0,182.242,750004.0,monitor_raw,monitor_controlled,ACQSTATE-02R-896f06c2a7c231ec,LAT-02R-517a9644e4f59287,UB-02R-c7cdba07fed2dfd7,0.0001866656711164207,1.5776128615579693e-05,Poisson_E_times_lambda,140.0,750004.0,normal_rate_diagnostic,discovery
SCAN-02R-432159a75d80f2b3,7,23,FILE-02R-47923655f1056cab,39,42.9969,95.0,750003.0,186.187,750003.0,monitor_raw,monitor_controlled,ACQSTATE-02R-896f06c2a7c231ec,LAT-02R-517a9644e4f59287,UB-02R-c7cdba07fed2dfd7,0.00012666616000202665,1.2995673810383376e-05,Poisson_E_times_lambda,95.0,750003.0,normal_rate_diagnostic,discovery
SCAN-02R-432159a75d80f2b3,6,24,FILE-02R-47923655f1056cab,38,43.9968,98.0,750002.0,194.459,750002.0,monitor_raw,monitor_controlled,ACQSTATE-02R-896f06c2a7c231ec,LAT-02R-517a9644e4f59287,UB-02R-c7cdba07fed2dfd7,0.0001306663182231514,1.3199291384038529e-05,Poisson_E_times_lambda,98.0,750002.0,normal_rate_diagnostic,discovery
SCAN-02R-432159a75d80f2b3,5,25,FILE-02R-47923655f1056cab,37,44.9972,95.0,750000.0,199.839,750000.0,monitor_raw,monitor_controlled,ACQSTATE-02R-896f06c2a7c231ec,LAT-02R-517a9644e4f59287,UB-02R-c7cdba07fed2dfd7,0.00012666666666666666,1.2995725793078617e-05,Poisson_E_times_lambda,95.0,750000.0,normal_rate_diagnostic,discovery
SCAN-02R-432159a75d80f2b3,4,26,FILE-02R-47923655f1056cab,36,45.9969,93.0,750001.0,208.873,750001.0,monitor_raw,monitor_controlled,ACQSTATE-02R-896f06c2a7c231ec,LAT-02R-517a9644e4f59287,UB-02R-c7cdba07fed2dfd7,0.0001239998346668871,1.2858183870412112e-05,Poisson_E_times_lambda,93.0,750001.0,normal_rate_diagnostic,discovery
SCAN-02R-432159a75d80f2b3,3,27,FILE-02R-47923655f1056cab,35,46.9988,75.0,750003.0,214.96,750003.0,monitor_raw,monitor_controlled,ACQSTATE-02R-896f06c2a7c231ec,LAT-02R-517a9644e4f59287,UB-02R-c7cdba07fed2dfd7,9.999960000159999e-05,1.1546959195955732e-05,Poisson_E_times_lambda,75.0,750003.0,normal_rate_diagnostic,discovery
SCAN-02R-432159a75d80f2b3,2,28,FILE-02R-47923655f1056cab,34,47.9979,54.0,750000.0,222.792,750000.0,monitor_raw,monitor_controlled,ACQSTATE-02R-896f06c2a7c231ec,LAT-02R-517a9644e4f59287,UB-02R-c7cdba07fed2dfd7,7.2e-05,9.797958971132714e-06,Poisson_E_times_lambda,54.0,750000.0,normal_rate_diagnostic,discovery
SCAN-02R-432159a75d80f2b3,1,29,FILE-02R-47923655f1056cab,33,48.993,45.0,750001.0,225.114,750001.0,monitor_raw,monitor_controlled,ACQSTATE-02R-896f06c2a7c231ec,LAT-02R-517a9644e4f59287,UB-02R-c7cdba07fed2dfd7,5.999992000010667e-05,8.94425998431918e-06,Poisson_E_times_lambda,45.0,750001.0,normal_rate_diagnostic,discovery
SCAN-02R-432159a75d80f2b3,0,30,FILE-02R-47923655f1056cab,32,49.9982,36.0,750003.0,231.262,750003.0,monitor_raw,monitor_controlled,ACQSTATE-02R-896f06c2a7c231ec,LAT-02R-517a9644e4f59287,UB-02R-c7cdba07fed2dfd7,4.7999808000768e-05,7.999968000127999e-06,Poisson_E_times_lambda,36.0,750003.0,normal_rate_diagnostic,discovery
SCAN-02R-43979cdff2eef525,24,0,FILE-02R-bd94cd4cf6e4e3f5,56,0.9986,486.0,750000.0,205.552,750000.0,monitor_raw,monitor_controlled,ACQSTATE-02R-76ff5c324efb0d8a,LAT-02R-ae4c74e47a033f66,UB-02R-1d710a6baa059bbb,0.000648,2.9393876913398135e-05,Poisson_E_times_lambda,486.0,750000.0,normal_rate_diagnostic,discovery
SCAN-02R-43979cdff2eef525,23,1,FILE-02R-bd94cd4cf6e4e3f5,55,1.9987,369.0,750002.0,178.998,750002.0,monitor_raw,monitor_controlled,ACQSTATE-02R-76ff5c324efb0d8a,LAT-02R-ae4c74e47a033f66,UB-02R-1d710a6baa059bbb,0.0004919986880034987,2.561242864992166e-05,Poisson_E_times_lambda,369.0,750002.0,normal_rate_diagnostic,discovery
SCAN-02R-43979cdff2eef525,22,2,FILE-02R-bd94cd4cf6e4e3f5,54,2.9987,323.0,750002.0,172.916,750002.0,monitor_raw,monitor_controlled,ACQSTATE-02R-76ff5c324efb0d8a,LAT-02R-ae4c74e47a033f66,UB-02R-1d710a6baa059bbb,0.00043066551822528473,2.39628704398274e-05,Poisson_E_times_lambda,323.0,750002.0,normal_rate_diagnostic,discovery
SCAN-02R-43979cdff2eef525,21,3,FILE-02R-bd94cd4cf6e4e3f5,53,3.9987,278.0,750000.0,166.587,750000.0,monitor_raw,monitor_controlled,ACQSTATE-02R-76ff5c324efb0d8a,LAT-02R-ae4c74e47a033f66,UB-02R-1d710a6baa059bbb,0.00037066666666666666,2.2231109334044088e-05,Poisson_E_times_lambda,278.0,750000.0,normal_rate_diagnostic,discovery
SCAN-02R-43979cdff2eef525,20,4,FILE-02R-bd94cd4cf6e4e3f5,52,4.9987,231.0,750000.0,169.219,750000.0,monitor_raw,monitor_controlled,ACQSTATE-02R-76ff5c324efb0d8a,LAT-02R-ae4c74e47a033f66,UB-02R-1d710a6baa059bbb,0.000308,2.0264912204760887e-05,Poisson_E_times_lambda,231.0,750000.0,normal_rate_diagnostic,discovery
SCAN-02R-43979cdff2eef525,19,5,FILE-02R-bd94cd4cf6e4e3f5,51,5.9984,198.0,750006.0,155.893,750006.0,monitor_raw,monitor_controlled,ACQSTATE-02R-76ff5c324efb0d8a,LAT-02R-ae4c74e47a033f66,UB-02R-1d710a6baa059bbb,0.0002639978880168959,1.876151294719014e-05,Poisson_E_times_lambda,198.0,750006.0,normal_rate_diagnostic,discovery
SCAN-02R-43979cdff2eef525,18,6,FILE-02R-bd94cd4cf6e4e3f5,50,6.9986,176.0,750002.0,144.47,750002.0,monitor_raw,monitor_controlled,ACQSTATE-02R-76ff5c324efb0d8a,LAT-02R-ae4c74e47a033f66,UB-02R-1d710a6baa059bbb,0.00023466604089055762,1.7688618378913123e-05,Poisson_E_times_lambda,176.0,750002.0,normal_rate_diagnostic,discovery
SCAN-02R-43979cdff2eef525,17,7,FILE-02R-bd94cd4cf6e4e3f5,49,7.9986,153.0,750002.0,149.18,750002.0,monitor_raw,monitor_controlled,ACQSTATE-02R-76ff5c324efb0d8a,LAT-02R-ae4c74e47a033f66,UB-02R-1d710a6baa059bbb,0.00020399945600145067,1.649237852279458e-05,Poisson_E_times_lambda,153.0,750002.0,normal_rate_diagnostic,discovery
SCAN-02R-43979cdff2eef525,16,8,FILE-02R-bd94cd4cf6e4e3f5,48,8.9981,126.0,750006.0,159.223,750006.0,monitor_raw,monitor_controlled,ACQSTATE-02R-76ff5c324efb0d8a,LAT-02R-ae4c74e47a033f66,UB-02R-1d710a6baa059bbb,0.00016799865601075192,1.4966509815017246e-05,Poisson_E_times_lambda,126.0,750006.0,normal_rate_diagnostic,discovery
SCAN-02R-43979cdff2eef525,15,9,FILE-02R-bd94cd4cf6e4e3f5,47,9.9985,133.0,750001.0,152.043,750001.0,monitor_raw,monitor_controlled,ACQSTATE-02R-76ff5c324efb0d8a,LAT-02R-ae4c74e47a033f66,UB-02R-1d710a6baa059bbb,0.00017733309688920416,1.5376729623921563e-05,Poisson_E_times_lambda,133.0,750001.0,normal_rate_diagnostic,discovery
SCAN-02R-43979cdff2eef525,14,10,FILE-02R-bd94cd4cf6e4e3f5,46,10.9985,149.0,750002.0,143.15,750002.0,monitor_raw,monitor_controlled,ACQSTATE-02R-76ff5c324efb0d8a,LAT-02R-ae4c74e47a033f66,UB-02R-1d710a6baa059bbb,0.00019866613689030162,1.6275364086674037e-05,Poisson_E_times_lambda,149.0,750002.0,normal_rate_diagnostic,discovery
SCAN-02R-43979cdff2eef525,13,11,FILE-02R-bd94cd4cf6e4e3f5,45,11.9985,107.0,750009.0,134.08,750009.0,monitor_raw,monitor_controlled,ACQSTATE-02R-76ff5c324efb0d8a,LAT-02R-ae4c74e47a033f66,UB-02R-1d710a6baa059bbb,0.00014266495468721042,1.379194174041725e-05,Poisson_E_times_lambda,107.0,750009.0,normal_rate_diagnostic,discovery
SCAN-02R-43979cdff2eef525,12,12,FILE-02R-bd94cd4cf6e4e3f5,44,12.9985,114.0,750000.0,129.056,750000.0,monitor_raw,monitor_controlled,ACQSTATE-02R-76ff5c324efb0d8a,LAT-02R-ae4c74e47a033f66,UB-02R-1d710a6baa059bbb,0.000152,1.4236104336041748e-05,Poisson_E_times_lambda,114.0,750000.0,normal_rate_diagnostic,discovery
SCAN-02R-43979cdff2eef525,11,13,FILE-02R-bd94cd4cf6e4e3f5,43,13.9974,134.0,750001.0,126.514,750001.0,monitor_raw,monitor_controlled,ACQSTATE-02R-76ff5c324efb0d8a,LAT-02R-ae4c74e47a033f66,UB-02R-1d710a6baa059bbb,0.00017866642844476208,1.5434428624482134e-05,Poisson_E_times_lambda,134.0,750001.0,normal_rate_diagnostic,discovery
SCAN-02R-43979cdff2eef525,10,14,FILE-02R-bd94cd4cf6e4e3f5,42,14.9982,121.0,750003.0,126.151,750003.0,monitor_raw,monitor_controlled,ACQSTATE-02R-76ff5c324efb0d8a,LAT-02R-ae4c74e47a033f66,UB-02R-1d710a6baa059bbb,0.00016133268800258132,1.4666608000234665e-05,Poisson_E_times_lambda,121.0,750003.0,normal_rate_diagnostic,discovery
SCAN-02R-43979cdff2eef525,9,15,FILE-02R-bd94cd4cf6e4e3f5,41,15.9981,139.0,750004.0,126.677,750004.0,monitor_raw,monitor_controlled,ACQSTATE-02R-76ff5c324efb0d8a,LAT-02R-ae4c74e47a033f66,UB-02R-1d710a6baa059bbb,0.00018533234489416056,1.5719684325085727e-05,Poisson_E_times_lambda,139.0,750004.0,normal_rate_diagnostic,discovery
SCAN-02R-43979cdff2eef525,8,16,FILE-02R-bd94cd4cf6e4e3f5,40,16.998,132.0,750000.0,126.759,750000.0,monitor_raw,monitor_controlled,ACQSTATE-02R-76ff5c324efb0d8a,LAT-02R-ae4c74e47a033f66,UB-02R-1d710a6baa059bbb,0.000176,1.531883372410141e-05,Poisson_E_times_lambda,132.0,750000.0,normal_rate_diagnostic,discovery
SCAN-02R-43979cdff2eef525,7,17,FILE-02R-bd94cd4cf6e4e3f5,39,17.9986,141.0,750005.0,129.623,750005.0,monitor_raw,monitor_controlled,ACQSTATE-02R-76ff5c324efb0d8a,LAT-02R-ae4c74e47a033f66,UB-02R-1d710a6baa059bbb,0.00018799874667502217,1.5832350567046777e-05,Poisson_E_times_lambda,141.0,750005.0,normal_rate_diagnostic,discovery
SCAN-02R-43979cdff2eef525,6,18,FILE-02R-bd94cd4cf6e4e3f5,38,18.9987,159.0,750001.0,135.349,750001.0,monitor_raw,monitor_controlled,ACQSTATE-02R-76ff5c324efb0d8a,LAT-02R-ae4c74e47a033f66,UB-02R-1d710a6baa059bbb,0.00021199971733371021,1.6812671200329723e-05,Poisson_E_times_lambda,159.0,750001.0,normal_rate_diagnostic,discovery
SCAN-02R-43979cdff2eef525,5,19,FILE-02R-bd94cd4cf6e4e3f5,37,19.9983,140.0,750003.0,138.24,750003.0,monitor_raw,monitor_controlled,ACQSTATE-02R-76ff5c324efb0d8a,LAT-02R-ae4c74e47a033f66,UB-02R-1d710a6baa059bbb,0.00018666592000298666,1.577614965033371e-05,Poisson_E_times_lambda,140.0,750003.0,normal_rate_diagnostic,discovery
SCAN-02R-43979cdff2eef525,4,20,FILE-02R-bd94cd4cf6e4e3f5,36,20.9982,136.0,750003.0,136.061,750003.0,monitor_raw,monitor_controlled,ACQSTATE-02R-76ff5c324efb0d8a,LAT-02R-ae4c74e47a033f66,UB-02R-1d710a6baa059bbb,0.0001813326080029013,1.5549142856349376e-05,Poisson_E_times_lambda,136.0,750003.0,normal_rate_diagnostic,discovery
SCAN-02R-43979cdff2eef525,3,21,FILE-02R-bd94cd4cf6e4e3f5,35,21.9982,133.0,750001.0,131.491,750001.0,monitor_raw,monitor_controlled,ACQSTATE-02R-76ff5c324efb0d8a,LAT-02R-ae4c74e47a033f66,UB-02R-1d710a6baa059bbb,0.00017733309688920416,1.5376729623921563e-05,Poisson_E_times_lambda,133.0,750001.0,normal_rate_diagnostic,discovery
SCAN-02R-43979cdff2eef525,2,22,FILE-02R-bd94cd4cf6e4e3f5,34,22.9982,123.0,750005.0,128.018,750005.0,monitor_raw,monitor_controlled,ACQSTATE-02R-76ff5c324efb0d8a,LAT-02R-ae4c74e47a033f66,UB-02R-1d710a6baa059bbb,0.0001639989066739555,1.4787283426656379e-05,Poisson_E_times_lambda,123.0,750005.0,normal_rate_diagnostic,discovery
SCAN-02R-43979cdff2eef525,1,23,FILE-02R-bd94cd4cf6e4e3f5,33,23.9985,134.0,750006.0,125.838,750006.0,monitor_raw,monitor_controlled,ACQSTATE-02R-76ff5c324efb0d8a,LAT-02R-ae4c74e47a033f66,UB-02R-1d710a6baa059bbb,0.00017866523734476791,1.543432572911447e-05,Poisson_E_times_lambda,134.0,750006.0,normal_rate_diagnostic,discovery
SCAN-02R-43979cdff2eef525,0,24,FILE-02R-bd94cd4cf6e4e3f5,32,24.9982,142.0,750002.0,126.81,750002.0,monitor_raw,monitor_controlled,ACQSTATE-02R-76ff5c324efb0d8a,LAT-02R-ae4c74e47a033f66,UB-02R-1d710a6baa059bbb,0.00018933282844579082,1.5888458014529275e-05,Poisson_E_times_lambda,142.0,750002.0,normal_rate_diagnostic,discovery
SCAN-02R-45d1daf515e218b6,25,0,FILE-02R-2c162a6d29875ba6,57,-0.0011,3398.0,1000000.0,265.544,1000000.0,monitor_raw,monitor_controlled,ACQSTATE-02R-896f06c2a7c231ec,LAT-02R-517a9644e4f59287,UB-02R-c7cdba07fed2dfd7,0.003398,5.829236656715869e-05,Poisson_E_times_lambda,3398.0,1000000.0,normal_rate_diagnostic,discovery
SCAN-02R-45d1daf515e218b6,24,1,FILE-02R-2c162a6d29875ba6,56,0.9989,66.0,1000003.0,275.526,1000003.0,monitor_raw,monitor_controlled,ACQSTATE-02R-896f06c2a7c231ec,LAT-02R-517a9644e4f59287,UB-02R-c7cdba07fed2dfd7,6.5999802000594e-05,8.124014032593864e-06,Poisson_E_times_lambda,66.0,1000003.0,normal_rate_diagnostic,discovery
SCAN-02R-45d1daf515e218b6,23,2,FILE-02R-2c162a6d29875ba6,55,1.9988,45.0,1000000.0,239.867,1000000.0,monitor_raw,monitor_controlled,ACQSTATE-02R-896f06c2a7c231ec,LAT-02R-517a9644e4f59287,UB-02R-c7cdba07fed2dfd7,4.5e-05,6.70820393249937e-06,Poisson_E_times_lambda,45.0,1000000.0,normal_rate_diagnostic,discovery
SCAN-02R-45d1daf515e218b6,22,3,FILE-02R-2c162a6d29875ba6,54,2.9987,53.0,1000001.0,229.594,1000001.0,monitor_raw,monitor_controlled,ACQSTATE-02R-896f06c2a7c231ec,LAT-02R-517a9644e4f59287,UB-02R-c7cdba07fed2dfd7,5.2999947000053e-05,7.280102609177909e-06,Poisson_E_times_lambda,53.0,1000001.0,normal_rate_diagnostic,discovery
SCAN-02R-45d1daf515e218b6,21,4,FILE-02R-2c162a6d29875ba6,53,3.9986,50.0,1000002.0,221.567,1000002.0,monitor_raw,monitor_controlled,ACQSTATE-02R-896f06c2a7c231ec,LAT-02R-517a9644e4f59287,UB-02R-c7cdba07fed2dfd7,4.99999000002e-05,7.071053669758136e-06,Poisson_E_times_lambda,50.0,1000002.0,normal_rate_diagnostic,discovery
SCAN-02R-45d1daf515e218b6,20,5,FILE-02R-2c162a6d29875ba6,52,4.9987,72.0,1000002.0,224.493,1000002.0,monitor_raw,monitor_controlled,ACQSTATE-02R-896f06c2a7c231ec,LAT-02R-517a9644e4f59287,UB-02R-c7cdba07fed2dfd7,7.1999856000288e-05,8.485264403709762e-06,Poisson_E_times_lambda,72.0,1000002.0,normal_rate_diagnostic,discovery
SCAN-02R-45d1daf515e218b6,19,6,FILE-02R-2c162a6d29875ba6,51,5.9987,39.0,1000002.0,206.819,1000002.0,monitor_raw,monitor_controlled,ACQSTATE-02R-896f06c2a7c231ec,LAT-02R-517a9644e4f59287,UB-02R-c7cdba07fed2dfd7,3.8999922000156e-05,6.244985508427381e-06,Poisson_E_times_lambda,39.0,1000002.0,normal_rate_diagnostic,discovery
SCAN-02R-45d1daf515e218b6,18,7,FILE-02R-2c162a6d29875ba6,50,6.9986,48.0,1000004.0,191.731,1000004.0,monitor_raw,monitor_controlled,ACQSTATE-02R-896f06c2a7c231ec,LAT-02R-517a9644e4f59287,UB-02R-c7cdba07fed2dfd7,4.7999808000768e-05,6.928175517573439e-06,Poisson_E_times_lambda,48.0,1000004.0,normal_rate_diagnostic,discovery
SCAN-02R-45d1daf515e218b6,17,8,FILE-02R-2c162a6d29875ba6,49,7.9984,42.0,1000004.0,197.604,1000004.0,monitor_raw,monitor_controlled,ACQSTATE-02R-896f06c2a7c231ec,LAT-02R-517a9644e4f59287,UB-02R-c7cdba07fed2dfd7,4.1999832000672e-05,6.480714775548758e-06,Poisson_E_times_lambda,42.0,1000004.0,normal_rate_diagnostic,discovery
SCAN-02R-45d1daf515e218b6,16,9,FILE-02R-2c162a6d29875ba6,48,8.9982,47.0,1000003.0,209.697,1000003.0,monitor_raw,monitor_controlled,ACQSTATE-02R-896f06c2a7c231ec,LAT-02R-517a9644e4f59287,UB-02R-c7cdba07fed2dfd7,4.6999859000423e-05,6.855634033498943e-06,Poisson_E_times_lambda,47.0,1000003.0,normal_rate_diagnostic,discovery
SCAN-02R-45d1daf515e218b6,15,10,FILE-02R-2c162a6d29875ba6,47,9.9986,55.0,1000004.0,201.295,1000004.0,monitor_raw,monitor_controlled,ACQSTATE-02R-896f06c2a7c231ec,LAT-02R-517a9644e4f59287,UB-02R-c7cdba07fed2dfd7,5.499978000088e-05,7.416168822420373e-06,Poisson_E_times_lambda,55.0,1000004.0,normal_rate_diagnostic,discovery
SCAN-02R-45d1daf515e218b6,14,11,FILE-02R-2c162a6d29875ba6,46,10.9986,49.0,1000001.0,189.688,1000001.0,monitor_raw,monitor_controlled,ACQSTATE-02R-896f06c2a7c231ec,LAT-02R-517a9644e4f59287,UB-02R-c7cdba07fed2dfd7,4.8999951000049e-05,6.999993000007e-06,Poisson_E_times_lambda,49.0,1000001.0,normal_rate_diagnostic,discovery
SCAN-02R-45d1daf515e218b6,13,12,FILE-02R-2c162a6d29875ba6,45,11.9985,44.0,1000004.0,177.46,1000004.0,monitor_raw,monitor_controlled,ACQSTATE-02R-896f06c2a7c231ec,LAT-02R-517a9644e4f59287,UB-02R-c7cdba07fed2dfd7,4.3999824000704e-05,6.633223047818608e-06,Poisson_E_times_lambda,44.0,1000004.0,normal_rate_diagnostic,discovery
SCAN-02R-45d1daf515e218b6,12,13,FILE-02R-2c162a6d29875ba6,44,12.9978,56.0,1000003.0,170.527,1000003.0,monitor_raw,monitor_controlled,ACQSTATE-02R-896f06c2a7c231ec,LAT-02R-517a9644e4f59287,UB-02R-c7cdba07fed2dfd7,5.5999832000504e-05,7.483292323670911e-06,Poisson_E_times_lambda,56.0,1000003.0,normal_rate_diagnostic,discovery
SCAN-02R-45d1daf515e218b6,11,14,FILE-02R-2c162a6d29875ba6,43,13.9978,58.0,1000006.0,167.301,1000006.0,monitor_raw,monitor_controlled,ACQSTATE-02R-896f06c2a7c231ec,LAT-02R-517a9644e4f59287,UB-02R-c7cdba07fed2dfd7,5.7999652002087985e-05,7.61572741149944e-06,Poisson_E_times_lambda,58.0,1000006.0,normal_rate_diagnostic,discovery
SCAN-02R-45d1daf515e218b6,10,15,FILE-02R-2c162a6d29875ba6,42,14.9982,37.0,1000003.0,167.872,1000003.0,monitor_raw,monitor_controlled,ACQSTATE-02R-896f06c2a7c231ec,LAT-02R-517a9644e4f59287,UB-02R-c7cdba07fed2dfd7,3.6999889000333e-05,6.082744282065373e-06,Poisson_E_times_lambda,37.0,1000003.0,normal_rate_diagnostic,discovery
SCAN-02R-45d1daf515e218b6,9,16,FILE-02R-2c162a6d29875ba6,41,15.9975,40.0,1000001.0,168.155,1000001.0,monitor_raw,monitor_controlled,ACQSTATE-02R-896f06c2a7c231ec,LAT-02R-517a9644e4f59287,UB-02R-c7cdba07fed2dfd7,3.999996000004e-05,6.324548995787764e-06,Poisson_E_times_lambda,40.0,1000001.0,normal_rate_diagnostic,discovery
SCAN-02R-45d1daf515e218b6,8,17,FILE-02R-2c162a6d29875ba6,40,16.998,43.0,1000005.0,168.03,1000005.0,monitor_raw,monitor_controlled,ACQSTATE-02R-896f06c2a7c231ec,LAT-02R-517a9644e4f59287,UB-02R-c7cdba07fed2dfd7,4.2999785001074993e-05,6.557405737273314e-06,Poisson_E_times_lambda,43.0,1000005.0,normal_rate_diagnostic,discovery
SCAN-02R-45d1daf515e218b6,7,18,FILE-02R-2c162a6d29875ba6,39,17.9977,53.0,1000009.0,171.752,1000009.0,monitor_raw,monitor_controlled,ACQSTATE-02R-896f06c2a7c231ec,LAT-02R-517a9644e4f59287,UB-02R-c7cdba07fed2dfd7,5.299952300429296e-05,7.280044368881198e-06,Poisson_E_times_lambda,53.0,1000009.0,normal_rate_diagnostic,discovery
SCAN-02R-45d1daf515e218b6,6,19,FILE-02R-2c162a6d29875ba6,38,18.9983,42.0,1000008.0,179.501,1000008.0,monitor_raw,monitor_controlled,ACQSTATE-02R-896f06c2a7c231ec,LAT-02R-517a9644e4f59287,UB-02R-c7cdba07fed2dfd7,4.199966400268798e-05,6.480688852897037e-06,Poisson_E_times_lambda,42.0,1000008.0,normal_rate_diagnostic,discovery
SCAN-02R-45d1daf515e218b6,5,20,FILE-02R-2c162a6d29875ba6,37,19.9984,24.0,1000002.0,182.705,1000002.0,monitor_raw,monitor_controlled,ACQSTATE-02R-896f06c2a7c231ec,LAT-02R-517a9644e4f59287,UB-02R-c7cdba07fed2dfd7,2.3999952000096e-05,4.89896968762698e-06,Poisson_E_times_lambda,24.0,1000002.0,normal_rate_diagnostic,discovery
SCAN-02R-45d1daf515e218b6,4,21,FILE-02R-2c162a6d29875ba6,36,20.9982,18.0,1000004.0,179.569,1000004.0,monitor_raw,monitor_controlled,ACQSTATE-02R-896f06c2a7c231ec,LAT-02R-517a9644e4f59287,UB-02R-c7cdba07fed2dfd7,1.7999928000287998e-05,4.242623716624418e-06,Poisson_E_times_lambda,18.0,1000004.0,normal_rate_diagnostic,discovery
SCAN-02R-45d1daf515e218b6,3,22,FILE-02R-2c162a6d29875ba6,35,21.9982,23.0,1000002.0,173.981,1000002.0,monitor_raw,monitor_controlled,ACQSTATE-02R-896f06c2a7c231ec,LAT-02R-517a9644e4f59287,UB-02R-c7cdba07fed2dfd7,2.2999954000092e-05,4.795821931668856e-06,Poisson_E_times_lambda,23.0,1000002.0,normal_rate_diagnostic,discovery
SCAN-02R-45d1daf515e218b6,2,23,FILE-02R-2c162a6d29875ba6,34,22.9982,35.0,1000004.0,168.476,1000004.0,monitor_raw,monitor_controlled,ACQSTATE-02R-896f06c2a7c231ec,LAT-02R-517a9644e4f59287,UB-02R-c7cdba07fed2dfd7,3.499986000056e-05,5.91605611887514e-06,Poisson_E_times_lambda,35.0,1000004.0,normal_rate_diagnostic,discovery
SCAN-02R-45d1daf515e218b6,1,24,FILE-02R-2c162a6d29875ba6,33,23.9985,33.0,1000001.0,166.42,1000001.0,monitor_raw,monitor_controlled,ACQSTATE-02R-896f06c2a7c231ec,LAT-02R-517a9644e4f59287,UB-02R-c7cdba07fed2dfd7,3.2999967000033e-05,5.744556901981127e-06,Poisson_E_times_lambda,33.0,1000001.0,normal_rate_diagnostic,discovery
SCAN-02R-45d1daf515e218b6,0,25,FILE-02R-2c162a6d29875ba6,32,24.9983,30.0,1000001.0,166.983,1000001.0,monitor_raw,monitor_controlled,ACQSTATE-02R-896f06c2a7c231ec,LAT-02R-517a9644e4f59287,UB-02R-c7cdba07fed2dfd7,2.999997000003e-05,5.477220097831563e-06,Poisson_E_times_lambda,30.0,1000001.0,normal_rate_diagnostic,discovery
SCAN-02R-4ad1398a663b7933,55,0,FILE-02R-cfd92f7a26e7ac76,87,-0.0008,42755.0,750000.0,199.335,750000.0,monitor_raw,monitor_controlled,ACQSTATE-02R-896f06c2a7c231ec,LAT-02R-517a9644e4f59287,UB-02R-c7cdba07fed2dfd7,0.057006666666666664,0.00027569709626488434,Poisson_E_times_lambda,42755.0,750000.0,normal_rate_diagnostic,discovery
SCAN-02R-4ad1398a663b7933,54,1,FILE-02R-cfd92f7a26e7ac76,86,0.9991,52.0,750005.0,205.254,750005.0,monitor_raw,monitor_controlled,ACQSTATE-02R-896f06c2a7c231ec,LAT-02R-517a9644e4f59287,UB-02R-c7cdba07fed2dfd7,6.933287111419257e-05,9.614739302975284e-06,Poisson_E_times_lambda,52.0,750005.0,normal_rate_diagnostic,discovery
SCAN-02R-4ad1398a663b7933,53,2,FILE-02R-cfd92f7a26e7ac76,85,1.9991,39.0,750001.0,179.679,750001.0,monitor_raw,monitor_controlled,ACQSTATE-02R-896f06c2a7c231ec,LAT-02R-517a9644e4f59287,UB-02R-c7cdba07fed2dfd7,5.1999930666759114e-05,8.32665289566067e-06,Poisson_E_times_lambda,39.0,750001.0,normal_rate_diagnostic,discovery
SCAN-02R-4ad1398a663b7933,52,3,FILE-02R-cfd92f7a26e7ac76,84,2.9989,38.0,750004.0,172.133,750004.0,monitor_raw,monitor_controlled,ACQSTATE-02R-896f06c2a7c231ec,LAT-02R-517a9644e4f59287,UB-02R-c7cdba07fed2dfd7,5.066639644588562e-05,8.21917483502618e-06,Poisson_E_times_lambda,38.0,750004.0,normal_rate_diagnostic,discovery
SCAN-02R-4ad1398a663b7933,51,4,FILE-02R-cfd92f7a26e7ac76,83,3.9991,28.0,750004.0,166.238,750004.0,monitor_raw,monitor_controlled,ACQSTATE-02R-896f06c2a7c231ec,LAT-02R-517a9644e4f59287,UB-02R-c7cdba07fed2dfd7,3.733313422328414e-05,7.055299201243169e-06,Poisson_E_times_lambda,28.0,750004.0,normal_rate_diagnostic,discovery
SCAN-02R-4ad1398a663b7933,50,5,FILE-02R-cfd92f7a26e7ac76,82,4.9986,35.0,750003.0,167.648,750003.0,monitor_raw,monitor_controlled,ACQSTATE-02R-896f06c2a7c231ec,LAT-02R-517a9644e4f59287,UB-02R-c7cdba07fed2dfd7,4.6666480000746666e-05,7.888074825166855e-06,Poisson_E_times_lambda,35.0,750003.0,normal_rate_diagnostic,discovery
SCAN-02R-4ad1398a663b7933,49,6,FILE-02R-cfd92f7a26e7ac76,81,5.9991,36.0,750001.0,155.434,750001.0,monitor_raw,monitor_controlled,ACQSTATE-02R-896f06c2a7c231ec,LAT-02R-517a9644e4f59287,UB-02R-c7cdba07fed2dfd7,4.799993600008533e-05,7.999989333347556e-06,Poisson_E_times_lambda,36.0,750001.0,normal_rate_diagnostic,discovery
SCAN-02R-4ad1398a663b7933,48,7,FILE-02R-cfd92f7a26e7ac76,80,6.9988,26.0,750004.0,143.585,750004.0,monitor_raw,monitor_controlled,ACQSTATE-02R-896f06c2a7c231ec,LAT-02R-517a9644e4f59287,UB-02R-c7cdba07fed2dfd7,3.4666481778763846e-05,6.798656425289444e-06,Poisson_E_times_lambda,26.0,750004.0,normal_rate_diagnostic,discovery
SCAN-02R-4ad1398a663b7933,47,8,FILE-02R-cfd92f7a26e7ac76,79,7.9987,36.0,750005.0,147.986,750005.0,monitor_raw,monitor_controlled,ACQSTATE-02R-896f06c2a7c231ec,LAT-02R-517a9644e4f59287,UB-02R-c7cdba07fed2dfd7,4.7999680002133316e-05,7.99994666702222e-06,Poisson_E_times_lambda,36.0,750005.0,normal_rate_diagnostic,discovery
SCAN-02R-4ad1398a663b7933,46,9,FILE-02R-cfd92f7a26e7ac76,78,8.9985,32.0,750002.0,157.495,750002.0,monitor_raw,monitor_controlled,ACQSTATE-02R-896f06c2a7c231ec,LAT-02R-517a9644e4f59287,UB-02R-c7cdba07fed2dfd7,4.2666552889192296e-05,7.542452219450589e-06,Poisson_E_times_lambda,32.0,750002.0,normal_rate_diagnostic,discovery
SCAN-02R-4ad1398a663b7933,45,10,FILE-02R-cfd92f7a26e7ac76,77,9.9986,37.0,750003.0,151.306,750003.0,monitor_raw,monitor_controlled,ACQSTATE-02R-896f06c2a7c231ec,LAT-02R-517a9644e4f59287,UB-02R-c7cdba07fed2dfd7,4.933313600078933e-05,8.11031759912723e-06,Poisson_E_times_lambda,37.0,750003.0,normal_rate_diagnostic,discovery
SCAN-02R-4ad1398a663b7933,44,11,FILE-02R-cfd92f7a26e7ac76,76,10.9988,25.0,750004.0,141.989,750004.0,monitor_raw,monitor_controlled,ACQSTATE-02R-896f06c2a7c231ec,LAT-02R-517a9644e4f59287,UB-02R-c7cdba07fed2dfd7,3.33331555565037e-05,6.66663111130074e-06,Poisson_E_times_lambda,25.0,750004.0,normal_rate_diagnostic,discovery
SCAN-02R-4ad1398a663b7933,43,12,FILE-02R-cfd92f7a26e7ac76,75,11.9992,21.0,750003.0,132.802,750003.0,monitor_raw,monitor_controlled,ACQSTATE-02R-896f06c2a7c231ec,LAT-02R-517a9644e4f59287,UB-02R-c7cdba07fed2dfd7,2.7999888000448e-05,6.110076486301841e-06,Poisson_E_times_lambda,21.0,750003.0,normal_rate_diagnostic,discovery
SCAN-02R-4ad1398a663b7933,42,13,FILE-02R-cfd92f7a26e7ac76,74,12.9989,23.0,750003.0,128.198,750003.0,monitor_raw,monitor_controlled,ACQSTATE-02R-896f06c2a7c231ec,LAT-02R-517a9644e4f59287,UB-02R-c7cdba07fed2dfd7,3.0666544000490665e-05,6.394416453417812e-06,Poisson_E_times_lambda,23.0,750003.0,normal_rate_diagnostic,discovery
SCAN-02R-4ad1398a663b7933,41,14,FILE-02R-cfd92f7a26e7ac76,73,13.9982,21.0,750002.0,125.258,750002.0,monitor_raw,monitor_controlled,ACQSTATE-02R-896f06c2a7c231ec,LAT-02R-517a9644e4f59287,UB-02R-c7cdba07fed2dfd7,2.7999925333532445e-05,6.110084633048765e-06,Poisson_E_times_lambda,21.0,750002.0,normal_rate_diagnostic,discovery
SCAN-02R-4ad1398a663b7933,40,15,FILE-02R-cfd92f7a26e7ac76,72,14.9982,31.0,750000.0,125.755,750000.0,monitor_raw,monitor_controlled,ACQSTATE-02R-896f06c2a7c231ec,LAT-02R-517a9644e4f59287,UB-02R-c7cdba07fed2dfd7,4.133333333333333e-05,7.423685817106695e-06,Poisson_E_times_lambda,31.0,750000.0,normal_rate_diagnostic,discovery
SCAN-02R-4ad1398a663b7933,39,16,FILE-02R-cfd92f7a26e7ac76,71,15.9976,24.0,750004.0,125.721,750004.0,monitor_raw,monitor_controlled,ACQSTATE-02R-896f06c2a7c231ec,LAT-02R-517a9644e4f59287,UB-02R-c7cdba07fed2dfd7,3.199982933424355e-05,6.531937810420152e-06,Poisson_E_times_lambda,24.0,750004.0,normal_rate_diagnostic,discovery
SCAN-02R-4ad1398a663b7933,38,17,FILE-02R-cfd92f7a26e7ac76,70,16.9984,27.0,750001.0,125.419,750001.0,monitor_raw,monitor_controlled,ACQSTATE-02R-896f06c2a7c231ec,LAT-02R-517a9644e4f59287,UB-02R-c7cdba07fed2dfd7,3.5999952000064e-05,6.928193992683519e-06,Poisson_E_times_lambda,27.0,750001.0,normal_rate_diagnostic,discovery
SCAN-02R-4ad1398a663b7933,37,18,FILE-02R-cfd92f7a26e7ac76,69,17.9981,41.0,750001.0,128.374,750001.0,monitor_raw,monitor_controlled,ACQSTATE-02R-896f06c2a7c231ec,LAT-02R-517a9644e4f59287,UB-02R-c7cdba07fed2dfd7,5.466659377787496e-05,8.537487599926998e-06,Poisson_E_times_lambda,41.0,750001.0,normal_rate_diagnostic,discovery
SCAN-02R-4ad1398a663b7933,36,19,FILE-02R-cfd92f7a26e7ac76,68,18.9993,32.0,750005.0,134.216,750005.0,monitor_raw,monitor_controlled,ACQSTATE-02R-896f06c2a7c231ec,LAT-02R-517a9644e4f59287,UB-02R-c7cdba07fed2dfd7,4.266638222411851e-05,7.542422049842842e-06,Poisson_E_times_lambda,32.0,750005.0,normal_rate_diagnostic,discovery
SCAN-02R-4ad1398a663b7933,35,20,FILE-02R-cfd92f7a26e7ac76,67,19.9983,31.0,750002.0,136.864,750002.0,monitor_raw,monitor_controlled,ACQSTATE-02R-896f06c2a7c231ec,LAT-02R-517a9644e4f59287,UB-02R-c7cdba07fed2dfd7,4.1333223111405035e-05,7.423666020663974e-06,Poisson_E_times_lambda,31.0,750002.0,normal_rate_diagnostic,discovery
SCAN-02R-4ad1398a663b7933,34,21,FILE-02R-cfd92f7a26e7ac76,66,20.9983,21.0,750000.0,135.071,750000.0,monitor_raw,monitor_controlled,ACQSTATE-02R-896f06c2a7c231ec,LAT-02R-517a9644e4f59287,UB-02R-c7cdba07fed2dfd7,2.8e-05,6.110100926607786e-06,Poisson_E_times_lambda,21.0,750000.0,normal_rate_diagnostic,discovery
SCAN-02R-4ad1398a663b7933,33,22,FILE-02R-cfd92f7a26e7ac76,65,21.9983,16.0,750002.0,129.846,750002.0,monitor_raw,monitor_controlled,ACQSTATE-02R-896f06c2a7c231ec,LAT-02R-517a9644e4f59287,UB-02R-c7cdba07fed2dfd7,2.1333276444596148e-05,5.333319111149037e-06,Poisson_E_times_lambda,16.0,750002.0,normal_rate_diagnostic,discovery
SCAN-02R-4ad1398a663b7933,32,23,FILE-02R-cfd92f7a26e7ac76,64,22.9983,17.0,750004.0,126.282,750004.0,monitor_raw,monitor_controlled,ACQSTATE-02R-896f06c2a7c231ec,LAT-02R-517a9644e4f59287,UB-02R-c7cdba07fed2dfd7,2.2666545778422517e-05,5.497444847784359e-06,Poisson_E_times_lambda,17.0,750004.0,normal_rate_diagnostic,discovery
SCAN-02R-4ad1398a663b7933,31,24,FILE-02R-cfd92f7a26e7ac76,63,23.9985,20.0,750004.0,124.131,750004.0,monitor_raw,monitor_controlled,ACQSTATE-02R-896f06c2a7c231ec,LAT-02R-517a9644e4f59287,UB-02R-c7cdba07fed2dfd7,2.666652444520296e-05,5.962816138313368e-06,Poisson_E_times_lambda,20.0,750004.0,normal_rate_diagnostic,discovery
SCAN-02R-4ad1398a663b7933,30,25,FILE-02R-cfd92f7a26e7ac76,62,24.9976,25.0,750001.0,124.678,750001.0,monitor_raw,monitor_controlled,ACQSTATE-02R-896f06c2a7c231ec,LAT-02R-517a9644e4f59287,UB-02R-c7cdba07fed2dfd7,3.333328888894815e-05,6.666657777789629e-06,Poisson_E_times_lambda,25.0,750001.0,normal_rate_diagnostic,discovery
SCAN-02R-4ad1398a663b7933,29,26,FILE-02R-cfd92f7a26e7ac76,61,25.9976,19.0,750004.0,128.214,750004.0,monitor_raw,monitor_controlled,ACQSTATE-02R-896f06c2a7c231ec,LAT-02R-517a9644e4f59287,UB-02R-c7cdba07fed2dfd7,2.533319822294281e-05,5.811834261604837e-06,Poisson_E_times_lambda,19.0,750004.0,normal_rate_diagnostic,discovery
SCAN-02R-4ad1398a663b7933,28,27,FILE-02R-cfd92f7a26e7ac76,60,26.9983,32.0,750006.0,132.388,750006.0,monitor_raw,monitor_controlled,ACQSTATE-02R-896f06c2a7c231ec,LAT-02R-517a9644e4f59287,UB-02R-c7cdba07fed2dfd7,4.266632533606398e-05,7.5424119933605605e-06,Poisson_E_times_lambda,32.0,750006.0,normal_rate_diagnostic,discovery
SCAN-02R-4ad1398a663b7933,27,28,FILE-02R-cfd92f7a26e7ac76,59,27.998,15.0,750005.0,136.427,750005.0,monitor_raw,monitor_controlled,ACQSTATE-02R-896f06c2a7c231ec,LAT-02R-517a9644e4f59287,UB-02R-c7cdba07fed2dfd7,1.999986666755555e-05,5.163943368654099e-06,Poisson_E_times_lambda,15.0,750005.0,normal_rate_diagnostic,discovery
SCAN-02R-4ad1398a663b7933,26,29,FILE-02R-cfd92f7a26e7ac76,58,28.9983,26.0,750004.0,139.778,750004.0,monitor_raw,monitor_controlled,ACQSTATE-02R-896f06c2a7c231ec,LAT-02R-517a9644e4f59287,UB-02R-c7cdba07fed2dfd7,3.4666481778763846e-05,6.798656425289444e-06,Poisson_E_times_lambda,26.0,750004.0,normal_rate_diagnostic,discovery
SCAN-02R-4ad1398a663b7933,25,30,FILE-02R-cfd92f7a26e7ac76,57,29.9986,17.0,750003.0,143.45,750003.0,monitor_raw,monitor_controlled,ACQSTATE-02R-896f06c2a7c231ec,LAT-02R-517a9644e4f59287,UB-02R-c7cdba07fed2dfd7,2.2666576000362664e-05,5.497452177681503e-06,Poisson_E_times_lambda,17.0,750003.0,normal_rate_diagnostic,discovery
SCAN-02R-4ad1398a663b7933,24,31,FILE-02R-cfd92f7a26e7ac76,56,30.9985,12.0,750004.0,146.114,750004.0,monitor_raw,monitor_controlled,ACQSTATE-02R-896f06c2a7c231ec,LAT-02R-517a9644e4f59287,UB-02R-c7cdba07fed2dfd7,1.5999914667121774e-05,4.618777520036899e-06,Poisson_E_times_lambda,12.0,750004.0,normal_rate_diagnostic,discovery
SCAN-02R-4ad1398a663b7933,23,32,FILE-02R-cfd92f7a26e7ac76,55,31.9978,7.0,750001.0,148.224,750001.0,monitor_raw,monitor_controlled,ACQSTATE-02R-896f06c2a7c231ec,LAT-02R-517a9644e4f59287,UB-02R-c7cdba07fed2dfd7,9.333320888905481e-06,3.5276637112011727e-06,Poisson_E_times_lambda,7.0,750001.0,normal_rate_diagnostic,discovery
SCAN-02R-4ad1398a663b7933,22,33,FILE-02R-cfd92f7a26e7ac76,54,32.998,14.0,750001.0,150.351,750001.0,monitor_raw,monitor_controlled,ACQSTATE-02R-896f06c2a7c231ec,LAT-02R-517a9644e4f59287,UB-02R-c7cdba07fed2dfd7,1.8666641777810962e-05,4.988869863872104e-06,Poisson_E_times_lambda,14.0,750001.0,normal_rate_diagnostic,discovery
SCAN-02R-4ad1398a663b7933,21,34,FILE-02R-cfd92f7a26e7ac76,53,33.9965,12.0,750003.0,152.795,750003.0,monitor_raw,monitor_controlled,ACQSTATE-02R-896f06c2a7c231ec,LAT-02R-517a9644e4f59287,UB-02R-c7cdba07fed2dfd7,1.5999936000255998e-05,4.618783678382292e-06,Poisson_E_times_lambda,12.0,750003.0,normal_rate_diagnostic,discovery
SCAN-02R-4ad1398a663b7933,20,35,FILE-02R-cfd92f7a26e7ac76,52,34.997,26.0,750000.0,156.052,750000.0,monitor_raw,monitor_controlled,ACQSTATE-02R-896f06c2a7c231ec,LAT-02R-517a9644e4f59287,UB-02R-c7cdba07fed2dfd7,3.4666666666666665e-05,6.798692684790379e-06,Poisson_E_times_lambda,26.0,750000.0,normal_rate_diagnostic,discovery
SCAN-02R-4ad1398a663b7933,19,36,FILE-02R-cfd92f7a26e7ac76,51,35.9951,20.0,750001.0,160.311,750001.0,monitor_raw,monitor_controlled,ACQSTATE-02R-896f06c2a7c231ec,LAT-02R-517a9644e4f59287,UB-02R-c7cdba07fed2dfd7,2.6666631111158517e-05,5.96283998954612e-06,Poisson_E_times_lambda,20.0,750001.0,normal_rate_diagnostic,discovery
SCAN-02R-4ad1398a663b7933,18,37,FILE-02R-cfd92f7a26e7ac76,50,36.996,21.0,750000.0,164.886,750000.0,monitor_raw,monitor_controlled,ACQSTATE-02R-896f06c2a7c231ec,LAT-02R-517a9644e4f59287,UB-02R-c7cdba07fed2dfd7,2.8e-05,6.110100926607786e-06,Poisson_E_times_lambda,21.0,750000.0,normal_rate_diagnostic,discovery
SCAN-02R-4ad1398a663b7933,17,38,FILE-02R-cfd92f7a26e7ac76,49,37.9975,23.0,750001.0,166.22,750001.0,monitor_raw,monitor_controlled,ACQSTATE-02R-896f06c2a7c231ec,LAT-02R-517a9644e4f59287,UB-02R-c7cdba07fed2dfd7,3.06666257778323e-05,6.394433505172286e-06,Poisson_E_times_lambda,23.0,750001.0,normal_rate_diagnostic,discovery
SCAN-02R-4ad1398a663b7933,16,39,FILE-02R-cfd92f7a26e7ac76,48,38.9959,29.0,750001.0,170.693,750001.0,monitor_raw,monitor_controlled,ACQSTATE-02R-896f06c2a7c231ec,LAT-02R-517a9644e4f59287,UB-02R-c7cdba07fed2dfd7,3.866661511117985e-05,7.180210169232446e-06,Poisson_E_times_lambda,29.0,750001.0,normal_rate_diagnostic,discovery
SCAN-02R-4ad1398a663b7933,15,40,FILE-02R-cfd92f7a26e7ac76,47,39.9951,34.0,750007.0,171.707,750007.0,monitor_raw,monitor_controlled,ACQSTATE-02R-896f06c2a7c231ec,LAT-02R-517a9644e4f59287,UB-02R-c7cdba07fed2dfd7,4.533291022617122e-05,7.774529964180735e-06,Poisson_E_times_lambda,34.0,750007.0,normal_rate_diagnostic,discovery
SCAN-02R-4ad1398a663b7933,14,41,FILE-02R-cfd92f7a26e7ac76,46,40.9971,73.0,750004.0,177.155,750004.0,monitor_raw,monitor_controlled,ACQSTATE-02R-896f06c2a7c231ec,LAT-02R-517a9644e4f59287,UB-02R-c7cdba07fed2dfd7,9.73328142249908e-05,1.1391944236720778e-05,Poisson_E_times_lambda,73.0,750004.0,normal_rate_diagnostic,discovery
SCAN-02R-4ad1398a663b7933,13,42,FILE-02R-cfd92f7a26e7ac76,45,41.9974,56.0,750000.0,180.271,750000.0,monitor_raw,monitor_controlled,ACQSTATE-02R-896f06c2a7c231ec,LAT-02R-517a9644e4f59287,UB-02R-c7cdba07fed2dfd7,7.466666666666666e-05,9.977753031397176e-06,Poisson_E_times_lambda,56.0,750000.0,normal_rate_diagnostic,discovery
SCAN-02R-4ad1398a663b7933,12,43,FILE-02R-cfd92f7a26e7ac76,44,42.9958,85.0,750000.0,186.784,750000.0,monitor_raw,monitor_controlled,ACQSTATE-02R-896f06c2a7c231ec,LAT-02R-517a9644e4f59287,UB-02R-c7cdba07fed2dfd7,0.00011333333333333333,1.2292725943057183e-05,Poisson_E_times_lambda,85.0,750000.0,normal_rate_diagnostic,discovery
SCAN-02R-4ad1398a663b7933,11,44,FILE-02R-cfd92f7a26e7ac76,43,43.9969,86.0,750001.0,191.944,750001.0,monitor_raw,monitor_controlled,ACQSTATE-02R-896f06c2a7c231ec,LAT-02R-517a9644e4f59287,UB-02R-c7cdba07fed2dfd7,0.00011466651377798163,1.236480817425004e-05,Poisson_E_times_lambda,86.0,750001.0,normal_rate_diagnostic,discovery
SCAN-02R-4ad1398a663b7933,10,45,FILE-02R-cfd92f7a26e7ac76,42,44.996,76.0,750002.0,200.877,750002.0,monitor_raw,monitor_controlled,ACQSTATE-02R-896f06c2a7c231ec,LAT-02R-517a9644e4f59287,UB-02R-c7cdba07fed2dfd7,0.0001013330631118317,1.1623699519576413e-05,Poisson_E_times_lambda,76.0,750002.0,normal_rate_diagnostic,discovery
SCAN-02R-4ad1398a663b7933,9,46,FILE-02R-cfd92f7a26e7ac76,41,45.9968,114.0,750001.0,207.627,750001.0,monitor_raw,monitor_controlled,ACQSTATE-02R-896f06c2a7c231ec,LAT-02R-517a9644e4f59287,UB-02R-c7cdba07fed2dfd7,0.00015199979733360357,1.4236085354594609e-05,Poisson_E_times_lambda,114.0,750001.0,normal_rate_diagnostic,discovery
SCAN-02R-4ad1398a663b7933,8,47,FILE-02R-cfd92f7a26e7ac76,40,46.9974,39.0,750002.0,216.457,750002.0,monitor_raw,monitor_controlled,ACQSTATE-02R-896f06c2a7c231ec,LAT-02R-517a9644e4f59287,UB-02R-c7cdba07fed2dfd7,5.199986133370311e-05,8.326641793486416e-06,Poisson_E_times_lambda,39.0,750002.0,normal_rate_diagnostic,discovery
SCAN-02R-4ad1398a663b7933,7,48,FILE-02R-cfd92f7a26e7ac76,39,47.9978,30.0,750000.0,221.421,750000.0,monitor_raw,monitor_controlled,ACQSTATE-02R-896f06c2a7c231ec,LAT-02R-517a9644e4f59287,UB-02R-c7cdba07fed2dfd7,4e-05,7.3029674334022146e-06,Poisson_E_times_lambda,30.0,750000.0,normal_rate_diagnostic,discovery
SCAN-02R-4ad1398a663b7933,6,49,FILE-02R-cfd92f7a26e7ac76,38,48.9957,27.0,750001.0,227.748,750001.0,monitor_raw,monitor_controlled,ACQSTATE-02R-896f06c2a7c231ec,LAT-02R-517a9644e4f59287,UB-02R-c7cdba07fed2dfd7,3.5999952000064e-05,6.928193992683519e-06,Poisson_E_times_lambda,27.0,750001.0,normal_rate_diagnostic,discovery
SCAN-02R-4ad1398a663b7933,5,50,FILE-02R-cfd92f7a26e7ac76,37,49.9983,25.0,750001.0,229.965,750001.0,monitor_raw,monitor_controlled,ACQSTATE-02R-896f06c2a7c231ec,LAT-02R-517a9644e4f59287,UB-02R-c7cdba07fed2dfd7,3.333328888894815e-05,6.666657777789629e-06,Poisson_E_times_lambda,25.0,750001.0,normal_rate_diagnostic,discovery
SCAN-02R-4ad1398a663b7933,4,51,FILE-02R-cfd92f7a26e7ac76,36,50.9977,34.0,750001.0,235.313,750001.0,monitor_raw,monitor_controlled,ACQSTATE-02R-896f06c2a7c231ec,LAT-02R-517a9644e4f59287,UB-02R-c7cdba07fed2dfd7,4.533327288896948e-05,7.774592160337521e-06,Poisson_E_times_lambda,34.0,750001.0,normal_rate_diagnostic,discovery
SCAN-02R-4ad1398a663b7933,3,52,FILE-02R-cfd92f7a26e7ac76,35,51.9928,21.0,750003.0,234.805,750003.0,monitor_raw,monitor_controlled,ACQSTATE-02R-896f06c2a7c231ec,LAT-02R-517a9644e4f59287,UB-02R-c7cdba07fed2dfd7,2.7999888000448e-05,6.110076486301841e-06,Poisson_E_times_lambda,21.0,750003.0,normal_rate_diagnostic,discovery
SCAN-02R-4ad1398a663b7933,2,53,FILE-02R-cfd92f7a26e7ac76,34,52.9914,33.0,750001.0,238.48,750001.0,monitor_raw,monitor_controlled,ACQSTATE-02R-896f06c2a7c231ec,LAT-02R-517a9644e4f59287,UB-02R-c7cdba07fed2dfd7,4.399994133341155e-05,7.659406649508506e-06,Poisson_E_times_lambda,33.0,750001.0,normal_rate_diagnostic,discovery
SCAN-02R-4ad1398a663b7933,1,54,FILE-02R-cfd92f7a26e7ac76,33,53.9899,31.0,750000.0,238.852,750000.0,monitor_raw,monitor_controlled,ACQSTATE-02R-896f06c2a7c231ec,LAT-02R-517a9644e4f59287,UB-02R-c7cdba07fed2dfd7,4.133333333333333e-05,7.423685817106695e-06,Poisson_E_times_lambda,31.0,750000.0,normal_rate_diagnostic,discovery
SCAN-02R-4ad1398a663b7933,0,55,FILE-02R-cfd92f7a26e7ac76,32,54.9968,20.0,750001.0,243.902,750001.0,monitor_raw,monitor_controlled,ACQSTATE-02R-896f06c2a7c231ec,LAT-02R-517a9644e4f59287,UB-02R-c7cdba07fed2dfd7,2.6666631111158517e-05,5.96283998954612e-06,Poisson_E_times_lambda,20.0,750001.0,normal_rate_diagnostic,discovery
SCAN-02R-4d54ea7698000638,0,0,FILE-02R-d0f83ca7a2fc0fa2,32,-0.0008,8775.0,750001.0,196.504,750001.0,monitor_raw,monitor_controlled,ACQSTATE-02R-896f06c2a7c231ec,LAT-02R-517a9644e4f59287,UB-02R-c7cdba07fed2dfd7,0.0116999844000208,0.00012489979343491004,Poisson_E_times_lambda,8775.0,750001.0,normal_rate_diagnostic,discovery
SCAN-02R-4d54ea7698000638,1,1,FILE-02R-d0f83ca7a2fc0fa2,33,0.9986,88.0,750003.0,205.194,750003.0,monitor_raw,monitor_controlled,ACQSTATE-02R-896f06c2a7c231ec,LAT-02R-517a9644e4f59287,UB-02R-c7cdba07fed2dfd7,0.00011733286400187732,1.2507725328627832e-05,Poisson_E_times_lambda,88.0,750003.0,normal_rate_diagnostic,discovery
SCAN-02R-4d54ea7698000638,2,2,FILE-02R-d0f83ca7a2fc0fa2,34,1.9986,48.0,750011.0,179.779,750011.0,monitor_raw,monitor_controlled,ACQSTATE-02R-896f06c2a7c231ec,LAT-02R-517a9644e4f59287,UB-02R-c7cdba07fed2dfd7,6.399906134710025e-05,9.237468824157925e-06,Poisson_E_times_lambda,48.0,750011.0,normal_rate_diagnostic,discovery
SCAN-02R-4d54ea7698000638,3,3,FILE-02R-d0f83ca7a2fc0fa2,35,2.9986,50.0,750000.0,173.575,750000.0,monitor_raw,monitor_controlled,ACQSTATE-02R-896f06c2a7c231ec,LAT-02R-517a9644e4f59287,UB-02R-c7cdba07fed2dfd7,6.666666666666667e-05,9.428090415820634e-06,Poisson_E_times_lambda,50.0,750000.0,normal_rate_diagnostic,discovery
SCAN-02R-4d54ea7698000638,4,4,FILE-02R-d0f83ca7a2fc0fa2,36,3.9987,50.0,750001.0,167.409,750001.0,monitor_raw,monitor_controlled,ACQSTATE-02R-896f06c2a7c231ec,LAT-02R-517a9644e4f59287,UB-02R-c7cdba07fed2dfd7,6.66665777778963e-05,9.428077845050174e-06,Poisson_E_times_lambda,50.0,750001.0,normal_rate_diagnostic,discovery
SCAN-02R-4d54ea7698000638,5,5,FILE-02R-d0f83ca7a2fc0fa2,37,4.9987,47.0,750003.0,169.374,750003.0,monitor_raw,monitor_controlled,ACQSTATE-02R-896f06c2a7c231ec,LAT-02R-517a9644e4f59287,UB-02R-c7cdba07fed2dfd7,6.266641600100266e-05,9.140836237189777e-06,Poisson_E_times_lambda,47.0,750003.0,normal_rate_diagnostic,discovery
SCAN-02R-4d54ea7698000638,6,6,FILE-02R-d0f83ca7a2fc0fa2,38,5.9985,45.0,750000.0,156.013,750000.0,monitor_raw,monitor_controlled,ACQSTATE-02R-896f06c2a7c231ec,LAT-02R-517a9644e4f59287,UB-02R-c7cdba07fed2dfd7,6e-05,8.94427190999916e-06,Poisson_E_times_lambda,45.0,750000.0,normal_rate_diagnostic,discovery
SCAN-02R-4d54ea7698000638,7,7,FILE-02R-d0f83ca7a2fc0fa2,39,6.9985,51.0,750002.0,144.728,750002.0,monitor_raw,monitor_controlled,ACQSTATE-02R-896f06c2a7c231ec,LAT-02R-517a9644e4f59287,UB-02R-c7cdba07fed2dfd7,6.799981866715022e-05,9.521879179712655e-06,Poisson_E_times_lambda,51.0,750002.0,normal_rate_diagnostic,discovery
SCAN-02R-4d54ea7698000638,8,8,FILE-02R-d0f83ca7a2fc0fa2,40,7.9984,57.0,750000.0,149.319,750000.0,monitor_raw,monitor_controlled,ACQSTATE-02R-896f06c2a7c231ec,LAT-02R-517a9644e4f59287,UB-02R-c7cdba07fed2dfd7,7.6e-05,1.0066445913694332e-05,Poisson_E_times_lambda,57.0,750000.0,normal_rate_diagnostic,discovery
SCAN-02R-4d54ea7698000638,9,9,FILE-02R-d0f83ca7a2fc0fa2,41,8.9984,55.0,750007.0,158.657,750007.0,monitor_raw,monitor_controlled,ACQSTATE-02R-896f06c2a7c231ec,LAT-02R-517a9644e4f59287,UB-02R-c7cdba07fed2dfd7,7.333264889527698e-05,9.888172359852191e-06,Poisson_E_times_lambda,55.0,750007.0,normal_rate_diagnostic,discovery
SCAN-02R-4d54ea7698000638,10,10,FILE-02R-d0f83ca7a2fc0fa2,42,9.9982,50.0,750008.0,152.768,750008.0,monitor_raw,monitor_controlled,ACQSTATE-02R-896f06c2a7c231ec,LAT-02R-517a9644e4f59287,UB-02R-c7cdba07fed2dfd7,6.666595556314066e-05,9.427989850595561e-06,Poisson_E_times_lambda,50.0,750008.0,normal_rate_diagnostic,discovery
SCAN-02R-4d54ea7698000638,11,11,FILE-02R-d0f83ca7a2fc0fa2,43,10.9985,39.0,750003.0,142.789,750003.0,monitor_raw,monitor_controlled,ACQSTATE-02R-896f06c2a7c231ec,LAT-02R-517a9644e4f59287,UB-02R-c7cdba07fed2dfd7,5.1999792000832e-05,8.326630691341766e-06,Poisson_E_times_lambda,39.0,750003.0,normal_rate_diagnostic,discovery
SCAN-02R-4d54ea7698000638,12,12,FILE-02R-d0f83ca7a2fc0fa2,44,11.9985,44.0,750002.0,133.524,750002.0,monitor_raw,monitor_controlled,ACQSTATE-02R-896f06c2a7c231ec,LAT-02R-517a9644e4f59287,UB-02R-c7cdba07fed2dfd7,5.8666510222639404e-05,8.844309189456561e-06,Poisson_E_times_lambda,44.0,750002.0,normal_rate_diagnostic,discovery
SCAN-02R-4d54ea7698000638,13,13,FILE-02R-d0f83ca7a2fc0fa2,45,12.9985,40.0,750006.0,129.006,750006.0,monitor_raw,monitor_controlled,ACQSTATE-02R-896f06c2a7c231ec,LAT-02R-517a9644e4f59287,UB-02R-c7cdba07fed2dfd7,5.3332906670079974e-05,8.432672965731953e-06,Poisson_E_times_lambda,40.0,750006.0,normal_rate_diagnostic,discovery
SCAN-02R-4d54ea7698000638,14,14,FILE-02R-d0f83ca7a2fc0fa2,46,13.9986,38.0,750005.0,126.595,750005.0,monitor_raw,monitor_controlled,ACQSTATE-02R-896f06c2a7c231ec,LAT-02R-517a9644e4f59287,UB-02R-c7cdba07fed2dfd7,5.066632889114073e-05,8.219163876199461e-06,Poisson_E_times_lambda,38.0,750005.0,normal_rate_diagnostic,discovery
SCAN-02R-4d54ea7698000638,15,15,FILE-02R-d0f83ca7a2fc0fa2,47,14.9986,43.0,750004.0,127.013,750004.0,monitor_raw,monitor_controlled,ACQSTATE-02R-896f06c2a7c231ec,LAT-02R-517a9644e4f59287,UB-02R-c7cdba07fed2dfd7,5.733302755718636e-05,8.743204735310745e-06,Poisson_E_times_lambda,43.0,750004.0,normal_rate_diagnostic,discovery
SCAN-02R-4d54ea7698000638,16,16,FILE-02R-d0f83ca7a2fc0fa2,48,15.9981,44.0,750007.0,127.427,750007.0,monitor_raw,monitor_controlled,ACQSTATE-02R-896f06c2a7c231ec,LAT-02R-517a9644e4f59287,UB-02R-c7cdba07fed2dfd7,5.866611911622158e-05,8.844250227945605e-06,Poisson_E_times_lambda,44.0,750007.0,normal_rate_diagnostic,discovery
SCAN-02R-4d54ea7698000638,17,17,FILE-02R-d0f83ca7a2fc0fa2,49,16.9985,46.0,750006.0,127.104,750006.0,monitor_raw,monitor_controlled,ACQSTATE-02R-896f06c2a7c231ec,LAT-02R-517a9644e4f59287,UB-02R-c7cdba07fed2dfd7,6.133284267059197e-05,9.043034299892626e-06,Poisson_E_times_lambda,46.0,750006.0,normal_rate_diagnostic,discovery
SCAN-02R-4d54ea7698000638,18,18,FILE-02R-d0f83ca7a2fc0fa2,50,17.9981,47.0,750006.0,129.881,750006.0,monitor_raw,monitor_controlled,ACQSTATE-02R-896f06c2a7c231ec,LAT-02R-517a9644e4f59287,UB-02R-c7cdba07fed2dfd7,6.266616533734397e-05,9.140799674137332e-06,Poisson_E_times_lambda,47.0,750006.0,normal_rate_diagnostic,discovery
SCAN-02R-4d54ea7698000638,19,19,FILE-02R-d0f83ca7a2fc0fa2,51,18.9983,41.0,750000.0,135.85,750000.0,monitor_raw,monitor_controlled,ACQSTATE-02R-896f06c2a7c231ec,LAT-02R-517a9644e4f59287,UB-02R-c7cdba07fed2dfd7,5.466666666666667e-05,8.537498983243797e-06,Poisson_E_times_lambda,41.0,750000.0,normal_rate_diagnostic,discovery
SCAN-02R-4eb3495e2e32dd73,0,0,FILE-02R-4f42c03f9a4a989b,32,4.9985,50.0,750002.0,166.993,750002.0,monitor_raw,monitor_controlled,ACQSTATE-02R-896f06c2a7c231ec,LAT-02R-517a9644e4f59287,UB-02R-c7cdba07fed2dfd7,6.666648888936297e-05,9.428065274313236e-06,Poisson_E_times_lambda,50.0,750002.0,normal_rate_diagnostic,discovery
SCAN-02R-4eb3495e2e32dd73,1,1,FILE-02R-4f42c03f9a4a989b,33,5.9985,59.0,750000.0,155.908,750000.0,monitor_raw,monitor_controlled,ACQSTATE-02R-896f06c2a7c231ec,LAT-02R-517a9644e4f59287,UB-02R-c7cdba07fed2dfd7,7.866666666666666e-05,1.024152766382481e-05,Poisson_E_times_lambda,59.0,750000.0,normal_rate_diagnostic,discovery
SCAN-02R-4eb3495e2e32dd73,2,2,FILE-02R-4f42c03f9a4a989b,34,6.9985,43.0,750006.0,144.998,750006.0,monitor_raw,monitor_controlled,ACQSTATE-02R-896f06c2a7c231ec,LAT-02R-517a9644e4f59287,UB-02R-c7cdba07fed2dfd7,5.733287467033597e-05,8.743181420284639e-06,Poisson_E_times_lambda,43.0,750006.0,normal_rate_diagnostic,discovery
SCAN-02R-4eb3495e2e32dd73,3,3,FILE-02R-4f42c03f9a4a989b,35,7.9984,53.0,750000.0,149.206,750000.0,monitor_raw,monitor_controlled,ACQSTATE-02R-896f06c2a7c231ec,LAT-02R-517a9644e4f59287,UB-02R-c7cdba07fed2dfd7,7.066666666666667e-05,9.706813185707358e-06,Poisson_E_times_lambda,53.0,750000.0,normal_rate_diagnostic,discovery
SCAN-02R-4eb3495e2e32dd73,4,4,FILE-02R-4f42c03f9a4a989b,36,8.9986,55.0,750000.0,158.199,750000.0,monitor_raw,monitor_controlled,ACQSTATE-02R-896f06c2a7c231ec,LAT-02R-517a9644e4f59287,UB-02R-c7cdba07fed2dfd7,7.333333333333333e-05,9.888264649460884e-06,Poisson_E_times_lambda,55.0,750000.0,normal_rate_diagnostic,discovery
SCAN-02R-4eb3495e2e32dd73,5,5,FILE-02R-4f42c03f9a4a989b,37,9.9984,46.0,750002.0,152.085,750002.0,monitor_raw,monitor_controlled,ACQSTATE-02R-896f06c2a7c231ec,LAT-02R-517a9644e4f59287,UB-02R-c7cdba07fed2dfd7,6.133316977821393e-05,9.04308252928028e-06,Poisson_E_times_lambda,46.0,750002.0,normal_rate_diagnostic,discovery
SCAN-02R-4eb3495e2e32dd73,6,6,FILE-02R-4f42c03f9a4a989b,38,10.9985,61.0,750001.0,143.015,750001.0,monitor_raw,monitor_controlled,ACQSTATE-02R-896f06c2a7c231ec,LAT-02R-517a9644e4f59287,UB-02R-c7cdba07fed2dfd7,8.133322488903348e-05,1.0413652349672406e-05,Poisson_E_times_lambda,61.0,750001.0,normal_rate_diagnostic,discovery
SCAN-02R-4eb3495e2e32dd73,7,7,FILE-02R-4f42c03f9a4a989b,39,11.9985,44.0,750004.0,133.728,750004.0,monitor_raw,monitor_controlled,ACQSTATE-02R-896f06c2a7c231ec,LAT-02R-517a9644e4f59287,UB-02R-c7cdba07fed2dfd7,5.866635377944651e-05,8.844285604757841e-06,Poisson_E_times_lambda,44.0,750004.0,normal_rate_diagnostic,discovery
SCAN-02R-4eb3495e2e32dd73,8,8,FILE-02R-4f42c03f9a4a989b,40,12.9986,61.0,750002.0,129.044,750002.0,monitor_raw,monitor_controlled,ACQSTATE-02R-896f06c2a7c231ec,LAT-02R-517a9644e4f59287,UB-02R-c7cdba07fed2dfd7,8.133311644502282e-05,1.0413638464839632e-05,Poisson_E_times_lambda,61.0,750002.0,normal_rate_diagnostic,discovery
SCAN-02R-4eb3495e2e32dd73,9,9,FILE-02R-4f42c03f9a4a989b,41,13.9984,41.0,750007.0,127.137,750007.0,monitor_raw,monitor_controlled,ACQSTATE-02R-896f06c2a7c231ec,LAT-02R-517a9644e4f59287,UB-02R-c7cdba07fed2dfd7,5.4666156449206476e-05,8.537419300663658e-06,Poisson_E_times_lambda,41.0,750007.0,normal_rate_diagnostic,discovery
SCAN-02R-4eb3495e2e32dd73,10,10,FILE-02R-4f42c03f9a4a989b,42,14.9987,48.0,750000.0,127.313,750000.0,monitor_raw,monitor_controlled,ACQSTATE-02R-896f06c2a7c231ec,LAT-02R-517a9644e4f59287,UB-02R-c7cdba07fed2dfd7,6.4e-05,9.237604307034013e-06,Poisson_E_times_lambda,48.0,750000.0,normal_rate_diagnostic,discovery
SCAN-02R-4eb3495e2e32dd73,11,11,FILE-02R-4f42c03f9a4a989b,43,15.9982,49.0,750007.0,127.227,750007.0,monitor_raw,monitor_controlled,ACQSTATE-02R-896f06c2a7c231ec,LAT-02R-517a9644e4f59287,UB-02R-c7cdba07fed2dfd7,6.533272356124676e-05,9.333246223035252e-06,Poisson_E_times_lambda,49.0,750007.0,normal_rate_diagnostic,discovery
SCAN-02R-4eb3495e2e32dd73,12,12,FILE-02R-4f42c03f9a4a989b,44,16.9987,49.0,750000.0,126.839,750000.0,monitor_raw,monitor_controlled,ACQSTATE-02R-896f06c2a7c231ec,LAT-02R-517a9644e4f59287,UB-02R-c7cdba07fed2dfd7,6.533333333333333e-05,9.333333333333333e-06,Poisson_E_times_lambda,49.0,750000.0,normal_rate_diagnostic,discovery
SCAN-02R-4eb3495e2e32dd73,13,13,FILE-02R-4f42c03f9a4a989b,45,17.9982,46.0,750005.0,129.923,750005.0,monitor_raw,monitor_controlled,ACQSTATE-02R-896f06c2a7c231ec,LAT-02R-517a9644e4f59287,UB-02R-c7cdba07fed2dfd7,6.133292444717035e-05,9.04304635719131e-06,Poisson_E_times_lambda,46.0,750005.0,normal_rate_diagnostic,discovery
SCAN-02R-4eb3495e2e32dd73,14,14,FILE-02R-4f42c03f9a4a989b,46,18.9988,51.0,750005.0,135.775,750005.0,monitor_raw,monitor_controlled,ACQSTATE-02R-896f06c2a7c231ec,LAT-02R-517a9644e4f59287,UB-02R-c7cdba07fed2dfd7,6.799954666968887e-05,9.521841092449851e-06,Poisson_E_times_lambda,51.0,750005.0,normal_rate_diagnostic,discovery
SCAN-02R-4eb3495e2e32dd73,15,15,FILE-02R-4f42c03f9a4a989b,47,19.9985,32.0,750006.0,138.259,750006.0,monitor_raw,monitor_controlled,ACQSTATE-02R-896f06c2a7c231ec,LAT-02R-517a9644e4f59287,UB-02R-c7cdba07fed2dfd7,4.266632533606398e-05,7.5424119933605605e-06,Poisson_E_times_lambda,32.0,750006.0,normal_rate_diagnostic,discovery
SCAN-02R-4eb3495e2e32dd73,16,16,FILE-02R-4f42c03f9a4a989b,48,20.9984,54.0,750009.0,136.409,750009.0,monitor_raw,monitor_controlled,ACQSTATE-02R-896f06c2a7c231ec,LAT-02R-517a9644e4f59287,UB-02R-c7cdba07fed2dfd7,7.199913601036787e-05,9.797841397035949e-06,Poisson_E_times_lambda,54.0,750009.0,normal_rate_diagnostic,discovery
SCAN-02R-4eb3495e2e32dd73,17,17,FILE-02R-4f42c03f9a4a989b,49,21.9981,51.0,750003.0,131.586,750003.0,monitor_raw,monitor_controlled,ACQSTATE-02R-896f06c2a7c231ec,LAT-02R-517a9644e4f59287,UB-02R-c7cdba07fed2dfd7,6.7999728001088e-05,9.521866483924532e-06,Poisson_E_times_lambda,51.0,750003.0,normal_rate_diagnostic,discovery
SCAN-02R-4eb3495e2e32dd73,18,18,FILE-02R-4f42c03f9a4a989b,50,22.9982,38.0,750008.0,127.583,750008.0,monitor_raw,monitor_controlled,ACQSTATE-02R-896f06c2a7c231ec,LAT-02R-517a9644e4f59287,UB-02R-c7cdba07fed2dfd7,5.0666126227986904e-05,8.219130999894636e-06,Poisson_E_times_lambda,38.0,750008.0,normal_rate_diagnostic,discovery
SCAN-02R-4eb3495e2e32dd73,19,19,FILE-02R-4f42c03f9a4a989b,51,23.9985,40.0,750005.0,125.924,750005.0,monitor_raw,monitor_controlled,ACQSTATE-02R-896f06c2a7c231ec,LAT-02R-517a9644e4f59287,UB-02R-c7cdba07fed2dfd7,5.333297778014813e-05,8.43268420922095e-06,Poisson_E_times_lambda,40.0,750005.0,normal_rate_diagnostic,discovery
SCAN-02R-4eb3495e2e32dd73,20,20,FILE-02R-4f42c03f9a4a989b,52,24.9983,42.0,750008.0,126.437,750008.0,monitor_raw,monitor_controlled,ACQSTATE-02R-896f06c2a7c231ec,LAT-02R-517a9644e4f59287,UB-02R-c7cdba07fed2dfd7,5.599940267303815e-05,8.640895428325912e-06,Poisson_E_times_lambda,42.0,750008.0,normal_rate_diagnostic,discovery
SCAN-02R-4eb3495e2e32dd73,21,21,FILE-02R-4f42c03f9a4a989b,53,25.9977,38.0,750002.0,129.658,750002.0,monitor_raw,monitor_controlled,ACQSTATE-02R-896f06c2a7c231ec,LAT-02R-517a9644e4f59287,UB-02R-c7cdba07fed2dfd7,5.066653155591585e-05,8.219196752767294e-06,Poisson_E_times_lambda,38.0,750002.0,normal_rate_diagnostic,discovery
SCAN-02R-4eb3495e2e32dd73,22,22,FILE-02R-4f42c03f9a4a989b,54,26.9983,41.0,750001.0,134.445,750001.0,monitor_raw,monitor_controlled,ACQSTATE-02R-896f06c2a7c231ec,LAT-02R-517a9644e4f59287,UB-02R-c7cdba07fed2dfd7,5.466659377787496e-05,8.537487599926998e-06,Poisson_E_times_lambda,41.0,750001.0,normal_rate_diagnostic,discovery
SCAN-02R-4eb3495e2e32dd73,23,23,FILE-02R-4f42c03f9a4a989b,55,27.9987,37.0,750001.0,138.272,750001.0,monitor_raw,monitor_controlled,ACQSTATE-02R-896f06c2a7c231ec,LAT-02R-517a9644e4f59287,UB-02R-c7cdba07fed2dfd7,4.933326755564326e-05,8.11033922661199e-06,Poisson_E_times_lambda,37.0,750001.0,normal_rate_diagnostic,discovery
SCAN-02R-4eb3495e2e32dd73,24,24,FILE-02R-4f42c03f9a4a989b,56,28.9982,37.0,750001.0,142.069,750001.0,monitor_raw,monitor_controlled,ACQSTATE-02R-896f06c2a7c231ec,LAT-02R-517a9644e4f59287,UB-02R-c7cdba07fed2dfd7,4.933326755564326e-05,8.11033922661199e-06,Poisson_E_times_lambda,37.0,750001.0,normal_rate_diagnostic,discovery
SCAN-02R-4eb3495e2e32dd73,25,25,FILE-02R-4f42c03f9a4a989b,57,29.9985,43.0,750005.0,143.487,750005.0,monitor_raw,monitor_controlled,ACQSTATE-02R-896f06c2a7c231ec,LAT-02R-517a9644e4f59287,UB-02R-c7cdba07fed2dfd7,5.7332951113659246e-05,8.743193077782148e-06,Poisson_E_times_lambda,43.0,750005.0,normal_rate_diagnostic,discovery
SCAN-02R-4eb3495e2e32dd73,26,26,FILE-02R-4f42c03f9a4a989b,58,30.9985,33.0,750002.0,146.173,750002.0,monitor_raw,monitor_controlled,ACQSTATE-02R-896f06c2a7c231ec,LAT-02R-517a9644e4f59287,UB-02R-c7cdba07fed2dfd7,4.3999882666979556e-05,7.65939643699354e-06,Poisson_E_times_lambda,33.0,750002.0,normal_rate_diagnostic,discovery
SCAN-02R-4eb3495e2e32dd73,27,27,FILE-02R-4f42c03f9a4a989b,59,31.9986,35.0,750003.0,148.051,750003.0,monitor_raw,monitor_controlled,ACQSTATE-02R-896f06c2a7c231ec,LAT-02R-517a9644e4f59287,UB-02R-c7cdba07fed2dfd7,4.6666480000746666e-05,7.888074825166855e-06,Poisson_E_times_lambda,35.0,750003.0,normal_rate_diagnostic,discovery
SCAN-02R-4eb3495e2e32dd73,28,28,FILE-02R-4f42c03f9a4a989b,60,32.9979,33.0,750001.0,149.816,750001.0,monitor_raw,monitor_controlled,ACQSTATE-02R-896f06c2a7c231ec,LAT-02R-517a9644e4f59287,UB-02R-c7cdba07fed2dfd7,4.399994133341155e-05,7.659406649508506e-06,Poisson_E_times_lambda,33.0,750001.0,normal_rate_diagnostic,discovery
SCAN-02R-4eb3495e2e32dd73,29,29,FILE-02R-4f42c03f9a4a989b,61,33.9982,50.0,750002.0,152.313,750002.0,monitor_raw,monitor_controlled,ACQSTATE-02R-896f06c2a7c231ec,LAT-02R-517a9644e4f59287,UB-02R-c7cdba07fed2dfd7,6.666648888936297e-05,9.428065274313236e-06,Poisson_E_times_lambda,50.0,750002.0,normal_rate_diagnostic,discovery
SCAN-02R-4eb3495e2e32dd73,30,30,FILE-02R-4f42c03f9a4a989b,62,34.9968,38.0,750005.0,155.599,750005.0,monitor_raw,monitor_controlled,ACQSTATE-02R-896f06c2a7c231ec,LAT-02R-517a9644e4f59287,UB-02R-c7cdba07fed2dfd7,5.066632889114073e-05,8.219163876199461e-06,Poisson_E_times_lambda,38.0,750005.0,normal_rate_diagnostic,discovery
SCAN-02R-4eb3495e2e32dd73,31,31,FILE-02R-4f42c03f9a4a989b,63,35.9979,30.0,750006.0,160.084,750006.0,monitor_raw,monitor_controlled,ACQSTATE-02R-896f06c2a7c231ec,LAT-02R-517a9644e4f59287,UB-02R-c7cdba07fed2dfd7,3.999968000255998e-05,7.302909010130134e-06,Poisson_E_times_lambda,30.0,750006.0,normal_rate_diagnostic,discovery
SCAN-02R-4eb3495e2e32dd73,32,32,FILE-02R-4f42c03f9a4a989b,64,36.998,32.0,750000.0,164.425,750000.0,monitor_raw,monitor_controlled,ACQSTATE-02R-896f06c2a7c231ec,LAT-02R-517a9644e4f59287,UB-02R-c7cdba07fed2dfd7,4.266666666666667e-05,7.5424723326565075e-06,Poisson_E_times_lambda,32.0,750000.0,normal_rate_diagnostic,discovery
SCAN-02R-4eb3495e2e32dd73,33,33,FILE-02R-4f42c03f9a4a989b,65,37.9984,44.0,750000.0,167.505,750000.0,monitor_raw,monitor_controlled,ACQSTATE-02R-896f06c2a7c231ec,LAT-02R-517a9644e4f59287,UB-02R-c7cdba07fed2dfd7,5.8666666666666665e-05,8.844332774281066e-06,Poisson_E_times_lambda,44.0,750000.0,normal_rate_diagnostic,discovery
SCAN-02R-4eb3495e2e32dd73,34,34,FILE-02R-4f42c03f9a4a989b,66,38.9979,49.0,750002.0,170.209,750002.0,monitor_raw,monitor_controlled,ACQSTATE-02R-896f06c2a7c231ec,LAT-02R-517a9644e4f59287,UB-02R-c7cdba07fed2dfd7,6.53331591115757e-05,9.333308444510815e-06,Poisson_E_times_lambda,49.0,750002.0,normal_rate_diagnostic,discovery
SCAN-02R-4eb3495e2e32dd73,35,35,FILE-02R-4f42c03f9a4a989b,67,39.9981,42.0,750004.0,173.068,750004.0,monitor_raw,monitor_controlled,ACQSTATE-02R-896f06c2a7c231ec,LAT-02R-517a9644e4f59287,UB-02R-c7cdba07fed2dfd7,5.5999701334926214e-05,8.640941512855745e-06,Poisson_E_times_lambda,42.0,750004.0,normal_rate_diagnostic,discovery
SCAN-02R-4eb3495e2e32dd73,36,36,FILE-02R-4f42c03f9a4a989b,68,40.998,62.0,750006.0,176.537,750006.0,monitor_raw,monitor_controlled,ACQSTATE-02R-896f06c2a7c231ec,LAT-02R-517a9644e4f59287,UB-02R-c7cdba07fed2dfd7,8.266600533862396e-05,1.0498593176603668e-05,Poisson_E_times_lambda,62.0,750006.0,normal_rate_diagnostic,discovery
SCAN-02R-4eb3495e2e32dd73,37,37,FILE-02R-4f42c03f9a4a989b,69,41.9984,71.0,750001.0,180.889,750001.0,monitor_raw,monitor_controlled,ACQSTATE-02R-896f06c2a7c231ec,LAT-02R-517a9644e4f59287,UB-02R-c7cdba07fed2dfd7,9.466654044461275e-05,1.12348513844333e-05,Poisson_E_times_lambda,71.0,750001.0,normal_rate_diagnostic,discovery
SCAN-02R-4eb3495e2e32dd73,38,38,FILE-02R-4f42c03f9a4a989b,70,42.9981,69.0,750000.0,186.218,750000.0,monitor_raw,monitor_controlled,ACQSTATE-02R-896f06c2a7c231ec,LAT-02R-517a9644e4f59287,UB-02R-c7cdba07fed2dfd7,9.2e-05,1.1075498483890767e-05,Poisson_E_times_lambda,69.0,750000.0,normal_rate_diagnostic,discovery
SCAN-02R-4eb3495e2e32dd73,39,39,FILE-02R-4f42c03f9a4a989b,71,43.998,78.0,750006.0,193.257,750006.0,monitor_raw,monitor_controlled,ACQSTATE-02R-896f06c2a7c231ec,LAT-02R-517a9644e4f59287,UB-02R-c7cdba07fed2dfd7,0.00010399916800665594,1.1775586950408193e-05,Poisson_E_times_lambda,78.0,750006.0,normal_rate_diagnostic,discovery
SCAN-02R-4eb3495e2e32dd73,40,40,FILE-02R-4f42c03f9a4a989b,72,44.9984,97.0,750000.0,200.608,750000.0,monitor_raw,monitor_controlled,ACQSTATE-02R-896f06c2a7c231ec,LAT-02R-517a9644e4f59287,UB-02R-c7cdba07fed2dfd7,0.00012933333333333332,1.3131810402394805e-05,Poisson_E_times_lambda,97.0,750000.0,normal_rate_diagnostic,discovery
SCAN-02R-4eb3495e2e32dd73,41,41,FILE-02R-4f42c03f9a4a989b,73,45.9981,79.0,750000.0,208.089,750000.0,monitor_raw,monitor_controlled,ACQSTATE-02R-896f06c2a7c231ec,LAT-02R-517a9644e4f59287,UB-02R-c7cdba07fed2dfd7,0.00010533333333333334,1.1850925889754118e-05,Poisson_E_times_lambda,79.0,750000.0,normal_rate_diagnostic,discovery
SCAN-02R-4eb3495e2e32dd73,42,42,FILE-02R-4f42c03f9a4a989b,74,46.9987,72.0,750001.0,216.03,750001.0,monitor_raw,monitor_controlled,ACQSTATE-02R-896f06c2a7c231ec,LAT-02R-517a9644e4f59287,UB-02R-c7cdba07fed2dfd7,9.599987200017067e-05,1.1313693414060207e-05,Poisson_E_times_lambda,72.0,750001.0,normal_rate_diagnostic,discovery
SCAN-02R-4eb3495e2e32dd73,43,43,FILE-02R-4f42c03f9a4a989b,75,47.9978,37.0,750001.0,222.502,750001.0,monitor_raw,monitor_controlled,ACQSTATE-02R-896f06c2a7c231ec,LAT-02R-517a9644e4f59287,UB-02R-c7cdba07fed2dfd7,4.933326755564326e-05,8.11033922661199e-06,Poisson_E_times_lambda,37.0,750001.0,normal_rate_diagnostic,discovery
SCAN-02R-4eb3495e2e32dd73,44,44,FILE-02R-4f42c03f9a4a989b,76,48.997,62.0,750003.0,228.364,750003.0,monitor_raw,monitor_controlled,ACQSTATE-02R-896f06c2a7c231ec,LAT-02R-517a9644e4f59287,UB-02R-c7cdba07fed2dfd7,8.266633600132266e-05,1.0498635170808399e-05,Poisson_E_times_lambda,62.0,750003.0,normal_rate_diagnostic,discovery
SCAN-02R-4eb3495e2e32dd73,45,45,FILE-02R-4f42c03f9a4a989b,77,49.9981,43.0,750001.0,232.11,750001.0,monitor_raw,monitor_controlled,ACQSTATE-02R-896f06c2a7c231ec,LAT-02R-517a9644e4f59287,UB-02R-c7cdba07fed2dfd7,5.7333256888990814e-05,8.743239708083057e-06,Poisson_E_times_lambda,43.0,750001.0,normal_rate_diagnostic,discovery
SCAN-02R-4eb3495e2e32dd73,46,46,FILE-02R-4f42c03f9a4a989b,78,50.996,37.0,750001.0,234.105,750001.0,monitor_raw,monitor_controlled,ACQSTATE-02R-896f06c2a7c231ec,LAT-02R-517a9644e4f59287,UB-02R-c7cdba07fed2dfd7,4.933326755564326e-05,8.11033922661199e-06,Poisson_E_times_lambda,37.0,750001.0,normal_rate_diagnostic,discovery
SCAN-02R-4eb3495e2e32dd73,47,47,FILE-02R-4f42c03f9a4a989b,79,51.997,44.0,750000.0,236.355,750000.0,monitor_raw,monitor_controlled,ACQSTATE-02R-896f06c2a7c231ec,LAT-02R-517a9644e4f59287,UB-02R-c7cdba07fed2dfd7,5.8666666666666665e-05,8.844332774281066e-06,Poisson_E_times_lambda,44.0,750000.0,normal_rate_diagnostic,discovery
SCAN-02R-4eb3495e2e32dd73,48,48,FILE-02R-4f42c03f9a4a989b,80,52.9973,39.0,750002.0,239.536,750002.0,monitor_raw,monitor_controlled,ACQSTATE-02R-896f06c2a7c231ec,LAT-02R-517a9644e4f59287,UB-02R-c7cdba07fed2dfd7,5.199986133370311e-05,8.326641793486416e-06,Poisson_E_times_lambda,39.0,750002.0,normal_rate_diagnostic,discovery
SCAN-02R-4eb3495e2e32dd73,49,49,FILE-02R-4f42c03f9a4a989b,81,53.9975,40.0,750003.0,242.842,750003.0,monitor_raw,monitor_controlled,ACQSTATE-02R-896f06c2a7c231ec,LAT-02R-517a9644e4f59287,UB-02R-c7cdba07fed2dfd7,5.333312000085333e-05,8.432706696288894e-06,Poisson_E_times_lambda,40.0,750003.0,normal_rate_diagnostic,discovery
SCAN-02R-4eb3495e2e32dd73,50,50,FILE-02R-4f42c03f9a4a989b,82,54.9966,52.0,750003.0,246.339,750003.0,monitor_raw,monitor_controlled,ACQSTATE-02R-896f06c2a7c231ec,LAT-02R-517a9644e4f59287,UB-02R-c7cdba07fed2dfd7,6.933305600110933e-05,9.614764942177535e-06,Poisson_E_times_lambda,52.0,750003.0,normal_rate_diagnostic,discovery
SCAN-02R-4f5e09d1864ac832,0,0,FILE-02R-bede7d78a8ceca86,32,-0.0009,41899.0,750000.0,194.243,750000.0,monitor_raw,monitor_controlled,ACQSTATE-02R-896f06c2a7c231ec,LAT-02R-517a9644e4f59287,UB-02R-c7cdba07fed2dfd7,0.055865333333333336,0.0002729232696402253,Poisson_E_times_lambda,41899.0,750000.0,normal_rate_diagnostic,discovery
SCAN-02R-4f5e09d1864ac832,1,1,FILE-02R-bede7d78a8ceca86,33,0.9986,57.0,750004.0,204.094,750004.0,monitor_raw,monitor_controlled,ACQSTATE-02R-896f06c2a7c231ec,LAT-02R-517a9644e4f59287,UB-02R-c7cdba07fed2dfd7,7.599959466882844e-05,1.0066392226269126e-05,Poisson_E_times_lambda,57.0,750004.0,normal_rate_diagnostic,discovery
SCAN-02R-4f5e09d1864ac832,2,2,FILE-02R-bede7d78a8ceca86,34,1.9986,34.0,750000.0,178.48,750000.0,monitor_raw,monitor_controlled,ACQSTATE-02R-896f06c2a7c231ec,LAT-02R-517a9644e4f59287,UB-02R-c7cdba07fed2dfd7,4.5333333333333335e-05,7.774602526460401e-06,Poisson_E_times_lambda,34.0,750000.0,normal_rate_diagnostic,discovery
SCAN-02R-4f5e09d1864ac832,3,3,FILE-02R-bede7d78a8ceca86,35,2.9987,29.0,750001.0,172.484,750001.0,monitor_raw,monitor_controlled,ACQSTATE-02R-896f06c2a7c231ec,LAT-02R-517a9644e4f59287,UB-02R-c7cdba07fed2dfd7,3.866661511117985e-05,7.180210169232446e-06,Poisson_E_times_lambda,29.0,750001.0,normal_rate_diagnostic,discovery
SCAN-02R-4f5e09d1864ac832,4,4,FILE-02R-bede7d78a8ceca86,36,3.9986,39.0,750004.0,166.945,750004.0,monitor_raw,monitor_controlled,ACQSTATE-02R-896f06c2a7c231ec,LAT-02R-517a9644e4f59287,UB-02R-c7cdba07fed2dfd7,5.199972266814577e-05,8.326619589226723e-06,Poisson_E_times_lambda,39.0,750004.0,normal_rate_diagnostic,discovery
SCAN-02R-4f5e09d1864ac832,5,5,FILE-02R-bede7d78a8ceca86,37,4.9987,49.0,750000.0,168.77,750000.0,monitor_raw,monitor_controlled,ACQSTATE-02R-896f06c2a7c231ec,LAT-02R-517a9644e4f59287,UB-02R-c7cdba07fed2dfd7,6.533333333333333e-05,9.333333333333333e-06,Poisson_E_times_lambda,49.0,750000.0,normal_rate_diagnostic,discovery
SCAN-02R-4f5e09d1864ac832,6,6,FILE-02R-bede7d78a8ceca86,38,5.9986,38.0,750002.0,155.827,750002.0,monitor_raw,monitor_controlled,ACQSTATE-02R-896f06c2a7c231ec,LAT-02R-517a9644e4f59287,UB-02R-c7cdba07fed2dfd7,5.066653155591585e-05,8.219196752767294e-06,Poisson_E_times_lambda,38.0,750002.0,normal_rate_diagnostic,discovery
SCAN-02R-4f5e09d1864ac832,7,7,FILE-02R-bede7d78a8ceca86,39,6.9985,33.0,750009.0,144.111,750009.0,monitor_raw,monitor_controlled,ACQSTATE-02R-896f06c2a7c231ec,LAT-02R-517a9644e4f59287,UB-02R-c7cdba07fed2dfd7,4.399947200633592e-05,7.659324950151303e-06,Poisson_E_times_lambda,33.0,750009.0,normal_rate_diagnostic,discovery
SCAN-02R-4f5e09d1864ac832,8,8,FILE-02R-bede7d78a8ceca86,40,7.9984,46.0,750001.0,148.702,750001.0,monitor_raw,monitor_controlled,ACQSTATE-02R-896f06c2a7c231ec,LAT-02R-517a9644e4f59287,UB-02R-c7cdba07fed2dfd7,6.13332515556646e-05,9.043094586707574e-06,Poisson_E_times_lambda,46.0,750001.0,normal_rate_diagnostic,discovery
SCAN-02R-4f5e09d1864ac832,9,9,FILE-02R-bede7d78a8ceca86,41,8.9985,42.0,750003.0,158.136,750003.0,monitor_raw,monitor_controlled,ACQSTATE-02R-896f06c2a7c231ec,LAT-02R-517a9644e4f59287,UB-02R-c7cdba07fed2dfd7,5.5999776000896e-05,8.640953034065011e-06,Poisson_E_times_lambda,42.0,750003.0,normal_rate_diagnostic,discovery
SCAN-02R-4f5e09d1864ac832,10,10,FILE-02R-bede7d78a8ceca86,42,9.9986,41.0,750002.0,152.066,750002.0,monitor_raw,monitor_controlled,ACQSTATE-02R-896f06c2a7c231ec,LAT-02R-517a9644e4f59287,UB-02R-c7cdba07fed2dfd7,5.466652088927763e-05,8.537476216640554e-06,Poisson_E_times_lambda,41.0,750002.0,normal_rate_diagnostic,discovery
SCAN-02R-4f5e09d1864ac832,11,11,FILE-02R-bede7d78a8ceca86,43,10.9984,40.0,750001.0,142.831,750001.0,monitor_raw,monitor_controlled,ACQSTATE-02R-896f06c2a7c231ec,LAT-02R-517a9644e4f59287,UB-02R-c7cdba07fed2dfd7,5.3333262222317034e-05,8.432729183476768e-06,Poisson_E_times_lambda,40.0,750001.0,normal_rate_diagnostic,discovery
SCAN-02R-4f5e09d1864ac832,12,12,FILE-02R-bede7d78a8ceca86,44,11.9984,38.0,750000.0,133.886,750000.0,monitor_raw,monitor_controlled,ACQSTATE-02R-896f06c2a7c231ec,LAT-02R-517a9644e4f59287,UB-02R-c7cdba07fed2dfd7,5.066666666666667e-05,8.219218670625302e-06,Poisson_E_times_lambda,38.0,750000.0,normal_rate_diagnostic,discovery
SCAN-02R-4f5e09d1864ac832,13,13,FILE-02R-bede7d78a8ceca86,45,12.9985,39.0,750005.0,129.563,750005.0,monitor_raw,monitor_controlled,ACQSTATE-02R-896f06c2a7c231ec,LAT-02R-517a9644e4f59287,UB-02R-c7cdba07fed2dfd7,5.199965333564443e-05,8.326608487141283e-06,Poisson_E_times_lambda,39.0,750005.0,normal_rate_diagnostic,discovery
SCAN-02R-4f5e09d1864ac832,14,14,FILE-02R-bede7d78a8ceca86,46,13.9982,25.0,750005.0,126.855,750005.0,monitor_raw,monitor_controlled,ACQSTATE-02R-896f06c2a7c231ec,LAT-02R-517a9644e4f59287,UB-02R-c7cdba07fed2dfd7,3.3333111112592584e-05,6.6666222225185165e-06,Poisson_E_times_lambda,25.0,750005.0,normal_rate_diagnostic,discovery
SCAN-02R-4f5e09d1864ac832,15,15,FILE-02R-bede7d78a8ceca86,47,14.9985,23.0,750002.0,126.941,750002.0,monitor_raw,monitor_controlled,ACQSTATE-02R-896f06c2a7c231ec,LAT-02R-517a9644e4f59287,UB-02R-c7cdba07fed2dfd7,3.066658488910696e-05,6.394424979283681e-06,Poisson_E_times_lambda,23.0,750002.0,normal_rate_diagnostic,discovery
SCAN-02R-4f5e09d1864ac832,16,16,FILE-02R-bede7d78a8ceca86,48,15.9984,33.0,750001.0,126.983,750001.0,monitor_raw,monitor_controlled,ACQSTATE-02R-896f06c2a7c231ec,LAT-02R-517a9644e4f59287,UB-02R-c7cdba07fed2dfd7,4.399994133341155e-05,7.659406649508506e-06,Poisson_E_times_lambda,33.0,750001.0,normal_rate_diagnostic,discovery
SCAN-02R-4f5e09d1864ac832,17,17,FILE-02R-bede7d78a8ceca86,49,16.9983,35.0,750001.0,127.38,750001.0,monitor_raw,monitor_controlled,ACQSTATE-02R-896f06c2a7c231ec,LAT-02R-517a9644e4f59287,UB-02R-c7cdba07fed2dfd7,4.6666604444527406e-05,7.888095860005007e-06,Poisson_E_times_lambda,35.0,750001.0,normal_rate_diagnostic,discovery
SCAN-02R-4f5e09d1864ac832,18,18,FILE-02R-bede7d78a8ceca86,50,17.9985,25.0,750005.0,130.109,750005.0,monitor_raw,monitor_controlled,ACQSTATE-02R-896f06c2a7c231ec,LAT-02R-517a9644e4f59287,UB-02R-c7cdba07fed2dfd7,3.3333111112592584e-05,6.6666222225185165e-06,Poisson_E_times_lambda,25.0,750005.0,normal_rate_diagnostic,discovery
SCAN-02R-4f5e09d1864ac832,19,19,FILE-02R-bede7d78a8ceca86,51,18.9987,27.0,750001.0,135.648,750001.0,monitor_raw,monitor_controlled,ACQSTATE-02R-896f06c2a7c231ec,LAT-02R-517a9644e4f59287,UB-02R-c7cdba07fed2dfd7,3.5999952000064e-05,6.928193992683519e-06,Poisson_E_times_lambda,27.0,750001.0,normal_rate_diagnostic,discovery
SCAN-02R-4fb9fc6716a3e65a,0,0,FILE-02R-97f6d9fb82b77f9b,32,-2.0042,3.0,3681.0,1.0,1.0,time_raw,time_controlled,ACQSTATE-02R-4c4e33f0acec143e,LAT-02R-ae4c74e47a033f66,UB-02R-397acad65dd9e384,3.0,1.7320508075688772,Poisson_E_times_lambda,3.0,1.0,normal_rate_diagnostic,discovery
SCAN-02R-4fb9fc6716a3e65a,1,1,FILE-02R-97f6d9fb82b77f9b,33,-1.7542,4.0,3767.0,1.0,1.0,time_raw,time_controlled,ACQSTATE-02R-4c4e33f0acec143e,LAT-02R-ae4c74e47a033f66,UB-02R-397acad65dd9e384,4.0,2.0,Poisson_E_times_lambda,4.0,1.0,normal_rate_diagnostic,discovery
SCAN-02R-4fb9fc6716a3e65a,2,2,FILE-02R-97f6d9fb82b77f9b,34,-1.5041,2.0,3771.0,1.001,1.001,time_raw,time_controlled,ACQSTATE-02R-4c4e33f0acec143e,LAT-02R-ae4c74e47a033f66,UB-02R-397acad65dd9e384,1.9980019980019983,1.4128007616114837,Poisson_E_times_lambda,2.0,1.001,normal_rate_diagnostic,discovery
SCAN-02R-4fb9fc6716a3e65a,3,3,FILE-02R-97f6d9fb82b77f9b,35,-1.2542,8.0,3758.0,1.001,1.001,time_raw,time_controlled,ACQSTATE-02R-4c4e33f0acec143e,LAT-02R-ae4c74e47a033f66,UB-02R-397acad65dd9e384,7.992007992007993,2.8256015232229674,Poisson_E_times_lambda,8.0,1.001,normal_rate_diagnostic,discovery
SCAN-02R-4fb9fc6716a3e65a,4,4,FILE-02R-97f6d9fb82b77f9b,36,-1.004,21.0,3887.0,1.0,1.0,time_raw,time_controlled,ACQSTATE-02R-4c4e33f0acec143e,LAT-02R-ae4c74e47a033f66,UB-02R-397acad65dd9e384,21.0,4.58257569495584,Poisson_E_times_lambda,21.0,1.0,normal_rate_diagnostic,discovery
SCAN-02R-4fb9fc6716a3e65a,5,5,FILE-02R-97f6d9fb82b77f9b,37,-0.7541,47.0,3814.0,1.001,1.001,time_raw,time_controlled,ACQSTATE-02R-4c4e33f0acec143e,LAT-02R-ae4c74e47a033f66,UB-02R-397acad65dd9e384,46.95304695304696,6.848805794606438,Poisson_E_times_lambda,47.0,1.001,normal_rate_diagnostic,discovery
SCAN-02R-4fb9fc6716a3e65a,6,6,FILE-02R-97f6d9fb82b77f9b,38,-0.5041,117.0,3612.0,1.001,1.001,time_raw,time_controlled,ACQSTATE-02R-4c4e33f0acec143e,LAT-02R-ae4c74e47a033f66,UB-02R-397acad65dd9e384,116.8831168831169,10.805847978413556,Poisson_E_times_lambda,117.0,1.001,normal_rate_diagnostic,discovery
SCAN-02R-4fb9fc6716a3e65a,7,7,FILE-02R-97f6d9fb82b77f9b,39,-0.2543,212.0,3623.0,1.001,1.001,time_raw,time_controlled,ACQSTATE-02R-4c4e33f0acec143e,LAT-02R-ae4c74e47a033f66,UB-02R-397acad65dd9e384,211.7882117882118,14.54567410445658,Poisson_E_times_lambda,212.0,1.001,normal_rate_diagnostic,discovery
SCAN-02R-4fb9fc6716a3e65a,8,8,FILE-02R-97f6d9fb82b77f9b,40,-0.0041,268.0,3628.0,1.001,1.001,time_raw,time_controlled,ACQSTATE-02R-4c4e33f0acec143e,LAT-02R-ae4c74e47a033f66,UB-02R-397acad65dd9e384,267.73226773226776,16.35435119255235,Poisson_E_times_lambda,268.0,1.001,normal_rate_diagnostic,discovery
SCAN-02R-4fb9fc6716a3e65a,9,9,FILE-02R-97f6d9fb82b77f9b,41,0.2458,207.0,3700.0,1.001,1.001,time_raw,time_controlled,ACQSTATE-02R-4c4e33f0acec143e,LAT-02R-ae4c74e47a033f66,UB-02R-397acad65dd9e384,206.79320679320682,14.373121448489671,Poisson_E_times_lambda,207.0,1.001,normal_rate_diagnostic,discovery
SCAN-02R-4fb9fc6716a3e65a,10,10,FILE-02R-97f6d9fb82b77f9b,42,0.4958,90.0,3670.0,1.0,1.0,time_raw,time_controlled,ACQSTATE-02R-4c4e33f0acec143e,LAT-02R-ae4c74e47a033f66,UB-02R-397acad65dd9e384,90.0,9.486832980505138,Poisson_E_times_lambda,90.0,1.0,normal_rate_diagnostic,discovery
SCAN-02R-4fb9fc6716a3e65a,11,11,FILE-02R-97f6d9fb82b77f9b,43,0.7458,31.0,3568.0,1.001,1.001,time_raw,time_controlled,ACQSTATE-02R-4c4e33f0acec143e,LAT-02R-ae4c74e47a033f66,UB-02R-397acad65dd9e384,30.96903096903097,5.562202160669353,Poisson_E_times_lambda,31.0,1.001,normal_rate_diagnostic,discovery
SCAN-02R-4fb9fc6716a3e65a,12,12,FILE-02R-97f6d9fb82b77f9b,44,0.9959,12.0,3692.0,1.001,1.001,time_raw,time_controlled,ACQSTATE-02R-4c4e33f0acec143e,LAT-02R-ae4c74e47a033f66,UB-02R-397acad65dd9e384,11.988011988011989,3.4606409741635913,Poisson_E_times_lambda,12.0,1.001,normal_rate_diagnostic,discovery
SCAN-02R-4fb9fc6716a3e65a,13,13,FILE-02R-97f6d9fb82b77f9b,45,1.2456,5.0,3921.0,1.0,1.0,time_raw,time_controlled,ACQSTATE-02R-4c4e33f0acec143e,LAT-02R-ae4c74e47a033f66,UB-02R-397acad65dd9e384,5.0,2.23606797749979,Poisson_E_times_lambda,5.0,1.0,normal_rate_diagnostic,discovery
SCAN-02R-4fb9fc6716a3e65a,14,14,FILE-02R-97f6d9fb82b77f9b,46,1.4956,6.0,3979.0,1.001,1.001,time_raw,time_controlled,ACQSTATE-02R-4c4e33f0acec143e,LAT-02R-ae4c74e47a033f66,UB-02R-397acad65dd9e384,5.994005994005994,2.447042700083095,Poisson_E_times_lambda,6.0,1.001,normal_rate_diagnostic,discovery
SCAN-02R-4fb9fc6716a3e65a,15,15,FILE-02R-97f6d9fb82b77f9b,47,1.7457,2.0,4055.0,1.0,1.0,time_raw,time_controlled,ACQSTATE-02R-4c4e33f0acec143e,LAT-02R-ae4c74e47a033f66,UB-02R-397acad65dd9e384,2.0,1.4142135623730951,Poisson_E_times_lambda,2.0,1.0,normal_rate_diagnostic,discovery
SCAN-02R-4fb9fc6716a3e65a,16,16,FILE-02R-97f6d9fb82b77f9b,48,1.9958,7.0,4114.0,1.001,1.001,time_raw,time_controlled,ACQSTATE-02R-4c4e33f0acec143e,LAT-02R-ae4c74e47a033f66,UB-02R-397acad65dd9e384,6.993006993006993,2.6431082028617294,Poisson_E_times_lambda,7.0,1.001,normal_rate_diagnostic,discovery
SCAN-02R-51f6ed2eb7632349,0,0,FILE-02R-7becabec9104d679,32,9.9982,46.0,750003.0,150.428,750003.0,monitor_raw,monitor_controlled,ACQSTATE-02R-896f06c2a7c231ec,LAT-02R-517a9644e4f59287,UB-02R-c7cdba07fed2dfd7,6.133308800098133e-05,9.043070471885136e-06,Poisson_E_times_lambda,46.0,750003.0,normal_rate_diagnostic,discovery
SCAN-02R-51f6ed2eb7632349,1,1,FILE-02R-7becabec9104d679,33,10.9984,34.0,750012.0,141.629,750012.0,monitor_raw,monitor_controlled,ACQSTATE-02R-896f06c2a7c231ec,LAT-02R-517a9644e4f59287,UB-02R-c7cdba07fed2dfd7,4.5332608011605146e-05,7.774478134810243e-06,Poisson_E_times_lambda,34.0,750012.0,normal_rate_diagnostic,discovery
SCAN-02R-51f6ed2eb7632349,2,2,FILE-02R-7becabec9104d679,34,11.9981,36.0,750003.0,132.31,750003.0,monitor_raw,monitor_controlled,ACQSTATE-02R-896f06c2a7c231ec,LAT-02R-517a9644e4f59287,UB-02R-c7cdba07fed2dfd7,4.7999808000768e-05,7.999968000127999e-06,Poisson_E_times_lambda,36.0,750003.0,normal_rate_diagnostic,discovery
SCAN-02R-51f6ed2eb7632349,3,3,FILE-02R-7becabec9104d679,35,12.9987,49.0,750007.0,128.215,750007.0,monitor_raw,monitor_controlled,ACQSTATE-02R-896f06c2a7c231ec,LAT-02R-517a9644e4f59287,UB-02R-c7cdba07fed2dfd7,6.533272356124676e-05,9.333246223035252e-06,Poisson_E_times_lambda,49.0,750007.0,normal_rate_diagnostic,discovery
SCAN-02R-51f6ed2eb7632349,4,4,FILE-02R-7becabec9104d679,36,13.9978,37.0,750001.0,125.826,750001.0,monitor_raw,monitor_controlled,ACQSTATE-02R-896f06c2a7c231ec,LAT-02R-517a9644e4f59287,UB-02R-c7cdba07fed2dfd7,4.933326755564326e-05,8.11033922661199e-06,Poisson_E_times_lambda,37.0,750001.0,normal_rate_diagnostic,discovery
SCAN-02R-51f6ed2eb7632349,5,5,FILE-02R-7becabec9104d679,37,14.9987,37.0,750001.0,125.711,750001.0,monitor_raw,monitor_controlled,ACQSTATE-02R-896f06c2a7c231ec,LAT-02R-517a9644e4f59287,UB-02R-c7cdba07fed2dfd7,4.933326755564326e-05,8.11033922661199e-06,Poisson_E_times_lambda,37.0,750001.0,normal_rate_diagnostic,discovery
SCAN-02R-51f6ed2eb7632349,6,6,FILE-02R-7becabec9104d679,38,15.9985,44.0,750003.0,126.05,750003.0,monitor_raw,monitor_controlled,ACQSTATE-02R-896f06c2a7c231ec,LAT-02R-517a9644e4f59287,UB-02R-c7cdba07fed2dfd7,5.866643200093866e-05,8.844297397091478e-06,Poisson_E_times_lambda,44.0,750003.0,normal_rate_diagnostic,discovery
SCAN-02R-51f6ed2eb7632349,7,7,FILE-02R-7becabec9104d679,39,16.9984,50.0,750006.0,125.545,750006.0,monitor_raw,monitor_controlled,ACQSTATE-02R-896f06c2a7c231ec,LAT-02R-517a9644e4f59287,UB-02R-c7cdba07fed2dfd7,6.666613333759997e-05,9.4280149917007e-06,Poisson_E_times_lambda,50.0,750006.0,normal_rate_diagnostic,discovery
SCAN-02R-51f6ed2eb7632349,8,8,FILE-02R-7becabec9104d679,40,17.9981,47.0,750003.0,128.635,750003.0,monitor_raw,monitor_controlled,ACQSTATE-02R-896f06c2a7c231ec,LAT-02R-517a9644e4f59287,UB-02R-c7cdba07fed2dfd7,6.266641600100266e-05,9.140836237189777e-06,Poisson_E_times_lambda,47.0,750003.0,normal_rate_diagnostic,discovery
SCAN-02R-51f6ed2eb7632349,9,9,FILE-02R-7becabec9104d679,41,18.9989,44.0,750003.0,134.66,750003.0,monitor_raw,monitor_controlled,ACQSTATE-02R-896f06c2a7c231ec,LAT-02R-517a9644e4f59287,UB-02R-c7cdba07fed2dfd7,5.866643200093866e-05,8.844297397091478e-06,Poisson_E_times_lambda,44.0,750003.0,normal_rate_diagnostic,discovery
SCAN-02R-51f6ed2eb7632349,10,10,FILE-02R-7becabec9104d679,42,19.9984,49.0,750003.0,137.128,750003.0,monitor_raw,monitor_controlled,ACQSTATE-02R-896f06c2a7c231ec,LAT-02R-517a9644e4f59287,UB-02R-c7cdba07fed2dfd7,6.533307200104532e-05,9.333296000149334e-06,Poisson_E_times_lambda,49.0,750003.0,normal_rate_diagnostic,discovery
SCAN-02R-51f6ed2eb7632349,11,11,FILE-02R-7becabec9104d679,43,20.9984,51.0,750003.0,135.162,750003.0,monitor_raw,monitor_controlled,ACQSTATE-02R-896f06c2a7c231ec,LAT-02R-517a9644e4f59287,UB-02R-c7cdba07fed2dfd7,6.7999728001088e-05,9.521866483924532e-06,Poisson_E_times_lambda,51.0,750003.0,normal_rate_diagnostic,discovery
SCAN-02R-51f6ed2eb7632349,12,12,FILE-02R-7becabec9104d679,44,21.9984,55.0,750006.0,130.671,750006.0,monitor_raw,monitor_controlled,ACQSTATE-02R-896f06c2a7c231ec,LAT-02R-517a9644e4f59287,UB-02R-c7cdba07fed2dfd7,7.333274667135996e-05,9.888185543976533e-06,Poisson_E_times_lambda,55.0,750006.0,normal_rate_diagnostic,discovery
SCAN-02R-51f6ed2eb7632349,13,13,FILE-02R-7becabec9104d679,45,22.9985,37.0,750000.0,126.43,750000.0,monitor_raw,monitor_controlled,ACQSTATE-02R-896f06c2a7c231ec,LAT-02R-517a9644e4f59287,UB-02R-c7cdba07fed2dfd7,4.933333333333333e-05,8.110350040397626e-06,Poisson_E_times_lambda,37.0,750000.0,normal_rate_diagnostic,discovery
SCAN-02R-51f6ed2eb7632349,14,14,FILE-02R-7becabec9104d679,46,23.9987,52.0,750007.0,124.81,750007.0,monitor_raw,monitor_controlled,ACQSTATE-02R-896f06c2a7c231ec,LAT-02R-517a9644e4f59287,UB-02R-c7cdba07fed2dfd7,6.933268622826187e-05,9.614713663909774e-06,Poisson_E_times_lambda,52.0,750007.0,normal_rate_diagnostic,discovery
SCAN-02R-51f6ed2eb7632349,15,15,FILE-02R-7becabec9104d679,47,24.9985,53.0,750000.0,125.517,750000.0,monitor_raw,monitor_controlled,ACQSTATE-02R-896f06c2a7c231ec,LAT-02R-517a9644e4f59287,UB-02R-c7cdba07fed2dfd7,7.066666666666667e-05,9.706813185707358e-06,Poisson_E_times_lambda,53.0,750000.0,normal_rate_diagnostic,discovery
SCAN-02R-51f6ed2eb7632349,16,16,FILE-02R-7becabec9104d679,48,25.9985,51.0,750002.0,128.795,750002.0,monitor_raw,monitor_controlled,ACQSTATE-02R-896f06c2a7c231ec,LAT-02R-517a9644e4f59287,UB-02R-c7cdba07fed2dfd7,6.799981866715022e-05,9.521879179712655e-06,Poisson_E_times_lambda,51.0,750002.0,normal_rate_diagnostic,discovery
SCAN-02R-51f6ed2eb7632349,17,17,FILE-02R-7becabec9104d679,49,26.9982,29.0,750005.0,133.209,750005.0,monitor_raw,monitor_controlled,ACQSTATE-02R-896f06c2a7c231ec,LAT-02R-517a9644e4f59287,UB-02R-c7cdba07fed2dfd7,3.866640889060739e-05,7.180171875033504e-06,Poisson_E_times_lambda,29.0,750005.0,normal_rate_diagnostic,discovery
SCAN-02R-51f6ed2eb7632349,18,18,FILE-02R-7becabec9104d679,50,27.998,42.0,750007.0,137.528,750007.0,monitor_raw,monitor_controlled,ACQSTATE-02R-896f06c2a7c231ec,LAT-02R-517a9644e4f59287,UB-02R-c7cdba07fed2dfd7,5.599947733821151e-05,8.640906949412287e-06,Poisson_E_times_lambda,42.0,750007.0,normal_rate_diagnostic,discovery
SCAN-02R-51f6ed2eb7632349,19,19,FILE-02R-7becabec9104d679,51,28.9982,32.0,750004.0,138.848,750004.0,monitor_raw,monitor_controlled,ACQSTATE-02R-896f06c2a7c231ec,LAT-02R-517a9644e4f59287,UB-02R-c7cdba07fed2dfd7,4.2666439112324736e-05,7.54243210635194e-06,Poisson_E_times_lambda,32.0,750004.0,normal_rate_diagnostic,discovery
SCAN-02R-51f6ed2eb7632349,20,20,FILE-02R-7becabec9104d679,52,29.9986,36.0,750005.0,142.409,750005.0,monitor_raw,monitor_controlled,ACQSTATE-02R-896f06c2a7c231ec,LAT-02R-517a9644e4f59287,UB-02R-c7cdba07fed2dfd7,4.7999680002133316e-05,7.99994666702222e-06,Poisson_E_times_lambda,36.0,750005.0,normal_rate_diagnostic,discovery
SCAN-02R-51f6ed2eb7632349,21,21,FILE-02R-7becabec9104d679,53,30.9985,31.0,750006.0,145.072,750006.0,monitor_raw,monitor_controlled,ACQSTATE-02R-896f06c2a7c231ec,LAT-02R-517a9644e4f59287,UB-02R-c7cdba07fed2dfd7,4.133300266931198e-05,7.423626428095271e-06,Poisson_E_times_lambda,31.0,750006.0,normal_rate_diagnostic,discovery
SCAN-02R-51f6ed2eb7632349,22,22,FILE-02R-7becabec9104d679,54,31.9978,34.0,750000.0,146.536,750000.0,monitor_raw,monitor_controlled,ACQSTATE-02R-896f06c2a7c231ec,LAT-02R-517a9644e4f59287,UB-02R-c7cdba07fed2dfd7,4.5333333333333335e-05,7.774602526460401e-06,Poisson_E_times_lambda,34.0,750000.0,normal_rate_diagnostic,discovery
SCAN-02R-51f6ed2eb7632349,23,23,FILE-02R-7becabec9104d679,55,32.998,41.0,750002.0,148.774,750002.0,monitor_raw,monitor_controlled,ACQSTATE-02R-896f06c2a7c231ec,LAT-02R-517a9644e4f59287,UB-02R-c7cdba07fed2dfd7,5.466652088927763e-05,8.537476216640554e-06,Poisson_E_times_lambda,41.0,750002.0,normal_rate_diagnostic,discovery
SCAN-02R-51f6ed2eb7632349,24,24,FILE-02R-7becabec9104d679,56,33.9983,34.0,750001.0,151.731,750001.0,monitor_raw,monitor_controlled,ACQSTATE-02R-896f06c2a7c231ec,LAT-02R-517a9644e4f59287,UB-02R-c7cdba07fed2dfd7,4.533327288896948e-05,7.774592160337521e-06,Poisson_E_times_lambda,34.0,750001.0,normal_rate_diagnostic,discovery
SCAN-02R-51f6ed2eb7632349,25,25,FILE-02R-7becabec9104d679,57,34.998,42.0,750002.0,154.957,750002.0,monitor_raw,monitor_controlled,ACQSTATE-02R-896f06c2a7c231ec,LAT-02R-517a9644e4f59287,UB-02R-c7cdba07fed2dfd7,5.599985066706489e-05,8.640964555304999e-06,Poisson_E_times_lambda,42.0,750002.0,normal_rate_diagnostic,discovery
SCAN-02R-51f6ed2eb7632349,26,26,FILE-02R-7becabec9104d679,58,35.9979,31.0,750000.0,158.715,750000.0,monitor_raw,monitor_controlled,ACQSTATE-02R-896f06c2a7c231ec,LAT-02R-517a9644e4f59287,UB-02R-c7cdba07fed2dfd7,4.133333333333333e-05,7.423685817106695e-06,Poisson_E_times_lambda,31.0,750000.0,normal_rate_diagnostic,discovery
SCAN-02R-51f6ed2eb7632349,27,27,FILE-02R-7becabec9104d679,59,36.9969,36.0,750004.0,162.983,750004.0,monitor_raw,monitor_controlled,ACQSTATE-02R-896f06c2a7c231ec,LAT-02R-517a9644e4f59287,UB-02R-c7cdba07fed2dfd7,4.799974400136532e-05,7.999957333560887e-06,Poisson_E_times_lambda,36.0,750004.0,normal_rate_diagnostic,discovery
SCAN-02R-51f6ed2eb7632349,28,28,FILE-02R-7becabec9104d679,60,37.9985,34.0,750001.0,166.158,750001.0,monitor_raw,monitor_controlled,ACQSTATE-02R-896f06c2a7c231ec,LAT-02R-517a9644e4f59287,UB-02R-c7cdba07fed2dfd7,4.533327288896948e-05,7.774592160337521e-06,Poisson_E_times_lambda,34.0,750001.0,normal_rate_diagnostic,discovery
SCAN-02R-51f6ed2eb7632349,29,29,FILE-02R-7becabec9104d679,61,38.998,33.0,750001.0,169.399,750001.0,monitor_raw,monitor_controlled,ACQSTATE-02R-896f06c2a7c231ec,LAT-02R-517a9644e4f59287,UB-02R-c7cdba07fed2dfd7,4.399994133341155e-05,7.659406649508506e-06,Poisson_E_times_lambda,33.0,750001.0,normal_rate_diagnostic,discovery
SCAN-02R-51f6ed2eb7632349,30,30,FILE-02R-7becabec9104d679,62,39.9984,36.0,750012.0,171.685,750012.0,monitor_raw,monitor_controlled,ACQSTATE-02R-896f06c2a7c231ec,LAT-02R-517a9644e4f59287,UB-02R-c7cdba07fed2dfd7,4.7999232012287806e-05,7.999872002047968e-06,Poisson_E_times_lambda,36.0,750012.0,normal_rate_diagnostic,discovery
SCAN-02R-51f6ed2eb7632349,31,31,FILE-02R-7becabec9104d679,63,40.9982,38.0,750002.0,175.665,750002.0,monitor_raw,monitor_controlled,ACQSTATE-02R-896f06c2a7c231ec,LAT-02R-517a9644e4f59287,UB-02R-c7cdba07fed2dfd7,5.066653155591585e-05,8.219196752767294e-06,Poisson_E_times_lambda,38.0,750002.0,normal_rate_diagnostic,discovery
SCAN-02R-51f6ed2eb7632349,32,32,FILE-02R-7becabec9104d679,64,41.9985,55.0,750003.0,179.954,750003.0,monitor_raw,monitor_controlled,ACQSTATE-02R-896f06c2a7c231ec,LAT-02R-517a9644e4f59287,UB-02R-c7cdba07fed2dfd7,7.333304000117332e-05,9.888225096560497e-06,Poisson_E_times_lambda,55.0,750003.0,normal_rate_diagnostic,discovery
SCAN-02R-51f6ed2eb7632349,33,33,FILE-02R-7becabec9104d679,65,42.9981,69.0,750000.0,185.274,750000.0,monitor_raw,monitor_controlled,ACQSTATE-02R-896f06c2a7c231ec,LAT-02R-517a9644e4f59287,UB-02R-c7cdba07fed2dfd7,9.2e-05,1.1075498483890767e-05,Poisson_E_times_lambda,69.0,750000.0,normal_rate_diagnostic,discovery
SCAN-02R-51f6ed2eb7632349,34,34,FILE-02R-7becabec9104d679,66,43.9979,66.0,750000.0,191.644,750000.0,monitor_raw,monitor_controlled,ACQSTATE-02R-896f06c2a7c231ec,LAT-02R-517a9644e4f59287,UB-02R-c7cdba07fed2dfd7,8.8e-05,1.083205120618128e-05,Poisson_E_times_lambda,66.0,750000.0,normal_rate_diagnostic,discovery
SCAN-02R-51f6ed2eb7632349,35,35,FILE-02R-7becabec9104d679,67,44.9984,65.0,750000.0,198.722,750000.0,monitor_raw,monitor_controlled,ACQSTATE-02R-896f06c2a7c231ec,LAT-02R-517a9644e4f59287,UB-02R-c7cdba07fed2dfd7,8.666666666666667e-05,1.0749676997731399e-05,Poisson_E_times_lambda,65.0,750000.0,normal_rate_diagnostic,discovery
SCAN-02R-51f6ed2eb7632349,36,36,FILE-02R-7becabec9104d679,68,45.9981,61.0,750003.0,207.316,750003.0,monitor_raw,monitor_controlled,ACQSTATE-02R-896f06c2a7c231ec,LAT-02R-517a9644e4f59287,UB-02R-c7cdba07fed2dfd7,8.133300800130132e-05,1.0413624580043885e-05,Poisson_E_times_lambda,61.0,750003.0,normal_rate_diagnostic,discovery
SCAN-02R-51f6ed2eb7632349,37,37,FILE-02R-7becabec9104d679,69,46.9987,65.0,750002.0,213.894,750002.0,monitor_raw,monitor_controlled,ACQSTATE-02R-896f06c2a7c231ec,LAT-02R-517a9644e4f59287,UB-02R-c7cdba07fed2dfd7,8.666643555617185e-05,1.0749648332002513e-05,Poisson_E_times_lambda,65.0,750002.0,normal_rate_diagnostic,discovery
SCAN-02R-51f6ed2eb7632349,38,38,FILE-02R-7becabec9104d679,70,47.9978,47.0,750002.0,221.041,750002.0,monitor_raw,monitor_controlled,ACQSTATE-02R-896f06c2a7c231ec,LAT-02R-517a9644e4f59287,UB-02R-c7cdba07fed2dfd7,6.266649955600118e-05,9.140848424938925e-06,Poisson_E_times_lambda,47.0,750002.0,normal_rate_diagnostic,discovery
SCAN-02R-51f6ed2eb7632349,39,39,FILE-02R-7becabec9104d679,71,48.9985,41.0,750001.0,226.575,750001.0,monitor_raw,monitor_controlled,ACQSTATE-02R-896f06c2a7c231ec,LAT-02R-517a9644e4f59287,UB-02R-c7cdba07fed2dfd7,5.466659377787496e-05,8.537487599926998e-06,Poisson_E_times_lambda,41.0,750001.0,normal_rate_diagnostic,discovery
SCAN-02R-51f6ed2eb7632349,40,40,FILE-02R-7becabec9104d679,72,49.9982,51.0,750000.0,230.504,750000.0,monitor_raw,monitor_controlled,ACQSTATE-02R-896f06c2a7c231ec,LAT-02R-517a9644e4f59287,UB-02R-c7cdba07fed2dfd7,6.8e-05,9.521904571390468e-06,Poisson_E_times_lambda,51.0,750000.0,normal_rate_diagnostic,discovery
SCAN-02R-51f6ed2eb7632349,41,41,FILE-02R-7becabec9104d679,73,50.9977,44.0,750002.0,233.091,750002.0,monitor_raw,monitor_controlled,ACQSTATE-02R-896f06c2a7c231ec,LAT-02R-517a9644e4f59287,UB-02R-c7cdba07fed2dfd7,5.8666510222639404e-05,8.844309189456561e-06,Poisson_E_times_lambda,44.0,750002.0,normal_rate_diagnostic,discovery
SCAN-02R-51f6ed2eb7632349,42,42,FILE-02R-7becabec9104d679,74,51.9972,55.0,750005.0,235.095,750005.0,monitor_raw,monitor_controlled,ACQSTATE-02R-896f06c2a7c231ec,LAT-02R-517a9644e4f59287,UB-02R-c7cdba07fed2dfd7,7.333284444770368e-05,9.88819872813603e-06,Poisson_E_times_lambda,55.0,750005.0,normal_rate_diagnostic,discovery
SCAN-02R-51f6ed2eb7632349,43,43,FILE-02R-7becabec9104d679,75,52.9975,55.0,750003.0,237.541,750003.0,monitor_raw,monitor_controlled,ACQSTATE-02R-896f06c2a7c231ec,LAT-02R-517a9644e4f59287,UB-02R-c7cdba07fed2dfd7,7.333304000117332e-05,9.888225096560497e-06,Poisson_E_times_lambda,55.0,750003.0,normal_rate_diagnostic,discovery
SCAN-02R-51f6ed2eb7632349,44,44,FILE-02R-7becabec9104d679,76,53.9959,35.0,750002.0,241.345,750002.0,monitor_raw,monitor_controlled,ACQSTATE-02R-896f06c2a7c231ec,LAT-02R-517a9644e4f59287,UB-02R-c7cdba07fed2dfd7,4.666654222255407e-05,7.888085342571908e-06,Poisson_E_times_lambda,35.0,750002.0,normal_rate_diagnostic,discovery
SCAN-02R-51f6ed2eb7632349,45,45,FILE-02R-7becabec9104d679,77,54.9982,41.0,750004.0,245.569,750004.0,monitor_raw,monitor_controlled,ACQSTATE-02R-896f06c2a7c231ec,LAT-02R-517a9644e4f59287,UB-02R-c7cdba07fed2dfd7,5.466637511266607e-05,8.53745345015873e-06,Poisson_E_times_lambda,41.0,750004.0,normal_rate_diagnostic,discovery
SCAN-02R-5215f80c458dc1c4,0,0,FILE-02R-31885f2e20fbb807,32,4.9984,52.0,750005.0,167.405,750005.0,monitor_raw,monitor_controlled,ACQSTATE-02R-896f06c2a7c231ec,LAT-02R-517a9644e4f59287,UB-02R-c7cdba07fed2dfd7,6.933287111419257e-05,9.614739302975284e-06,Poisson_E_times_lambda,52.0,750005.0,normal_rate_diagnostic,discovery
SCAN-02R-5215f80c458dc1c4,1,1,FILE-02R-31885f2e20fbb807,33,5.7351,54.0,750002.0,159.918,750002.0,monitor_raw,monitor_controlled,ACQSTATE-02R-896f06c2a7c231ec,LAT-02R-517a9644e4f59287,UB-02R-c7cdba07fed2dfd7,7.1999808000512e-05,9.797932843311797e-06,Poisson_E_times_lambda,54.0,750002.0,normal_rate_diagnostic,discovery
SCAN-02R-5215f80c458dc1c4,2,2,FILE-02R-31885f2e20fbb807,34,6.4724,49.0,750001.0,149.286,750001.0,monitor_raw,monitor_controlled,ACQSTATE-02R-896f06c2a7c231ec,LAT-02R-517a9644e4f59287,UB-02R-c7cdba07fed2dfd7,6.533324622233837e-05,9.333320888905481e-06,Poisson_E_times_lambda,49.0,750001.0,normal_rate_diagnostic,discovery
SCAN-02R-5215f80c458dc1c4,3,3,FILE-02R-31885f2e20fbb807,35,7.209,48.0,750006.0,143.543,750006.0,monitor_raw,monitor_controlled,ACQSTATE-02R-896f06c2a7c231ec,LAT-02R-517a9644e4f59287,UB-02R-c7cdba07fed2dfd7,6.399948800409596e-05,9.237530406790757e-06,Poisson_E_times_lambda,48.0,750006.0,normal_rate_diagnostic,discovery
SCAN-02R-5215f80c458dc1c4,4,4,FILE-02R-31885f2e20fbb807,36,7.9459,47.0,750000.0,148.128,750000.0,monitor_raw,monitor_controlled,ACQSTATE-02R-896f06c2a7c231ec,LAT-02R-517a9644e4f59287,UB-02R-c7cdba07fed2dfd7,6.266666666666667e-05,9.140872800534726e-06,Poisson_E_times_lambda,47.0,750000.0,normal_rate_diagnostic,discovery
SCAN-02R-5215f80c458dc1c4,5,5,FILE-02R-31885f2e20fbb807,37,8.6828,60.0,750000.0,157.223,750000.0,monitor_raw,monitor_controlled,ACQSTATE-02R-896f06c2a7c231ec,LAT-02R-517a9644e4f59287,UB-02R-c7cdba07fed2dfd7,8e-05,1.0327955589886445e-05,Poisson_E_times_lambda,60.0,750000.0,normal_rate_diagnostic,discovery
SCAN-02R-5215f80c458dc1c4,6,6,FILE-02R-31885f2e20fbb807,38,9.4199,40.0,750006.0,157.46,750006.0,monitor_raw,monitor_controlled,ACQSTATE-02R-896f06c2a7c231ec,LAT-02R-517a9644e4f59287,UB-02R-c7cdba07fed2dfd7,5.3332906670079974e-05,8.432672965731953e-06,Poisson_E_times_lambda,40.0,750006.0,normal_rate_diagnostic,discovery
SCAN-02R-5215f80c458dc1c4,7,7,FILE-02R-31885f2e20fbb807,39,10.1566,53.0,750007.0,150.801,750007.0,monitor_raw,monitor_controlled,ACQSTATE-02R-896f06c2a7c231ec,LAT-02R-517a9644e4f59287,UB-02R-c7cdba07fed2dfd7,7.06660071172669e-05,9.706722589629855e-06,Poisson_E_times_lambda,53.0,750007.0,normal_rate_diagnostic,discovery
SCAN-02R-5215f80c458dc1c4,8,8,FILE-02R-31885f2e20fbb807,40,10.8933,58.0,750002.0,144.155,750002.0,monitor_raw,monitor_controlled,ACQSTATE-02R-896f06c2a7c231ec,LAT-02R-517a9644e4f59287,UB-02R-c7cdba07fed2dfd7,7.733312711166104e-05,1.0154337062919711e-05,Poisson_E_times_lambda,58.0,750002.0,normal_rate_diagnostic,discovery
SCAN-02R-5215f80c458dc1c4,9,9,FILE-02R-31885f2e20fbb807,41,11.6302,81.0,750001.0,136.872,750001.0,monitor_raw,monitor_controlled,ACQSTATE-02R-896f06c2a7c231ec,LAT-02R-517a9644e4f59287,UB-02R-c7cdba07fed2dfd7,0.000107999856000192,1.1999984000021333e-05,Poisson_E_times_lambda,81.0,750001.0,normal_rate_diagnostic,discovery
SCAN-02R-5215f80c458dc1c4,10,10,FILE-02R-31885f2e20fbb807,42,12.3671,51.0,750002.0,131.63,750002.0,monitor_raw,monitor_controlled,ACQSTATE-02R-896f06c2a7c231ec,LAT-02R-517a9644e4f59287,UB-02R-c7cdba07fed2dfd7,6.799981866715022e-05,9.521879179712655e-06,Poisson_E_times_lambda,51.0,750002.0,normal_rate_diagnostic,discovery
SCAN-02R-5215f80c458dc1c4,11,11,FILE-02R-31885f2e20fbb807,43,13.1034,53.0,750006.0,128.474,750006.0,monitor_raw,monitor_controlled,ACQSTATE-02R-896f06c2a7c231ec,LAT-02R-517a9644e4f59287,UB-02R-c7cdba07fed2dfd7,7.066610133785596e-05,9.706735531823103e-06,Poisson_E_times_lambda,53.0,750006.0,normal_rate_diagnostic,discovery
SCAN-02R-5215f80c458dc1c4,12,12,FILE-02R-31885f2e20fbb807,44,13.8407,41.0,750006.0,126.926,750006.0,monitor_raw,monitor_controlled,ACQSTATE-02R-896f06c2a7c231ec,LAT-02R-517a9644e4f59287,UB-02R-c7cdba07fed2dfd7,5.466622933683197e-05,8.537430683798327e-06,Poisson_E_times_lambda,41.0,750006.0,normal_rate_diagnostic,discovery
SCAN-02R-5215f80c458dc1c4,13,13,FILE-02R-31885f2e20fbb807,45,14.5777,42.0,750006.0,127.003,750006.0,monitor_raw,monitor_controlled,ACQSTATE-02R-896f06c2a7c231ec,LAT-02R-517a9644e4f59287,UB-02R-c7cdba07fed2dfd7,5.599955200358397e-05,8.640918470529384e-06,Poisson_E_times_lambda,42.0,750006.0,normal_rate_diagnostic,discovery
SCAN-02R-5215f80c458dc1c4,14,14,FILE-02R-31885f2e20fbb807,46,15.3143,52.0,750004.0,127.106,750004.0,monitor_raw,monitor_controlled,ACQSTATE-02R-896f06c2a7c231ec,LAT-02R-517a9644e4f59287,UB-02R-c7cdba07fed2dfd7,6.933296355752769e-05,9.614752122559317e-06,Poisson_E_times_lambda,52.0,750004.0,normal_rate_diagnostic,discovery
SCAN-02R-5215f80c458dc1c4,15,15,FILE-02R-31885f2e20fbb807,47,16.0513,45.0,750002.0,127.324,750002.0,monitor_raw,monitor_controlled,ACQSTATE-02R-896f06c2a7c231ec,LAT-02R-517a9644e4f59287,UB-02R-c7cdba07fed2dfd7,5.9999840000426665e-05,8.944248058671002e-06,Poisson_E_times_lambda,45.0,750002.0,normal_rate_diagnostic,discovery
SCAN-02R-5215f80c458dc1c4,16,16,FILE-02R-31885f2e20fbb807,48,16.7879,45.0,750009.0,126.767,750009.0,monitor_raw,monitor_controlled,ACQSTATE-02R-896f06c2a7c231ec,LAT-02R-517a9644e4f59287,UB-02R-c7cdba07fed2dfd7,5.99992800086399e-05,8.9441645800242e-06,Poisson_E_times_lambda,45.0,750009.0,normal_rate_diagnostic,discovery
SCAN-02R-5215f80c458dc1c4,17,17,FILE-02R-31885f2e20fbb807,49,17.5244,50.0,750003.0,128.208,750003.0,monitor_raw,monitor_controlled,ACQSTATE-02R-896f06c2a7c231ec,LAT-02R-517a9644e4f59287,UB-02R-c7cdba07fed2dfd7,6.666640000106667e-05,9.42805270360982e-06,Poisson_E_times_lambda,50.0,750003.0,normal_rate_diagnostic,discovery
SCAN-02R-5215f80c458dc1c4,18,18,FILE-02R-31885f2e20fbb807,50,18.2616,52.0,750001.0,131.488,750001.0,monitor_raw,monitor_controlled,ACQSTATE-02R-896f06c2a7c231ec,LAT-02R-517a9644e4f59287,UB-02R-c7cdba07fed2dfd7,6.933324088901214e-05,9.614790581516529e-06,Poisson_E_times_lambda,52.0,750001.0,normal_rate_diagnostic,discovery
SCAN-02R-5215f80c458dc1c4,19,19,FILE-02R-31885f2e20fbb807,51,18.9986,49.0,750003.0,135.517,750003.0,monitor_raw,monitor_controlled,ACQSTATE-02R-896f06c2a7c231ec,LAT-02R-517a9644e4f59287,UB-02R-c7cdba07fed2dfd7,6.533307200104532e-05,9.333296000149334e-06,Poisson_E_times_lambda,49.0,750003.0,normal_rate_diagnostic,discovery
SCAN-02R-5e52d7e5fbefbc05,0,0,FILE-02R-92a7020f108c2fa4,32,-0.0009,1911.0,750000.0,197.004,750000.0,monitor_raw,monitor_controlled,ACQSTATE-02R-896f06c2a7c231ec,LAT-02R-517a9644e4f59287,UB-02R-c7cdba07fed2dfd7,0.002548,5.828664798505172e-05,Poisson_E_times_lambda,1911.0,750000.0,normal_rate_diagnostic,discovery
SCAN-02R-5e52d7e5fbefbc05,1,1,FILE-02R-92a7020f108c2fa4,33,0.9986,65.0,750004.0,206.164,750004.0,monitor_raw,monitor_controlled,ACQSTATE-02R-896f06c2a7c231ec,LAT-02R-517a9644e4f59287,UB-02R-c7cdba07fed2dfd7,8.666620444690961e-05,1.0749619666426512e-05,Poisson_E_times_lambda,65.0,750004.0,normal_rate_diagnostic,discovery
SCAN-02R-5e52d7e5fbefbc05,2,2,FILE-02R-92a7020f108c2fa4,34,1.9987,50.0,750003.0,179.701,750003.0,monitor_raw,monitor_controlled,ACQSTATE-02R-896f06c2a7c231ec,LAT-02R-517a9644e4f59287,UB-02R-c7cdba07fed2dfd7,6.666640000106667e-05,9.42805270360982e-06,Poisson_E_times_lambda,50.0,750003.0,normal_rate_diagnostic,discovery
SCAN-02R-5e52d7e5fbefbc05,3,3,FILE-02R-92a7020f108c2fa4,35,2.9987,54.0,750000.0,173.942,750000.0,monitor_raw,monitor_controlled,ACQSTATE-02R-896f06c2a7c231ec,LAT-02R-517a9644e4f59287,UB-02R-c7cdba07fed2dfd7,7.2e-05,9.797958971132714e-06,Poisson_E_times_lambda,54.0,750000.0,normal_rate_diagnostic,discovery
SCAN-02R-5e52d7e5fbefbc05,4,4,FILE-02R-92a7020f108c2fa4,36,3.9987,62.0,750002.0,167.057,750002.0,monitor_raw,monitor_controlled,ACQSTATE-02R-896f06c2a7c231ec,LAT-02R-517a9644e4f59287,UB-02R-c7cdba07fed2dfd7,8.266644622281007e-05,1.0498649168951298e-05,Poisson_E_times_lambda,62.0,750002.0,normal_rate_diagnostic,discovery
SCAN-02R-5e52d7e5fbefbc05,5,5,FILE-02R-92a7020f108c2fa4,37,4.9989,42.0,750005.0,169.191,750005.0,monitor_raw,monitor_controlled,ACQSTATE-02R-896f06c2a7c231ec,LAT-02R-517a9644e4f59287,UB-02R-c7cdba07fed2dfd7,5.5999626669155536e-05,8.640929991677203e-06,Poisson_E_times_lambda,42.0,750005.0,normal_rate_diagnostic,discovery
SCAN-02R-5e52d7e5fbefbc05,6,6,FILE-02R-92a7020f108c2fa4,38,5.9987,50.0,750010.0,155.971,750010.0,monitor_raw,monitor_controlled,ACQSTATE-02R-896f06c2a7c231ec,LAT-02R-517a9644e4f59287,UB-02R-c7cdba07fed2dfd7,6.666577778962947e-05,9.427964709624506e-06,Poisson_E_times_lambda,50.0,750010.0,normal_rate_diagnostic,discovery
SCAN-02R-5e52d7e5fbefbc05,7,7,FILE-02R-92a7020f108c2fa4,39,6.9984,54.0,750002.0,144.481,750002.0,monitor_raw,monitor_controlled,ACQSTATE-02R-896f06c2a7c231ec,LAT-02R-517a9644e4f59287,UB-02R-c7cdba07fed2dfd7,7.1999808000512e-05,9.797932843311797e-06,Poisson_E_times_lambda,54.0,750002.0,normal_rate_diagnostic,discovery
SCAN-02R-5e52d7e5fbefbc05,8,8,FILE-02R-92a7020f108c2fa4,40,7.9988,49.0,750007.0,149.438,750007.0,monitor_raw,monitor_controlled,ACQSTATE-02R-896f06c2a7c231ec,LAT-02R-517a9644e4f59287,UB-02R-c7cdba07fed2dfd7,6.533272356124676e-05,9.333246223035252e-06,Poisson_E_times_lambda,49.0,750007.0,normal_rate_diagnostic,discovery
SCAN-02R-5e52d7e5fbefbc05,9,9,FILE-02R-92a7020f108c2fa4,41,8.9985,40.0,750002.0,158.589,750002.0,monitor_raw,monitor_controlled,ACQSTATE-02R-896f06c2a7c231ec,LAT-02R-517a9644e4f59287,UB-02R-c7cdba07fed2dfd7,5.333319111149037e-05,8.43271793986784e-06,Poisson_E_times_lambda,40.0,750002.0,normal_rate_diagnostic,discovery
SCAN-02R-5e52d7e5fbefbc05,10,10,FILE-02R-92a7020f108c2fa4,42,9.9986,45.0,750005.0,152.437,750005.0,monitor_raw,monitor_controlled,ACQSTATE-02R-896f06c2a7c231ec,LAT-02R-517a9644e4f59287,UB-02R-c7cdba07fed2dfd7,5.999960000266665e-05,8.94421228191728e-06,Poisson_E_times_lambda,45.0,750005.0,normal_rate_diagnostic,discovery
SCAN-02R-5e52d7e5fbefbc05,11,11,FILE-02R-92a7020f108c2fa4,43,10.9984,34.0,750002.0,143.497,750002.0,monitor_raw,monitor_controlled,ACQSTATE-02R-896f06c2a7c231ec,LAT-02R-517a9644e4f59287,UB-02R-c7cdba07fed2dfd7,4.533321244476682e-05,7.774581794242283e-06,Poisson_E_times_lambda,34.0,750002.0,normal_rate_diagnostic,discovery
SCAN-02R-5e52d7e5fbefbc05,12,12,FILE-02R-92a7020f108c2fa4,44,11.9985,50.0,750003.0,134.406,750003.0,monitor_raw,monitor_controlled,ACQSTATE-02R-896f06c2a7c231ec,LAT-02R-517a9644e4f59287,UB-02R-c7cdba07fed2dfd7,6.666640000106667e-05,9.42805270360982e-06,Poisson_E_times_lambda,50.0,750003.0,normal_rate_diagnostic,discovery
SCAN-02R-5e52d7e5fbefbc05,13,13,FILE-02R-92a7020f108c2fa4,45,12.9985,46.0,750003.0,129.053,750003.0,monitor_raw,monitor_controlled,ACQSTATE-02R-896f06c2a7c231ec,LAT-02R-517a9644e4f59287,UB-02R-c7cdba07fed2dfd7,6.133308800098133e-05,9.043070471885136e-06,Poisson_E_times_lambda,46.0,750003.0,normal_rate_diagnostic,discovery
SCAN-02R-5e52d7e5fbefbc05,14,14,FILE-02R-92a7020f108c2fa4,46,13.9986,47.0,750004.0,127.145,750004.0,monitor_raw,monitor_controlled,ACQSTATE-02R-896f06c2a7c231ec,LAT-02R-517a9644e4f59287,UB-02R-c7cdba07fed2dfd7,6.266633244622696e-05,9.140824049473127e-06,Poisson_E_times_lambda,47.0,750004.0,normal_rate_diagnostic,discovery
SCAN-02R-5e52d7e5fbefbc05,15,15,FILE-02R-92a7020f108c2fa4,47,14.9985,49.0,750003.0,127.047,750003.0,monitor_raw,monitor_controlled,ACQSTATE-02R-896f06c2a7c231ec,LAT-02R-517a9644e4f59287,UB-02R-c7cdba07fed2dfd7,6.533307200104532e-05,9.333296000149334e-06,Poisson_E_times_lambda,49.0,750003.0,normal_rate_diagnostic,discovery
SCAN-02R-5e52d7e5fbefbc05,16,16,FILE-02R-92a7020f108c2fa4,48,15.9984,33.0,750007.0,127.094,750007.0,monitor_raw,monitor_controlled,ACQSTATE-02R-896f06c2a7c231ec,LAT-02R-517a9644e4f59287,UB-02R-c7cdba07fed2dfd7,4.399958933716619e-05,7.659345374827207e-06,Poisson_E_times_lambda,33.0,750007.0,normal_rate_diagnostic,discovery
SCAN-02R-5e52d7e5fbefbc05,17,17,FILE-02R-92a7020f108c2fa4,49,16.9984,34.0,750004.0,126.95,750004.0,monitor_raw,monitor_controlled,ACQSTATE-02R-896f06c2a7c231ec,LAT-02R-517a9644e4f59287,UB-02R-c7cdba07fed2dfd7,4.533309155684503e-05,7.774561062134735e-06,Poisson_E_times_lambda,34.0,750004.0,normal_rate_diagnostic,discovery
SCAN-02R-5e52d7e5fbefbc05,18,18,FILE-02R-92a7020f108c2fa4,50,17.9987,47.0,750001.0,129.392,750001.0,monitor_raw,monitor_controlled,ACQSTATE-02R-896f06c2a7c231ec,LAT-02R-517a9644e4f59287,UB-02R-c7cdba07fed2dfd7,6.266658311122251e-05,9.140860612720574e-06,Poisson_E_times_lambda,47.0,750001.0,normal_rate_diagnostic,discovery
SCAN-02R-5e52d7e5fbefbc05,19,19,FILE-02R-92a7020f108c2fa4,51,18.9988,41.0,750002.0,135.684,750002.0,monitor_raw,monitor_controlled,ACQSTATE-02R-896f06c2a7c231ec,LAT-02R-517a9644e4f59287,UB-02R-c7cdba07fed2dfd7,5.466652088927763e-05,8.537476216640554e-06,Poisson_E_times_lambda,41.0,750002.0,normal_rate_diagnostic,discovery
SCAN-02R-68a1fdbd8955d9a4,0,0,FILE-02R-a486a5a1a77ae9d6,32,4.9988,50.0,750000.0,166.396,750000.0,monitor_raw,monitor_controlled,ACQSTATE-02R-896f06c2a7c231ec,LAT-02R-517a9644e4f59287,UB-02R-c7cdba07fed2dfd7,6.666666666666667e-05,9.428090415820634e-06,Poisson_E_times_lambda,50.0,750000.0,normal_rate_diagnostic,discovery
SCAN-02R-68a1fdbd8955d9a4,1,1,FILE-02R-a486a5a1a77ae9d6,33,5.9986,53.0,750005.0,154.346,750005.0,monitor_raw,monitor_controlled,ACQSTATE-02R-896f06c2a7c231ec,LAT-02R-517a9644e4f59287,UB-02R-c7cdba07fed2dfd7,7.066619555869628e-05,9.706748474050864e-06,Poisson_E_times_lambda,53.0,750005.0,normal_rate_diagnostic,discovery
SCAN-02R-68a1fdbd8955d9a4,2,2,FILE-02R-a486a5a1a77ae9d6,34,6.9985,44.0,750000.0,143.106,750000.0,monitor_raw,monitor_controlled,ACQSTATE-02R-896f06c2a7c231ec,LAT-02R-517a9644e4f59287,UB-02R-c7cdba07fed2dfd7,5.8666666666666665e-05,8.844332774281066e-06,Poisson_E_times_lambda,44.0,750000.0,normal_rate_diagnostic,discovery
SCAN-02R-68a1fdbd8955d9a4,3,3,FILE-02R-a486a5a1a77ae9d6,35,7.9988,51.0,750005.0,147.693,750005.0,monitor_raw,monitor_controlled,ACQSTATE-02R-896f06c2a7c231ec,LAT-02R-517a9644e4f59287,UB-02R-c7cdba07fed2dfd7,6.799954666968887e-05,9.521841092449851e-06,Poisson_E_times_lambda,51.0,750005.0,normal_rate_diagnostic,discovery
SCAN-02R-68a1fdbd8955d9a4,4,4,FILE-02R-a486a5a1a77ae9d6,36,8.9985,40.0,750000.0,157.429,750000.0,monitor_raw,monitor_controlled,ACQSTATE-02R-896f06c2a7c231ec,LAT-02R-517a9644e4f59287,UB-02R-c7cdba07fed2dfd7,5.333333333333333e-05,8.432740427115678e-06,Poisson_E_times_lambda,40.0,750000.0,normal_rate_diagnostic,discovery
SCAN-02R-68a1fdbd8955d9a4,5,5,FILE-02R-a486a5a1a77ae9d6,37,9.9986,50.0,750002.0,151.047,750002.0,monitor_raw,monitor_controlled,ACQSTATE-02R-896f06c2a7c231ec,LAT-02R-517a9644e4f59287,UB-02R-c7cdba07fed2dfd7,6.666648888936297e-05,9.428065274313236e-06,Poisson_E_times_lambda,50.0,750002.0,normal_rate_diagnostic,discovery
SCAN-02R-68a1fdbd8955d9a4,6,6,FILE-02R-a486a5a1a77ae9d6,38,10.9986,50.0,750005.0,141.546,750005.0,monitor_raw,monitor_controlled,ACQSTATE-02R-896f06c2a7c231ec,LAT-02R-517a9644e4f59287,UB-02R-c7cdba07fed2dfd7,6.666622222518517e-05,9.428027562303551e-06,Poisson_E_times_lambda,50.0,750005.0,normal_rate_diagnostic,discovery
SCAN-02R-68a1fdbd8955d9a4,7,7,FILE-02R-a486a5a1a77ae9d6,39,11.9985,38.0,750004.0,133.112,750004.0,monitor_raw,monitor_controlled,ACQSTATE-02R-896f06c2a7c231ec,LAT-02R-517a9644e4f59287,UB-02R-c7cdba07fed2dfd7,5.066639644588562e-05,8.21917483502618e-06,Poisson_E_times_lambda,38.0,750004.0,normal_rate_diagnostic,discovery
SCAN-02R-68a1fdbd8955d9a4,8,8,FILE-02R-a486a5a1a77ae9d6,40,12.9986,36.0,750008.0,127.74,750008.0,monitor_raw,monitor_controlled,ACQSTATE-02R-896f06c2a7c231ec,LAT-02R-517a9644e4f59287,UB-02R-c7cdba07fed2dfd7,4.7999488005461276e-05,7.999914667576879e-06,Poisson_E_times_lambda,36.0,750008.0,normal_rate_diagnostic,discovery
SCAN-02R-68a1fdbd8955d9a4,9,9,FILE-02R-a486a5a1a77ae9d6,41,13.9984,35.0,750003.0,125.901,750003.0,monitor_raw,monitor_controlled,ACQSTATE-02R-896f06c2a7c231ec,LAT-02R-517a9644e4f59287,UB-02R-c7cdba07fed2dfd7,4.6666480000746666e-05,7.888074825166855e-06,Poisson_E_times_lambda,35.0,750003.0,normal_rate_diagnostic,discovery
SCAN-02R-68a1fdbd8955d9a4,10,10,FILE-02R-a486a5a1a77ae9d6,42,14.9988,32.0,750005.0,125.941,750005.0,monitor_raw,monitor_controlled,ACQSTATE-02R-896f06c2a7c231ec,LAT-02R-517a9644e4f59287,UB-02R-c7cdba07fed2dfd7,4.266638222411851e-05,7.542422049842842e-06,Poisson_E_times_lambda,32.0,750005.0,normal_rate_diagnostic,discovery
SCAN-02R-68a1fdbd8955d9a4,11,11,FILE-02R-a486a5a1a77ae9d6,43,15.9986,44.0,750002.0,125.807,750002.0,monitor_raw,monitor_controlled,ACQSTATE-02R-896f06c2a7c231ec,LAT-02R-517a9644e4f59287,UB-02R-c7cdba07fed2dfd7,5.8666510222639404e-05,8.844309189456561e-06,Poisson_E_times_lambda,44.0,750002.0,normal_rate_diagnostic,discovery
SCAN-02R-68a1fdbd8955d9a4,12,12,FILE-02R-a486a5a1a77ae9d6,44,16.9984,51.0,750005.0,125.998,750005.0,monitor_raw,monitor_controlled,ACQSTATE-02R-896f06c2a7c231ec,LAT-02R-517a9644e4f59287,UB-02R-c7cdba07fed2dfd7,6.799954666968887e-05,9.521841092449851e-06,Poisson_E_times_lambda,51.0,750005.0,normal_rate_diagnostic,discovery
SCAN-02R-68a1fdbd8955d9a4,13,13,FILE-02R-a486a5a1a77ae9d6,45,17.9983,53.0,750005.0,128.836,750005.0,monitor_raw,monitor_controlled,ACQSTATE-02R-896f06c2a7c231ec,LAT-02R-517a9644e4f59287,UB-02R-c7cdba07fed2dfd7,7.066619555869628e-05,9.706748474050864e-06,Poisson_E_times_lambda,53.0,750005.0,normal_rate_diagnostic,discovery
SCAN-02R-68a1fdbd8955d9a4,14,14,FILE-02R-a486a5a1a77ae9d6,46,18.9988,45.0,750000.0,134.73,750000.0,monitor_raw,monitor_controlled,ACQSTATE-02R-896f06c2a7c231ec,LAT-02R-517a9644e4f59287,UB-02R-c7cdba07fed2dfd7,6e-05,8.94427190999916e-06,Poisson_E_times_lambda,45.0,750000.0,normal_rate_diagnostic,discovery
SCAN-02R-68a1fdbd8955d9a4,15,15,FILE-02R-a486a5a1a77ae9d6,47,19.9983,46.0,750002.0,137.088,750002.0,monitor_raw,monitor_controlled,ACQSTATE-02R-896f06c2a7c231ec,LAT-02R-517a9644e4f59287,UB-02R-c7cdba07fed2dfd7,6.133316977821393e-05,9.04308252928028e-06,Poisson_E_times_lambda,46.0,750002.0,normal_rate_diagnostic,discovery
SCAN-02R-68a1fdbd8955d9a4,16,16,FILE-02R-a486a5a1a77ae9d6,48,20.9982,45.0,750007.0,134.997,750007.0,monitor_raw,monitor_controlled,ACQSTATE-02R-896f06c2a7c231ec,LAT-02R-517a9644e4f59287,UB-02R-c7cdba07fed2dfd7,5.9999440005226616e-05,8.944188430907138e-06,Poisson_E_times_lambda,45.0,750007.0,normal_rate_diagnostic,discovery
SCAN-02R-68a1fdbd8955d9a4,17,17,FILE-02R-a486a5a1a77ae9d6,49,21.9983,35.0,750002.0,130.87,750002.0,monitor_raw,monitor_controlled,ACQSTATE-02R-896f06c2a7c231ec,LAT-02R-517a9644e4f59287,UB-02R-c7cdba07fed2dfd7,4.666654222255407e-05,7.888085342571908e-06,Poisson_E_times_lambda,35.0,750002.0,normal_rate_diagnostic,discovery
SCAN-02R-68a1fdbd8955d9a4,18,18,FILE-02R-a486a5a1a77ae9d6,50,22.9983,27.0,750005.0,126.612,750005.0,monitor_raw,monitor_controlled,ACQSTATE-02R-896f06c2a7c231ec,LAT-02R-517a9644e4f59287,UB-02R-c7cdba07fed2dfd7,3.599976000159999e-05,6.928157042561893e-06,Poisson_E_times_lambda,27.0,750005.0,normal_rate_diagnostic,discovery
SCAN-02R-68a1fdbd8955d9a4,19,19,FILE-02R-a486a5a1a77ae9d6,51,23.9979,45.0,750008.0,124.827,750008.0,monitor_raw,monitor_controlled,ACQSTATE-02R-896f06c2a7c231ec,LAT-02R-517a9644e4f59287,UB-02R-c7cdba07fed2dfd7,5.9999360006826595e-05,8.944176505449768e-06,Poisson_E_times_lambda,45.0,750008.0,normal_rate_diagnostic,discovery
SCAN-02R-68a1fdbd8955d9a4,20,20,FILE-02R-a486a5a1a77ae9d6,52,24.9983,25.0,750001.0,125.568,750001.0,monitor_raw,monitor_controlled,ACQSTATE-02R-896f06c2a7c231ec,LAT-02R-517a9644e4f59287,UB-02R-c7cdba07fed2dfd7,3.333328888894815e-05,6.666657777789629e-06,Poisson_E_times_lambda,25.0,750001.0,normal_rate_diagnostic,discovery
SCAN-02R-68a1fdbd8955d9a4,21,21,FILE-02R-a486a5a1a77ae9d6,53,25.9974,23.0,750001.0,128.735,750001.0,monitor_raw,monitor_controlled,ACQSTATE-02R-896f06c2a7c231ec,LAT-02R-517a9644e4f59287,UB-02R-c7cdba07fed2dfd7,3.06666257778323e-05,6.394433505172286e-06,Poisson_E_times_lambda,23.0,750001.0,normal_rate_diagnostic,discovery
SCAN-02R-68a1fdbd8955d9a4,22,22,FILE-02R-a486a5a1a77ae9d6,54,26.9981,34.0,750005.0,133.312,750005.0,monitor_raw,monitor_controlled,ACQSTATE-02R-896f06c2a7c231ec,LAT-02R-517a9644e4f59287,UB-02R-c7cdba07fed2dfd7,4.533303111312591e-05,7.774550696122427e-06,Poisson_E_times_lambda,34.0,750005.0,normal_rate_diagnostic,discovery
SCAN-02R-68a1fdbd8955d9a4,23,23,FILE-02R-a486a5a1a77ae9d6,55,27.9987,37.0,750005.0,137.295,750005.0,monitor_raw,monitor_controlled,ACQSTATE-02R-896f06c2a7c231ec,LAT-02R-517a9644e4f59287,UB-02R-c7cdba07fed2dfd7,4.9333004446637025e-05,8.110295971757814e-06,Poisson_E_times_lambda,37.0,750005.0,normal_rate_diagnostic,discovery
SCAN-02R-68a1fdbd8955d9a4,24,24,FILE-02R-a486a5a1a77ae9d6,56,28.9982,39.0,750002.0,139.236,750002.0,monitor_raw,monitor_controlled,ACQSTATE-02R-896f06c2a7c231ec,LAT-02R-517a9644e4f59287,UB-02R-c7cdba07fed2dfd7,5.199986133370311e-05,8.326641793486416e-06,Poisson_E_times_lambda,39.0,750002.0,normal_rate_diagnostic,discovery
SCAN-02R-68a1fdbd8955d9a4,25,25,FILE-02R-a486a5a1a77ae9d6,57,29.9986,36.0,750000.0,142.151,750000.0,monitor_raw,monitor_controlled,ACQSTATE-02R-896f06c2a7c231ec,LAT-02R-517a9644e4f59287,UB-02R-c7cdba07fed2dfd7,4.8e-05,8e-06,Poisson_E_times_lambda,36.0,750000.0,normal_rate_diagnostic,discovery
SCAN-02R-68a1fdbd8955d9a4,26,26,FILE-02R-a486a5a1a77ae9d6,58,30.9985,25.0,750002.0,144.381,750002.0,monitor_raw,monitor_controlled,ACQSTATE-02R-896f06c2a7c231ec,LAT-02R-517a9644e4f59287,UB-02R-c7cdba07fed2dfd7,3.3333244444681484e-05,6.666648888936296e-06,Poisson_E_times_lambda,25.0,750002.0,normal_rate_diagnostic,discovery
SCAN-02R-68a1fdbd8955d9a4,27,27,FILE-02R-a486a5a1a77ae9d6,59,31.9987,30.0,750001.0,146.592,750001.0,monitor_raw,monitor_controlled,ACQSTATE-02R-896f06c2a7c231ec,LAT-02R-517a9644e4f59287,UB-02R-c7cdba07fed2dfd7,3.999994666673778e-05,7.302957696125286e-06,Poisson_E_times_lambda,30.0,750001.0,normal_rate_diagnostic,discovery
SCAN-02R-68a1fdbd8955d9a4,28,28,FILE-02R-a486a5a1a77ae9d6,60,32.998,31.0,750005.0,148.586,750005.0,monitor_raw,monitor_controlled,ACQSTATE-02R-896f06c2a7c231ec,LAT-02R-517a9644e4f59287,UB-02R-c7cdba07fed2dfd7,4.1333057779614805e-05,7.423636326197854e-06,Poisson_E_times_lambda,31.0,750005.0,normal_rate_diagnostic,discovery
SCAN-02R-68a1fdbd8955d9a4,29,29,FILE-02R-a486a5a1a77ae9d6,61,33.9983,35.0,750004.0,150.911,750004.0,monitor_raw,monitor_controlled,ACQSTATE-02R-896f06c2a7c231ec,LAT-02R-517a9644e4f59287,UB-02R-c7cdba07fed2dfd7,4.666641777910518e-05,7.888064307789847e-06,Poisson_E_times_lambda,35.0,750004.0,normal_rate_diagnostic,discovery
SCAN-02R-68a1fdbd8955d9a4,30,30,FILE-02R-a486a5a1a77ae9d6,62,34.9979,36.0,750003.0,154.459,750003.0,monitor_raw,monitor_controlled,ACQSTATE-02R-896f06c2a7c231ec,LAT-02R-517a9644e4f59287,UB-02R-c7cdba07fed2dfd7,4.7999808000768e-05,7.999968000127999e-06,Poisson_E_times_lambda,36.0,750003.0,normal_rate_diagnostic,discovery
SCAN-02R-68a1fdbd8955d9a4,31,31,FILE-02R-a486a5a1a77ae9d6,63,35.9979,26.0,750001.0,158.848,750001.0,monitor_raw,monitor_controlled,ACQSTATE-02R-896f06c2a7c231ec,LAT-02R-517a9644e4f59287,UB-02R-c7cdba07fed2dfd7,3.466662044450607e-05,6.798683619878886e-06,Poisson_E_times_lambda,26.0,750001.0,normal_rate_diagnostic,discovery
SCAN-02R-68a1fdbd8955d9a4,32,32,FILE-02R-a486a5a1a77ae9d6,64,36.9978,44.0,750008.0,163.481,750008.0,monitor_raw,monitor_controlled,ACQSTATE-02R-896f06c2a7c231ec,LAT-02R-517a9644e4f59287,UB-02R-c7cdba07fed2dfd7,5.866604089556378e-05,8.844238435737751e-06,Poisson_E_times_lambda,44.0,750008.0,normal_rate_diagnostic,discovery
SCAN-02R-68a1fdbd8955d9a4,33,33,FILE-02R-a486a5a1a77ae9d6,65,37.9984,40.0,750001.0,166.39,750001.0,monitor_raw,monitor_controlled,ACQSTATE-02R-896f06c2a7c231ec,LAT-02R-517a9644e4f59287,UB-02R-c7cdba07fed2dfd7,5.3333262222317034e-05,8.432729183476768e-06,Poisson_E_times_lambda,40.0,750001.0,normal_rate_diagnostic,discovery
SCAN-02R-68a1fdbd8955d9a4,34,34,FILE-02R-a486a5a1a77ae9d6,66,38.998,37.0,750009.0,169.114,750009.0,monitor_raw,monitor_controlled,ACQSTATE-02R-896f06c2a7c231ec,LAT-02R-517a9644e4f59287,UB-02R-c7cdba07fed2dfd7,4.933274134043725e-05,8.110252717365018e-06,Poisson_E_times_lambda,37.0,750009.0,normal_rate_diagnostic,discovery
SCAN-02R-68a1fdbd8955d9a4,35,35,FILE-02R-a486a5a1a77ae9d6,67,39.9983,42.0,750002.0,171.937,750002.0,monitor_raw,monitor_controlled,ACQSTATE-02R-896f06c2a7c231ec,LAT-02R-517a9644e4f59287,UB-02R-c7cdba07fed2dfd7,5.599985066706489e-05,8.640964555304999e-06,Poisson_E_times_lambda,42.0,750002.0,normal_rate_diagnostic,discovery
SCAN-02R-68a1fdbd8955d9a4,36,36,FILE-02R-a486a5a1a77ae9d6,68,40.9982,42.0,750002.0,175.524,750002.0,monitor_raw,monitor_controlled,ACQSTATE-02R-896f06c2a7c231ec,LAT-02R-517a9644e4f59287,UB-02R-c7cdba07fed2dfd7,5.599985066706489e-05,8.640964555304999e-06,Poisson_E_times_lambda,42.0,750002.0,normal_rate_diagnostic,discovery
SCAN-02R-68a1fdbd8955d9a4,37,37,FILE-02R-a486a5a1a77ae9d6,69,41.9985,49.0,750003.0,180.082,750003.0,monitor_raw,monitor_controlled,ACQSTATE-02R-896f06c2a7c231ec,LAT-02R-517a9644e4f59287,UB-02R-c7cdba07fed2dfd7,6.533307200104532e-05,9.333296000149334e-06,Poisson_E_times_lambda,49.0,750003.0,normal_rate_diagnostic,discovery
SCAN-02R-68a1fdbd8955d9a4,38,38,FILE-02R-a486a5a1a77ae9d6,70,42.998,64.0,750003.0,185.163,750003.0,monitor_raw,monitor_controlled,ACQSTATE-02R-896f06c2a7c231ec,LAT-02R-517a9644e4f59287,UB-02R-c7cdba07fed2dfd7,8.533299200136533e-05,1.0666624000170666e-05,Poisson_E_times_lambda,64.0,750003.0,normal_rate_diagnostic,discovery
SCAN-02R-68a1fdbd8955d9a4,39,39,FILE-02R-a486a5a1a77ae9d6,71,43.998,87.0,750004.0,191.619,750004.0,monitor_raw,monitor_controlled,ACQSTATE-02R-896f06c2a7c231ec,LAT-02R-517a9644e4f59287,UB-02R-c7cdba07fed2dfd7,0.00011599938133663287,1.2436439076443346e-05,Poisson_E_times_lambda,87.0,750004.0,normal_rate_diagnostic,discovery
SCAN-02R-68a1fdbd8955d9a4,40,40,FILE-02R-a486a5a1a77ae9d6,72,44.9984,79.0,750004.0,199.488,750004.0,monitor_raw,monitor_controlled,ACQSTATE-02R-896f06c2a7c231ec,LAT-02R-517a9644e4f59287,UB-02R-c7cdba07fed2dfd7,0.00010533277155855168,1.1850862685153131e-05,Poisson_E_times_lambda,79.0,750004.0,normal_rate_diagnostic,discovery
SCAN-02R-68a1fdbd8955d9a4,41,41,FILE-02R-a486a5a1a77ae9d6,73,45.9982,51.0,750001.0,206.636,750001.0,monitor_raw,monitor_controlled,ACQSTATE-02R-896f06c2a7c231ec,LAT-02R-517a9644e4f59287,UB-02R-c7cdba07fed2dfd7,6.799990933345422e-05,9.521891875534633e-06,Poisson_E_times_lambda,51.0,750001.0,normal_rate_diagnostic,discovery
SCAN-02R-68a1fdbd8955d9a4,42,42,FILE-02R-a486a5a1a77ae9d6,74,46.9987,58.0,750000.0,214.702,750000.0,monitor_raw,monitor_controlled,ACQSTATE-02R-896f06c2a7c231ec,LAT-02R-517a9644e4f59287,UB-02R-c7cdba07fed2dfd7,7.733333333333333e-05,1.0154364141151878e-05,Poisson_E_times_lambda,58.0,750000.0,normal_rate_diagnostic,discovery
SCAN-02R-68a1fdbd8955d9a4,43,43,FILE-02R-a486a5a1a77ae9d6,75,47.9978,47.0,750000.0,221.393,750000.0,monitor_raw,monitor_controlled,ACQSTATE-02R-896f06c2a7c231ec,LAT-02R-517a9644e4f59287,UB-02R-c7cdba07fed2dfd7,6.266666666666667e-05,9.140872800534726e-06,Poisson_E_times_lambda,47.0,750000.0,normal_rate_diagnostic,discovery
SCAN-02R-68a1fdbd8955d9a4,44,44,FILE-02R-a486a5a1a77ae9d6,76,48.9984,30.0,750002.0,227.007,750002.0,monitor_raw,monitor_controlled,ACQSTATE-02R-896f06c2a7c231ec,LAT-02R-517a9644e4f59287,UB-02R-c7cdba07fed2dfd7,3.9999893333617774e-05,7.302947958874325e-06,Poisson_E_times_lambda,30.0,750002.0,normal_rate_diagnostic,discovery
SCAN-02R-68a1fdbd8955d9a4,45,45,FILE-02R-a486a5a1a77ae9d6,77,49.9982,42.0,750003.0,231.282,750003.0,monitor_raw,monitor_controlled,ACQSTATE-02R-896f06c2a7c231ec,LAT-02R-517a9644e4f59287,UB-02R-c7cdba07fed2dfd7,5.5999776000896e-05,8.640953034065011e-06,Poisson_E_times_lambda,42.0,750003.0,normal_rate_diagnostic,discovery
SCAN-02R-68a1fdbd8955d9a4,46,46,FILE-02R-a486a5a1a77ae9d6,78,50.9976,38.0,750000.0,233.644,750000.0,monitor_raw,monitor_controlled,ACQSTATE-02R-896f06c2a7c231ec,LAT-02R-517a9644e4f59287,UB-02R-c7cdba07fed2dfd7,5.066666666666667e-05,8.219218670625302e-06,Poisson_E_times_lambda,38.0,750000.0,normal_rate_diagnostic,discovery
SCAN-02R-68a1fdbd8955d9a4,47,47,FILE-02R-a486a5a1a77ae9d6,79,51.9971,29.0,750000.0,235.422,750000.0,monitor_raw,monitor_controlled,ACQSTATE-02R-896f06c2a7c231ec,LAT-02R-517a9644e4f59287,UB-02R-c7cdba07fed2dfd7,3.866666666666667e-05,7.180219742846005e-06,Poisson_E_times_lambda,29.0,750000.0,normal_rate_diagnostic,discovery
SCAN-02R-68a1fdbd8955d9a4,48,48,FILE-02R-a486a5a1a77ae9d6,80,52.9973,38.0,750000.0,238.435,750000.0,monitor_raw,monitor_controlled,ACQSTATE-02R-896f06c2a7c231ec,LAT-02R-517a9644e4f59287,UB-02R-c7cdba07fed2dfd7,5.066666666666667e-05,8.219218670625302e-06,Poisson_E_times_lambda,38.0,750000.0,normal_rate_diagnostic,discovery
SCAN-02R-68a1fdbd8955d9a4,49,49,FILE-02R-a486a5a1a77ae9d6,81,53.9976,20.0,750004.0,241.497,750004.0,monitor_raw,monitor_controlled,ACQSTATE-02R-896f06c2a7c231ec,LAT-02R-517a9644e4f59287,UB-02R-c7cdba07fed2dfd7,2.666652444520296e-05,5.962816138313368e-06,Poisson_E_times_lambda,20.0,750004.0,normal_rate_diagnostic,discovery
SCAN-02R-68a1fdbd8955d9a4,50,50,FILE-02R-a486a5a1a77ae9d6,82,54.9982,30.0,750002.0,246.121,750002.0,monitor_raw,monitor_controlled,ACQSTATE-02R-896f06c2a7c231ec,LAT-02R-517a9644e4f59287,UB-02R-c7cdba07fed2dfd7,3.9999893333617774e-05,7.302947958874325e-06,Poisson_E_times_lambda,30.0,750002.0,normal_rate_diagnostic,discovery
SCAN-02R-6fded6b51e0642a8,25,0,FILE-02R-5b72ee4e48fdf768,57,-0.0012,3036.0,950001.0,250.254,950001.0,monitor_raw,monitor_controlled,ACQSTATE-02R-896f06c2a7c231ec,LAT-02R-517a9644e4f59287,UB-02R-c7cdba07fed2dfd7,0.003195786109698832,5.7999843427347594e-05,Poisson_E_times_lambda,3036.0,950001.0,normal_rate_diagnostic,discovery
SCAN-02R-6fded6b51e0642a8,24,1,FILE-02R-5b72ee4e48fdf768,56,0.999,77.0,950001.0,257.989,950001.0,monitor_raw,monitor_controlled,ACQSTATE-02R-896f06c2a7c231ec,LAT-02R-517a9644e4f59287,UB-02R-c7cdba07fed2dfd7,8.105254626047762e-05,9.236794895365502e-06,Poisson_E_times_lambda,77.0,950001.0,normal_rate_diagnostic,discovery
SCAN-02R-6fded6b51e0642a8,23,2,FILE-02R-5b72ee4e48fdf768,55,1.9993,44.0,950007.0,224.28,950007.0,monitor_raw,monitor_controlled,ACQSTATE-02R-896f06c2a7c231ec,LAT-02R-517a9644e4f59287,UB-02R-c7cdba07fed2dfd7,4.631544820196062e-05,6.982316531047455e-06,Poisson_E_times_lambda,44.0,950007.0,normal_rate_diagnostic,discovery
SCAN-02R-6fded6b51e0642a8,22,3,FILE-02R-5b72ee4e48fdf768,54,2.999,53.0,950003.0,216.515,950003.0,monitor_raw,monitor_controlled,ACQSTATE-02R-896f06c2a7c231ec,LAT-02R-517a9644e4f59287,UB-02R-c7cdba07fed2dfd7,5.578929750748156e-05,7.663249367928858e-06,Poisson_E_times_lambda,53.0,950003.0,normal_rate_diagnostic,discovery
SCAN-02R-6fded6b51e0642a8,21,4,FILE-02R-5b72ee4e48fdf768,53,3.999,53.0,950000.0,209.753,950000.0,monitor_raw,monitor_controlled,ACQSTATE-02R-896f06c2a7c231ec,LAT-02R-517a9644e4f59287,UB-02R-c7cdba07fed2dfd7,5.5789473684210526e-05,7.663273567663703e-06,Poisson_E_times_lambda,53.0,950000.0,normal_rate_diagnostic,discovery
SCAN-02R-6fded6b51e0642a8,20,5,FILE-02R-5b72ee4e48fdf768,52,4.9984,67.0,950002.0,211.222,950002.0,monitor_raw,monitor_controlled,ACQSTATE-02R-896f06c2a7c231ec,LAT-02R-517a9644e4f59287,UB-02R-c7cdba07fed2dfd7,7.052616731333197e-05,8.616142673249583e-06,Poisson_E_times_lambda,67.0,950002.0,normal_rate_diagnostic,discovery
SCAN-02R-6fded6b51e0642a8,19,6,FILE-02R-5b72ee4e48fdf768,51,5.9985,47.0,950005.0,195.337,950005.0,monitor_raw,monitor_controlled,ACQSTATE-02R-896f06c2a7c231ec,LAT-02R-517a9644e4f59287,UB-02R-c7cdba07fed2dfd7,4.947342382408513e-05,7.216440545471912e-06,Poisson_E_times_lambda,47.0,950005.0,normal_rate_diagnostic,discovery
SCAN-02R-6fded6b51e0642a8,18,7,FILE-02R-5b72ee4e48fdf768,50,6.9985,43.0,950002.0,181.157,950002.0,monitor_raw,monitor_controlled,ACQSTATE-02R-896f06c2a7c231ec,LAT-02R-517a9644e4f59287,UB-02R-c7cdba07fed2dfd7,4.526306260407873e-05,6.9025523359971875e-06,Poisson_E_times_lambda,43.0,950002.0,normal_rate_diagnostic,discovery
SCAN-02R-6fded6b51e0642a8,17,8,FILE-02R-5b72ee4e48fdf768,49,7.9987,41.0,950003.0,186.426,950003.0,monitor_raw,monitor_controlled,ACQSTATE-02R-896f06c2a7c231ec,LAT-02R-517a9644e4f59287,UB-02R-c7cdba07fed2dfd7,4.315775844918384e-05,6.740109491688814e-06,Poisson_E_times_lambda,41.0,950003.0,normal_rate_diagnostic,discovery
SCAN-02R-6fded6b51e0642a8,16,9,FILE-02R-5b72ee4e48fdf768,48,8.9986,30.0,950000.0,198.424,950000.0,monitor_raw,monitor_controlled,ACQSTATE-02R-896f06c2a7c231ec,LAT-02R-517a9644e4f59287,UB-02R-c7cdba07fed2dfd7,3.157894736842105e-05,5.765500605317538e-06,Poisson_E_times_lambda,30.0,950000.0,normal_rate_diagnostic,discovery
SCAN-02R-6fded6b51e0642a8,15,10,FILE-02R-5b72ee4e48fdf768,47,9.9984,46.0,950000.0,191.242,950000.0,monitor_raw,monitor_controlled,ACQSTATE-02R-896f06c2a7c231ec,LAT-02R-517a9644e4f59287,UB-02R-c7cdba07fed2dfd7,4.842105263157895e-05,7.139294719079229e-06,Poisson_E_times_lambda,46.0,950000.0,normal_rate_diagnostic,discovery
SCAN-02R-6fded6b51e0642a8,14,11,FILE-02R-5b72ee4e48fdf768,46,10.9987,30.0,950005.0,179.038,950005.0,monitor_raw,monitor_controlled,ACQSTATE-02R-896f06c2a7c231ec,LAT-02R-517a9644e4f59287,UB-02R-c7cdba07fed2dfd7,3.1578781164309665e-05,5.765470260737219e-06,Poisson_E_times_lambda,30.0,950005.0,normal_rate_diagnostic,discovery
SCAN-02R-6fded6b51e0642a8,13,12,FILE-02R-5b72ee4e48fdf768,45,11.9987,54.0,950001.0,168.565,950001.0,monitor_raw,monitor_controlled,ACQSTATE-02R-896f06c2a7c231ec,LAT-02R-517a9644e4f59287,UB-02R-c7cdba07fed2dfd7,5.684204542942586e-05,7.735222624344116e-06,Poisson_E_times_lambda,54.0,950001.0,normal_rate_diagnostic,discovery
SCAN-02R-6fded6b51e0642a8,12,13,FILE-02R-5b72ee4e48fdf768,44,12.9979,36.0,950005.0,162.195,950005.0,monitor_raw,monitor_controlled,ACQSTATE-02R-896f06c2a7c231ec,LAT-02R-517a9644e4f59287,UB-02R-c7cdba07fed2dfd7,3.7894537397171597e-05,6.3157562328619325e-06,Poisson_E_times_lambda,36.0,950005.0,normal_rate_diagnostic,discovery
SCAN-02R-6fded6b51e0642a8,11,14,FILE-02R-5b72ee4e48fdf768,43,13.9979,40.0,950007.0,158.922,950007.0,monitor_raw,monitor_controlled,ACQSTATE-02R-896f06c2a7c231ec,LAT-02R-517a9644e4f59287,UB-02R-c7cdba07fed2dfd7,4.210495291087329e-05,6.657377598624809e-06,Poisson_E_times_lambda,40.0,950007.0,normal_rate_diagnostic,discovery
SCAN-02R-6fded6b51e0642a8,10,15,FILE-02R-5b72ee4e48fdf768,42,14.9983,38.0,950005.0,159.136,950005.0,monitor_raw,monitor_controlled,ACQSTATE-02R-896f06c2a7c231ec,LAT-02R-517a9644e4f59287,UB-02R-c7cdba07fed2dfd7,3.9999789474792236e-05,6.488822693532114e-06,Poisson_E_times_lambda,38.0,950005.0,normal_rate_diagnostic,discovery
SCAN-02R-6fded6b51e0642a8,9,16,FILE-02R-5b72ee4e48fdf768,41,15.9986,27.0,950007.0,159.107,950007.0,monitor_raw,monitor_controlled,ACQSTATE-02R-896f06c2a7c231ec,LAT-02R-517a9644e4f59287,UB-02R-c7cdba07fed2dfd7,2.842084321483947e-05,5.469593826894572e-06,Poisson_E_times_lambda,27.0,950007.0,normal_rate_diagnostic,discovery
SCAN-02R-6fded6b51e0642a8,8,17,FILE-02R-5b72ee4e48fdf768,40,16.998,47.0,950003.0,159.055,950003.0,monitor_raw,monitor_controlled,ACQSTATE-02R-896f06c2a7c231ec,LAT-02R-517a9644e4f59287,UB-02R-c7cdba07fed2dfd7,4.94735279783327e-05,7.216455737930347e-06,Poisson_E_times_lambda,47.0,950003.0,normal_rate_diagnostic,discovery
SCAN-02R-6fded6b51e0642a8,7,18,FILE-02R-5b72ee4e48fdf768,39,17.9987,63.0,950008.0,162.65,950008.0,monitor_raw,monitor_controlled,ACQSTATE-02R-896f06c2a7c231ec,LAT-02R-517a9644e4f59287,UB-02R-c7cdba07fed2dfd7,6.631523102963343e-05,8.354933782866851e-06,Poisson_E_times_lambda,63.0,950008.0,normal_rate_diagnostic,discovery
SCAN-02R-6fded6b51e0642a8,6,19,FILE-02R-5b72ee4e48fdf768,38,18.9988,32.0,950003.0,169.886,950003.0,monitor_raw,monitor_controlled,ACQSTATE-02R-896f06c2a7c231ec,LAT-02R-517a9644e4f59287,UB-02R-c7cdba07fed2dfd7,3.368410415546056e-05,5.9545646166300325e-06,Poisson_E_times_lambda,32.0,950003.0,normal_rate_diagnostic,discovery
SCAN-02R-6fded6b51e0642a8,5,20,FILE-02R-5b72ee4e48fdf768,37,19.9984,32.0,950002.0,173.287,950002.0,monitor_raw,monitor_controlled,ACQSTATE-02R-896f06c2a7c231ec,LAT-02R-517a9644e4f59287,UB-02R-c7cdba07fed2dfd7,3.368413961233766e-05,5.954570884579591e-06,Poisson_E_times_lambda,32.0,950002.0,normal_rate_diagnostic,discovery
SCAN-02R-6fded6b51e0642a8,4,21,FILE-02R-5b72ee4e48fdf768,36,20.9983,31.0,950003.0,170.838,950003.0,monitor_raw,monitor_controlled,ACQSTATE-02R-896f06c2a7c231ec,LAT-02R-517a9644e4f59287,UB-02R-c7cdba07fed2dfd7,3.263147590060242e-05,5.860786084707123e-06,Poisson_E_times_lambda,31.0,950003.0,normal_rate_diagnostic,discovery
SCAN-02R-6fded6b51e0642a8,3,22,FILE-02R-5b72ee4e48fdf768,35,21.9982,45.0,950000.0,165.379,950000.0,monitor_raw,monitor_controlled,ACQSTATE-02R-896f06c2a7c231ec,LAT-02R-517a9644e4f59287,UB-02R-c7cdba07fed2dfd7,4.736842105263158e-05,7.061267297367757e-06,Poisson_E_times_lambda,45.0,950000.0,normal_rate_diagnostic,discovery
SCAN-02R-6fded6b51e0642a8,2,23,FILE-02R-5b72ee4e48fdf768,34,22.9982,22.0,950002.0,160.07,950002.0,monitor_raw,monitor_controlled,ACQSTATE-02R-896f06c2a7c231ec,LAT-02R-517a9644e4f59287,UB-02R-c7cdba07fed2dfd7,2.315784598348214e-05,4.937269352931288e-06,Poisson_E_times_lambda,22.0,950002.0,normal_rate_diagnostic,discovery
SCAN-02R-6fded6b51e0642a8,1,24,FILE-02R-5b72ee4e48fdf768,33,23.9985,32.0,950003.0,155.767,950003.0,monitor_raw,monitor_controlled,ACQSTATE-02R-896f06c2a7c231ec,LAT-02R-517a9644e4f59287,UB-02R-c7cdba07fed2dfd7,3.368410415546056e-05,5.9545646166300325e-06,Poisson_E_times_lambda,32.0,950003.0,normal_rate_diagnostic,discovery
SCAN-02R-6fded6b51e0642a8,0,25,FILE-02R-5b72ee4e48fdf768,32,24.9982,33.0,950004.0,159.098,950004.0,monitor_raw,monitor_controlled,ACQSTATE-02R-896f06c2a7c231ec,LAT-02R-517a9644e4f59287,UB-02R-c7cdba07fed2dfd7,3.473669584549118e-05,6.046882588429132e-06,Poisson_E_times_lambda,33.0,950004.0,normal_rate_diagnostic,discovery
SCAN-02R-708cf4d83a29d78f,25,0,FILE-02R-ed51193e6b95f684,57,-0.0013,3079.0,950001.0,249.864,950001.0,monitor_raw,monitor_controlled,ACQSTATE-02R-896f06c2a7c231ec,LAT-02R-517a9644e4f59287,UB-02R-c7cdba07fed2dfd7,0.0032410492199481896,5.840913598619404e-05,Poisson_E_times_lambda,3079.0,950001.0,normal_rate_diagnostic,discovery
SCAN-02R-708cf4d83a29d78f,24,1,FILE-02R-ed51193e6b95f684,56,0.9987,82.0,950000.0,258.821,950000.0,monitor_raw,monitor_controlled,ACQSTATE-02R-896f06c2a7c231ec,LAT-02R-517a9644e4f59287,UB-02R-c7cdba07fed2dfd7,8.631578947368421e-05,9.531984355934123e-06,Poisson_E_times_lambda,82.0,950000.0,normal_rate_diagnostic,discovery
SCAN-02R-708cf4d83a29d78f,23,2,FILE-02R-ed51193e6b95f684,55,1.9989,48.0,950002.0,225.137,950002.0,monitor_raw,monitor_controlled,ACQSTATE-02R-896f06c2a7c231ec,LAT-02R-517a9644e4f59287,UB-02R-c7cdba07fed2dfd7,5.0526209418506486e-05,7.2928301522265305e-06,Poisson_E_times_lambda,48.0,950002.0,normal_rate_diagnostic,discovery
SCAN-02R-708cf4d83a29d78f,22,3,FILE-02R-ed51193e6b95f684,54,2.999,48.0,950000.0,217.287,950000.0,monitor_raw,monitor_controlled,ACQSTATE-02R-896f06c2a7c231ec,LAT-02R-517a9644e4f59287,UB-02R-c7cdba07fed2dfd7,5.052631578947368e-05,7.292845505553167e-06,Poisson_E_times_lambda,48.0,950000.0,normal_rate_diagnostic,discovery
SCAN-02R-708cf4d83a29d78f,21,4,FILE-02R-ed51193e6b95f684,53,3.9985,52.0,950003.0,209.871,950003.0,monitor_raw,monitor_controlled,ACQSTATE-02R-896f06c2a7c231ec,LAT-02R-517a9644e4f59287,UB-02R-c7cdba07fed2dfd7,5.473666925262341e-05,7.590610293786418e-06,Poisson_E_times_lambda,52.0,950003.0,normal_rate_diagnostic,discovery
SCAN-02R-708cf4d83a29d78f,20,5,FILE-02R-ed51193e6b95f684,52,4.9984,54.0,950003.0,212.492,950003.0,monitor_raw,monitor_controlled,ACQSTATE-02R-896f06c2a7c231ec,LAT-02R-517a9644e4f59287,UB-02R-c7cdba07fed2dfd7,5.68419257623397e-05,7.735206339716333e-06,Poisson_E_times_lambda,54.0,950003.0,normal_rate_diagnostic,discovery
SCAN-02R-708cf4d83a29d78f,19,6,FILE-02R-ed51193e6b95f684,51,5.9986,47.0,950005.0,195.843,950005.0,monitor_raw,monitor_controlled,ACQSTATE-02R-896f06c2a7c231ec,LAT-02R-517a9644e4f59287,UB-02R-c7cdba07fed2dfd7,4.947342382408513e-05,7.216440545471912e-06,Poisson_E_times_lambda,47.0,950005.0,normal_rate_diagnostic,discovery
SCAN-02R-708cf4d83a29d78f,18,7,FILE-02R-ed51193e6b95f684,50,6.9986,59.0,950008.0,181.911,950008.0,monitor_raw,monitor_controlled,ACQSTATE-02R-896f06c2a7c231ec,LAT-02R-517a9644e4f59287,UB-02R-c7cdba07fed2dfd7,6.210474017060909e-05,8.085348489558623e-06,Poisson_E_times_lambda,59.0,950008.0,normal_rate_diagnostic,discovery
SCAN-02R-708cf4d83a29d78f,17,8,FILE-02R-ed51193e6b95f684,49,7.9986,60.0,950005.0,186.942,950005.0,monitor_raw,monitor_controlled,ACQSTATE-02R-896f06c2a7c231ec,LAT-02R-517a9644e4f59287,UB-02R-c7cdba07fed2dfd7,6.315756232861933e-05,8.153606236193319e-06,Poisson_E_times_lambda,60.0,950005.0,normal_rate_diagnostic,discovery
SCAN-02R-708cf4d83a29d78f,16,9,FILE-02R-ed51193e6b95f684,48,8.9987,55.0,950002.0,199.241,950002.0,monitor_raw,monitor_controlled,ACQSTATE-02R-896f06c2a7c231ec,LAT-02R-517a9644e4f59287,UB-02R-c7cdba07fed2dfd7,5.789461495870535e-05,7.806508288504302e-06,Poisson_E_times_lambda,55.0,950002.0,normal_rate_diagnostic,discovery
SCAN-02R-708cf4d83a29d78f,15,10,FILE-02R-ed51193e6b95f684,47,9.9987,42.0,950008.0,191.77,950008.0,monitor_raw,monitor_controlled,ACQSTATE-02R-896f06c2a7c231ec,LAT-02R-517a9644e4f59287,UB-02R-c7cdba07fed2dfd7,4.421015401975562e-05,6.8217748675883364e-06,Poisson_E_times_lambda,42.0,950008.0,normal_rate_diagnostic,discovery
SCAN-02R-708cf4d83a29d78f,14,11,FILE-02R-ed51193e6b95f684,46,10.9987,42.0,950006.0,179.444,950006.0,monitor_raw,monitor_controlled,ACQSTATE-02R-896f06c2a7c231ec,LAT-02R-517a9644e4f59287,UB-02R-c7cdba07fed2dfd7,4.4210247093176254e-05,6.821789229128932e-06,Poisson_E_times_lambda,42.0,950006.0,normal_rate_diagnostic,discovery
SCAN-02R-708cf4d83a29d78f,13,12,FILE-02R-ed51193e6b95f684,45,11.9987,33.0,950004.0,168.66,950004.0,monitor_raw,monitor_controlled,ACQSTATE-02R-896f06c2a7c231ec,LAT-02R-517a9644e4f59287,UB-02R-c7cdba07fed2dfd7,3.473669584549118e-05,6.046882588429132e-06,Poisson_E_times_lambda,33.0,950004.0,normal_rate_diagnostic,discovery
SCAN-02R-708cf4d83a29d78f,12,13,FILE-02R-ed51193e6b95f684,44,12.9984,30.0,950001.0,161.829,950001.0,monitor_raw,monitor_controlled,ACQSTATE-02R-896f06c2a7c231ec,LAT-02R-517a9644e4f59287,UB-02R-c7cdba07fed2dfd7,3.1578914127458816e-05,5.765494536375921e-06,Poisson_E_times_lambda,30.0,950001.0,normal_rate_diagnostic,discovery
SCAN-02R-708cf4d83a29d78f,11,14,FILE-02R-ed51193e6b95f684,43,13.9984,49.0,950001.0,159.781,950001.0,monitor_raw,monitor_controlled,ACQSTATE-02R-896f06c2a7c231ec,LAT-02R-517a9644e4f59287,UB-02R-c7cdba07fed2dfd7,5.15788930748494e-05,7.3684132964070565e-06,Poisson_E_times_lambda,49.0,950001.0,normal_rate_diagnostic,discovery
SCAN-02R-708cf4d83a29d78f,10,15,FILE-02R-ed51193e6b95f684,42,14.9982,39.0,950002.0,158.921,950002.0,monitor_raw,monitor_controlled,ACQSTATE-02R-896f06c2a7c231ec,LAT-02R-517a9644e4f59287,UB-02R-c7cdba07fed2dfd7,4.105254515253652e-05,6.573668264275652e-06,Poisson_E_times_lambda,39.0,950002.0,normal_rate_diagnostic,discovery
SCAN-02R-708cf4d83a29d78f,9,16,FILE-02R-ed51193e6b95f684,41,15.9981,45.0,950004.0,159.484,950004.0,monitor_raw,monitor_controlled,ACQSTATE-02R-896f06c2a7c231ec,LAT-02R-517a9644e4f59287,UB-02R-c7cdba07fed2dfd7,4.7368221607487966e-05,7.061237565841164e-06,Poisson_E_times_lambda,45.0,950004.0,normal_rate_diagnostic,discovery
SCAN-02R-708cf4d83a29d78f,8,17,FILE-02R-ed51193e6b95f684,40,16.9984,43.0,950007.0,159.836,950007.0,monitor_raw,monitor_controlled,ACQSTATE-02R-896f06c2a7c231ec,LAT-02R-517a9644e4f59287,UB-02R-c7cdba07fed2dfd7,4.526282437918878e-05,6.902516007042054e-06,Poisson_E_times_lambda,43.0,950007.0,normal_rate_diagnostic,discovery
SCAN-02R-708cf4d83a29d78f,7,18,FILE-02R-ed51193e6b95f684,39,17.9981,41.0,950008.0,163.05,950008.0,monitor_raw,monitor_controlled,ACQSTATE-02R-896f06c2a7c231ec,LAT-02R-517a9644e4f59287,UB-02R-c7cdba07fed2dfd7,4.3157531304999535e-05,6.740074017727059e-06,Poisson_E_times_lambda,41.0,950008.0,normal_rate_diagnostic,discovery
SCAN-02R-708cf4d83a29d78f,6,19,FILE-02R-ed51193e6b95f684,38,18.9988,44.0,950003.0,170.484,950003.0,monitor_raw,monitor_controlled,ACQSTATE-02R-896f06c2a7c231ec,LAT-02R-517a9644e4f59287,UB-02R-c7cdba07fed2dfd7,4.631564321375827e-05,6.982345930182115e-06,Poisson_E_times_lambda,44.0,950003.0,normal_rate_diagnostic,discovery
SCAN-02R-708cf4d83a29d78f,5,20,FILE-02R-ed51193e6b95f684,37,19.9983,40.0,950002.0,173.616,950002.0,monitor_raw,monitor_controlled,ACQSTATE-02R-896f06c2a7c231ec,LAT-02R-517a9644e4f59287,UB-02R-c7cdba07fed2dfd7,4.2105174515422076e-05,6.65741263738051e-06,Poisson_E_times_lambda,40.0,950002.0,normal_rate_diagnostic,discovery
SCAN-02R-708cf4d83a29d78f,4,21,FILE-02R-ed51193e6b95f684,36,20.9983,24.0,950001.0,170.686,950001.0,monitor_raw,monitor_controlled,ACQSTATE-02R-896f06c2a7c231ec,LAT-02R-517a9644e4f59287,UB-02R-c7cdba07fed2dfd7,2.526313130196705e-05,5.156815082896077e-06,Poisson_E_times_lambda,24.0,950001.0,normal_rate_diagnostic,discovery
SCAN-02R-708cf4d83a29d78f,3,22,FILE-02R-ed51193e6b95f684,35,21.9982,28.0,950001.0,165.055,950001.0,monitor_raw,monitor_controlled,ACQSTATE-02R-896f06c2a7c231ec,LAT-02R-517a9644e4f59287,UB-02R-c7cdba07fed2dfd7,2.9473653185628226e-05,5.569996896981352e-06,Poisson_E_times_lambda,28.0,950001.0,normal_rate_diagnostic,discovery
SCAN-02R-708cf4d83a29d78f,2,23,FILE-02R-ed51193e6b95f684,34,22.9982,22.0,950005.0,160.167,950005.0,monitor_raw,monitor_controlled,ACQSTATE-02R-896f06c2a7c231ec,LAT-02R-517a9644e4f59287,UB-02R-c7cdba07fed2dfd7,2.3157772853827084e-05,4.937253761636444e-06,Poisson_E_times_lambda,22.0,950005.0,normal_rate_diagnostic,discovery
SCAN-02R-708cf4d83a29d78f,1,24,FILE-02R-ed51193e6b95f684,33,23.9985,15.0,950007.0,157.572,950007.0,monitor_raw,monitor_controlled,ACQSTATE-02R-896f06c2a7c231ec,LAT-02R-517a9644e4f59287,UB-02R-c7cdba07fed2dfd7,1.5789357341577482e-05,4.0767945354164936e-06,Poisson_E_times_lambda,15.0,950007.0,normal_rate_diagnostic,discovery
SCAN-02R-708cf4d83a29d78f,0,25,FILE-02R-ed51193e6b95f684,32,24.9982,23.0,950003.0,158.221,950003.0,monitor_raw,monitor_controlled,ACQSTATE-02R-896f06c2a7c231ec,LAT-02R-517a9644e4f59287,UB-02R-c7cdba07fed2dfd7,2.421044986173728e-05,5.048227766978335e-06,Poisson_E_times_lambda,23.0,950003.0,normal_rate_diagnostic,discovery
SCAN-02R-7118d0dce593edea,0,0,FILE-02R-c3e24502c9f0d434,32,-0.0011,1814.0,750000.0,197.151,750000.0,monitor_raw,monitor_controlled,ACQSTATE-02R-896f06c2a7c231ec,LAT-02R-517a9644e4f59287,UB-02R-c7cdba07fed2dfd7,0.0024186666666666666,5.678810517079162e-05,Poisson_E_times_lambda,1814.0,750000.0,normal_rate_diagnostic,discovery
SCAN-02R-7118d0dce593edea,1,1,FILE-02R-c3e24502c9f0d434,33,0.9986,51.0,750001.0,204.941,750001.0,monitor_raw,monitor_controlled,ACQSTATE-02R-896f06c2a7c231ec,LAT-02R-517a9644e4f59287,UB-02R-c7cdba07fed2dfd7,6.799990933345422e-05,9.521891875534633e-06,Poisson_E_times_lambda,51.0,750001.0,normal_rate_diagnostic,discovery
SCAN-02R-7118d0dce593edea,2,2,FILE-02R-c3e24502c9f0d434,34,1.9987,30.0,750006.0,179.871,750006.0,monitor_raw,monitor_controlled,ACQSTATE-02R-896f06c2a7c231ec,LAT-02R-517a9644e4f59287,UB-02R-c7cdba07fed2dfd7,3.999968000255998e-05,7.302909010130134e-06,Poisson_E_times_lambda,30.0,750006.0,normal_rate_diagnostic,discovery
SCAN-02R-7118d0dce593edea,3,3,FILE-02R-c3e24502c9f0d434,35,2.9986,45.0,750005.0,172.815,750005.0,monitor_raw,monitor_controlled,ACQSTATE-02R-896f06c2a7c231ec,LAT-02R-517a9644e4f59287,UB-02R-c7cdba07fed2dfd7,5.999960000266665e-05,8.94421228191728e-06,Poisson_E_times_lambda,45.0,750005.0,normal_rate_diagnostic,discovery
SCAN-02R-7118d0dce593edea,4,4,FILE-02R-c3e24502c9f0d434,36,3.9986,47.0,750000.0,166.559,750000.0,monitor_raw,monitor_controlled,ACQSTATE-02R-896f06c2a7c231ec,LAT-02R-517a9644e4f59287,UB-02R-c7cdba07fed2dfd7,6.266666666666667e-05,9.140872800534726e-06,Poisson_E_times_lambda,47.0,750000.0,normal_rate_diagnostic,discovery
SCAN-02R-7118d0dce593edea,5,5,FILE-02R-c3e24502c9f0d434,37,4.9983,42.0,750000.0,168.722,750000.0,monitor_raw,monitor_controlled,ACQSTATE-02R-896f06c2a7c231ec,LAT-02R-517a9644e4f59287,UB-02R-c7cdba07fed2dfd7,5.6e-05,8.640987597877147e-06,Poisson_E_times_lambda,42.0,750000.0,normal_rate_diagnostic,discovery
SCAN-02R-7118d0dce593edea,6,6,FILE-02R-c3e24502c9f0d434,38,5.9986,32.0,750003.0,155.54,750003.0,monitor_raw,monitor_controlled,ACQSTATE-02R-896f06c2a7c231ec,LAT-02R-517a9644e4f59287,UB-02R-c7cdba07fed2dfd7,4.2666496000682666e-05,7.542442162887856e-06,Poisson_E_times_lambda,32.0,750003.0,normal_rate_diagnostic,discovery
SCAN-02R-7118d0dce593edea,7,7,FILE-02R-c3e24502c9f0d434,39,6.9985,50.0,750001.0,143.624,750001.0,monitor_raw,monitor_controlled,ACQSTATE-02R-896f06c2a7c231ec,LAT-02R-517a9644e4f59287,UB-02R-c7cdba07fed2dfd7,6.66665777778963e-05,9.428077845050174e-06,Poisson_E_times_lambda,50.0,750001.0,normal_rate_diagnostic,discovery
SCAN-02R-7118d0dce593edea,8,8,FILE-02R-c3e24502c9f0d434,40,7.9984,48.0,750000.0,147.984,750000.0,monitor_raw,monitor_controlled,ACQSTATE-02R-896f06c2a7c231ec,LAT-02R-517a9644e4f59287,UB-02R-c7cdba07fed2dfd7,6.4e-05,9.237604307034013e-06,Poisson_E_times_lambda,48.0,750000.0,normal_rate_diagnostic,discovery
SCAN-02R-7118d0dce593edea,9,9,FILE-02R-c3e24502c9f0d434,41,8.9982,44.0,750007.0,157.23,750007.0,monitor_raw,monitor_controlled,ACQSTATE-02R-896f06c2a7c231ec,LAT-02R-517a9644e4f59287,UB-02R-c7cdba07fed2dfd7,5.866611911622158e-05,8.844250227945605e-06,Poisson_E_times_lambda,44.0,750007.0,normal_rate_diagnostic,discovery
SCAN-02R-7118d0dce593edea,10,10,FILE-02R-c3e24502c9f0d434,42,9.9982,37.0,750007.0,151.445,750007.0,monitor_raw,monitor_controlled,ACQSTATE-02R-896f06c2a7c231ec,LAT-02R-517a9644e4f59287,UB-02R-c7cdba07fed2dfd7,4.933287289318633e-05,8.110274344503744e-06,Poisson_E_times_lambda,37.0,750007.0,normal_rate_diagnostic,discovery
SCAN-02R-7118d0dce593edea,11,11,FILE-02R-c3e24502c9f0d434,43,10.9986,41.0,750000.0,141.882,750000.0,monitor_raw,monitor_controlled,ACQSTATE-02R-896f06c2a7c231ec,LAT-02R-517a9644e4f59287,UB-02R-c7cdba07fed2dfd7,5.466666666666667e-05,8.537498983243797e-06,Poisson_E_times_lambda,41.0,750000.0,normal_rate_diagnostic,discovery
SCAN-02R-7118d0dce593edea,12,12,FILE-02R-c3e24502c9f0d434,44,11.9984,37.0,750002.0,132.722,750002.0,monitor_raw,monitor_controlled,ACQSTATE-02R-896f06c2a7c231ec,LAT-02R-517a9644e4f59287,UB-02R-c7cdba07fed2dfd7,4.933320177812859e-05,8.110328412855191e-06,Poisson_E_times_lambda,37.0,750002.0,normal_rate_diagnostic,discovery
SCAN-02R-7118d0dce593edea,13,13,FILE-02R-c3e24502c9f0d434,45,12.9985,40.0,750006.0,128.236,750006.0,monitor_raw,monitor_controlled,ACQSTATE-02R-896f06c2a7c231ec,LAT-02R-517a9644e4f59287,UB-02R-c7cdba07fed2dfd7,5.3332906670079974e-05,8.432672965731953e-06,Poisson_E_times_lambda,40.0,750006.0,normal_rate_diagnostic,discovery
SCAN-02R-7118d0dce593edea,14,14,FILE-02R-c3e24502c9f0d434,46,13.9983,41.0,750000.0,126.093,750000.0,monitor_raw,monitor_controlled,ACQSTATE-02R-896f06c2a7c231ec,LAT-02R-517a9644e4f59287,UB-02R-c7cdba07fed2dfd7,5.466666666666667e-05,8.537498983243797e-06,Poisson_E_times_lambda,41.0,750000.0,normal_rate_diagnostic,discovery
SCAN-02R-7118d0dce593edea,15,15,FILE-02R-c3e24502c9f0d434,47,14.9987,32.0,750006.0,126.012,750006.0,monitor_raw,monitor_controlled,ACQSTATE-02R-896f06c2a7c231ec,LAT-02R-517a9644e4f59287,UB-02R-c7cdba07fed2dfd7,4.266632533606398e-05,7.5424119933605605e-06,Poisson_E_times_lambda,32.0,750006.0,normal_rate_diagnostic,discovery
SCAN-02R-7118d0dce593edea,16,16,FILE-02R-c3e24502c9f0d434,48,15.9981,38.0,750000.0,126.384,750000.0,monitor_raw,monitor_controlled,ACQSTATE-02R-896f06c2a7c231ec,LAT-02R-517a9644e4f59287,UB-02R-c7cdba07fed2dfd7,5.066666666666667e-05,8.219218670625302e-06,Poisson_E_times_lambda,38.0,750000.0,normal_rate_diagnostic,discovery
SCAN-02R-7118d0dce593edea,17,17,FILE-02R-c3e24502c9f0d434,49,16.998,33.0,750004.0,126.008,750004.0,monitor_raw,monitor_controlled,ACQSTATE-02R-896f06c2a7c231ec,LAT-02R-517a9644e4f59287,UB-02R-c7cdba07fed2dfd7,4.399976533458488e-05,7.659376012045307e-06,Poisson_E_times_lambda,33.0,750004.0,normal_rate_diagnostic,discovery
SCAN-02R-7118d0dce593edea,18,18,FILE-02R-c3e24502c9f0d434,50,17.9981,40.0,750004.0,128.926,750004.0,monitor_raw,monitor_controlled,ACQSTATE-02R-896f06c2a7c231ec,LAT-02R-517a9644e4f59287,UB-02R-c7cdba07fed2dfd7,5.333304889040592e-05,8.432695452739931e-06,Poisson_E_times_lambda,40.0,750004.0,normal_rate_diagnostic,discovery
SCAN-02R-7118d0dce593edea,19,19,FILE-02R-c3e24502c9f0d434,51,18.9988,29.0,750004.0,134.809,750004.0,monitor_raw,monitor_controlled,ACQSTATE-02R-896f06c2a7c231ec,LAT-02R-517a9644e4f59287,UB-02R-c7cdba07fed2dfd7,3.866646044554429e-05,7.180181448544946e-06,Poisson_E_times_lambda,29.0,750004.0,normal_rate_diagnostic,discovery
SCAN-02R-7118d0dce593edea,20,20,FILE-02R-c3e24502c9f0d434,52,19.9984,37.0,750005.0,137.478,750005.0,monitor_raw,monitor_controlled,ACQSTATE-02R-896f06c2a7c231ec,LAT-02R-517a9644e4f59287,UB-02R-c7cdba07fed2dfd7,4.9333004446637025e-05,8.110295971757814e-06,Poisson_E_times_lambda,37.0,750005.0,normal_rate_diagnostic,discovery
SCAN-02R-7118d0dce593edea,21,21,FILE-02R-c3e24502c9f0d434,53,20.9979,39.0,750003.0,135.475,750003.0,monitor_raw,monitor_controlled,ACQSTATE-02R-896f06c2a7c231ec,LAT-02R-517a9644e4f59287,UB-02R-c7cdba07fed2dfd7,5.1999792000832e-05,8.326630691341766e-06,Poisson_E_times_lambda,39.0,750003.0,normal_rate_diagnostic,discovery
SCAN-02R-7118d0dce593edea,22,22,FILE-02R-c3e24502c9f0d434,54,21.9983,19.0,750002.0,131.066,750002.0,monitor_raw,monitor_controlled,ACQSTATE-02R-896f06c2a7c231ec,LAT-02R-517a9644e4f59287,UB-02R-c7cdba07fed2dfd7,2.5333265777957927e-05,5.811849759788206e-06,Poisson_E_times_lambda,19.0,750002.0,normal_rate_diagnostic,discovery
SCAN-02R-7118d0dce593edea,23,23,FILE-02R-c3e24502c9f0d434,55,22.9982,39.0,750002.0,126.809,750002.0,monitor_raw,monitor_controlled,ACQSTATE-02R-896f06c2a7c231ec,LAT-02R-517a9644e4f59287,UB-02R-c7cdba07fed2dfd7,5.199986133370311e-05,8.326641793486416e-06,Poisson_E_times_lambda,39.0,750002.0,normal_rate_diagnostic,discovery
SCAN-02R-7118d0dce593edea,24,24,FILE-02R-c3e24502c9f0d434,56,23.9985,33.0,750002.0,124.824,750002.0,monitor_raw,monitor_controlled,ACQSTATE-02R-896f06c2a7c231ec,LAT-02R-517a9644e4f59287,UB-02R-c7cdba07fed2dfd7,4.3999882666979556e-05,7.65939643699354e-06,Poisson_E_times_lambda,33.0,750002.0,normal_rate_diagnostic,discovery
SCAN-02R-7118d0dce593edea,25,25,FILE-02R-c3e24502c9f0d434,57,24.9976,31.0,750001.0,125.544,750001.0,monitor_raw,monitor_controlled,ACQSTATE-02R-896f06c2a7c231ec,LAT-02R-517a9644e4f59287,UB-02R-c7cdba07fed2dfd7,4.1333278222295705e-05,7.423675918872137e-06,Poisson_E_times_lambda,31.0,750001.0,normal_rate_diagnostic,discovery
SCAN-02R-7118d0dce593edea,26,26,FILE-02R-c3e24502c9f0d434,58,25.9983,29.0,750001.0,129.381,750001.0,monitor_raw,monitor_controlled,ACQSTATE-02R-896f06c2a7c231ec,LAT-02R-517a9644e4f59287,UB-02R-c7cdba07fed2dfd7,3.866661511117985e-05,7.180210169232446e-06,Poisson_E_times_lambda,29.0,750001.0,normal_rate_diagnostic,discovery
SCAN-02R-7118d0dce593edea,27,27,FILE-02R-c3e24502c9f0d434,59,26.9984,29.0,750003.0,133.854,750003.0,monitor_raw,monitor_controlled,ACQSTATE-02R-896f06c2a7c231ec,LAT-02R-517a9644e4f59287,UB-02R-c7cdba07fed2dfd7,3.8666512000618665e-05,7.180191022081917e-06,Poisson_E_times_lambda,29.0,750003.0,normal_rate_diagnostic,discovery
SCAN-02R-7118d0dce593edea,28,28,FILE-02R-c3e24502c9f0d434,60,27.9988,33.0,750001.0,137.501,750001.0,monitor_raw,monitor_controlled,ACQSTATE-02R-896f06c2a7c231ec,LAT-02R-517a9644e4f59287,UB-02R-c7cdba07fed2dfd7,4.399994133341155e-05,7.659406649508506e-06,Poisson_E_times_lambda,33.0,750001.0,normal_rate_diagnostic,discovery
SCAN-02R-7118d0dce593edea,29,29,FILE-02R-c3e24502c9f0d434,61,28.9985,28.0,750002.0,139.532,750002.0,monitor_raw,monitor_controlled,ACQSTATE-02R-896f06c2a7c231ec,LAT-02R-517a9644e4f59287,UB-02R-c7cdba07fed2dfd7,3.733323377804326e-05,7.055318015324201e-06,Poisson_E_times_lambda,28.0,750002.0,normal_rate_diagnostic,discovery
SCAN-02R-7118d0dce593edea,30,30,FILE-02R-c3e24502c9f0d434,62,29.9988,32.0,750004.0,142.248,750004.0,monitor_raw,monitor_controlled,ACQSTATE-02R-896f06c2a7c231ec,LAT-02R-517a9644e4f59287,UB-02R-c7cdba07fed2dfd7,4.2666439112324736e-05,7.54243210635194e-06,Poisson_E_times_lambda,32.0,750004.0,normal_rate_diagnostic,discovery
SCAN-02R-7118d0dce593edea,31,31,FILE-02R-c3e24502c9f0d434,63,30.9987,32.0,750005.0,145.128,750005.0,monitor_raw,monitor_controlled,ACQSTATE-02R-896f06c2a7c231ec,LAT-02R-517a9644e4f59287,UB-02R-c7cdba07fed2dfd7,4.266638222411851e-05,7.542422049842842e-06,Poisson_E_times_lambda,32.0,750005.0,normal_rate_diagnostic,discovery
SCAN-02R-7118d0dce593edea,32,32,FILE-02R-c3e24502c9f0d434,64,31.9979,25.0,750000.0,147.003,750000.0,monitor_raw,monitor_controlled,ACQSTATE-02R-896f06c2a7c231ec,LAT-02R-517a9644e4f59287,UB-02R-c7cdba07fed2dfd7,3.3333333333333335e-05,6.666666666666667e-06,Poisson_E_times_lambda,25.0,750000.0,normal_rate_diagnostic,discovery
SCAN-02R-7118d0dce593edea,33,33,FILE-02R-c3e24502c9f0d434,65,32.998,33.0,750001.0,148.633,750001.0,monitor_raw,monitor_controlled,ACQSTATE-02R-896f06c2a7c231ec,LAT-02R-517a9644e4f59287,UB-02R-c7cdba07fed2dfd7,4.399994133341155e-05,7.659406649508506e-06,Poisson_E_times_lambda,33.0,750001.0,normal_rate_diagnostic,discovery
SCAN-02R-7118d0dce593edea,34,34,FILE-02R-c3e24502c9f0d434,66,33.9983,35.0,750003.0,151.594,750003.0,monitor_raw,monitor_controlled,ACQSTATE-02R-896f06c2a7c231ec,LAT-02R-517a9644e4f59287,UB-02R-c7cdba07fed2dfd7,4.6666480000746666e-05,7.888074825166855e-06,Poisson_E_times_lambda,35.0,750003.0,normal_rate_diagnostic,discovery
SCAN-02R-7118d0dce593edea,35,35,FILE-02R-c3e24502c9f0d434,67,34.998,34.0,750006.0,154.966,750006.0,monitor_raw,monitor_controlled,ACQSTATE-02R-896f06c2a7c231ec,LAT-02R-517a9644e4f59287,UB-02R-c7cdba07fed2dfd7,4.533297066956798e-05,7.77454033013776e-06,Poisson_E_times_lambda,34.0,750006.0,normal_rate_diagnostic,discovery
SCAN-02R-7118d0dce593edea,36,36,FILE-02R-c3e24502c9f0d434,68,35.9981,35.0,750001.0,158.581,750001.0,monitor_raw,monitor_controlled,ACQSTATE-02R-896f06c2a7c231ec,LAT-02R-517a9644e4f59287,UB-02R-c7cdba07fed2dfd7,4.6666604444527406e-05,7.888095860005007e-06,Poisson_E_times_lambda,35.0,750001.0,normal_rate_diagnostic,discovery
SCAN-02R-7118d0dce593edea,37,37,FILE-02R-c3e24502c9f0d434,69,36.9981,43.0,750002.0,163.098,750002.0,monitor_raw,monitor_controlled,ACQSTATE-02R-896f06c2a7c231ec,LAT-02R-517a9644e4f59287,UB-02R-c7cdba07fed2dfd7,5.733318044485215e-05,8.7432280504612e-06,Poisson_E_times_lambda,43.0,750002.0,normal_rate_diagnostic,discovery
SCAN-02R-7118d0dce593edea,38,38,FILE-02R-c3e24502c9f0d434,70,37.9985,29.0,750000.0,166.149,750000.0,monitor_raw,monitor_controlled,ACQSTATE-02R-896f06c2a7c231ec,LAT-02R-517a9644e4f59287,UB-02R-c7cdba07fed2dfd7,3.866666666666667e-05,7.180219742846005e-06,Poisson_E_times_lambda,29.0,750000.0,normal_rate_diagnostic,discovery
SCAN-02R-7118d0dce593edea,39,39,FILE-02R-c3e24502c9f0d434,71,38.998,30.0,750000.0,169.059,750000.0,monitor_raw,monitor_controlled,ACQSTATE-02R-896f06c2a7c231ec,LAT-02R-517a9644e4f59287,UB-02R-c7cdba07fed2dfd7,4e-05,7.3029674334022146e-06,Poisson_E_times_lambda,30.0,750000.0,normal_rate_diagnostic,discovery
SCAN-02R-7118d0dce593edea,40,40,FILE-02R-c3e24502c9f0d434,72,39.9973,43.0,750003.0,171.738,750003.0,monitor_raw,monitor_controlled,ACQSTATE-02R-896f06c2a7c231ec,LAT-02R-517a9644e4f59287,UB-02R-c7cdba07fed2dfd7,5.733310400091733e-05,8.743216392870429e-06,Poisson_E_times_lambda,43.0,750003.0,normal_rate_diagnostic,discovery
SCAN-02R-7118d0dce593edea,41,41,FILE-02R-c3e24502c9f0d434,73,40.9983,38.0,750001.0,175.893,750001.0,monitor_raw,monitor_controlled,ACQSTATE-02R-896f06c2a7c231ec,LAT-02R-517a9644e4f59287,UB-02R-c7cdba07fed2dfd7,5.066659911120119e-05,8.219207711681685e-06,Poisson_E_times_lambda,38.0,750001.0,normal_rate_diagnostic,discovery
SCAN-02R-7118d0dce593edea,42,42,FILE-02R-c3e24502c9f0d434,74,41.9986,60.0,750000.0,180.438,750000.0,monitor_raw,monitor_controlled,ACQSTATE-02R-896f06c2a7c231ec,LAT-02R-517a9644e4f59287,UB-02R-c7cdba07fed2dfd7,8e-05,1.0327955589886445e-05,Poisson_E_times_lambda,60.0,750000.0,normal_rate_diagnostic,discovery
SCAN-02R-7118d0dce593edea,43,43,FILE-02R-c3e24502c9f0d434,75,42.9982,68.0,750000.0,185.803,750000.0,monitor_raw,monitor_controlled,ACQSTATE-02R-896f06c2a7c231ec,LAT-02R-517a9644e4f59287,UB-02R-c7cdba07fed2dfd7,9.066666666666667e-05,1.0994948334980428e-05,Poisson_E_times_lambda,68.0,750000.0,normal_rate_diagnostic,discovery
SCAN-02R-7118d0dce593edea,44,44,FILE-02R-c3e24502c9f0d434,76,43.9982,81.0,750003.0,191.52,750003.0,monitor_raw,monitor_controlled,ACQSTATE-02R-896f06c2a7c231ec,LAT-02R-517a9644e4f59287,UB-02R-c7cdba07fed2dfd7,0.00010799956800172799,1.1999952000192e-05,Poisson_E_times_lambda,81.0,750003.0,normal_rate_diagnostic,discovery
SCAN-02R-7118d0dce593edea,45,45,FILE-02R-c3e24502c9f0d434,77,44.9985,71.0,750000.0,199.553,750000.0,monitor_raw,monitor_controlled,ACQSTATE-02R-896f06c2a7c231ec,LAT-02R-517a9644e4f59287,UB-02R-c7cdba07fed2dfd7,9.466666666666667e-05,1.1234866364235145e-05,Poisson_E_times_lambda,71.0,750000.0,normal_rate_diagnostic,discovery
SCAN-02R-7118d0dce593edea,46,46,FILE-02R-c3e24502c9f0d434,78,45.9982,67.0,750004.0,206.975,750004.0,monitor_raw,monitor_controlled,ACQSTATE-02R-896f06c2a7c231ec,LAT-02R-517a9644e4f59287,UB-02R-c7cdba07fed2dfd7,8.933285689142991e-05,1.0913745489187324e-05,Poisson_E_times_lambda,67.0,750004.0,normal_rate_diagnostic,discovery
SCAN-02R-7118d0dce593edea,47,47,FILE-02R-c3e24502c9f0d434,79,46.9988,56.0,750004.0,214.333,750004.0,monitor_raw,monitor_controlled,ACQSTATE-02R-896f06c2a7c231ec,LAT-02R-517a9644e4f59287,UB-02R-c7cdba07fed2dfd7,7.466626844656829e-05,9.977699816998153e-06,Poisson_E_times_lambda,56.0,750004.0,normal_rate_diagnostic,discovery
SCAN-02R-7118d0dce593edea,48,48,FILE-02R-c3e24502c9f0d434,80,47.9979,41.0,750000.0,221.327,750000.0,monitor_raw,monitor_controlled,ACQSTATE-02R-896f06c2a7c231ec,LAT-02R-517a9644e4f59287,UB-02R-c7cdba07fed2dfd7,5.466666666666667e-05,8.537498983243797e-06,Poisson_E_times_lambda,41.0,750000.0,normal_rate_diagnostic,discovery
SCAN-02R-7118d0dce593edea,49,49,FILE-02R-c3e24502c9f0d434,81,48.9984,25.0,750002.0,226.09,750002.0,monitor_raw,monitor_controlled,ACQSTATE-02R-896f06c2a7c231ec,LAT-02R-517a9644e4f59287,UB-02R-c7cdba07fed2dfd7,3.3333244444681484e-05,6.666648888936296e-06,Poisson_E_times_lambda,25.0,750002.0,normal_rate_diagnostic,discovery
SCAN-02R-7118d0dce593edea,50,50,FILE-02R-c3e24502c9f0d434,82,49.9982,41.0,750000.0,230.517,750000.0,monitor_raw,monitor_controlled,ACQSTATE-02R-896f06c2a7c231ec,LAT-02R-517a9644e4f59287,UB-02R-c7cdba07fed2dfd7,5.466666666666667e-05,8.537498983243797e-06,Poisson_E_times_lambda,41.0,750000.0,normal_rate_diagnostic,discovery
SCAN-02R-7118d0dce593edea,51,51,FILE-02R-c3e24502c9f0d434,83,50.9976,37.0,750002.0,233.362,750002.0,monitor_raw,monitor_controlled,ACQSTATE-02R-896f06c2a7c231ec,LAT-02R-517a9644e4f59287,UB-02R-c7cdba07fed2dfd7,4.933320177812859e-05,8.110328412855191e-06,Poisson_E_times_lambda,37.0,750002.0,normal_rate_diagnostic,discovery
SCAN-02R-7118d0dce593edea,52,52,FILE-02R-c3e24502c9f0d434,84,51.9987,16.0,750000.0,235.701,750000.0,monitor_raw,monitor_controlled,ACQSTATE-02R-896f06c2a7c231ec,LAT-02R-517a9644e4f59287,UB-02R-c7cdba07fed2dfd7,2.1333333333333335e-05,5.333333333333334e-06,Poisson_E_times_lambda,16.0,750000.0,normal_rate_diagnostic,discovery
SCAN-02R-7118d0dce593edea,53,53,FILE-02R-c3e24502c9f0d434,85,52.9974,24.0,750003.0,237.523,750003.0,monitor_raw,monitor_controlled,ACQSTATE-02R-896f06c2a7c231ec,LAT-02R-517a9644e4f59287,UB-02R-c7cdba07fed2dfd7,3.1999872000511996e-05,6.5319465196357295e-06,Poisson_E_times_lambda,24.0,750003.0,normal_rate_diagnostic,discovery
SCAN-02R-7118d0dce593edea,54,54,FILE-02R-c3e24502c9f0d434,86,53.9975,23.0,750002.0,241.288,750002.0,monitor_raw,monitor_controlled,ACQSTATE-02R-896f06c2a7c231ec,LAT-02R-517a9644e4f59287,UB-02R-c7cdba07fed2dfd7,3.066658488910696e-05,6.394424979283681e-06,Poisson_E_times_lambda,23.0,750002.0,normal_rate_diagnostic,discovery
SCAN-02R-7118d0dce593edea,55,55,FILE-02R-c3e24502c9f0d434,87,54.9983,26.0,750000.0,245.219,750000.0,monitor_raw,monitor_controlled,ACQSTATE-02R-896f06c2a7c231ec,LAT-02R-517a9644e4f59287,UB-02R-c7cdba07fed2dfd7,3.4666666666666665e-05,6.798692684790379e-06,Poisson_E_times_lambda,26.0,750000.0,normal_rate_diagnostic,discovery
SCAN-02R-731f452fb62a55bd,24,0,FILE-02R-a119883ca3dcd30c,56,0.9984,582.0,750001.0,206.772,750001.0,monitor_raw,monitor_controlled,ACQSTATE-02R-76ff5c324efb0d8a,LAT-02R-ae4c74e47a033f66,UB-02R-1d710a6baa059bbb,0.0007759989653347128,3.216619199658352e-05,Poisson_E_times_lambda,582.0,750001.0,normal_rate_diagnostic,discovery
SCAN-02R-731f452fb62a55bd,23,1,FILE-02R-a119883ca3dcd30c,55,1.9987,456.0,750001.0,180.273,750001.0,monitor_raw,monitor_controlled,ACQSTATE-02R-76ff5c324efb0d8a,LAT-02R-ae4c74e47a033f66,UB-02R-1d710a6baa059bbb,0.0006079991893344143,2.8472170709189217e-05,Poisson_E_times_lambda,456.0,750001.0,normal_rate_diagnostic,discovery
SCAN-02R-731f452fb62a55bd,22,2,FILE-02R-a119883ca3dcd30c,54,2.9985,384.0,750003.0,173.642,750003.0,monitor_raw,monitor_controlled,ACQSTATE-02R-76ff5c324efb0d8a,LAT-02R-ae4c74e47a033f66,UB-02R-1d710a6baa059bbb,0.0005119979520081919,2.6127786078542918e-05,Poisson_E_times_lambda,384.0,750003.0,normal_rate_diagnostic,discovery
SCAN-02R-731f452fb62a55bd,21,3,FILE-02R-a119883ca3dcd30c,53,3.9987,331.0,750001.0,167.708,750001.0,monitor_raw,monitor_controlled,ACQSTATE-02R-76ff5c324efb0d8a,LAT-02R-ae4c74e47a033f66,UB-02R-1d710a6baa059bbb,0.0004413327448896735,2.4257841521091642e-05,Poisson_E_times_lambda,331.0,750001.0,normal_rate_diagnostic,discovery
SCAN-02R-731f452fb62a55bd,20,4,FILE-02R-a119883ca3dcd30c,52,4.9987,217.0,750001.0,168.93,750001.0,monitor_raw,monitor_controlled,ACQSTATE-02R-76ff5c324efb0d8a,LAT-02R-ae4c74e47a033f66,UB-02R-1d710a6baa059bbb,0.0002893329475560699,1.9641200295274585e-05,Poisson_E_times_lambda,217.0,750001.0,normal_rate_diagnostic,discovery
SCAN-02R-731f452fb62a55bd,19,5,FILE-02R-a119883ca3dcd30c,51,5.9984,214.0,750003.0,156.074,750003.0,monitor_raw,monitor_controlled,ACQSTATE-02R-76ff5c324efb0d8a,LAT-02R-ae4c74e47a033f66,UB-02R-1d710a6baa059bbb,0.0002853321920045653,1.9504907098141997e-05,Poisson_E_times_lambda,214.0,750003.0,normal_rate_diagnostic,discovery
SCAN-02R-731f452fb62a55bd,18,6,FILE-02R-a119883ca3dcd30c,50,6.9986,170.0,750003.0,144.682,750003.0,monitor_raw,monitor_controlled,ACQSTATE-02R-76ff5c324efb0d8a,LAT-02R-ae4c74e47a033f66,UB-02R-1d710a6baa059bbb,0.00022666576000362665,1.7384470209326226e-05,Poisson_E_times_lambda,170.0,750003.0,normal_rate_diagnostic,discovery
SCAN-02R-731f452fb62a55bd,17,7,FILE-02R-a119883ca3dcd30c,49,7.9985,157.0,750006.0,148.738,750006.0,monitor_raw,monitor_controlled,ACQSTATE-02R-76ff5c324efb0d8a,LAT-02R-ae4c74e47a033f66,UB-02R-1d710a6baa059bbb,0.00020933165868006388,1.6706485129641187e-05,Poisson_E_times_lambda,157.0,750006.0,normal_rate_diagnostic,discovery
SCAN-02R-731f452fb62a55bd,16,8,FILE-02R-a119883ca3dcd30c,48,8.9985,158.0,750005.0,158.37,750005.0,monitor_raw,monitor_controlled,ACQSTATE-02R-76ff5c324efb0d8a,LAT-02R-ae4c74e47a033f66,UB-02R-1d710a6baa059bbb,0.00021066526223158512,1.6759628389112785e-05,Poisson_E_times_lambda,158.0,750005.0,normal_rate_diagnostic,discovery
SCAN-02R-731f452fb62a55bd,15,9,FILE-02R-a119883ca3dcd30c,47,9.9982,146.0,750005.0,152.17,750005.0,monitor_raw,monitor_controlled,ACQSTATE-02R-76ff5c324efb0d8a,LAT-02R-ae4c74e47a033f66,UB-02R-1d710a6baa059bbb,0.0001946653688975407,1.611062056065569e-05,Poisson_E_times_lambda,146.0,750005.0,normal_rate_diagnostic,discovery
SCAN-02R-731f452fb62a55bd,14,10,FILE-02R-a119883ca3dcd30c,46,10.9985,120.0,750004.0,142.779,750004.0,monitor_raw,monitor_controlled,ACQSTATE-02R-76ff5c324efb0d8a,LAT-02R-ae4c74e47a033f66,UB-02R-1d710a6baa059bbb,0.00015999914667121776,1.4605856968900595e-05,Poisson_E_times_lambda,120.0,750004.0,normal_rate_diagnostic,discovery
SCAN-02R-731f452fb62a55bd,13,11,FILE-02R-a119883ca3dcd30c,45,11.9985,149.0,750001.0,133.808,750001.0,monitor_raw,monitor_controlled,ACQSTATE-02R-76ff5c324efb0d8a,LAT-02R-ae4c74e47a033f66,UB-02R-1d710a6baa059bbb,0.00019866640177813096,1.6275385787130553e-05,Poisson_E_times_lambda,149.0,750001.0,normal_rate_diagnostic,discovery
SCAN-02R-731f452fb62a55bd,12,12,FILE-02R-a119883ca3dcd30c,44,12.9985,134.0,750001.0,129.195,750001.0,monitor_raw,monitor_controlled,ACQSTATE-02R-76ff5c324efb0d8a,LAT-02R-ae4c74e47a033f66,UB-02R-1d710a6baa059bbb,0.00017866642844476208,1.5434428624482134e-05,Poisson_E_times_lambda,134.0,750001.0,normal_rate_diagnostic,discovery
SCAN-02R-731f452fb62a55bd,11,13,FILE-02R-a119883ca3dcd30c,43,13.9978,129.0,750008.0,126.453,750008.0,monitor_raw,monitor_controlled,ACQSTATE-02R-76ff5c324efb0d8a,LAT-02R-ae4c74e47a033f66,UB-02R-1d710a6baa059bbb,0.0001719981653529029,1.5143594057130787e-05,Poisson_E_times_lambda,129.0,750008.0,normal_rate_diagnostic,discovery
SCAN-02R-731f452fb62a55bd,10,14,FILE-02R-a119883ca3dcd30c,42,14.9977,108.0,750000.0,126.875,750000.0,monitor_raw,monitor_controlled,ACQSTATE-02R-76ff5c324efb0d8a,LAT-02R-ae4c74e47a033f66,UB-02R-1d710a6baa059bbb,0.000144,1.3856406460551019e-05,Poisson_E_times_lambda,108.0,750000.0,normal_rate_diagnostic,discovery
SCAN-02R-731f452fb62a55bd,9,15,FILE-02R-a119883ca3dcd30c,41,15.998,128.0,750002.0,126.87,750002.0,monitor_raw,monitor_controlled,ACQSTATE-02R-76ff5c324efb0d8a,LAT-02R-ae4c74e47a033f66,UB-02R-1d710a6baa059bbb,0.00017066621155676918,1.5084904438901178e-05,Poisson_E_times_lambda,128.0,750002.0,normal_rate_diagnostic,discovery
SCAN-02R-731f452fb62a55bd,8,16,FILE-02R-a119883ca3dcd30c,40,16.9979,154.0,750002.0,126.917,750002.0,monitor_raw,monitor_controlled,ACQSTATE-02R-76ff5c324efb0d8a,LAT-02R-ae4c74e47a033f66,UB-02R-1d710a6baa059bbb,0.00020533278577923792,1.6546187404821398e-05,Poisson_E_times_lambda,154.0,750002.0,normal_rate_diagnostic,discovery
SCAN-02R-731f452fb62a55bd,7,17,FILE-02R-a119883ca3dcd30c,39,17.9981,217.0,750001.0,129.856,750001.0,monitor_raw,monitor_controlled,ACQSTATE-02R-76ff5c324efb0d8a,LAT-02R-ae4c74e47a033f66,UB-02R-1d710a6baa059bbb,0.0002893329475560699,1.9641200295274585e-05,Poisson_E_times_lambda,217.0,750001.0,normal_rate_diagnostic,discovery
SCAN-02R-731f452fb62a55bd,6,18,FILE-02R-a119883ca3dcd30c,38,18.9982,153.0,750002.0,135.579,750002.0,monitor_raw,monitor_controlled,ACQSTATE-02R-76ff5c324efb0d8a,LAT-02R-ae4c74e47a033f66,UB-02R-1d710a6baa059bbb,0.00020399945600145067,1.649237852279458e-05,Poisson_E_times_lambda,153.0,750002.0,normal_rate_diagnostic,discovery
SCAN-02R-731f452fb62a55bd,5,19,FILE-02R-a119883ca3dcd30c,37,19.9984,149.0,750005.0,138.089,750005.0,monitor_raw,monitor_controlled,ACQSTATE-02R-76ff5c324efb0d8a,LAT-02R-ae4c74e47a033f66,UB-02R-1d710a6baa059bbb,0.0001986653422310518,1.62752989856517e-05,Poisson_E_times_lambda,149.0,750005.0,normal_rate_diagnostic,discovery
SCAN-02R-731f452fb62a55bd,4,20,FILE-02R-a119883ca3dcd30c,36,20.9983,149.0,750000.0,136.132,750000.0,monitor_raw,monitor_controlled,ACQSTATE-02R-76ff5c324efb0d8a,LAT-02R-ae4c74e47a033f66,UB-02R-1d710a6baa059bbb,0.00019866666666666668,1.6275407487644937e-05,Poisson_E_times_lambda,149.0,750000.0,normal_rate_diagnostic,discovery
SCAN-02R-731f452fb62a55bd,3,21,FILE-02R-a119883ca3dcd30c,35,21.9983,134.0,750003.0,131.4,750003.0,monitor_raw,monitor_controlled,ACQSTATE-02R-76ff5c324efb0d8a,LAT-02R-ae4c74e47a033f66,UB-02R-1d710a6baa059bbb,0.00017866595200285865,1.5434387466170437e-05,Poisson_E_times_lambda,134.0,750003.0,normal_rate_diagnostic,discovery
SCAN-02R-731f452fb62a55bd,2,22,FILE-02R-a119883ca3dcd30c,34,22.9983,141.0,750006.0,127.49,750006.0,monitor_raw,monitor_controlled,ACQSTATE-02R-76ff5c324efb0d8a,LAT-02R-ae4c74e47a033f66,UB-02R-1d710a6baa059bbb,0.00018799849601203191,1.5832329457414895e-05,Poisson_E_times_lambda,141.0,750006.0,normal_rate_diagnostic,discovery
SCAN-02R-731f452fb62a55bd,1,23,FILE-02R-a119883ca3dcd30c,33,23.9985,139.0,750000.0,125.684,750000.0,monitor_raw,monitor_controlled,ACQSTATE-02R-76ff5c324efb0d8a,LAT-02R-ae4c74e47a033f66,UB-02R-1d710a6baa059bbb,0.00018533333333333333,1.5719768163402126e-05,Poisson_E_times_lambda,139.0,750000.0,normal_rate_diagnostic,discovery
SCAN-02R-731f452fb62a55bd,0,24,FILE-02R-a119883ca3dcd30c,32,24.9983,167.0,750005.0,126.025,750005.0,monitor_raw,monitor_controlled,ACQSTATE-02R-76ff5c324efb0d8a,LAT-02R-ae4c74e47a033f66,UB-02R-1d710a6baa059bbb,0.00022266518223211846,1.7230349108766055e-05,Poisson_E_times_lambda,167.0,750005.0,normal_rate_diagnostic,discovery
SCAN-02R-75faa4a614a8f130,25,0,FILE-02R-dd821b445967b77e,57,-0.0014,3412.0,1000001.0,264.107,1000001.0,monitor_raw,monitor_controlled,ACQSTATE-02R-896f06c2a7c231ec,LAT-02R-517a9644e4f59287,UB-02R-c7cdba07fed2dfd7,0.003411996588003412,5.841226905377188e-05,Poisson_E_times_lambda,3412.0,1000001.0,normal_rate_diagnostic,discovery
SCAN-02R-75faa4a614a8f130,24,1,FILE-02R-dd821b445967b77e,56,0.9987,69.0,1000002.0,273.352,1000002.0,monitor_raw,monitor_controlled,ACQSTATE-02R-896f06c2a7c231ec,LAT-02R-517a9644e4f59287,UB-02R-c7cdba07fed2dfd7,6.8999862000276e-05,8.306607249703575e-06,Poisson_E_times_lambda,69.0,1000002.0,normal_rate_diagnostic,discovery
SCAN-02R-75faa4a614a8f130,23,2,FILE-02R-dd821b445967b77e,55,1.9987,49.0,1000000.0,239.244,1000000.0,monitor_raw,monitor_controlled,ACQSTATE-02R-896f06c2a7c231ec,LAT-02R-517a9644e4f59287,UB-02R-c7cdba07fed2dfd7,4.9e-05,7e-06,Poisson_E_times_lambda,49.0,1000000.0,normal_rate_diagnostic,discovery
SCAN-02R-75faa4a614a8f130,22,3,FILE-02R-dd821b445967b77e,54,2.9987,64.0,1000001.0,230.389,1000001.0,monitor_raw,monitor_controlled,ACQSTATE-02R-896f06c2a7c231ec,LAT-02R-517a9644e4f59287,UB-02R-c7cdba07fed2dfd7,6.3999936000064e-05,7.999992000008e-06,Poisson_E_times_lambda,64.0,1000001.0,normal_rate_diagnostic,discovery
SCAN-02R-75faa4a614a8f130,21,4,FILE-02R-dd821b445967b77e,53,3.9987,49.0,1000003.0,222.019,1000003.0,monitor_raw,monitor_controlled,ACQSTATE-02R-896f06c2a7c231ec,LAT-02R-517a9644e4f59287,UB-02R-c7cdba07fed2dfd7,4.8999853000440995e-05,6.999979000063e-06,Poisson_E_times_lambda,49.0,1000003.0,normal_rate_diagnostic,discovery
SCAN-02R-75faa4a614a8f130,20,5,FILE-02R-dd821b445967b77e,52,4.9984,57.0,1000002.0,224.102,1000002.0,monitor_raw,monitor_controlled,ACQSTATE-02R-896f06c2a7c231ec,LAT-02R-517a9644e4f59287,UB-02R-c7cdba07fed2dfd7,5.6999886000228e-05,7.5498193356320785e-06,Poisson_E_times_lambda,57.0,1000002.0,normal_rate_diagnostic,discovery
SCAN-02R-75faa4a614a8f130,19,6,FILE-02R-dd821b445967b77e,51,5.9983,45.0,1000005.0,206.73,1000005.0,monitor_raw,monitor_controlled,ACQSTATE-02R-896f06c2a7c231ec,LAT-02R-517a9644e4f59287,UB-02R-c7cdba07fed2dfd7,4.4999775001124996e-05,6.708170391647411e-06,Poisson_E_times_lambda,45.0,1000005.0,normal_rate_diagnostic,discovery
SCAN-02R-75faa4a614a8f130,18,7,FILE-02R-dd821b445967b77e,50,6.9985,61.0,1000002.0,191.482,1000002.0,monitor_raw,monitor_controlled,ACQSTATE-02R-896f06c2a7c231ec,LAT-02R-517a9644e4f59287,UB-02R-c7cdba07fed2dfd7,6.0999878000244e-05,7.810234055438543e-06,Poisson_E_times_lambda,61.0,1000002.0,normal_rate_diagnostic,discovery
SCAN-02R-75faa4a614a8f130,17,8,FILE-02R-dd821b445967b77e,49,7.9984,41.0,1000003.0,197.787,1000003.0,monitor_raw,monitor_controlled,ACQSTATE-02R-896f06c2a7c231ec,LAT-02R-517a9644e4f59287,UB-02R-c7cdba07fed2dfd7,4.0999877000369e-05,6.4031050281177644e-06,Poisson_E_times_lambda,41.0,1000003.0,normal_rate_diagnostic,discovery
SCAN-02R-75faa4a614a8f130,16,9,FILE-02R-dd821b445967b77e,48,8.9985,45.0,1000000.0,210.125,1000000.0,monitor_raw,monitor_controlled,ACQSTATE-02R-896f06c2a7c231ec,LAT-02R-517a9644e4f59287,UB-02R-c7cdba07fed2dfd7,4.5e-05,6.70820393249937e-06,Poisson_E_times_lambda,45.0,1000000.0,normal_rate_diagnostic,discovery
SCAN-02R-75faa4a614a8f130,15,10,FILE-02R-dd821b445967b77e,47,9.9982,41.0,1000002.0,201.399,1000002.0,monitor_raw,monitor_controlled,ACQSTATE-02R-896f06c2a7c231ec,LAT-02R-517a9644e4f59287,UB-02R-c7cdba07fed2dfd7,4.0999918000164e-05,6.4031114312099865e-06,Poisson_E_times_lambda,41.0,1000002.0,normal_rate_diagnostic,discovery
SCAN-02R-75faa4a614a8f130,14,11,FILE-02R-dd821b445967b77e,46,10.9982,35.0,1000006.0,189.552,1000006.0,monitor_raw,monitor_controlled,ACQSTATE-02R-896f06c2a7c231ec,LAT-02R-517a9644e4f59287,UB-02R-c7cdba07fed2dfd7,3.4999790001259995e-05,5.916044286833895e-06,Poisson_E_times_lambda,35.0,1000006.0,normal_rate_diagnostic,discovery
SCAN-02R-75faa4a614a8f130,13,12,FILE-02R-dd821b445967b77e,45,11.9985,43.0,1000002.0,177.381,1000002.0,monitor_raw,monitor_controlled,ACQSTATE-02R-896f06c2a7c231ec,LAT-02R-517a9644e4f59287,UB-02R-c7cdba07fed2dfd7,4.2999914000172e-05,6.557425409451182e-06,Poisson_E_times_lambda,43.0,1000002.0,normal_rate_diagnostic,discovery
SCAN-02R-75faa4a614a8f130,12,13,FILE-02R-dd821b445967b77e,44,12.9982,30.0,1000001.0,170.887,1000001.0,monitor_raw,monitor_controlled,ACQSTATE-02R-896f06c2a7c231ec,LAT-02R-517a9644e4f59287,UB-02R-c7cdba07fed2dfd7,2.999997000003e-05,5.477220097831563e-06,Poisson_E_times_lambda,30.0,1000001.0,normal_rate_diagnostic,discovery
SCAN-02R-75faa4a614a8f130,11,14,FILE-02R-dd821b445967b77e,43,13.9978,23.0,1000005.0,167.672,1000005.0,monitor_raw,monitor_controlled,ACQSTATE-02R-896f06c2a7c231ec,LAT-02R-517a9644e4f59287,UB-02R-c7cdba07fed2dfd7,2.2999885000575e-05,4.795807544274998e-06,Poisson_E_times_lambda,23.0,1000005.0,normal_rate_diagnostic,discovery
SCAN-02R-75faa4a614a8f130,10,15,FILE-02R-dd821b445967b77e,42,14.9977,26.0,1000006.0,167.784,1000006.0,monitor_raw,monitor_controlled,ACQSTATE-02R-896f06c2a7c231ec,LAT-02R-517a9644e4f59287,UB-02R-c7cdba07fed2dfd7,2.5999844000935993e-05,5.098988919659267e-06,Poisson_E_times_lambda,26.0,1000006.0,normal_rate_diagnostic,discovery
SCAN-02R-75faa4a614a8f130,9,16,FILE-02R-dd821b445967b77e,41,15.9979,38.0,1000004.0,168.394,1000004.0,monitor_raw,monitor_controlled,ACQSTATE-02R-896f06c2a7c231ec,LAT-02R-517a9644e4f59287,UB-02R-c7cdba07fed2dfd7,3.7999848000608e-05,6.164389345411594e-06,Poisson_E_times_lambda,38.0,1000004.0,normal_rate_diagnostic,discovery
SCAN-02R-75faa4a614a8f130,8,17,FILE-02R-dd821b445967b77e,40,16.9979,39.0,1000000.0,167.684,1000000.0,monitor_raw,monitor_controlled,ACQSTATE-02R-896f06c2a7c231ec,LAT-02R-517a9644e4f59287,UB-02R-c7cdba07fed2dfd7,3.9e-05,6.244997998398399e-06,Poisson_E_times_lambda,39.0,1000000.0,normal_rate_diagnostic,discovery
SCAN-02R-75faa4a614a8f130,7,18,FILE-02R-dd821b445967b77e,39,17.9981,40.0,1000002.0,171.795,1000002.0,monitor_raw,monitor_controlled,ACQSTATE-02R-896f06c2a7c231ec,LAT-02R-517a9644e4f59287,UB-02R-c7cdba07fed2dfd7,3.999992000016e-05,6.324542671251417e-06,Poisson_E_times_lambda,40.0,1000002.0,normal_rate_diagnostic,discovery
SCAN-02R-75faa4a614a8f130,6,19,FILE-02R-dd821b445967b77e,38,18.9987,43.0,1000005.0,179.539,1000005.0,monitor_raw,monitor_controlled,ACQSTATE-02R-896f06c2a7c231ec,LAT-02R-517a9644e4f59287,UB-02R-c7cdba07fed2dfd7,4.2999785001074993e-05,6.557405737273314e-06,Poisson_E_times_lambda,43.0,1000005.0,normal_rate_diagnostic,discovery
SCAN-02R-75faa4a614a8f130,5,20,FILE-02R-dd821b445967b77e,37,19.9982,31.0,1000007.0,183.123,1000007.0,monitor_raw,monitor_controlled,ACQSTATE-02R-896f06c2a7c231ec,LAT-02R-517a9644e4f59287,UB-02R-c7cdba07fed2dfd7,3.099978300151899e-05,5.5677253887523e-06,Poisson_E_times_lambda,31.0,1000007.0,normal_rate_diagnostic,discovery
SCAN-02R-75faa4a614a8f130,4,21,FILE-02R-dd821b445967b77e,36,20.9981,23.0,1000006.0,179.919,1000006.0,monitor_raw,monitor_controlled,ACQSTATE-02R-896f06c2a7c231ec,LAT-02R-517a9644e4f59287,UB-02R-c7cdba07fed2dfd7,2.2999862000827994e-05,4.7958027484962284e-06,Poisson_E_times_lambda,23.0,1000006.0,normal_rate_diagnostic,discovery
SCAN-02R-75faa4a614a8f130,3,22,FILE-02R-dd821b445967b77e,35,21.9981,30.0,1000003.0,174.494,1000003.0,monitor_raw,monitor_controlled,ACQSTATE-02R-896f06c2a7c231ec,LAT-02R-517a9644e4f59287,UB-02R-c7cdba07fed2dfd7,2.9999910000269998e-05,5.477209143424231e-06,Poisson_E_times_lambda,30.0,1000003.0,normal_rate_diagnostic,discovery
SCAN-02R-75faa4a614a8f130,2,23,FILE-02R-dd821b445967b77e,34,22.9981,19.0,1000004.0,168.797,1000004.0,monitor_raw,monitor_controlled,ACQSTATE-02R-896f06c2a7c231ec,LAT-02R-517a9644e4f59287,UB-02R-c7cdba07fed2dfd7,1.8999924000304e-05,4.358881508014642e-06,Poisson_E_times_lambda,19.0,1000004.0,normal_rate_diagnostic,discovery
SCAN-02R-75faa4a614a8f130,1,24,FILE-02R-dd821b445967b77e,33,23.9984,25.0,1000004.0,166.437,1000004.0,monitor_raw,monitor_controlled,ACQSTATE-02R-896f06c2a7c231ec,LAT-02R-517a9644e4f59287,UB-02R-c7cdba07fed2dfd7,2.4999900000399997e-05,4.99998000008e-06,Poisson_E_times_lambda,25.0,1000004.0,normal_rate_diagnostic,discovery
SCAN-02R-75faa4a614a8f130,0,25,FILE-02R-dd821b445967b77e,32,24.9982,17.0,1000007.0,167.97,1000007.0,monitor_raw,monitor_controlled,ACQSTATE-02R-896f06c2a7c231ec,LAT-02R-517a9644e4f59287,UB-02R-c7cdba07fed2dfd7,1.6999881000832994e-05,4.123076764080312e-06,Poisson_E_times_lambda,17.0,1000007.0,normal_rate_diagnostic,discovery
SCAN-02R-762111064d108c6d,30,0,FILE-02R-98ae70bbe8082ef4,62,19.9983,35.0,750005.0,137.757,750005.0,monitor_raw,monitor_controlled,ACQSTATE-02R-896f06c2a7c231ec,LAT-02R-517a9644e4f59287,UB-02R-c7cdba07fed2dfd7,4.6666355557629614e-05,7.888053790440885e-06,Poisson_E_times_lambda,35.0,750005.0,normal_rate_diagnostic,discovery
SCAN-02R-762111064d108c6d,29,1,FILE-02R-98ae70bbe8082ef4,61,20.9983,38.0,750002.0,135.452,750002.0,monitor_raw,monitor_controlled,ACQSTATE-02R-896f06c2a7c231ec,LAT-02R-517a9644e4f59287,UB-02R-c7cdba07fed2dfd7,5.066653155591585e-05,8.219196752767294e-06,Poisson_E_times_lambda,38.0,750002.0,normal_rate_diagnostic,discovery
SCAN-02R-762111064d108c6d,28,2,FILE-02R-98ae70bbe8082ef4,60,21.9983,39.0,750003.0,131.203,750003.0,monitor_raw,monitor_controlled,ACQSTATE-02R-896f06c2a7c231ec,LAT-02R-517a9644e4f59287,UB-02R-c7cdba07fed2dfd7,5.1999792000832e-05,8.326630691341766e-06,Poisson_E_times_lambda,39.0,750003.0,normal_rate_diagnostic,discovery
SCAN-02R-762111064d108c6d,27,3,FILE-02R-98ae70bbe8082ef4,59,22.9983,37.0,750001.0,126.819,750001.0,monitor_raw,monitor_controlled,ACQSTATE-02R-896f06c2a7c231ec,LAT-02R-517a9644e4f59287,UB-02R-c7cdba07fed2dfd7,4.933326755564326e-05,8.11033922661199e-06,Poisson_E_times_lambda,37.0,750001.0,normal_rate_diagnostic,discovery
SCAN-02R-762111064d108c6d,26,4,FILE-02R-98ae70bbe8082ef4,58,23.9984,46.0,750000.0,124.928,750000.0,monitor_raw,monitor_controlled,ACQSTATE-02R-896f06c2a7c231ec,LAT-02R-517a9644e4f59287,UB-02R-c7cdba07fed2dfd7,6.133333333333334e-05,9.043106644167025e-06,Poisson_E_times_lambda,46.0,750000.0,normal_rate_diagnostic,discovery
SCAN-02R-762111064d108c6d,25,5,FILE-02R-98ae70bbe8082ef4,57,24.9981,23.0,750002.0,125.671,750002.0,monitor_raw,monitor_controlled,ACQSTATE-02R-896f06c2a7c231ec,LAT-02R-517a9644e4f59287,UB-02R-c7cdba07fed2dfd7,3.066658488910696e-05,6.394424979283681e-06,Poisson_E_times_lambda,23.0,750002.0,normal_rate_diagnostic,discovery
SCAN-02R-762111064d108c6d,24,6,FILE-02R-98ae70bbe8082ef4,56,25.9968,38.0,750005.0,129.394,750005.0,monitor_raw,monitor_controlled,ACQSTATE-02R-896f06c2a7c231ec,LAT-02R-517a9644e4f59287,UB-02R-c7cdba07fed2dfd7,5.066632889114073e-05,8.219163876199461e-06,Poisson_E_times_lambda,38.0,750005.0,normal_rate_diagnostic,discovery
SCAN-02R-762111064d108c6d,23,7,FILE-02R-98ae70bbe8082ef4,55,26.9975,34.0,750007.0,133.644,750007.0,monitor_raw,monitor_controlled,ACQSTATE-02R-896f06c2a7c231ec,LAT-02R-517a9644e4f59287,UB-02R-c7cdba07fed2dfd7,4.533291022617122e-05,7.774529964180735e-06,Poisson_E_times_lambda,34.0,750007.0,normal_rate_diagnostic,discovery
SCAN-02R-762111064d108c6d,22,8,FILE-02R-98ae70bbe8082ef4,54,27.9987,35.0,750002.0,137.138,750002.0,monitor_raw,monitor_controlled,ACQSTATE-02R-896f06c2a7c231ec,LAT-02R-517a9644e4f59287,UB-02R-c7cdba07fed2dfd7,4.666654222255407e-05,7.888085342571908e-06,Poisson_E_times_lambda,35.0,750002.0,normal_rate_diagnostic,discovery
SCAN-02R-762111064d108c6d,21,9,FILE-02R-98ae70bbe8082ef4,53,28.9983,38.0,750001.0,140.803,750001.0,monitor_raw,monitor_controlled,ACQSTATE-02R-896f06c2a7c231ec,LAT-02R-517a9644e4f59287,UB-02R-c7cdba07fed2dfd7,5.066659911120119e-05,8.219207711681685e-06,Poisson_E_times_lambda,38.0,750001.0,normal_rate_diagnostic,discovery
SCAN-02R-762111064d108c6d,20,10,FILE-02R-98ae70bbe8082ef4,52,29.9986,39.0,750003.0,144.71,750003.0,monitor_raw,monitor_controlled,ACQSTATE-02R-896f06c2a7c231ec,LAT-02R-517a9644e4f59287,UB-02R-c7cdba07fed2dfd7,5.1999792000832e-05,8.326630691341766e-06,Poisson_E_times_lambda,39.0,750003.0,normal_rate_diagnostic,discovery
SCAN-02R-762111064d108c6d,19,11,FILE-02R-98ae70bbe8082ef4,51,30.9986,39.0,750002.0,147.261,750002.0,monitor_raw,monitor_controlled,ACQSTATE-02R-896f06c2a7c231ec,LAT-02R-517a9644e4f59287,UB-02R-c7cdba07fed2dfd7,5.199986133370311e-05,8.326641793486416e-06,Poisson_E_times_lambda,39.0,750002.0,normal_rate_diagnostic,discovery
SCAN-02R-762111064d108c6d,18,12,FILE-02R-98ae70bbe8082ef4,50,31.998,37.0,750005.0,149.288,750005.0,monitor_raw,monitor_controlled,ACQSTATE-02R-896f06c2a7c231ec,LAT-02R-517a9644e4f59287,UB-02R-c7cdba07fed2dfd7,4.9333004446637025e-05,8.110295971757814e-06,Poisson_E_times_lambda,37.0,750005.0,normal_rate_diagnostic,discovery
SCAN-02R-762111064d108c6d,17,13,FILE-02R-98ae70bbe8082ef4,49,32.9972,33.0,750005.0,151.094,750005.0,monitor_raw,monitor_controlled,ACQSTATE-02R-896f06c2a7c231ec,LAT-02R-517a9644e4f59287,UB-02R-c7cdba07fed2dfd7,4.399970666862221e-05,7.65936579961204e-06,Poisson_E_times_lambda,33.0,750005.0,normal_rate_diagnostic,discovery
SCAN-02R-762111064d108c6d,16,14,FILE-02R-98ae70bbe8082ef4,48,33.9983,34.0,750001.0,153.264,750001.0,monitor_raw,monitor_controlled,ACQSTATE-02R-896f06c2a7c231ec,LAT-02R-517a9644e4f59287,UB-02R-c7cdba07fed2dfd7,4.533327288896948e-05,7.774592160337521e-06,Poisson_E_times_lambda,34.0,750001.0,normal_rate_diagnostic,discovery
SCAN-02R-762111064d108c6d,15,15,FILE-02R-98ae70bbe8082ef4,47,34.9969,41.0,750000.0,157.037,750000.0,monitor_raw,monitor_controlled,ACQSTATE-02R-896f06c2a7c231ec,LAT-02R-517a9644e4f59287,UB-02R-c7cdba07fed2dfd7,5.466666666666667e-05,8.537498983243797e-06,Poisson_E_times_lambda,41.0,750000.0,normal_rate_diagnostic,discovery
SCAN-02R-762111064d108c6d,14,16,FILE-02R-98ae70bbe8082ef4,46,35.996,49.0,750002.0,161.009,750002.0,monitor_raw,monitor_controlled,ACQSTATE-02R-896f06c2a7c231ec,LAT-02R-517a9644e4f59287,UB-02R-c7cdba07fed2dfd7,6.53331591115757e-05,9.333308444510815e-06,Poisson_E_times_lambda,49.0,750002.0,normal_rate_diagnostic,discovery
SCAN-02R-762111064d108c6d,13,17,FILE-02R-98ae70bbe8082ef4,45,36.9971,37.0,750004.0,163.513,750004.0,monitor_raw,monitor_controlled,ACQSTATE-02R-896f06c2a7c231ec,LAT-02R-517a9644e4f59287,UB-02R-c7cdba07fed2dfd7,4.9333070223625475e-05,8.110306785428103e-06,Poisson_E_times_lambda,37.0,750004.0,normal_rate_diagnostic,discovery
SCAN-02R-762111064d108c6d,12,18,FILE-02R-98ae70bbe8082ef4,44,37.9976,47.0,750000.0,168.324,750000.0,monitor_raw,monitor_controlled,ACQSTATE-02R-896f06c2a7c231ec,LAT-02R-517a9644e4f59287,UB-02R-c7cdba07fed2dfd7,6.266666666666667e-05,9.140872800534726e-06,Poisson_E_times_lambda,47.0,750000.0,normal_rate_diagnostic,discovery
SCAN-02R-762111064d108c6d,11,19,FILE-02R-98ae70bbe8082ef4,43,38.9982,38.0,750006.0,171.645,750006.0,monitor_raw,monitor_controlled,ACQSTATE-02R-896f06c2a7c231ec,LAT-02R-517a9644e4f59287,UB-02R-c7cdba07fed2dfd7,5.0666261336575975e-05,8.219152917401962e-06,Poisson_E_times_lambda,38.0,750006.0,normal_rate_diagnostic,discovery
SCAN-02R-762111064d108c6d,10,20,FILE-02R-98ae70bbe8082ef4,42,39.9985,45.0,750003.0,174.012,750003.0,monitor_raw,monitor_controlled,ACQSTATE-02R-896f06c2a7c231ec,LAT-02R-517a9644e4f59287,UB-02R-c7cdba07fed2dfd7,5.999976000096e-05,8.944236133054627e-06,Poisson_E_times_lambda,45.0,750003.0,normal_rate_diagnostic,discovery
SCAN-02R-762111064d108c6d,9,21,FILE-02R-98ae70bbe8082ef4,41,40.9982,57.0,750005.0,176.141,750005.0,monitor_raw,monitor_controlled,ACQSTATE-02R-896f06c2a7c231ec,LAT-02R-517a9644e4f59287,UB-02R-c7cdba07fed2dfd7,7.599949333671108e-05,1.0066378804502304e-05,Poisson_E_times_lambda,57.0,750005.0,normal_rate_diagnostic,discovery
SCAN-02R-762111064d108c6d,8,22,FILE-02R-98ae70bbe8082ef4,40,41.9974,72.0,750003.0,181.794,750003.0,monitor_raw,monitor_controlled,ACQSTATE-02R-896f06c2a7c231ec,LAT-02R-517a9644e4f59287,UB-02R-c7cdba07fed2dfd7,9.5999616001536e-05,1.1313663244331782e-05,Poisson_E_times_lambda,72.0,750003.0,normal_rate_diagnostic,discovery
SCAN-02R-762111064d108c6d,7,23,FILE-02R-98ae70bbe8082ef4,39,42.998,83.0,750000.0,186.031,750000.0,monitor_raw,monitor_controlled,ACQSTATE-02R-896f06c2a7c231ec,LAT-02R-517a9644e4f59287,UB-02R-c7cdba07fed2dfd7,0.00011066666666666667,1.2147244772192399e-05,Poisson_E_times_lambda,83.0,750000.0,normal_rate_diagnostic,discovery
SCAN-02R-762111064d108c6d,6,24,FILE-02R-98ae70bbe8082ef4,38,43.9979,106.0,750003.0,194.591,750003.0,monitor_raw,monitor_controlled,ACQSTATE-02R-896f06c2a7c231ec,LAT-02R-517a9644e4f59287,UB-02R-c7cdba07fed2dfd7,0.00014133276800226132,1.3727451944841556e-05,Poisson_E_times_lambda,106.0,750003.0,normal_rate_diagnostic,discovery
SCAN-02R-762111064d108c6d,5,25,FILE-02R-98ae70bbe8082ef4,37,44.9983,91.0,750002.0,200.238,750002.0,monitor_raw,monitor_controlled,ACQSTATE-02R-896f06c2a7c231ec,LAT-02R-517a9644e4f59287,UB-02R-c7cdba07fed2dfd7,0.0001213330097786406,1.2719155434478117e-05,Poisson_E_times_lambda,91.0,750002.0,normal_rate_diagnostic,discovery
SCAN-02R-762111064d108c6d,4,26,FILE-02R-98ae70bbe8082ef4,36,45.9981,94.0,750003.0,209.874,750003.0,monitor_raw,monitor_controlled,ACQSTATE-02R-896f06c2a7c231ec,LAT-02R-517a9644e4f59287,UB-02R-c7cdba07fed2dfd7,0.00012533283200200532,1.2927094578065233e-05,Poisson_E_times_lambda,94.0,750003.0,normal_rate_diagnostic,discovery
SCAN-02R-762111064d108c6d,3,27,FILE-02R-98ae70bbe8082ef4,35,46.9988,95.0,750002.0,214.625,750002.0,monitor_raw,monitor_controlled,ACQSTATE-02R-896f06c2a7c231ec,LAT-02R-517a9644e4f59287,UB-02R-c7cdba07fed2dfd7,0.00012666632888978964,1.299569113790225e-05,Poisson_E_times_lambda,95.0,750002.0,normal_rate_diagnostic,discovery
SCAN-02R-762111064d108c6d,2,28,FILE-02R-98ae70bbe8082ef4,34,47.9979,60.0,750000.0,223.397,750000.0,monitor_raw,monitor_controlled,ACQSTATE-02R-896f06c2a7c231ec,LAT-02R-517a9644e4f59287,UB-02R-c7cdba07fed2dfd7,8e-05,1.0327955589886445e-05,Poisson_E_times_lambda,60.0,750000.0,normal_rate_diagnostic,discovery
SCAN-02R-762111064d108c6d,1,29,FILE-02R-98ae70bbe8082ef4,33,48.9985,41.0,750003.0,225.678,750003.0,monitor_raw,monitor_controlled,ACQSTATE-02R-896f06c2a7c231ec,LAT-02R-517a9644e4f59287,UB-02R-c7cdba07fed2dfd7,5.466644800087466e-05,8.537464833384464e-06,Poisson_E_times_lambda,41.0,750003.0,normal_rate_diagnostic,discovery
SCAN-02R-762111064d108c6d,0,30,FILE-02R-98ae70bbe8082ef4,32,49.9983,43.0,750000.0,231.092,750000.0,monitor_raw,monitor_controlled,ACQSTATE-02R-896f06c2a7c231ec,LAT-02R-517a9644e4f59287,UB-02R-c7cdba07fed2dfd7,5.7333333333333336e-05,8.743251365736e-06,Poisson_E_times_lambda,43.0,750000.0,normal_rate_diagnostic,discovery
SCAN-02R-774f62fc1777bc6b,24,0,FILE-02R-e3217e8bc718c0e2,56,0.9984,471.0,750004.0,211.377,750004.0,monitor_raw,monitor_controlled,ACQSTATE-02R-76ff5c324efb0d8a,LAT-02R-ae4c74e47a033f66,UB-02R-1d710a6baa059bbb,0.0006279966506845297,2.8936558223970414e-05,Poisson_E_times_lambda,471.0,750004.0,normal_rate_diagnostic,discovery
SCAN-02R-774f62fc1777bc6b,23,1,FILE-02R-e3217e8bc718c0e2,55,1.9988,404.0,750001.0,183.045,750001.0,monitor_raw,monitor_controlled,ACQSTATE-02R-76ff5c324efb0d8a,LAT-02R-ae4c74e47a033f66,UB-02R-1d710a6baa059bbb,0.0005386659484454021,2.6799632590145585e-05,Poisson_E_times_lambda,404.0,750001.0,normal_rate_diagnostic,discovery
SCAN-02R-774f62fc1777bc6b,22,2,FILE-02R-e3217e8bc718c0e2,54,2.9985,314.0,750002.0,176.016,750002.0,monitor_raw,monitor_controlled,ACQSTATE-02R-76ff5c324efb0d8a,LAT-02R-ae4c74e47a033f66,UB-02R-1d710a6baa059bbb,0.0004186655502251994,2.3626663857788843e-05,Poisson_E_times_lambda,314.0,750002.0,normal_rate_diagnostic,discovery
SCAN-02R-774f62fc1777bc6b,21,3,FILE-02R-e3217e8bc718c0e2,53,3.9985,311.0,750008.0,169.416,750008.0,monitor_raw,monitor_controlled,ACQSTATE-02R-76ff5c324efb0d8a,LAT-02R-ae4c74e47a033f66,UB-02R-1d710a6baa059bbb,0.00041466224360273493,2.3513338642452344e-05,Poisson_E_times_lambda,311.0,750008.0,normal_rate_diagnostic,discovery
SCAN-02R-774f62fc1777bc6b,20,4,FILE-02R-e3217e8bc718c0e2,52,4.9984,266.0,750006.0,171.712,750006.0,monitor_raw,monitor_controlled,ACQSTATE-02R-76ff5c324efb0d8a,LAT-02R-ae4c74e47a033f66,UB-02R-1d710a6baa059bbb,0.00035466382935603184,2.1745834607056598e-05,Poisson_E_times_lambda,266.0,750006.0,normal_rate_diagnostic,discovery
SCAN-02R-774f62fc1777bc6b,19,5,FILE-02R-e3217e8bc718c0e2,51,5.9983,213.0,750002.0,158.383,750002.0,monitor_raw,monitor_controlled,ACQSTATE-02R-76ff5c324efb0d8a,LAT-02R-ae4c74e47a033f66,UB-02R-1d710a6baa059bbb,0.0002839992426686862,1.9459307467615317e-05,Poisson_E_times_lambda,213.0,750002.0,normal_rate_diagnostic,discovery
SCAN-02R-774f62fc1777bc6b,18,6,FILE-02R-e3217e8bc718c0e2,50,6.9985,189.0,750001.0,146.458,750001.0,monitor_raw,monitor_controlled,ACQSTATE-02R-76ff5c324efb0d8a,LAT-02R-ae4c74e47a033f66,UB-02R-1d710a6baa059bbb,0.000251999664000448,1.833027833945224e-05,Poisson_E_times_lambda,189.0,750001.0,normal_rate_diagnostic,discovery
SCAN-02R-774f62fc1777bc6b,17,7,FILE-02R-e3217e8bc718c0e2,49,7.9981,167.0,750004.0,151.251,750004.0,monitor_raw,monitor_controlled,ACQSTATE-02R-76ff5c324efb0d8a,LAT-02R-ae4c74e47a033f66,UB-02R-1d710a6baa059bbb,0.0002226654791174447,1.723037208244234e-05,Poisson_E_times_lambda,167.0,750004.0,normal_rate_diagnostic,discovery
SCAN-02R-774f62fc1777bc6b,16,8,FILE-02R-e3217e8bc718c0e2,48,8.9982,164.0,750000.0,160.364,750000.0,monitor_raw,monitor_controlled,ACQSTATE-02R-76ff5c324efb0d8a,LAT-02R-ae4c74e47a033f66,UB-02R-1d710a6baa059bbb,0.00021866666666666668,1.7074997966487595e-05,Poisson_E_times_lambda,164.0,750000.0,normal_rate_diagnostic,discovery
SCAN-02R-774f62fc1777bc6b,15,9,FILE-02R-e3217e8bc718c0e2,47,9.9982,128.0,750005.0,154.672,750005.0,monitor_raw,monitor_controlled,ACQSTATE-02R-76ff5c324efb0d8a,LAT-02R-ae4c74e47a033f66,UB-02R-1d710a6baa059bbb,0.00017066552889647403,1.5084844099685683e-05,Poisson_E_times_lambda,128.0,750005.0,normal_rate_diagnostic,discovery
SCAN-02R-774f62fc1777bc6b,14,10,FILE-02R-e3217e8bc718c0e2,46,10.9984,143.0,750003.0,144.498,750003.0,monitor_raw,monitor_controlled,ACQSTATE-02R-76ff5c324efb0d8a,LAT-02R-ae4c74e47a033f66,UB-02R-1d710a6baa059bbb,0.00019066590400305066,1.594428388033301e-05,Poisson_E_times_lambda,143.0,750003.0,normal_rate_diagnostic,discovery
SCAN-02R-774f62fc1777bc6b,13,11,FILE-02R-e3217e8bc718c0e2,45,11.9984,131.0,750001.0,135.807,750001.0,monitor_raw,monitor_controlled,ACQSTATE-02R-76ff5c324efb0d8a,LAT-02R-ae4c74e47a033f66,UB-02R-1d710a6baa059bbb,0.0001746664337780883,1.526067717544323e-05,Poisson_E_times_lambda,131.0,750001.0,normal_rate_diagnostic,discovery
SCAN-02R-774f62fc1777bc6b,12,12,FILE-02R-e3217e8bc718c0e2,44,12.9977,112.0,750005.0,130.907,750005.0,monitor_raw,monitor_controlled,ACQSTATE-02R-76ff5c324efb0d8a,LAT-02R-ae4c74e47a033f66,UB-02R-1d710a6baa059bbb,0.00014933233778441476,1.4110579588480561e-05,Poisson_E_times_lambda,112.0,750005.0,normal_rate_diagnostic,discovery
SCAN-02R-774f62fc1777bc6b,11,13,FILE-02R-e3217e8bc718c0e2,43,13.9978,128.0,750005.0,128.821,750005.0,monitor_raw,monitor_controlled,ACQSTATE-02R-76ff5c324efb0d8a,LAT-02R-ae4c74e47a033f66,UB-02R-1d710a6baa059bbb,0.00017066552889647403,1.5084844099685683e-05,Poisson_E_times_lambda,128.0,750005.0,normal_rate_diagnostic,discovery
SCAN-02R-774f62fc1777bc6b,10,14,FILE-02R-e3217e8bc718c0e2,42,14.9981,138.0,750003.0,128.334,750003.0,monitor_raw,monitor_controlled,ACQSTATE-02R-76ff5c324efb0d8a,LAT-02R-ae4c74e47a033f66,UB-02R-1d710a6baa059bbb,0.00018399926400294397,1.566305751373092e-05,Poisson_E_times_lambda,138.0,750003.0,normal_rate_diagnostic,discovery
SCAN-02R-774f62fc1777bc6b,9,15,FILE-02R-e3217e8bc718c0e2,41,15.998,152.0,750004.0,128.565,750004.0,monitor_raw,monitor_controlled,ACQSTATE-02R-76ff5c324efb0d8a,LAT-02R-ae4c74e47a033f66,UB-02R-1d710a6baa059bbb,0.00020266558578354248,1.643834967005236e-05,Poisson_E_times_lambda,152.0,750004.0,normal_rate_diagnostic,discovery
SCAN-02R-774f62fc1777bc6b,8,16,FILE-02R-e3217e8bc718c0e2,40,16.9979,154.0,750002.0,128.61,750002.0,monitor_raw,monitor_controlled,ACQSTATE-02R-76ff5c324efb0d8a,LAT-02R-ae4c74e47a033f66,UB-02R-1d710a6baa059bbb,0.00020533278577923792,1.6546187404821398e-05,Poisson_E_times_lambda,154.0,750002.0,normal_rate_diagnostic,discovery
SCAN-02R-774f62fc1777bc6b,7,17,FILE-02R-e3217e8bc718c0e2,39,17.998,163.0,750000.0,131.716,750000.0,monitor_raw,monitor_controlled,ACQSTATE-02R-76ff5c324efb0d8a,LAT-02R-ae4c74e47a033f66,UB-02R-1d710a6baa059bbb,0.00021733333333333332,1.702286044640494e-05,Poisson_E_times_lambda,163.0,750000.0,normal_rate_diagnostic,discovery
SCAN-02R-774f62fc1777bc6b,6,18,FILE-02R-e3217e8bc718c0e2,38,18.9975,150.0,750001.0,137.676,750001.0,monitor_raw,monitor_controlled,ACQSTATE-02R-76ff5c324efb0d8a,LAT-02R-ae4c74e47a033f66,UB-02R-1d710a6baa059bbb,0.00019999973333368888,1.6329909845341394e-05,Poisson_E_times_lambda,150.0,750001.0,normal_rate_diagnostic,discovery
SCAN-02R-774f62fc1777bc6b,5,19,FILE-02R-e3217e8bc718c0e2,37,19.9982,127.0,750005.0,140.59,750005.0,monitor_raw,monitor_controlled,ACQSTATE-02R-76ff5c324efb0d8a,LAT-02R-ae4c74e47a033f66,UB-02R-1d710a6baa059bbb,0.0001693322044519703,1.502580338742361e-05,Poisson_E_times_lambda,127.0,750005.0,normal_rate_diagnostic,discovery
SCAN-02R-774f62fc1777bc6b,4,20,FILE-02R-e3217e8bc718c0e2,36,20.9981,143.0,750004.0,138.046,750004.0,monitor_raw,monitor_controlled,ACQSTATE-02R-76ff5c324efb0d8a,LAT-02R-ae4c74e47a033f66,UB-02R-1d710a6baa059bbb,0.00019066564978320117,1.5944262621401217e-05,Poisson_E_times_lambda,143.0,750004.0,normal_rate_diagnostic,discovery
SCAN-02R-774f62fc1777bc6b,3,21,FILE-02R-e3217e8bc718c0e2,35,21.9981,157.0,750005.0,133.775,750005.0,monitor_raw,monitor_controlled,ACQSTATE-02R-76ff5c324efb0d8a,LAT-02R-ae4c74e47a033f66,UB-02R-1d710a6baa059bbb,0.0002093319377870814,1.6706507404806193e-05,Poisson_E_times_lambda,157.0,750005.0,normal_rate_diagnostic,discovery
SCAN-02R-774f62fc1777bc6b,2,22,FILE-02R-e3217e8bc718c0e2,34,22.9981,144.0,750005.0,129.596,750005.0,monitor_raw,monitor_controlled,ACQSTATE-02R-76ff5c324efb0d8a,LAT-02R-ae4c74e47a033f66,UB-02R-1d710a6baa059bbb,0.00019199872000853326,1.599989333404444e-05,Poisson_E_times_lambda,144.0,750005.0,normal_rate_diagnostic,discovery
SCAN-02R-774f62fc1777bc6b,1,23,FILE-02R-e3217e8bc718c0e2,33,23.9984,145.0,750002.0,127.301,750002.0,monitor_raw,monitor_controlled,ACQSTATE-02R-76ff5c324efb0d8a,LAT-02R-ae4c74e47a033f66,UB-02R-1d710a6baa059bbb,0.00019333281777915258,1.6055416623945397e-05,Poisson_E_times_lambda,145.0,750002.0,normal_rate_diagnostic,discovery
SCAN-02R-774f62fc1777bc6b,0,24,FILE-02R-e3217e8bc718c0e2,32,24.9975,143.0,750004.0,128.003,750004.0,monitor_raw,monitor_controlled,ACQSTATE-02R-76ff5c324efb0d8a,LAT-02R-ae4c74e47a033f66,UB-02R-1d710a6baa059bbb,0.00019066564978320117,1.5944262621401217e-05,Poisson_E_times_lambda,143.0,750004.0,normal_rate_diagnostic,discovery
SCAN-02R-77b71bd09c7eb4b4,0,0,FILE-02R-ceedca39f412c49d,32,-0.0015,1811.0,750000.0,199.524,750000.0,monitor_raw,monitor_controlled,ACQSTATE-02R-896f06c2a7c231ec,LAT-02R-517a9644e4f59287,UB-02R-c7cdba07fed2dfd7,0.0024146666666666665,5.6741127549208565e-05,Poisson_E_times_lambda,1811.0,750000.0,normal_rate_diagnostic,discovery
SCAN-02R-77b71bd09c7eb4b4,1,1,FILE-02R-ceedca39f412c49d,33,0.9986,66.0,750001.0,205.72,750001.0,monitor_raw,monitor_controlled,ACQSTATE-02R-896f06c2a7c231ec,LAT-02R-517a9644e4f59287,UB-02R-c7cdba07fed2dfd7,8.79998826668231e-05,1.0832036763465596e-05,Poisson_E_times_lambda,66.0,750001.0,normal_rate_diagnostic,discovery
SCAN-02R-77b71bd09c7eb4b4,2,2,FILE-02R-ceedca39f412c49d,34,1.9987,38.0,750002.0,180.795,750002.0,monitor_raw,monitor_controlled,ACQSTATE-02R-896f06c2a7c231ec,LAT-02R-517a9644e4f59287,UB-02R-c7cdba07fed2dfd7,5.066653155591585e-05,8.219196752767294e-06,Poisson_E_times_lambda,38.0,750002.0,normal_rate_diagnostic,discovery
SCAN-02R-77b71bd09c7eb4b4,3,3,FILE-02R-ceedca39f412c49d,35,2.9988,50.0,750002.0,173.696,750002.0,monitor_raw,monitor_controlled,ACQSTATE-02R-896f06c2a7c231ec,LAT-02R-517a9644e4f59287,UB-02R-c7cdba07fed2dfd7,6.666648888936297e-05,9.428065274313236e-06,Poisson_E_times_lambda,50.0,750002.0,normal_rate_diagnostic,discovery
SCAN-02R-77b71bd09c7eb4b4,4,4,FILE-02R-ceedca39f412c49d,36,3.9988,39.0,750002.0,167.398,750002.0,monitor_raw,monitor_controlled,ACQSTATE-02R-896f06c2a7c231ec,LAT-02R-517a9644e4f59287,UB-02R-c7cdba07fed2dfd7,5.199986133370311e-05,8.326641793486416e-06,Poisson_E_times_lambda,39.0,750002.0,normal_rate_diagnostic,discovery
SCAN-02R-77b71bd09c7eb4b4,5,5,FILE-02R-ceedca39f412c49d,37,4.9988,42.0,750002.0,169.4,750002.0,monitor_raw,monitor_controlled,ACQSTATE-02R-896f06c2a7c231ec,LAT-02R-517a9644e4f59287,UB-02R-c7cdba07fed2dfd7,5.599985066706489e-05,8.640964555304999e-06,Poisson_E_times_lambda,42.0,750002.0,normal_rate_diagnostic,discovery
SCAN-02R-77b71bd09c7eb4b4,6,6,FILE-02R-ceedca39f412c49d,38,5.9986,42.0,750004.0,155.983,750004.0,monitor_raw,monitor_controlled,ACQSTATE-02R-896f06c2a7c231ec,LAT-02R-517a9644e4f59287,UB-02R-c7cdba07fed2dfd7,5.5999701334926214e-05,8.640941512855745e-06,Poisson_E_times_lambda,42.0,750004.0,normal_rate_diagnostic,discovery
SCAN-02R-77b71bd09c7eb4b4,7,7,FILE-02R-ceedca39f412c49d,39,6.9985,34.0,750005.0,144.525,750005.0,monitor_raw,monitor_controlled,ACQSTATE-02R-896f06c2a7c231ec,LAT-02R-517a9644e4f59287,UB-02R-c7cdba07fed2dfd7,4.533303111312591e-05,7.774550696122427e-06,Poisson_E_times_lambda,34.0,750005.0,normal_rate_diagnostic,discovery
SCAN-02R-77b71bd09c7eb4b4,8,8,FILE-02R-ceedca39f412c49d,40,7.9987,41.0,750003.0,148.919,750003.0,monitor_raw,monitor_controlled,ACQSTATE-02R-896f06c2a7c231ec,LAT-02R-517a9644e4f59287,UB-02R-c7cdba07fed2dfd7,5.466644800087466e-05,8.537464833384464e-06,Poisson_E_times_lambda,41.0,750003.0,normal_rate_diagnostic,discovery
SCAN-02R-77b71bd09c7eb4b4,9,9,FILE-02R-ceedca39f412c49d,41,8.9983,23.0,750000.0,157.819,750000.0,monitor_raw,monitor_controlled,ACQSTATE-02R-896f06c2a7c231ec,LAT-02R-517a9644e4f59287,UB-02R-c7cdba07fed2dfd7,3.066666666666667e-05,6.394442031083626e-06,Poisson_E_times_lambda,23.0,750000.0,normal_rate_diagnostic,discovery
SCAN-02R-77b71bd09c7eb4b4,10,10,FILE-02R-ceedca39f412c49d,42,9.9985,42.0,750005.0,151.594,750005.0,monitor_raw,monitor_controlled,ACQSTATE-02R-896f06c2a7c231ec,LAT-02R-517a9644e4f59287,UB-02R-c7cdba07fed2dfd7,5.5999626669155536e-05,8.640929991677203e-06,Poisson_E_times_lambda,42.0,750005.0,normal_rate_diagnostic,discovery
SCAN-02R-77b71bd09c7eb4b4,11,11,FILE-02R-ceedca39f412c49d,43,10.9984,29.0,750003.0,142.324,750003.0,monitor_raw,monitor_controlled,ACQSTATE-02R-896f06c2a7c231ec,LAT-02R-517a9644e4f59287,UB-02R-c7cdba07fed2dfd7,3.8666512000618665e-05,7.180191022081917e-06,Poisson_E_times_lambda,29.0,750003.0,normal_rate_diagnostic,discovery
SCAN-02R-77b71bd09c7eb4b4,12,12,FILE-02R-ceedca39f412c49d,44,11.9982,36.0,750003.0,133.599,750003.0,monitor_raw,monitor_controlled,ACQSTATE-02R-896f06c2a7c231ec,LAT-02R-517a9644e4f59287,UB-02R-c7cdba07fed2dfd7,4.7999808000768e-05,7.999968000127999e-06,Poisson_E_times_lambda,36.0,750003.0,normal_rate_diagnostic,discovery
SCAN-02R-77b71bd09c7eb4b4,13,13,FILE-02R-ceedca39f412c49d,45,12.9986,27.0,750008.0,129.124,750008.0,monitor_raw,monitor_controlled,ACQSTATE-02R-896f06c2a7c231ec,LAT-02R-517a9644e4f59287,UB-02R-c7cdba07fed2dfd7,3.599961600409596e-05,6.92812933022932e-06,Poisson_E_times_lambda,27.0,750008.0,normal_rate_diagnostic,discovery
SCAN-02R-77b71bd09c7eb4b4,14,14,FILE-02R-ceedca39f412c49d,46,13.9986,25.0,750002.0,126.741,750002.0,monitor_raw,monitor_controlled,ACQSTATE-02R-896f06c2a7c231ec,LAT-02R-517a9644e4f59287,UB-02R-c7cdba07fed2dfd7,3.3333244444681484e-05,6.666648888936296e-06,Poisson_E_times_lambda,25.0,750002.0,normal_rate_diagnostic,discovery
SCAN-02R-77b71bd09c7eb4b4,15,15,FILE-02R-ceedca39f412c49d,47,14.9986,36.0,750005.0,126.281,750005.0,monitor_raw,monitor_controlled,ACQSTATE-02R-896f06c2a7c231ec,LAT-02R-517a9644e4f59287,UB-02R-c7cdba07fed2dfd7,4.7999680002133316e-05,7.99994666702222e-06,Poisson_E_times_lambda,36.0,750005.0,normal_rate_diagnostic,discovery
SCAN-02R-77b71bd09c7eb4b4,16,16,FILE-02R-ceedca39f412c49d,48,15.9985,27.0,750004.0,126.629,750004.0,monitor_raw,monitor_controlled,ACQSTATE-02R-896f06c2a7c231ec,LAT-02R-517a9644e4f59287,UB-02R-c7cdba07fed2dfd7,3.5999808001024e-05,6.928166280055349e-06,Poisson_E_times_lambda,27.0,750004.0,normal_rate_diagnostic,discovery
SCAN-02R-77b71bd09c7eb4b4,17,17,FILE-02R-ceedca39f412c49d,49,16.9984,52.0,750002.0,126.482,750002.0,monitor_raw,monitor_controlled,ACQSTATE-02R-896f06c2a7c231ec,LAT-02R-517a9644e4f59287,UB-02R-c7cdba07fed2dfd7,6.933314844493748e-05,9.614777761829939e-06,Poisson_E_times_lambda,52.0,750002.0,normal_rate_diagnostic,discovery
SCAN-02R-77b71bd09c7eb4b4,18,18,FILE-02R-ceedca39f412c49d,50,17.9981,35.0,750001.0,129.339,750001.0,monitor_raw,monitor_controlled,ACQSTATE-02R-896f06c2a7c231ec,LAT-02R-517a9644e4f59287,UB-02R-c7cdba07fed2dfd7,4.6666604444527406e-05,7.888095860005007e-06,Poisson_E_times_lambda,35.0,750001.0,normal_rate_diagnostic,discovery
SCAN-02R-77b71bd09c7eb4b4,19,19,FILE-02R-ceedca39f412c49d,51,18.9987,29.0,750000.0,135.236,750000.0,monitor_raw,monitor_controlled,ACQSTATE-02R-896f06c2a7c231ec,LAT-02R-517a9644e4f59287,UB-02R-c7cdba07fed2dfd7,3.866666666666667e-05,7.180219742846005e-06,Poisson_E_times_lambda,29.0,750000.0,normal_rate_diagnostic,discovery
SCAN-02R-77b71bd09c7eb4b4,20,20,FILE-02R-ceedca39f412c49d,52,19.9982,37.0,750004.0,138.146,750004.0,monitor_raw,monitor_controlled,ACQSTATE-02R-896f06c2a7c231ec,LAT-02R-517a9644e4f59287,UB-02R-c7cdba07fed2dfd7,4.9333070223625475e-05,8.110306785428103e-06,Poisson_E_times_lambda,37.0,750004.0,normal_rate_diagnostic,discovery
SCAN-02R-77b71bd09c7eb4b4,21,21,FILE-02R-ceedca39f412c49d,53,20.9982,34.0,750001.0,136.467,750001.0,monitor_raw,monitor_controlled,ACQSTATE-02R-896f06c2a7c231ec,LAT-02R-517a9644e4f59287,UB-02R-c7cdba07fed2dfd7,4.533327288896948e-05,7.774592160337521e-06,Poisson_E_times_lambda,34.0,750001.0,normal_rate_diagnostic,discovery
SCAN-02R-77b71bd09c7eb4b4,22,22,FILE-02R-ceedca39f412c49d,54,21.9982,33.0,750007.0,131.42,750007.0,monitor_raw,monitor_controlled,ACQSTATE-02R-896f06c2a7c231ec,LAT-02R-517a9644e4f59287,UB-02R-c7cdba07fed2dfd7,4.399958933716619e-05,7.659345374827207e-06,Poisson_E_times_lambda,33.0,750007.0,normal_rate_diagnostic,discovery
SCAN-02R-77b71bd09c7eb4b4,23,23,FILE-02R-ceedca39f412c49d,55,22.9982,35.0,750000.0,127.231,750000.0,monitor_raw,monitor_controlled,ACQSTATE-02R-896f06c2a7c231ec,LAT-02R-517a9644e4f59287,UB-02R-c7cdba07fed2dfd7,4.6666666666666665e-05,7.888106377466155e-06,Poisson_E_times_lambda,35.0,750000.0,normal_rate_diagnostic,discovery
SCAN-02R-77b71bd09c7eb4b4,24,24,FILE-02R-ceedca39f412c49d,56,23.9985,29.0,750004.0,125.084,750004.0,monitor_raw,monitor_controlled,ACQSTATE-02R-896f06c2a7c231ec,LAT-02R-517a9644e4f59287,UB-02R-c7cdba07fed2dfd7,3.866646044554429e-05,7.180181448544946e-06,Poisson_E_times_lambda,29.0,750004.0,normal_rate_diagnostic,discovery
SCAN-02R-77b71bd09c7eb4b4,25,25,FILE-02R-ceedca39f412c49d,57,24.9984,36.0,750000.0,126.034,750000.0,monitor_raw,monitor_controlled,ACQSTATE-02R-896f06c2a7c231ec,LAT-02R-517a9644e4f59287,UB-02R-c7cdba07fed2dfd7,4.8e-05,8e-06,Poisson_E_times_lambda,36.0,750000.0,normal_rate_diagnostic,discovery
SCAN-02R-77b71bd09c7eb4b4,26,26,FILE-02R-ceedca39f412c49d,58,25.9983,22.0,750009.0,129.647,750009.0,monitor_raw,monitor_controlled,ACQSTATE-02R-896f06c2a7c231ec,LAT-02R-517a9644e4f59287,UB-02R-c7cdba07fed2dfd7,2.9332981337557283e-05,6.253812634012965e-06,Poisson_E_times_lambda,22.0,750009.0,normal_rate_diagnostic,discovery
SCAN-02R-77b71bd09c7eb4b4,27,27,FILE-02R-ceedca39f412c49d,59,26.9982,41.0,750005.0,134.093,750005.0,monitor_raw,monitor_controlled,ACQSTATE-02R-896f06c2a7c231ec,LAT-02R-517a9644e4f59287,UB-02R-c7cdba07fed2dfd7,5.4666302224651834e-05,8.537442066963352e-06,Poisson_E_times_lambda,41.0,750005.0,normal_rate_diagnostic,discovery
SCAN-02R-77b71bd09c7eb4b4,28,28,FILE-02R-ceedca39f412c49d,60,27.9979,21.0,750000.0,137.965,750000.0,monitor_raw,monitor_controlled,ACQSTATE-02R-896f06c2a7c231ec,LAT-02R-517a9644e4f59287,UB-02R-c7cdba07fed2dfd7,2.8e-05,6.110100926607786e-06,Poisson_E_times_lambda,21.0,750000.0,normal_rate_diagnostic,discovery
SCAN-02R-77b71bd09c7eb4b4,29,29,FILE-02R-ceedca39f412c49d,61,28.9982,24.0,750010.0,140.515,750010.0,monitor_raw,monitor_controlled,ACQSTATE-02R-896f06c2a7c231ec,LAT-02R-517a9644e4f59287,UB-02R-c7cdba07fed2dfd7,3.199957333902215e-05,6.5318855556144e-06,Poisson_E_times_lambda,24.0,750010.0,normal_rate_diagnostic,discovery
SCAN-02R-77b71bd09c7eb4b4,30,30,FILE-02R-ceedca39f412c49d,62,29.9986,33.0,750007.0,143.694,750007.0,monitor_raw,monitor_controlled,ACQSTATE-02R-896f06c2a7c231ec,LAT-02R-517a9644e4f59287,UB-02R-c7cdba07fed2dfd7,4.399958933716619e-05,7.659345374827207e-06,Poisson_E_times_lambda,33.0,750007.0,normal_rate_diagnostic,discovery
SCAN-02R-77b71bd09c7eb4b4,31,31,FILE-02R-ceedca39f412c49d,63,30.9986,26.0,750002.0,146.235,750002.0,monitor_raw,monitor_controlled,ACQSTATE-02R-896f06c2a7c231ec,LAT-02R-517a9644e4f59287,UB-02R-c7cdba07fed2dfd7,3.466657422246874e-05,6.798674554991566e-06,Poisson_E_times_lambda,26.0,750002.0,normal_rate_diagnostic,discovery
SCAN-02R-77b71bd09c7eb4b4,32,32,FILE-02R-ceedca39f412c49d,64,31.9987,20.0,750001.0,147.94,750001.0,monitor_raw,monitor_controlled,ACQSTATE-02R-896f06c2a7c231ec,LAT-02R-517a9644e4f59287,UB-02R-c7cdba07fed2dfd7,2.6666631111158517e-05,5.96283998954612e-06,Poisson_E_times_lambda,20.0,750001.0,normal_rate_diagnostic,discovery
SCAN-02R-77b71bd09c7eb4b4,33,33,FILE-02R-ceedca39f412c49d,65,32.998,24.0,750006.0,149.625,750006.0,monitor_raw,monitor_controlled,ACQSTATE-02R-896f06c2a7c231ec,LAT-02R-517a9644e4f59287,UB-02R-c7cdba07fed2dfd7,3.199974400204798e-05,6.531920392058671e-06,Poisson_E_times_lambda,24.0,750006.0,normal_rate_diagnostic,discovery
SCAN-02R-77b71bd09c7eb4b4,34,34,FILE-02R-ceedca39f412c49d,66,33.9983,34.0,750006.0,151.911,750006.0,monitor_raw,monitor_controlled,ACQSTATE-02R-896f06c2a7c231ec,LAT-02R-517a9644e4f59287,UB-02R-c7cdba07fed2dfd7,4.533297066956798e-05,7.77454033013776e-06,Poisson_E_times_lambda,34.0,750006.0,normal_rate_diagnostic,discovery
SCAN-02R-77b71bd09c7eb4b4,35,35,FILE-02R-ceedca39f412c49d,67,34.9979,29.0,750002.0,155.596,750002.0,monitor_raw,monitor_controlled,ACQSTATE-02R-896f06c2a7c231ec,LAT-02R-517a9644e4f59287,UB-02R-c7cdba07fed2dfd7,3.866656355583052e-05,7.180200595644417e-06,Poisson_E_times_lambda,29.0,750002.0,normal_rate_diagnostic,discovery
SCAN-02R-77b71bd09c7eb4b4,36,36,FILE-02R-ceedca39f412c49d,68,35.998,27.0,750004.0,160.078,750004.0,monitor_raw,monitor_controlled,ACQSTATE-02R-896f06c2a7c231ec,LAT-02R-517a9644e4f59287,UB-02R-c7cdba07fed2dfd7,3.5999808001024e-05,6.928166280055349e-06,Poisson_E_times_lambda,27.0,750004.0,normal_rate_diagnostic,discovery
SCAN-02R-77b71bd09c7eb4b4,37,37,FILE-02R-ceedca39f412c49d,69,36.9981,24.0,750003.0,163.875,750003.0,monitor_raw,monitor_controlled,ACQSTATE-02R-896f06c2a7c231ec,LAT-02R-517a9644e4f59287,UB-02R-c7cdba07fed2dfd7,3.1999872000511996e-05,6.5319465196357295e-06,Poisson_E_times_lambda,24.0,750003.0,normal_rate_diagnostic,discovery
SCAN-02R-77b71bd09c7eb4b4,38,38,FILE-02R-ceedca39f412c49d,70,37.9986,19.0,750002.0,166.925,750002.0,monitor_raw,monitor_controlled,ACQSTATE-02R-896f06c2a7c231ec,LAT-02R-517a9644e4f59287,UB-02R-c7cdba07fed2dfd7,2.5333265777957927e-05,5.811849759788206e-06,Poisson_E_times_lambda,19.0,750002.0,normal_rate_diagnostic,discovery
SCAN-02R-77b71bd09c7eb4b4,39,39,FILE-02R-ceedca39f412c49d,71,38.9981,32.0,750005.0,169.63,750005.0,monitor_raw,monitor_controlled,ACQSTATE-02R-896f06c2a7c231ec,LAT-02R-517a9644e4f59287,UB-02R-c7cdba07fed2dfd7,4.266638222411851e-05,7.542422049842842e-06,Poisson_E_times_lambda,32.0,750005.0,normal_rate_diagnostic,discovery
SCAN-02R-77b71bd09c7eb4b4,40,40,FILE-02R-ceedca39f412c49d,72,39.9984,27.0,750000.0,173.014,750000.0,monitor_raw,monitor_controlled,ACQSTATE-02R-896f06c2a7c231ec,LAT-02R-517a9644e4f59287,UB-02R-c7cdba07fed2dfd7,3.6e-05,6.928203230275509e-06,Poisson_E_times_lambda,27.0,750000.0,normal_rate_diagnostic,discovery
SCAN-02R-77b71bd09c7eb4b4,41,41,FILE-02R-ceedca39f412c49d,73,40.9983,53.0,750002.0,176.669,750002.0,monitor_raw,monitor_controlled,ACQSTATE-02R-896f06c2a7c231ec,LAT-02R-517a9644e4f59287,UB-02R-c7cdba07fed2dfd7,7.066647822272474e-05,9.706787300941222e-06,Poisson_E_times_lambda,53.0,750002.0,normal_rate_diagnostic,discovery
SCAN-02R-77b71bd09c7eb4b4,42,42,FILE-02R-ceedca39f412c49d,74,41.9986,49.0,750001.0,180.964,750001.0,monitor_raw,monitor_controlled,ACQSTATE-02R-896f06c2a7c231ec,LAT-02R-517a9644e4f59287,UB-02R-c7cdba07fed2dfd7,6.533324622233837e-05,9.333320888905481e-06,Poisson_E_times_lambda,49.0,750001.0,normal_rate_diagnostic,discovery
SCAN-02R-77b71bd09c7eb4b4,43,43,FILE-02R-ceedca39f412c49d,75,42.997,82.0,750004.0,186.319,750004.0,monitor_raw,monitor_controlled,ACQSTATE-02R-896f06c2a7c231ec,LAT-02R-517a9644e4f59287,UB-02R-c7cdba07fed2dfd7,0.00010933275022533214,1.2073782457343451e-05,Poisson_E_times_lambda,82.0,750004.0,normal_rate_diagnostic,discovery
SCAN-02R-77b71bd09c7eb4b4,44,44,FILE-02R-ceedca39f412c49d,76,43.9981,97.0,750001.0,192.514,750001.0,monitor_raw,monitor_controlled,ACQSTATE-02R-896f06c2a7c231ec,LAT-02R-517a9644e4f59287,UB-02R-c7cdba07fed2dfd7,0.00012933316088911882,1.3131792893337614e-05,Poisson_E_times_lambda,97.0,750001.0,normal_rate_diagnostic,discovery
SCAN-02R-77b71bd09c7eb4b4,45,45,FILE-02R-ceedca39f412c49d,77,44.9985,73.0,750007.0,200.526,750007.0,monitor_raw,monitor_controlled,ACQSTATE-02R-896f06c2a7c231ec,LAT-02R-517a9644e4f59287,UB-02R-c7cdba07fed2dfd7,9.733242489736763e-05,1.1391898669369126e-05,Poisson_E_times_lambda,73.0,750007.0,normal_rate_diagnostic,discovery
SCAN-02R-77b71bd09c7eb4b4,46,46,FILE-02R-ceedca39f412c49d,78,45.9982,42.0,750003.0,206.427,750003.0,monitor_raw,monitor_controlled,ACQSTATE-02R-896f06c2a7c231ec,LAT-02R-517a9644e4f59287,UB-02R-c7cdba07fed2dfd7,5.5999776000896e-05,8.640953034065011e-06,Poisson_E_times_lambda,42.0,750003.0,normal_rate_diagnostic,discovery
SCAN-02R-77b71bd09c7eb4b4,47,47,FILE-02R-ceedca39f412c49d,79,46.9988,41.0,750001.0,214.37,750001.0,monitor_raw,monitor_controlled,ACQSTATE-02R-896f06c2a7c231ec,LAT-02R-517a9644e4f59287,UB-02R-c7cdba07fed2dfd7,5.466659377787496e-05,8.537487599926998e-06,Poisson_E_times_lambda,41.0,750001.0,normal_rate_diagnostic,discovery
SCAN-02R-77b71bd09c7eb4b4,48,48,FILE-02R-ceedca39f412c49d,80,47.9979,33.0,750000.0,221.931,750000.0,monitor_raw,monitor_controlled,ACQSTATE-02R-896f06c2a7c231ec,LAT-02R-517a9644e4f59287,UB-02R-c7cdba07fed2dfd7,4.4e-05,7.659416862050705e-06,Poisson_E_times_lambda,33.0,750000.0,normal_rate_diagnostic,discovery
SCAN-02R-77b71bd09c7eb4b4,49,49,FILE-02R-ceedca39f412c49d,81,48.9985,26.0,750000.0,226.724,750000.0,monitor_raw,monitor_controlled,ACQSTATE-02R-896f06c2a7c231ec,LAT-02R-517a9644e4f59287,UB-02R-c7cdba07fed2dfd7,3.4666666666666665e-05,6.798692684790379e-06,Poisson_E_times_lambda,26.0,750000.0,normal_rate_diagnostic,discovery
SCAN-02R-77b71bd09c7eb4b4,50,50,FILE-02R-ceedca39f412c49d,82,49.9983,25.0,750002.0,230.637,750002.0,monitor_raw,monitor_controlled,ACQSTATE-02R-896f06c2a7c231ec,LAT-02R-517a9644e4f59287,UB-02R-c7cdba07fed2dfd7,3.3333244444681484e-05,6.666648888936296e-06,Poisson_E_times_lambda,25.0,750002.0,normal_rate_diagnostic,discovery
SCAN-02R-77b71bd09c7eb4b4,51,51,FILE-02R-ceedca39f412c49d,83,50.9976,24.0,750002.0,233.326,750002.0,monitor_raw,monitor_controlled,ACQSTATE-02R-896f06c2a7c231ec,LAT-02R-517a9644e4f59287,UB-02R-c7cdba07fed2dfd7,3.199991466689422e-05,6.53195522887453e-06,Poisson_E_times_lambda,24.0,750002.0,normal_rate_diagnostic,discovery
SCAN-02R-77b71bd09c7eb4b4,52,52,FILE-02R-ceedca39f412c49d,84,51.9971,13.0,750003.0,235.573,750003.0,monitor_raw,monitor_controlled,ACQSTATE-02R-896f06c2a7c231ec,LAT-02R-517a9644e4f59287,UB-02R-c7cdba07fed2dfd7,1.7333264000277333e-05,4.807382471088768e-06,Poisson_E_times_lambda,13.0,750003.0,normal_rate_diagnostic,discovery
SCAN-02R-77b71bd09c7eb4b4,53,53,FILE-02R-ceedca39f412c49d,85,52.9973,24.0,750003.0,237.697,750003.0,monitor_raw,monitor_controlled,ACQSTATE-02R-896f06c2a7c231ec,LAT-02R-517a9644e4f59287,UB-02R-c7cdba07fed2dfd7,3.1999872000511996e-05,6.5319465196357295e-06,Poisson_E_times_lambda,24.0,750003.0,normal_rate_diagnostic,discovery
SCAN-02R-77b71bd09c7eb4b4,54,54,FILE-02R-ceedca39f412c49d,86,53.9974,24.0,750002.0,241.487,750002.0,monitor_raw,monitor_controlled,ACQSTATE-02R-896f06c2a7c231ec,LAT-02R-517a9644e4f59287,UB-02R-c7cdba07fed2dfd7,3.199991466689422e-05,6.53195522887453e-06,Poisson_E_times_lambda,24.0,750002.0,normal_rate_diagnostic,discovery
SCAN-02R-77b71bd09c7eb4b4,55,55,FILE-02R-ceedca39f412c49d,87,54.9968,16.0,750002.0,244.771,750002.0,monitor_raw,monitor_controlled,ACQSTATE-02R-896f06c2a7c231ec,LAT-02R-517a9644e4f59287,UB-02R-c7cdba07fed2dfd7,2.1333276444596148e-05,5.333319111149037e-06,Poisson_E_times_lambda,16.0,750002.0,normal_rate_diagnostic,discovery
SCAN-02R-79e659b84aa4786d,30,0,FILE-02R-0481b23618cb53b9,62,19.9983,20.0,750000.0,137.655,750000.0,monitor_raw,monitor_controlled,ACQSTATE-02R-896f06c2a7c231ec,LAT-02R-517a9644e4f59287,UB-02R-c7cdba07fed2dfd7,2.6666666666666667e-05,5.96284793999944e-06,Poisson_E_times_lambda,20.0,750000.0,normal_rate_diagnostic,discovery
SCAN-02R-79e659b84aa4786d,29,1,FILE-02R-0481b23618cb53b9,61,20.9982,22.0,750002.0,135.715,750002.0,monitor_raw,monitor_controlled,ACQSTATE-02R-896f06c2a7c231ec,LAT-02R-517a9644e4f59287,UB-02R-c7cdba07fed2dfd7,2.9333255111319702e-05,6.2538710027752325e-06,Poisson_E_times_lambda,22.0,750002.0,normal_rate_diagnostic,discovery
SCAN-02R-79e659b84aa4786d,28,2,FILE-02R-0481b23618cb53b9,60,21.9982,28.0,750003.0,130.573,750003.0,monitor_raw,monitor_controlled,ACQSTATE-02R-896f06c2a7c231ec,LAT-02R-517a9644e4f59287,UB-02R-c7cdba07fed2dfd7,3.7333184000597334e-05,7.055308608271142e-06,Poisson_E_times_lambda,28.0,750003.0,normal_rate_diagnostic,discovery
SCAN-02R-79e659b84aa4786d,27,3,FILE-02R-0481b23618cb53b9,59,22.9982,34.0,750004.0,126.98,750004.0,monitor_raw,monitor_controlled,ACQSTATE-02R-896f06c2a7c231ec,LAT-02R-517a9644e4f59287,UB-02R-c7cdba07fed2dfd7,4.533309155684503e-05,7.774561062134735e-06,Poisson_E_times_lambda,34.0,750004.0,normal_rate_diagnostic,discovery
SCAN-02R-79e659b84aa4786d,26,4,FILE-02R-0481b23618cb53b9,58,23.9984,28.0,750006.0,125.016,750006.0,monitor_raw,monitor_controlled,ACQSTATE-02R-896f06c2a7c231ec,LAT-02R-517a9644e4f59287,UB-02R-c7cdba07fed2dfd7,3.733303466905598e-05,7.055280387262477e-06,Poisson_E_times_lambda,28.0,750006.0,normal_rate_diagnostic,discovery
SCAN-02R-79e659b84aa4786d,25,5,FILE-02R-0481b23618cb53b9,57,24.9982,27.0,750003.0,125.431,750003.0,monitor_raw,monitor_controlled,ACQSTATE-02R-896f06c2a7c231ec,LAT-02R-517a9644e4f59287,UB-02R-c7cdba07fed2dfd7,3.5999856000575996e-05,6.928175517573439e-06,Poisson_E_times_lambda,27.0,750003.0,normal_rate_diagnostic,discovery
SCAN-02R-79e659b84aa4786d,24,6,FILE-02R-0481b23618cb53b9,56,25.9968,31.0,750004.0,128.756,750004.0,monitor_raw,monitor_controlled,ACQSTATE-02R-896f06c2a7c231ec,LAT-02R-517a9644e4f59287,UB-02R-c7cdba07fed2dfd7,4.1333112890064584e-05,7.423646224326832e-06,Poisson_E_times_lambda,31.0,750004.0,normal_rate_diagnostic,discovery
SCAN-02R-79e659b84aa4786d,23,7,FILE-02R-0481b23618cb53b9,55,26.9975,21.0,750002.0,133.675,750002.0,monitor_raw,monitor_controlled,ACQSTATE-02R-896f06c2a7c231ec,LAT-02R-517a9644e4f59287,UB-02R-c7cdba07fed2dfd7,2.7999925333532445e-05,6.110084633048765e-06,Poisson_E_times_lambda,21.0,750002.0,normal_rate_diagnostic,discovery
SCAN-02R-79e659b84aa4786d,22,8,FILE-02R-0481b23618cb53b9,54,27.9987,23.0,750002.0,137.346,750002.0,monitor_raw,monitor_controlled,ACQSTATE-02R-896f06c2a7c231ec,LAT-02R-517a9644e4f59287,UB-02R-c7cdba07fed2dfd7,3.066658488910696e-05,6.394424979283681e-06,Poisson_E_times_lambda,23.0,750002.0,normal_rate_diagnostic,discovery
SCAN-02R-79e659b84aa4786d,21,9,FILE-02R-0481b23618cb53b9,53,28.9983,26.0,750004.0,140.683,750004.0,monitor_raw,monitor_controlled,ACQSTATE-02R-896f06c2a7c231ec,LAT-02R-517a9644e4f59287,UB-02R-c7cdba07fed2dfd7,3.4666481778763846e-05,6.798656425289444e-06,Poisson_E_times_lambda,26.0,750004.0,normal_rate_diagnostic,discovery
SCAN-02R-79e659b84aa4786d,20,10,FILE-02R-0481b23618cb53b9,52,29.9979,26.0,750002.0,144.381,750002.0,monitor_raw,monitor_controlled,ACQSTATE-02R-896f06c2a7c231ec,LAT-02R-517a9644e4f59287,UB-02R-c7cdba07fed2dfd7,3.466657422246874e-05,6.798674554991566e-06,Poisson_E_times_lambda,26.0,750002.0,normal_rate_diagnostic,discovery
SCAN-02R-79e659b84aa4786d,19,11,FILE-02R-0481b23618cb53b9,51,30.9987,21.0,750003.0,147.074,750003.0,monitor_raw,monitor_controlled,ACQSTATE-02R-896f06c2a7c231ec,LAT-02R-517a9644e4f59287,UB-02R-c7cdba07fed2dfd7,2.7999888000448e-05,6.110076486301841e-06,Poisson_E_times_lambda,21.0,750003.0,normal_rate_diagnostic,discovery
SCAN-02R-79e659b84aa4786d,18,12,FILE-02R-0481b23618cb53b9,50,31.998,28.0,750000.0,148.877,750000.0,monitor_raw,monitor_controlled,ACQSTATE-02R-896f06c2a7c231ec,LAT-02R-517a9644e4f59287,UB-02R-c7cdba07fed2dfd7,3.733333333333333e-05,7.055336829505575e-06,Poisson_E_times_lambda,28.0,750000.0,normal_rate_diagnostic,discovery
SCAN-02R-79e659b84aa4786d,17,13,FILE-02R-0481b23618cb53b9,49,32.9973,32.0,750009.0,150.677,750009.0,monitor_raw,monitor_controlled,ACQSTATE-02R-896f06c2a7c231ec,LAT-02R-517a9644e4f59287,UB-02R-c7cdba07fed2dfd7,4.266615467281059e-05,7.542381824074619e-06,Poisson_E_times_lambda,32.0,750009.0,normal_rate_diagnostic,discovery
SCAN-02R-79e659b84aa4786d,16,14,FILE-02R-0481b23618cb53b9,48,33.9975,29.0,750006.0,153.275,750006.0,monitor_raw,monitor_controlled,ACQSTATE-02R-896f06c2a7c231ec,LAT-02R-517a9644e4f59287,UB-02R-c7cdba07fed2dfd7,3.866635733580798e-05,7.180162301547592e-06,Poisson_E_times_lambda,29.0,750006.0,normal_rate_diagnostic,discovery
SCAN-02R-79e659b84aa4786d,15,15,FILE-02R-0481b23618cb53b9,47,34.997,40.0,750003.0,156.224,750003.0,monitor_raw,monitor_controlled,ACQSTATE-02R-896f06c2a7c231ec,LAT-02R-517a9644e4f59287,UB-02R-c7cdba07fed2dfd7,5.333312000085333e-05,8.432706696288894e-06,Poisson_E_times_lambda,40.0,750003.0,normal_rate_diagnostic,discovery
SCAN-02R-79e659b84aa4786d,14,16,FILE-02R-0481b23618cb53b9,46,35.9961,34.0,750005.0,160.943,750005.0,monitor_raw,monitor_controlled,ACQSTATE-02R-896f06c2a7c231ec,LAT-02R-517a9644e4f59287,UB-02R-c7cdba07fed2dfd7,4.533303111312591e-05,7.774550696122427e-06,Poisson_E_times_lambda,34.0,750005.0,normal_rate_diagnostic,discovery
SCAN-02R-79e659b84aa4786d,13,17,FILE-02R-0481b23618cb53b9,45,36.9961,37.0,750004.0,164.814,750004.0,monitor_raw,monitor_controlled,ACQSTATE-02R-896f06c2a7c231ec,LAT-02R-517a9644e4f59287,UB-02R-c7cdba07fed2dfd7,4.9333070223625475e-05,8.110306785428103e-06,Poisson_E_times_lambda,37.0,750004.0,normal_rate_diagnostic,discovery
SCAN-02R-79e659b84aa4786d,12,18,FILE-02R-0481b23618cb53b9,44,37.9975,32.0,750002.0,167.925,750002.0,monitor_raw,monitor_controlled,ACQSTATE-02R-896f06c2a7c231ec,LAT-02R-517a9644e4f59287,UB-02R-c7cdba07fed2dfd7,4.2666552889192296e-05,7.542452219450589e-06,Poisson_E_times_lambda,32.0,750002.0,normal_rate_diagnostic,discovery
SCAN-02R-79e659b84aa4786d,11,19,FILE-02R-0481b23618cb53b9,43,38.9971,32.0,750004.0,169.518,750004.0,monitor_raw,monitor_controlled,ACQSTATE-02R-896f06c2a7c231ec,LAT-02R-517a9644e4f59287,UB-02R-c7cdba07fed2dfd7,4.2666439112324736e-05,7.54243210635194e-06,Poisson_E_times_lambda,32.0,750004.0,normal_rate_diagnostic,discovery
SCAN-02R-79e659b84aa4786d,10,20,FILE-02R-0481b23618cb53b9,42,39.9963,45.0,750005.0,173.592,750005.0,monitor_raw,monitor_controlled,ACQSTATE-02R-896f06c2a7c231ec,LAT-02R-517a9644e4f59287,UB-02R-c7cdba07fed2dfd7,5.999960000266665e-05,8.94421228191728e-06,Poisson_E_times_lambda,45.0,750005.0,normal_rate_diagnostic,discovery
SCAN-02R-79e659b84aa4786d,9,21,FILE-02R-0481b23618cb53b9,41,40.9973,59.0,750004.0,175.768,750004.0,monitor_raw,monitor_controlled,ACQSTATE-02R-896f06c2a7c231ec,LAT-02R-517a9644e4f59287,UB-02R-c7cdba07fed2dfd7,7.866624711334873e-05,1.024147304263525e-05,Poisson_E_times_lambda,59.0,750004.0,normal_rate_diagnostic,discovery
SCAN-02R-79e659b84aa4786d,8,22,FILE-02R-0481b23618cb53b9,40,41.9975,56.0,750007.0,182.035,750007.0,monitor_raw,monitor_controlled,ACQSTATE-02R-896f06c2a7c231ec,LAT-02R-517a9644e4f59287,UB-02R-c7cdba07fed2dfd7,7.466596978428202e-05,9.977659906571382e-06,Poisson_E_times_lambda,56.0,750007.0,normal_rate_diagnostic,discovery
SCAN-02R-79e659b84aa4786d,7,23,FILE-02R-0481b23618cb53b9,39,42.9982,98.0,750001.0,185.7,750001.0,monitor_raw,monitor_controlled,ACQSTATE-02R-896f06c2a7c231ec,LAT-02R-517a9644e4f59287,UB-02R-c7cdba07fed2dfd7,0.00013066649244467674,1.3199308983070243e-05,Poisson_E_times_lambda,98.0,750001.0,normal_rate_diagnostic,discovery
SCAN-02R-79e659b84aa4786d,6,24,FILE-02R-0481b23618cb53b9,38,43.9969,82.0,750005.0,194.029,750005.0,monitor_raw,monitor_controlled,ACQSTATE-02R-896f06c2a7c231ec,LAT-02R-517a9644e4f59287,UB-02R-c7cdba07fed2dfd7,0.00010933260444930367,1.2073766359074163e-05,Poisson_E_times_lambda,82.0,750005.0,normal_rate_diagnostic,discovery
SCAN-02R-79e659b84aa4786d,5,25,FILE-02R-0481b23618cb53b9,37,44.9984,74.0,750003.0,199.443,750003.0,monitor_raw,monitor_controlled,ACQSTATE-02R-896f06c2a7c231ec,LAT-02R-517a9644e4f59287,UB-02R-c7cdba07fed2dfd7,9.866627200157866e-05,1.1469721143838927e-05,Poisson_E_times_lambda,74.0,750003.0,normal_rate_diagnostic,discovery
SCAN-02R-79e659b84aa4786d,4,26,FILE-02R-0481b23618cb53b9,36,45.9969,73.0,750002.0,209.269,750002.0,monitor_raw,monitor_controlled,ACQSTATE-02R-896f06c2a7c231ec,LAT-02R-517a9644e4f59287,UB-02R-c7cdba07fed2dfd7,9.733307377846993e-05,1.1391974615157733e-05,Poisson_E_times_lambda,73.0,750002.0,normal_rate_diagnostic,discovery
SCAN-02R-79e659b84aa4786d,3,27,FILE-02R-0481b23618cb53b9,35,46.9974,65.0,750000.0,215.125,750000.0,monitor_raw,monitor_controlled,ACQSTATE-02R-896f06c2a7c231ec,LAT-02R-517a9644e4f59287,UB-02R-c7cdba07fed2dfd7,8.666666666666667e-05,1.0749676997731399e-05,Poisson_E_times_lambda,65.0,750000.0,normal_rate_diagnostic,discovery
SCAN-02R-79e659b84aa4786d,2,28,FILE-02R-0481b23618cb53b9,34,47.9965,51.0,750001.0,222.957,750001.0,monitor_raw,monitor_controlled,ACQSTATE-02R-896f06c2a7c231ec,LAT-02R-517a9644e4f59287,UB-02R-c7cdba07fed2dfd7,6.799990933345422e-05,9.521891875534633e-06,Poisson_E_times_lambda,51.0,750001.0,normal_rate_diagnostic,discovery
SCAN-02R-79e659b84aa4786d,1,29,FILE-02R-0481b23618cb53b9,33,48.993,35.0,750003.0,224.667,750003.0,monitor_raw,monitor_controlled,ACQSTATE-02R-896f06c2a7c231ec,LAT-02R-517a9644e4f59287,UB-02R-c7cdba07fed2dfd7,4.6666480000746666e-05,7.888074825166855e-06,Poisson_E_times_lambda,35.0,750003.0,normal_rate_diagnostic,discovery
SCAN-02R-79e659b84aa4786d,0,30,FILE-02R-0481b23618cb53b9,32,49.9968,139.0,750003.0,230.986,750003.0,monitor_raw,monitor_controlled,ACQSTATE-02R-896f06c2a7c231ec,LAT-02R-517a9644e4f59287,UB-02R-c7cdba07fed2dfd7,0.00018533259200296533,1.5719705284580988e-05,Poisson_E_times_lambda,139.0,750003.0,normal_rate_diagnostic,discovery
SCAN-02R-7acd4c14a0007418,0,0,FILE-02R-c6551e798a983dea,32,9.998,46.0,750004.0,150.158,750004.0,monitor_raw,monitor_controlled,ACQSTATE-02R-896f06c2a7c231ec,LAT-02R-517a9644e4f59287,UB-02R-c7cdba07fed2dfd7,6.133300622396681e-05,9.043058414522148e-06,Poisson_E_times_lambda,46.0,750004.0,normal_rate_diagnostic,discovery
SCAN-02R-7acd4c14a0007418,1,1,FILE-02R-c6551e798a983dea,33,10.9986,57.0,750003.0,141.859,750003.0,monitor_raw,monitor_controlled,ACQSTATE-02R-896f06c2a7c231ec,LAT-02R-517a9644e4f59287,UB-02R-c7cdba07fed2dfd7,7.5999696001216e-05,1.0066405648071741e-05,Poisson_E_times_lambda,57.0,750003.0,normal_rate_diagnostic,discovery
SCAN-02R-7acd4c14a0007418,2,2,FILE-02R-c6551e798a983dea,34,11.9987,47.0,750001.0,132.625,750001.0,monitor_raw,monitor_controlled,ACQSTATE-02R-896f06c2a7c231ec,LAT-02R-517a9644e4f59287,UB-02R-c7cdba07fed2dfd7,6.266658311122251e-05,9.140860612720574e-06,Poisson_E_times_lambda,47.0,750001.0,normal_rate_diagnostic,discovery
SCAN-02R-7acd4c14a0007418,3,3,FILE-02R-c6551e798a983dea,35,12.9987,35.0,750003.0,128.01,750003.0,monitor_raw,monitor_controlled,ACQSTATE-02R-896f06c2a7c231ec,LAT-02R-517a9644e4f59287,UB-02R-c7cdba07fed2dfd7,4.6666480000746666e-05,7.888074825166855e-06,Poisson_E_times_lambda,35.0,750003.0,normal_rate_diagnostic,discovery
SCAN-02R-7acd4c14a0007418,4,4,FILE-02R-c6551e798a983dea,36,13.9982,56.0,750001.0,125.811,750001.0,monitor_raw,monitor_controlled,ACQSTATE-02R-896f06c2a7c231ec,LAT-02R-517a9644e4f59287,UB-02R-c7cdba07fed2dfd7,7.466656711124385e-05,9.977739727744207e-06,Poisson_E_times_lambda,56.0,750001.0,normal_rate_diagnostic,discovery
SCAN-02R-7acd4c14a0007418,5,5,FILE-02R-c6551e798a983dea,37,14.9987,39.0,750005.0,126.007,750005.0,monitor_raw,monitor_controlled,ACQSTATE-02R-896f06c2a7c231ec,LAT-02R-517a9644e4f59287,UB-02R-c7cdba07fed2dfd7,5.199965333564443e-05,8.326608487141283e-06,Poisson_E_times_lambda,39.0,750005.0,normal_rate_diagnostic,discovery
SCAN-02R-7acd4c14a0007418,6,6,FILE-02R-c6551e798a983dea,38,15.9985,39.0,750004.0,126.174,750004.0,monitor_raw,monitor_controlled,ACQSTATE-02R-896f06c2a7c231ec,LAT-02R-517a9644e4f59287,UB-02R-c7cdba07fed2dfd7,5.199972266814577e-05,8.326619589226723e-06,Poisson_E_times_lambda,39.0,750004.0,normal_rate_diagnostic,discovery
SCAN-02R-7acd4c14a0007418,7,7,FILE-02R-c6551e798a983dea,39,16.9979,76.0,750007.0,125.729,750007.0,monitor_raw,monitor_controlled,ACQSTATE-02R-896f06c2a7c231ec,LAT-02R-517a9644e4f59287,UB-02R-c7cdba07fed2dfd7,0.00010133238756438274,1.1623622028969526e-05,Poisson_E_times_lambda,76.0,750007.0,normal_rate_diagnostic,discovery
SCAN-02R-7acd4c14a0007418,8,8,FILE-02R-c6551e798a983dea,40,17.9983,48.0,750005.0,128.786,750005.0,monitor_raw,monitor_controlled,ACQSTATE-02R-896f06c2a7c231ec,LAT-02R-517a9644e4f59287,UB-02R-c7cdba07fed2dfd7,6.399957333617776e-05,9.237542723415855e-06,Poisson_E_times_lambda,48.0,750005.0,normal_rate_diagnostic,discovery
SCAN-02R-7acd4c14a0007418,9,9,FILE-02R-c6551e798a983dea,41,18.9991,46.0,750005.0,134.811,750005.0,monitor_raw,monitor_controlled,ACQSTATE-02R-896f06c2a7c231ec,LAT-02R-517a9644e4f59287,UB-02R-c7cdba07fed2dfd7,6.133292444717035e-05,9.04304635719131e-06,Poisson_E_times_lambda,46.0,750005.0,normal_rate_diagnostic,discovery
SCAN-02R-7acd4c14a0007418,10,10,FILE-02R-c6551e798a983dea,42,19.9985,27.0,750002.0,137.364,750002.0,monitor_raw,monitor_controlled,ACQSTATE-02R-896f06c2a7c231ec,LAT-02R-517a9644e4f59287,UB-02R-c7cdba07fed2dfd7,3.5999904000256e-05,6.928184755116162e-06,Poisson_E_times_lambda,27.0,750002.0,normal_rate_diagnostic,discovery
SCAN-02R-7acd4c14a0007418,11,11,FILE-02R-c6551e798a983dea,43,20.9983,33.0,750003.0,135.081,750003.0,monitor_raw,monitor_controlled,ACQSTATE-02R-896f06c2a7c231ec,LAT-02R-517a9644e4f59287,UB-02R-c7cdba07fed2dfd7,4.3999824000704e-05,7.659386224505806e-06,Poisson_E_times_lambda,33.0,750003.0,normal_rate_diagnostic,discovery
SCAN-02R-7acd4c14a0007418,12,12,FILE-02R-c6551e798a983dea,44,21.9982,47.0,750003.0,130.834,750003.0,monitor_raw,monitor_controlled,ACQSTATE-02R-896f06c2a7c231ec,LAT-02R-517a9644e4f59287,UB-02R-c7cdba07fed2dfd7,6.266641600100266e-05,9.140836237189777e-06,Poisson_E_times_lambda,47.0,750003.0,normal_rate_diagnostic,discovery
SCAN-02R-7acd4c14a0007418,13,13,FILE-02R-c6551e798a983dea,45,22.9983,38.0,750005.0,126.51,750005.0,monitor_raw,monitor_controlled,ACQSTATE-02R-896f06c2a7c231ec,LAT-02R-517a9644e4f59287,UB-02R-c7cdba07fed2dfd7,5.066632889114073e-05,8.219163876199461e-06,Poisson_E_times_lambda,38.0,750005.0,normal_rate_diagnostic,discovery
SCAN-02R-7acd4c14a0007418,14,14,FILE-02R-c6551e798a983dea,46,23.9983,34.0,750008.0,124.854,750008.0,monitor_raw,monitor_controlled,ACQSTATE-02R-896f06c2a7c231ec,LAT-02R-517a9644e4f59287,UB-02R-c7cdba07fed2dfd7,4.533284978293565e-05,7.774519598251353e-06,Poisson_E_times_lambda,34.0,750008.0,normal_rate_diagnostic,discovery
SCAN-02R-7acd4c14a0007418,15,15,FILE-02R-c6551e798a983dea,47,24.9981,30.0,750003.0,125.382,750003.0,monitor_raw,monitor_controlled,ACQSTATE-02R-896f06c2a7c231ec,LAT-02R-517a9644e4f59287,UB-02R-c7cdba07fed2dfd7,3.999984000064e-05,7.302938221649328e-06,Poisson_E_times_lambda,30.0,750003.0,normal_rate_diagnostic,discovery
SCAN-02R-7acd4c14a0007418,16,16,FILE-02R-c6551e798a983dea,48,25.9982,31.0,750004.0,128.73,750004.0,monitor_raw,monitor_controlled,ACQSTATE-02R-896f06c2a7c231ec,LAT-02R-517a9644e4f59287,UB-02R-c7cdba07fed2dfd7,4.1333112890064584e-05,7.423646224326832e-06,Poisson_E_times_lambda,31.0,750004.0,normal_rate_diagnostic,discovery
SCAN-02R-7acd4c14a0007418,17,17,FILE-02R-c6551e798a983dea,49,26.9983,45.0,750007.0,133.573,750007.0,monitor_raw,monitor_controlled,ACQSTATE-02R-896f06c2a7c231ec,LAT-02R-517a9644e4f59287,UB-02R-c7cdba07fed2dfd7,5.9999440005226616e-05,8.944188430907138e-06,Poisson_E_times_lambda,45.0,750007.0,normal_rate_diagnostic,discovery
SCAN-02R-7acd4c14a0007418,18,18,FILE-02R-c6551e798a983dea,50,27.9989,30.0,750006.0,137.368,750006.0,monitor_raw,monitor_controlled,ACQSTATE-02R-896f06c2a7c231ec,LAT-02R-517a9644e4f59287,UB-02R-c7cdba07fed2dfd7,3.999968000255998e-05,7.302909010130134e-06,Poisson_E_times_lambda,30.0,750006.0,normal_rate_diagnostic,discovery
SCAN-02R-7acd4c14a0007418,19,19,FILE-02R-c6551e798a983dea,51,28.9985,42.0,750005.0,139.101,750005.0,monitor_raw,monitor_controlled,ACQSTATE-02R-896f06c2a7c231ec,LAT-02R-517a9644e4f59287,UB-02R-c7cdba07fed2dfd7,5.5999626669155536e-05,8.640929991677203e-06,Poisson_E_times_lambda,42.0,750005.0,normal_rate_diagnostic,discovery
SCAN-02R-7acd4c14a0007418,20,20,FILE-02R-c6551e798a983dea,52,29.9987,40.0,750000.0,142.753,750000.0,monitor_raw,monitor_controlled,ACQSTATE-02R-896f06c2a7c231ec,LAT-02R-517a9644e4f59287,UB-02R-c7cdba07fed2dfd7,5.333333333333333e-05,8.432740427115678e-06,Poisson_E_times_lambda,40.0,750000.0,normal_rate_diagnostic,discovery
SCAN-02R-7acd4c14a0007418,21,21,FILE-02R-c6551e798a983dea,53,30.9976,36.0,750000.0,144.893,750000.0,monitor_raw,monitor_controlled,ACQSTATE-02R-896f06c2a7c231ec,LAT-02R-517a9644e4f59287,UB-02R-c7cdba07fed2dfd7,4.8e-05,8e-06,Poisson_E_times_lambda,36.0,750000.0,normal_rate_diagnostic,discovery
SCAN-02R-7acd4c14a0007418,22,22,FILE-02R-c6551e798a983dea,54,31.9978,22.0,750004.0,146.989,750004.0,monitor_raw,monitor_controlled,ACQSTATE-02R-896f06c2a7c231ec,LAT-02R-517a9644e4f59287,UB-02R-c7cdba07fed2dfd7,2.9333176889723255e-05,6.253854325874835e-06,Poisson_E_times_lambda,22.0,750004.0,normal_rate_diagnostic,discovery
SCAN-02R-7acd4c14a0007418,23,23,FILE-02R-c6551e798a983dea,55,32.9981,33.0,750001.0,148.534,750001.0,monitor_raw,monitor_controlled,ACQSTATE-02R-896f06c2a7c231ec,LAT-02R-517a9644e4f59287,UB-02R-c7cdba07fed2dfd7,4.399994133341155e-05,7.659406649508506e-06,Poisson_E_times_lambda,33.0,750001.0,normal_rate_diagnostic,discovery
SCAN-02R-7acd4c14a0007418,24,24,FILE-02R-c6551e798a983dea,56,33.9983,52.0,750004.0,151.631,750004.0,monitor_raw,monitor_controlled,ACQSTATE-02R-896f06c2a7c231ec,LAT-02R-517a9644e4f59287,UB-02R-c7cdba07fed2dfd7,6.933296355752769e-05,9.614752122559317e-06,Poisson_E_times_lambda,52.0,750004.0,normal_rate_diagnostic,discovery
SCAN-02R-7acd4c14a0007418,25,25,FILE-02R-c6551e798a983dea,57,34.9978,34.0,750000.0,154.404,750000.0,monitor_raw,monitor_controlled,ACQSTATE-02R-896f06c2a7c231ec,LAT-02R-517a9644e4f59287,UB-02R-c7cdba07fed2dfd7,4.5333333333333335e-05,7.774602526460401e-06,Poisson_E_times_lambda,34.0,750000.0,normal_rate_diagnostic,discovery
SCAN-02R-7acd4c14a0007418,26,26,FILE-02R-c6551e798a983dea,58,35.9979,39.0,750003.0,158.644,750003.0,monitor_raw,monitor_controlled,ACQSTATE-02R-896f06c2a7c231ec,LAT-02R-517a9644e4f59287,UB-02R-c7cdba07fed2dfd7,5.1999792000832e-05,8.326630691341766e-06,Poisson_E_times_lambda,39.0,750003.0,normal_rate_diagnostic,discovery
SCAN-02R-7acd4c14a0007418,27,27,FILE-02R-c6551e798a983dea,59,36.9979,28.0,750004.0,163.13,750004.0,monitor_raw,monitor_controlled,ACQSTATE-02R-896f06c2a7c231ec,LAT-02R-517a9644e4f59287,UB-02R-c7cdba07fed2dfd7,3.733313422328414e-05,7.055299201243169e-06,Poisson_E_times_lambda,28.0,750004.0,normal_rate_diagnostic,discovery
SCAN-02R-7acd4c14a0007418,28,28,FILE-02R-c6551e798a983dea,60,37.9984,34.0,750002.0,166.078,750002.0,monitor_raw,monitor_controlled,ACQSTATE-02R-896f06c2a7c231ec,LAT-02R-517a9644e4f59287,UB-02R-c7cdba07fed2dfd7,4.533321244476682e-05,7.774581794242283e-06,Poisson_E_times_lambda,34.0,750002.0,normal_rate_diagnostic,discovery
SCAN-02R-7acd4c14a0007418,29,29,FILE-02R-c6551e798a983dea,61,38.9979,32.0,750004.0,168.541,750004.0,monitor_raw,monitor_controlled,ACQSTATE-02R-896f06c2a7c231ec,LAT-02R-517a9644e4f59287,UB-02R-c7cdba07fed2dfd7,4.2666439112324736e-05,7.54243210635194e-06,Poisson_E_times_lambda,32.0,750004.0,normal_rate_diagnostic,discovery
SCAN-02R-7acd4c14a0007418,30,30,FILE-02R-c6551e798a983dea,62,39.9983,51.0,750000.0,171.884,750000.0,monitor_raw,monitor_controlled,ACQSTATE-02R-896f06c2a7c231ec,LAT-02R-517a9644e4f59287,UB-02R-c7cdba07fed2dfd7,6.8e-05,9.521904571390468e-06,Poisson_E_times_lambda,51.0,750000.0,normal_rate_diagnostic,discovery
SCAN-02R-7acd4c14a0007418,31,31,FILE-02R-c6551e798a983dea,63,40.9981,37.0,750000.0,175.499,750000.0,monitor_raw,monitor_controlled,ACQSTATE-02R-896f06c2a7c231ec,LAT-02R-517a9644e4f59287,UB-02R-c7cdba07fed2dfd7,4.933333333333333e-05,8.110350040397626e-06,Poisson_E_times_lambda,37.0,750000.0,normal_rate_diagnostic,discovery
SCAN-02R-7acd4c14a0007418,32,32,FILE-02R-c6551e798a983dea,64,41.9984,48.0,750005.0,180.59,750005.0,monitor_raw,monitor_controlled,ACQSTATE-02R-896f06c2a7c231ec,LAT-02R-517a9644e4f59287,UB-02R-c7cdba07fed2dfd7,6.399957333617776e-05,9.237542723415855e-06,Poisson_E_times_lambda,48.0,750005.0,normal_rate_diagnostic,discovery
SCAN-02R-7acd4c14a0007418,33,33,FILE-02R-c6551e798a983dea,65,42.998,60.0,750000.0,185.445,750000.0,monitor_raw,monitor_controlled,ACQSTATE-02R-896f06c2a7c231ec,LAT-02R-517a9644e4f59287,UB-02R-c7cdba07fed2dfd7,8e-05,1.0327955589886445e-05,Poisson_E_times_lambda,60.0,750000.0,normal_rate_diagnostic,discovery
SCAN-02R-7acd4c14a0007418,34,34,FILE-02R-c6551e798a983dea,66,43.9967,69.0,750000.0,191.41,750000.0,monitor_raw,monitor_controlled,ACQSTATE-02R-896f06c2a7c231ec,LAT-02R-517a9644e4f59287,UB-02R-c7cdba07fed2dfd7,9.2e-05,1.1075498483890767e-05,Poisson_E_times_lambda,69.0,750000.0,normal_rate_diagnostic,discovery
SCAN-02R-7acd4c14a0007418,35,35,FILE-02R-c6551e798a983dea,67,44.9984,71.0,750004.0,199.21,750004.0,monitor_raw,monitor_controlled,ACQSTATE-02R-896f06c2a7c231ec,LAT-02R-517a9644e4f59287,UB-02R-c7cdba07fed2dfd7,9.466616178047051e-05,1.1234806445267437e-05,Poisson_E_times_lambda,71.0,750004.0,normal_rate_diagnostic,discovery
SCAN-02R-7acd4c14a0007418,36,36,FILE-02R-c6551e798a983dea,68,45.9981,53.0,750006.0,206.158,750006.0,monitor_raw,monitor_controlled,ACQSTATE-02R-896f06c2a7c231ec,LAT-02R-517a9644e4f59287,UB-02R-c7cdba07fed2dfd7,7.066610133785596e-05,9.706735531823103e-06,Poisson_E_times_lambda,53.0,750006.0,normal_rate_diagnostic,discovery
SCAN-02R-7acd4c14a0007418,37,37,FILE-02R-c6551e798a983dea,69,46.9975,50.0,750001.0,214.705,750001.0,monitor_raw,monitor_controlled,ACQSTATE-02R-896f06c2a7c231ec,LAT-02R-517a9644e4f59287,UB-02R-c7cdba07fed2dfd7,6.66665777778963e-05,9.428077845050174e-06,Poisson_E_times_lambda,50.0,750001.0,normal_rate_diagnostic,discovery
SCAN-02R-7acd4c14a0007418,38,38,FILE-02R-c6551e798a983dea,70,47.9979,48.0,750001.0,220.998,750001.0,monitor_raw,monitor_controlled,ACQSTATE-02R-896f06c2a7c231ec,LAT-02R-517a9644e4f59287,UB-02R-c7cdba07fed2dfd7,6.399991466678045e-05,9.237591990244692e-06,Poisson_E_times_lambda,48.0,750001.0,normal_rate_diagnostic,discovery
SCAN-02R-7acd4c14a0007418,39,39,FILE-02R-c6551e798a983dea,71,48.9984,37.0,750001.0,226.545,750001.0,monitor_raw,monitor_controlled,ACQSTATE-02R-896f06c2a7c231ec,LAT-02R-517a9644e4f59287,UB-02R-c7cdba07fed2dfd7,4.933326755564326e-05,8.11033922661199e-06,Poisson_E_times_lambda,37.0,750001.0,normal_rate_diagnostic,discovery
SCAN-02R-7acd4c14a0007418,40,40,FILE-02R-c6551e798a983dea,72,49.9982,40.0,750004.0,230.417,750004.0,monitor_raw,monitor_controlled,ACQSTATE-02R-896f06c2a7c231ec,LAT-02R-517a9644e4f59287,UB-02R-c7cdba07fed2dfd7,5.333304889040592e-05,8.432695452739931e-06,Poisson_E_times_lambda,40.0,750004.0,normal_rate_diagnostic,discovery
SCAN-02R-7acd4c14a0007418,41,41,FILE-02R-c6551e798a983dea,73,50.9976,41.0,750002.0,232.616,750002.0,monitor_raw,monitor_controlled,ACQSTATE-02R-896f06c2a7c231ec,LAT-02R-517a9644e4f59287,UB-02R-c7cdba07fed2dfd7,5.466652088927763e-05,8.537476216640554e-06,Poisson_E_times_lambda,41.0,750002.0,normal_rate_diagnostic,discovery
SCAN-02R-7acd4c14a0007418,42,42,FILE-02R-c6551e798a983dea,74,51.9986,43.0,750001.0,235.275,750001.0,monitor_raw,monitor_controlled,ACQSTATE-02R-896f06c2a7c231ec,LAT-02R-517a9644e4f59287,UB-02R-c7cdba07fed2dfd7,5.7333256888990814e-05,8.743239708083057e-06,Poisson_E_times_lambda,43.0,750001.0,normal_rate_diagnostic,discovery
SCAN-02R-7acd4c14a0007418,43,43,FILE-02R-c6551e798a983dea,75,52.9973,39.0,750002.0,238.757,750002.0,monitor_raw,monitor_controlled,ACQSTATE-02R-896f06c2a7c231ec,LAT-02R-517a9644e4f59287,UB-02R-c7cdba07fed2dfd7,5.199986133370311e-05,8.326641793486416e-06,Poisson_E_times_lambda,39.0,750002.0,normal_rate_diagnostic,discovery
SCAN-02R-7acd4c14a0007418,44,44,FILE-02R-c6551e798a983dea,76,53.9959,35.0,750005.0,241.06,750005.0,monitor_raw,monitor_controlled,ACQSTATE-02R-896f06c2a7c231ec,LAT-02R-517a9644e4f59287,UB-02R-c7cdba07fed2dfd7,4.6666355557629614e-05,7.888053790440885e-06,Poisson_E_times_lambda,35.0,750005.0,normal_rate_diagnostic,discovery
SCAN-02R-7acd4c14a0007418,45,45,FILE-02R-c6551e798a983dea,77,54.9966,37.0,750004.0,245.317,750004.0,monitor_raw,monitor_controlled,ACQSTATE-02R-896f06c2a7c231ec,LAT-02R-517a9644e4f59287,UB-02R-c7cdba07fed2dfd7,4.9333070223625475e-05,8.110306785428103e-06,Poisson_E_times_lambda,37.0,750004.0,normal_rate_diagnostic,discovery
SCAN-02R-8345a5938afc1084,25,0,FILE-02R-1b6fdf0a79b56cdf,57,-0.001,3293.0,950000.0,245.329,950000.0,monitor_raw,monitor_controlled,ACQSTATE-02R-896f06c2a7c231ec,LAT-02R-517a9644e4f59287,UB-02R-c7cdba07fed2dfd7,0.003466315789473684,6.040491257012031e-05,Poisson_E_times_lambda,3293.0,950000.0,normal_rate_diagnostic,discovery
SCAN-02R-8345a5938afc1084,24,1,FILE-02R-1b6fdf0a79b56cdf,56,0.9992,73.0,950007.0,256.838,950007.0,monitor_raw,monitor_controlled,ACQSTATE-02R-896f06c2a7c231ec,LAT-02R-517a9644e4f59287,UB-02R-c7cdba07fed2dfd7,7.684153906234375e-05,8.993621884172991e-06,Poisson_E_times_lambda,73.0,950007.0,normal_rate_diagnostic,discovery
SCAN-02R-8345a5938afc1084,23,2,FILE-02R-1b6fdf0a79b56cdf,55,1.9991,51.0,950000.0,223.055,950000.0,monitor_raw,monitor_controlled,ACQSTATE-02R-896f06c2a7c231ec,LAT-02R-517a9644e4f59287,UB-02R-c7cdba07fed2dfd7,5.368421052631579e-05,7.5172930826766846e-06,Poisson_E_times_lambda,51.0,950000.0,normal_rate_diagnostic,discovery
SCAN-02R-8345a5938afc1084,22,3,FILE-02R-1b6fdf0a79b56cdf,54,2.9991,51.0,950002.0,215.16,950002.0,monitor_raw,monitor_controlled,ACQSTATE-02R-896f06c2a7c231ec,LAT-02R-517a9644e4f59287,UB-02R-c7cdba07fed2dfd7,5.368409750716314e-05,7.5172772568298285e-06,Poisson_E_times_lambda,51.0,950002.0,normal_rate_diagnostic,discovery
SCAN-02R-8345a5938afc1084,21,4,FILE-02R-1b6fdf0a79b56cdf,53,3.9993,51.0,950002.0,208.517,950002.0,monitor_raw,monitor_controlled,ACQSTATE-02R-896f06c2a7c231ec,LAT-02R-517a9644e4f59287,UB-02R-c7cdba07fed2dfd7,5.368409750716314e-05,7.5172772568298285e-06,Poisson_E_times_lambda,51.0,950002.0,normal_rate_diagnostic,discovery
SCAN-02R-8345a5938afc1084,20,5,FILE-02R-1b6fdf0a79b56cdf,52,4.9992,52.0,950000.0,210.467,950000.0,monitor_raw,monitor_controlled,ACQSTATE-02R-896f06c2a7c231ec,LAT-02R-517a9644e4f59287,UB-02R-c7cdba07fed2dfd7,5.473684210526316e-05,7.590634264134714e-06,Poisson_E_times_lambda,52.0,950000.0,normal_rate_diagnostic,discovery
SCAN-02R-8345a5938afc1084,19,6,FILE-02R-1b6fdf0a79b56cdf,51,5.9989,58.0,950004.0,193.903,950004.0,monitor_raw,monitor_controlled,ACQSTATE-02R-896f06c2a7c231ec,LAT-02R-517a9644e4f59287,UB-02R-c7cdba07fed2dfd7,6.105237451631783e-05,8.016569515353523e-06,Poisson_E_times_lambda,58.0,950004.0,normal_rate_diagnostic,discovery
SCAN-02R-8345a5938afc1084,18,7,FILE-02R-1b6fdf0a79b56cdf,50,6.9988,42.0,950004.0,179.712,950004.0,monitor_raw,monitor_controlled,ACQSTATE-02R-896f06c2a7c231ec,LAT-02R-517a9644e4f59287,UB-02R-c7cdba07fed2dfd7,4.421034016698877e-05,6.821803590729998e-06,Poisson_E_times_lambda,42.0,950004.0,normal_rate_diagnostic,discovery
SCAN-02R-8345a5938afc1084,17,8,FILE-02R-1b6fdf0a79b56cdf,49,7.9988,44.0,950004.0,185.891,950004.0,monitor_raw,monitor_controlled,ACQSTATE-02R-896f06c2a7c231ec,LAT-02R-517a9644e4f59287,UB-02R-c7cdba07fed2dfd7,4.63155944606549e-05,6.9823385803752405e-06,Poisson_E_times_lambda,44.0,950004.0,normal_rate_diagnostic,discovery
SCAN-02R-8345a5938afc1084,16,9,FILE-02R-1b6fdf0a79b56cdf,48,8.9982,57.0,950001.0,197.285,950001.0,monitor_raw,monitor_controlled,ACQSTATE-02R-896f06c2a7c231ec,LAT-02R-517a9644e4f59287,UB-02R-c7cdba07fed2dfd7,5.9999936842171744e-05,7.94718577693155e-06,Poisson_E_times_lambda,57.0,950001.0,normal_rate_diagnostic,discovery
SCAN-02R-8345a5938afc1084,15,10,FILE-02R-1b6fdf0a79b56cdf,47,9.9982,46.0,950001.0,189.619,950001.0,monitor_raw,monitor_controlled,ACQSTATE-02R-896f06c2a7c231ec,LAT-02R-517a9644e4f59287,UB-02R-c7cdba07fed2dfd7,4.8421001662103516e-05,7.139287204040067e-06,Poisson_E_times_lambda,46.0,950001.0,normal_rate_diagnostic,discovery
SCAN-02R-8345a5938afc1084,14,11,FILE-02R-1b6fdf0a79b56cdf,46,10.9982,36.0,950004.0,178.391,950004.0,monitor_raw,monitor_controlled,ACQSTATE-02R-896f06c2a7c231ec,LAT-02R-517a9644e4f59287,UB-02R-c7cdba07fed2dfd7,3.789457728599037e-05,6.315762880998396e-06,Poisson_E_times_lambda,36.0,950004.0,normal_rate_diagnostic,discovery
SCAN-02R-8345a5938afc1084,13,12,FILE-02R-1b6fdf0a79b56cdf,45,11.9986,47.0,950000.0,167.771,950000.0,monitor_raw,monitor_controlled,ACQSTATE-02R-896f06c2a7c231ec,LAT-02R-517a9644e4f59287,UB-02R-c7cdba07fed2dfd7,4.9473684210526315e-05,7.216478526737941e-06,Poisson_E_times_lambda,47.0,950000.0,normal_rate_diagnostic,discovery
SCAN-02R-8345a5938afc1084,12,13,FILE-02R-1b6fdf0a79b56cdf,44,12.9982,45.0,950000.0,161.163,950000.0,monitor_raw,monitor_controlled,ACQSTATE-02R-896f06c2a7c231ec,LAT-02R-517a9644e4f59287,UB-02R-c7cdba07fed2dfd7,4.736842105263158e-05,7.061267297367757e-06,Poisson_E_times_lambda,45.0,950000.0,normal_rate_diagnostic,discovery
SCAN-02R-8345a5938afc1084,11,14,FILE-02R-1b6fdf0a79b56cdf,43,13.9982,46.0,950001.0,159.023,950001.0,monitor_raw,monitor_controlled,ACQSTATE-02R-896f06c2a7c231ec,LAT-02R-517a9644e4f59287,UB-02R-c7cdba07fed2dfd7,4.8421001662103516e-05,7.139287204040067e-06,Poisson_E_times_lambda,46.0,950001.0,normal_rate_diagnostic,discovery
SCAN-02R-8345a5938afc1084,10,15,FILE-02R-1b6fdf0a79b56cdf,42,14.9982,36.0,950000.0,158.411,950000.0,monitor_raw,monitor_controlled,ACQSTATE-02R-896f06c2a7c231ec,LAT-02R-517a9644e4f59287,UB-02R-c7cdba07fed2dfd7,3.789473684210526e-05,6.31578947368421e-06,Poisson_E_times_lambda,36.0,950000.0,normal_rate_diagnostic,discovery
SCAN-02R-8345a5938afc1084,9,16,FILE-02R-1b6fdf0a79b56cdf,41,15.998,38.0,950001.0,159.033,950001.0,monitor_raw,monitor_controlled,ACQSTATE-02R-896f06c2a7c231ec,LAT-02R-517a9644e4f59287,UB-02R-c7cdba07fed2dfd7,3.999995789478116e-05,6.488850014862064e-06,Poisson_E_times_lambda,38.0,950001.0,normal_rate_diagnostic,discovery
SCAN-02R-8345a5938afc1084,8,17,FILE-02R-1b6fdf0a79b56cdf,40,16.9985,40.0,950000.0,158.831,950000.0,monitor_raw,monitor_controlled,ACQSTATE-02R-896f06c2a7c231ec,LAT-02R-517a9644e4f59287,UB-02R-c7cdba07fed2dfd7,4.210526315789474e-05,6.657426652986062e-06,Poisson_E_times_lambda,40.0,950000.0,normal_rate_diagnostic,discovery
SCAN-02R-8345a5938afc1084,7,18,FILE-02R-1b6fdf0a79b56cdf,39,17.9981,40.0,950003.0,162.317,950003.0,monitor_raw,monitor_controlled,ACQSTATE-02R-896f06c2a7c231ec,LAT-02R-517a9644e4f59287,UB-02R-c7cdba07fed2dfd7,4.21051301943257e-05,6.657405629599864e-06,Poisson_E_times_lambda,40.0,950003.0,normal_rate_diagnostic,discovery
SCAN-02R-8345a5938afc1084,6,19,FILE-02R-1b6fdf0a79b56cdf,38,18.9988,45.0,950002.0,169.61,950002.0,monitor_raw,monitor_controlled,ACQSTATE-02R-896f06c2a7c231ec,LAT-02R-517a9644e4f59287,UB-02R-c7cdba07fed2dfd7,4.736832132984983e-05,7.061252431573165e-06,Poisson_E_times_lambda,45.0,950002.0,normal_rate_diagnostic,discovery
SCAN-02R-8345a5938afc1084,5,20,FILE-02R-1b6fdf0a79b56cdf,37,19.9984,38.0,950005.0,172.874,950005.0,monitor_raw,monitor_controlled,ACQSTATE-02R-896f06c2a7c231ec,LAT-02R-517a9644e4f59287,UB-02R-c7cdba07fed2dfd7,3.9999789474792236e-05,6.488822693532114e-06,Poisson_E_times_lambda,38.0,950005.0,normal_rate_diagnostic,discovery
SCAN-02R-8345a5938afc1084,4,21,FILE-02R-1b6fdf0a79b56cdf,36,20.9983,32.0,950006.0,170.204,950006.0,monitor_raw,monitor_controlled,ACQSTATE-02R-896f06c2a7c231ec,LAT-02R-517a9644e4f59287,UB-02R-c7cdba07fed2dfd7,3.368399778527715e-05,5.95454581286053e-06,Poisson_E_times_lambda,32.0,950006.0,normal_rate_diagnostic,discovery
SCAN-02R-8345a5938afc1084,3,22,FILE-02R-1b6fdf0a79b56cdf,35,21.9982,34.0,950000.0,164.587,950000.0,monitor_raw,monitor_controlled,ACQSTATE-02R-896f06c2a7c231ec,LAT-02R-517a9644e4f59287,UB-02R-c7cdba07fed2dfd7,3.578947368421053e-05,6.137844099837159e-06,Poisson_E_times_lambda,34.0,950000.0,normal_rate_diagnostic,discovery
SCAN-02R-8345a5938afc1084,2,23,FILE-02R-1b6fdf0a79b56cdf,34,22.9982,27.0,950008.0,159.861,950008.0,monitor_raw,monitor_controlled,ACQSTATE-02R-896f06c2a7c231ec,LAT-02R-517a9644e4f59287,UB-02R-c7cdba07fed2dfd7,2.842081329841433e-05,5.46958806947587e-06,Poisson_E_times_lambda,27.0,950008.0,normal_rate_diagnostic,discovery
SCAN-02R-8345a5938afc1084,1,24,FILE-02R-1b6fdf0a79b56cdf,33,23.9985,24.0,950003.0,155.811,950003.0,monitor_raw,monitor_controlled,ACQSTATE-02R-896f06c2a7c231ec,LAT-02R-517a9644e4f59287,UB-02R-c7cdba07fed2dfd7,2.5263078116595422e-05,5.156804226477554e-06,Poisson_E_times_lambda,24.0,950003.0,normal_rate_diagnostic,discovery
SCAN-02R-8345a5938afc1084,0,25,FILE-02R-1b6fdf0a79b56cdf,32,24.9983,19.0,950006.0,159.293,950006.0,monitor_raw,monitor_controlled,ACQSTATE-02R-896f06c2a7c231ec,LAT-02R-517a9644e4f59287,UB-02R-c7cdba07fed2dfd7,1.9999873685008305e-05,4.588285698764718e-06,Poisson_E_times_lambda,19.0,950006.0,normal_rate_diagnostic,discovery
SCAN-02R-8641a638f4880175,24,0,FILE-02R-52eba187558a3c67,56,0.9986,517.0,750001.0,208.145,750001.0,monitor_raw,monitor_controlled,ACQSTATE-02R-76ff5c324efb0d8a,LAT-02R-ae4c74e47a033f66,UB-02R-1d710a6baa059bbb,0.0006893324142234477,3.0316804913332312e-05,Poisson_E_times_lambda,517.0,750001.0,normal_rate_diagnostic,discovery
SCAN-02R-8641a638f4880175,23,1,FILE-02R-52eba187558a3c67,55,1.9986,434.0,750001.0,179.503,750001.0,monitor_raw,monitor_controlled,ACQSTATE-02R-76ff5c324efb0d8a,LAT-02R-ae4c74e47a033f66,UB-02R-1d710a6baa059bbb,0.0005786658951121398,2.7776851838863763e-05,Poisson_E_times_lambda,434.0,750001.0,normal_rate_diagnostic,discovery
SCAN-02R-8641a638f4880175,22,2,FILE-02R-52eba187558a3c67,54,2.9987,339.0,750002.0,172.53,750002.0,monitor_raw,monitor_controlled,ACQSTATE-02R-76ff5c324efb0d8a,LAT-02R-ae4c74e47a033f66,UB-02R-1d710a6baa059bbb,0.0004519987946698809,2.4549204721483365e-05,Poisson_E_times_lambda,339.0,750002.0,normal_rate_diagnostic,discovery
SCAN-02R-8641a638f4880175,21,3,FILE-02R-52eba187558a3c67,53,3.9985,268.0,750008.0,167.572,750008.0,monitor_raw,monitor_controlled,ACQSTATE-02R-76ff5c324efb0d8a,LAT-02R-ae4c74e47a033f66,UB-02R-1d710a6baa059bbb,0.00035732952181843393,2.182737456633116e-05,Poisson_E_times_lambda,268.0,750008.0,normal_rate_diagnostic,discovery
SCAN-02R-8641a638f4880175,20,4,FILE-02R-52eba187558a3c67,52,4.9987,221.0,750002.0,169.027,750002.0,monitor_raw,monitor_controlled,ACQSTATE-02R-76ff5c324efb0d8a,LAT-02R-ae4c74e47a033f66,UB-02R-1d710a6baa059bbb,0.0002946658808909843,1.9821372139432302e-05,Poisson_E_times_lambda,221.0,750002.0,normal_rate_diagnostic,discovery
SCAN-02R-8641a638f4880175,19,5,FILE-02R-52eba187558a3c67,51,5.9984,200.0,750005.0,155.708,750005.0,monitor_raw,monitor_controlled,ACQSTATE-02R-76ff5c324efb0d8a,LAT-02R-ae4c74e47a033f66,UB-02R-1d710a6baa059bbb,0.0002666648889007407,1.8856055124607102e-05,Poisson_E_times_lambda,200.0,750005.0,normal_rate_diagnostic,discovery
SCAN-02R-8641a638f4880175,18,6,FILE-02R-52eba187558a3c67,50,6.9986,176.0,750005.0,144.777,750005.0,monitor_raw,monitor_controlled,ACQSTATE-02R-76ff5c324efb0d8a,LAT-02R-ae4c74e47a033f66,UB-02R-1d710a6baa059bbb,0.0002346651022326518,1.76885476249113e-05,Poisson_E_times_lambda,176.0,750005.0,normal_rate_diagnostic,discovery
SCAN-02R-8641a638f4880175,17,7,FILE-02R-52eba187558a3c67,49,7.9985,161.0,750005.0,148.734,750005.0,monitor_raw,monitor_controlled,ACQSTATE-02R-76ff5c324efb0d8a,LAT-02R-ae4c74e47a033f66,UB-02R-1d710a6baa059bbb,0.00021466523556509624,1.6917990600662023e-05,Poisson_E_times_lambda,161.0,750005.0,normal_rate_diagnostic,discovery
SCAN-02R-8641a638f4880175,16,8,FILE-02R-52eba187558a3c67,48,8.9981,139.0,750007.0,157.897,750007.0,monitor_raw,monitor_controlled,ACQSTATE-02R-76ff5c324efb0d8a,LAT-02R-ae4c74e47a033f66,UB-02R-1d710a6baa059bbb,0.0001853316035717,1.571962144693529e-05,Poisson_E_times_lambda,139.0,750007.0,normal_rate_diagnostic,discovery
SCAN-02R-8641a638f4880175,15,9,FILE-02R-52eba187558a3c67,47,9.9981,143.0,750002.0,151.958,750002.0,monitor_raw,monitor_controlled,ACQSTATE-02R-76ff5c324efb0d8a,LAT-02R-ae4c74e47a033f66,UB-02R-1d710a6baa059bbb,0.00019066615822357807,1.5944305139321493e-05,Poisson_E_times_lambda,143.0,750002.0,normal_rate_diagnostic,discovery
SCAN-02R-8641a638f4880175,14,10,FILE-02R-52eba187558a3c67,46,10.9984,142.0,750000.0,142.336,750000.0,monitor_raw,monitor_controlled,ACQSTATE-02R-76ff5c324efb0d8a,LAT-02R-ae4c74e47a033f66,UB-02R-1d710a6baa059bbb,0.00018933333333333335,1.5888500383750647e-05,Poisson_E_times_lambda,142.0,750000.0,normal_rate_diagnostic,discovery
SCAN-02R-8641a638f4880175,13,11,FILE-02R-52eba187558a3c67,45,11.9984,109.0,750000.0,133.874,750000.0,monitor_raw,monitor_controlled,ACQSTATE-02R-76ff5c324efb0d8a,LAT-02R-ae4c74e47a033f66,UB-02R-1d710a6baa059bbb,0.00014533333333333333,1.3920408678547401e-05,Poisson_E_times_lambda,109.0,750000.0,normal_rate_diagnostic,discovery
SCAN-02R-8641a638f4880175,12,12,FILE-02R-52eba187558a3c67,44,12.9982,134.0,750010.0,128.941,750010.0,monitor_raw,monitor_controlled,ACQSTATE-02R-76ff5c324efb0d8a,LAT-02R-ae4c74e47a033f66,UB-02R-1d710a6baa059bbb,0.00017866428447620698,1.5434243413808117e-05,Poisson_E_times_lambda,134.0,750010.0,normal_rate_diagnostic,discovery
SCAN-02R-8641a638f4880175,11,13,FILE-02R-52eba187558a3c67,43,13.9978,99.0,750006.0,126.885,750006.0,monitor_raw,monitor_controlled,ACQSTATE-02R-76ff5c324efb0d8a,LAT-02R-ae4c74e47a033f66,UB-02R-1d710a6baa059bbb,0.00013199894400844794,1.3266393030277357e-05,Poisson_E_times_lambda,99.0,750006.0,normal_rate_diagnostic,discovery
SCAN-02R-8641a638f4880175,10,14,FILE-02R-52eba187558a3c67,42,14.9981,113.0,750000.0,127.152,750000.0,monitor_raw,monitor_controlled,ACQSTATE-02R-76ff5c324efb0d8a,LAT-02R-ae4c74e47a033f66,UB-02R-1d710a6baa059bbb,0.00015066666666666668,1.4173527750312867e-05,Poisson_E_times_lambda,113.0,750000.0,normal_rate_diagnostic,discovery
SCAN-02R-8641a638f4880175,9,15,FILE-02R-52eba187558a3c67,41,15.998,117.0,750002.0,126.873,750002.0,monitor_raw,monitor_controlled,ACQSTATE-02R-76ff5c324efb0d8a,LAT-02R-ae4c74e47a033f66,UB-02R-1d710a6baa059bbb,0.00015599958400110933,1.4422166642744912e-05,Poisson_E_times_lambda,117.0,750002.0,normal_rate_diagnostic,discovery
SCAN-02R-8641a638f4880175,8,16,FILE-02R-52eba187558a3c67,40,16.9975,155.0,750003.0,126.823,750003.0,monitor_raw,monitor_controlled,ACQSTATE-02R-76ff5c324efb0d8a,LAT-02R-ae4c74e47a033f66,UB-02R-1d710a6baa059bbb,0.00020666584000330666,1.6599799731452717e-05,Poisson_E_times_lambda,155.0,750003.0,normal_rate_diagnostic,discovery
SCAN-02R-8641a638f4880175,7,17,FILE-02R-52eba187558a3c67,39,17.9976,142.0,750003.0,129.391,750003.0,monitor_raw,monitor_controlled,ACQSTATE-02R-76ff5c324efb0d8a,LAT-02R-ae4c74e47a033f66,UB-02R-1d710a6baa059bbb,0.00018933257600302933,1.5888436830003326e-05,Poisson_E_times_lambda,142.0,750003.0,normal_rate_diagnostic,discovery
SCAN-02R-8641a638f4880175,6,18,FILE-02R-52eba187558a3c67,38,18.9982,142.0,750004.0,135.758,750004.0,monitor_raw,monitor_controlled,ACQSTATE-02R-76ff5c324efb0d8a,LAT-02R-ae4c74e47a033f66,UB-02R-1d710a6baa059bbb,0.00018933232356094102,1.588841564553387e-05,Poisson_E_times_lambda,142.0,750004.0,normal_rate_diagnostic,discovery
SCAN-02R-8641a638f4880175,5,19,FILE-02R-52eba187558a3c67,37,19.9983,141.0,750003.0,138.409,750003.0,monitor_raw,monitor_controlled,ACQSTATE-02R-76ff5c324efb0d8a,LAT-02R-ae4c74e47a033f66,UB-02R-1d710a6baa059bbb,0.000187999248003008,1.583239278647941e-05,Poisson_E_times_lambda,141.0,750003.0,normal_rate_diagnostic,discovery
SCAN-02R-8641a638f4880175,4,20,FILE-02R-52eba187558a3c67,36,20.9982,118.0,750001.0,135.992,750001.0,monitor_raw,monitor_controlled,ACQSTATE-02R-76ff5c324efb0d8a,LAT-02R-ae4c74e47a033f66,UB-02R-1d710a6baa059bbb,0.00015733312355583525,1.4483688010016273e-05,Poisson_E_times_lambda,118.0,750001.0,normal_rate_diagnostic,discovery
SCAN-02R-8641a638f4880175,3,21,FILE-02R-52eba187558a3c67,35,21.9982,128.0,750005.0,131.904,750005.0,monitor_raw,monitor_controlled,ACQSTATE-02R-76ff5c324efb0d8a,LAT-02R-ae4c74e47a033f66,UB-02R-1d710a6baa059bbb,0.00017066552889647403,1.5084844099685683e-05,Poisson_E_times_lambda,128.0,750005.0,normal_rate_diagnostic,discovery
SCAN-02R-8641a638f4880175,2,22,FILE-02R-52eba187558a3c67,34,22.9982,130.0,750001.0,127.534,750001.0,monitor_raw,monitor_controlled,ACQSTATE-02R-76ff5c324efb0d8a,LAT-02R-ae4c74e47a033f66,UB-02R-1d710a6baa059bbb,0.00017333310222253037,1.520231873156353e-05,Poisson_E_times_lambda,130.0,750001.0,normal_rate_diagnostic,discovery
SCAN-02R-8641a638f4880175,1,23,FILE-02R-52eba187558a3c67,33,23.9985,114.0,750004.0,125.93,750004.0,monitor_raw,monitor_controlled,ACQSTATE-02R-76ff5c324efb0d8a,LAT-02R-ae4c74e47a033f66,UB-02R-1d710a6baa059bbb,0.00015199918933765687,1.4236028410556892e-05,Poisson_E_times_lambda,114.0,750004.0,normal_rate_diagnostic,discovery
SCAN-02R-8641a638f4880175,0,24,FILE-02R-52eba187558a3c67,32,24.9983,132.0,750000.0,126.363,750000.0,monitor_raw,monitor_controlled,ACQSTATE-02R-76ff5c324efb0d8a,LAT-02R-ae4c74e47a033f66,UB-02R-1d710a6baa059bbb,0.000176,1.531883372410141e-05,Poisson_E_times_lambda,132.0,750000.0,normal_rate_diagnostic,discovery
SCAN-02R-89614c0503a95275,25,0,FILE-02R-91cd9b689abe9b78,57,-0.001,3156.0,1000003.0,265.513,1000003.0,monitor_raw,monitor_controlled,ACQSTATE-02R-896f06c2a7c231ec,LAT-02R-517a9644e4f59287,UB-02R-c7cdba07fed2dfd7,0.003155990532028404,5.6178119086395296e-05,Poisson_E_times_lambda,3156.0,1000003.0,normal_rate_diagnostic,discovery
SCAN-02R-89614c0503a95275,24,1,FILE-02R-91cd9b689abe9b78,56,0.9991,75.0,1000003.0,275.585,1000003.0,monitor_raw,monitor_controlled,ACQSTATE-02R-896f06c2a7c231ec,LAT-02R-517a9644e4f59287,UB-02R-c7cdba07fed2dfd7,7.4999775000675e-05,8.660228057160216e-06,Poisson_E_times_lambda,75.0,1000003.0,normal_rate_diagnostic,discovery
SCAN-02R-89614c0503a95275,23,2,FILE-02R-91cd9b689abe9b78,55,1.9991,40.0,1000000.0,239.569,1000000.0,monitor_raw,monitor_controlled,ACQSTATE-02R-896f06c2a7c231ec,LAT-02R-517a9644e4f59287,UB-02R-c7cdba07fed2dfd7,4e-05,6.324555320336759e-06,Poisson_E_times_lambda,40.0,1000000.0,normal_rate_diagnostic,discovery
SCAN-02R-89614c0503a95275,22,3,FILE-02R-91cd9b689abe9b78,54,2.9987,44.0,1000004.0,230.869,1000004.0,monitor_raw,monitor_controlled,ACQSTATE-02R-896f06c2a7c231ec,LAT-02R-517a9644e4f59287,UB-02R-c7cdba07fed2dfd7,4.3999824000704e-05,6.633223047818608e-06,Poisson_E_times_lambda,44.0,1000004.0,normal_rate_diagnostic,discovery
SCAN-02R-89614c0503a95275,21,4,FILE-02R-91cd9b689abe9b78,53,3.9987,52.0,1000005.0,221.851,1000005.0,monitor_raw,monitor_controlled,ACQSTATE-02R-896f06c2a7c231ec,LAT-02R-517a9644e4f59287,UB-02R-c7cdba07fed2dfd7,5.199974000129999e-05,7.2110664955955e-06,Poisson_E_times_lambda,52.0,1000005.0,normal_rate_diagnostic,discovery
SCAN-02R-89614c0503a95275,20,5,FILE-02R-91cd9b689abe9b78,52,4.9987,53.0,1000001.0,224.262,1000001.0,monitor_raw,monitor_controlled,ACQSTATE-02R-896f06c2a7c231ec,LAT-02R-517a9644e4f59287,UB-02R-c7cdba07fed2dfd7,5.2999947000053e-05,7.280102609177909e-06,Poisson_E_times_lambda,53.0,1000001.0,normal_rate_diagnostic,discovery
SCAN-02R-89614c0503a95275,19,6,FILE-02R-91cd9b689abe9b78,51,5.9991,51.0,1000004.0,206.544,1000004.0,monitor_raw,monitor_controlled,ACQSTATE-02R-896f06c2a7c231ec,LAT-02R-517a9644e4f59287,UB-02R-c7cdba07fed2dfd7,5.0999796000816e-05,7.141399862943399e-06,Poisson_E_times_lambda,51.0,1000004.0,normal_rate_diagnostic,discovery
SCAN-02R-89614c0503a95275,18,7,FILE-02R-91cd9b689abe9b78,50,6.9986,51.0,1000007.0,191.654,1000007.0,monitor_raw,monitor_controlled,ACQSTATE-02R-896f06c2a7c231ec,LAT-02R-517a9644e4f59287,UB-02R-c7cdba07fed2dfd7,5.099964300249898e-05,7.141378438893778e-06,Poisson_E_times_lambda,51.0,1000007.0,normal_rate_diagnostic,discovery
SCAN-02R-89614c0503a95275,17,8,FILE-02R-91cd9b689abe9b78,49,7.9981,54.0,1000002.0,197.515,1000002.0,monitor_raw,monitor_controlled,ACQSTATE-02R-896f06c2a7c231ec,LAT-02R-517a9644e4f59287,UB-02R-c7cdba07fed2dfd7,5.3999892000216e-05,7.348454531440472e-06,Poisson_E_times_lambda,54.0,1000002.0,normal_rate_diagnostic,discovery
SCAN-02R-89614c0503a95275,16,9,FILE-02R-91cd9b689abe9b78,48,8.9982,47.0,1000004.0,210.564,1000004.0,monitor_raw,monitor_controlled,ACQSTATE-02R-896f06c2a7c231ec,LAT-02R-517a9644e4f59287,UB-02R-c7cdba07fed2dfd7,4.6999812000752e-05,6.855627177892332e-06,Poisson_E_times_lambda,47.0,1000004.0,normal_rate_diagnostic,discovery
SCAN-02R-89614c0503a95275,15,10,FILE-02R-91cd9b689abe9b78,47,9.9983,57.0,1000006.0,202.876,1000006.0,monitor_raw,monitor_controlled,ACQSTATE-02R-896f06c2a7c231ec,LAT-02R-517a9644e4f59287,UB-02R-c7cdba07fed2dfd7,5.699965800205199e-05,7.549789136535931e-06,Poisson_E_times_lambda,57.0,1000006.0,normal_rate_diagnostic,discovery
SCAN-02R-89614c0503a95275,14,11,FILE-02R-91cd9b689abe9b78,46,10.9983,49.0,1000003.0,189.708,1000003.0,monitor_raw,monitor_controlled,ACQSTATE-02R-896f06c2a7c231ec,LAT-02R-517a9644e4f59287,UB-02R-c7cdba07fed2dfd7,4.8999853000440995e-05,6.999979000063e-06,Poisson_E_times_lambda,49.0,1000003.0,normal_rate_diagnostic,discovery
SCAN-02R-89614c0503a95275,13,12,FILE-02R-91cd9b689abe9b78,45,11.9986,43.0,1000001.0,176.9,1000001.0,monitor_raw,monitor_controlled,ACQSTATE-02R-896f06c2a7c231ec,LAT-02R-517a9644e4f59287,UB-02R-c7cdba07fed2dfd7,4.2999957000043e-05,6.5574319668700335e-06,Poisson_E_times_lambda,43.0,1000001.0,normal_rate_diagnostic,discovery
SCAN-02R-89614c0503a95275,12,13,FILE-02R-91cd9b689abe9b78,44,12.9983,36.0,1000000.0,170.872,1000000.0,monitor_raw,monitor_controlled,ACQSTATE-02R-896f06c2a7c231ec,LAT-02R-517a9644e4f59287,UB-02R-c7cdba07fed2dfd7,3.6e-05,6e-06,Poisson_E_times_lambda,36.0,1000000.0,normal_rate_diagnostic,discovery
SCAN-02R-89614c0503a95275,11,14,FILE-02R-91cd9b689abe9b78,43,13.9987,51.0,1000006.0,167.995,1000006.0,monitor_raw,monitor_controlled,ACQSTATE-02R-896f06c2a7c231ec,LAT-02R-517a9644e4f59287,UB-02R-c7cdba07fed2dfd7,5.099969400183599e-05,7.1413855802293695e-06,Poisson_E_times_lambda,51.0,1000006.0,normal_rate_diagnostic,discovery
SCAN-02R-89614c0503a95275,10,15,FILE-02R-91cd9b689abe9b78,42,14.9987,36.0,1000002.0,167.877,1000002.0,monitor_raw,monitor_controlled,ACQSTATE-02R-896f06c2a7c231ec,LAT-02R-517a9644e4f59287,UB-02R-c7cdba07fed2dfd7,3.5999928000144e-05,5.999988000024e-06,Poisson_E_times_lambda,36.0,1000002.0,normal_rate_diagnostic,discovery
SCAN-02R-89614c0503a95275,9,16,FILE-02R-91cd9b689abe9b78,41,15.9981,37.0,1000005.0,167.825,1000005.0,monitor_raw,monitor_controlled,ACQSTATE-02R-896f06c2a7c231ec,LAT-02R-517a9644e4f59287,UB-02R-c7cdba07fed2dfd7,3.699981500092499e-05,6.0827321166376365e-06,Poisson_E_times_lambda,37.0,1000005.0,normal_rate_diagnostic,discovery
SCAN-02R-89614c0503a95275,8,17,FILE-02R-91cd9b689abe9b78,40,16.9981,43.0,1000005.0,168.23,1000005.0,monitor_raw,monitor_controlled,ACQSTATE-02R-896f06c2a7c231ec,LAT-02R-517a9644e4f59287,UB-02R-c7cdba07fed2dfd7,4.2999785001074993e-05,6.557405737273314e-06,Poisson_E_times_lambda,43.0,1000005.0,normal_rate_diagnostic,discovery
SCAN-02R-89614c0503a95275,7,18,FILE-02R-91cd9b689abe9b78,39,17.9983,51.0,1000000.0,171.48,1000000.0,monitor_raw,monitor_controlled,ACQSTATE-02R-896f06c2a7c231ec,LAT-02R-517a9644e4f59287,UB-02R-c7cdba07fed2dfd7,5.1e-05,7.141428428542851e-06,Poisson_E_times_lambda,51.0,1000000.0,normal_rate_diagnostic,discovery
SCAN-02R-89614c0503a95275,6,19,FILE-02R-91cd9b689abe9b78,38,18.9984,47.0,1000000.0,179.624,1000000.0,monitor_raw,monitor_controlled,ACQSTATE-02R-896f06c2a7c231ec,LAT-02R-517a9644e4f59287,UB-02R-c7cdba07fed2dfd7,4.7e-05,6.855654600401044e-06,Poisson_E_times_lambda,47.0,1000000.0,normal_rate_diagnostic,discovery
SCAN-02R-89614c0503a95275,5,20,FILE-02R-91cd9b689abe9b78,37,19.9985,34.0,1000001.0,183.216,1000001.0,monitor_raw,monitor_controlled,ACQSTATE-02R-896f06c2a7c231ec,LAT-02R-517a9644e4f59287,UB-02R-c7cdba07fed2dfd7,3.3999966000033997e-05,5.830946063899237e-06,Poisson_E_times_lambda,34.0,1000001.0,normal_rate_diagnostic,discovery
SCAN-02R-89614c0503a95275,4,21,FILE-02R-91cd9b689abe9b78,36,20.9977,23.0,1000005.0,180.405,1000005.0,monitor_raw,monitor_controlled,ACQSTATE-02R-896f06c2a7c231ec,LAT-02R-517a9644e4f59287,UB-02R-c7cdba07fed2dfd7,2.2999885000575e-05,4.795807544274998e-06,Poisson_E_times_lambda,23.0,1000005.0,normal_rate_diagnostic,discovery
SCAN-02R-89614c0503a95275,3,22,FILE-02R-91cd9b689abe9b78,35,21.9983,20.0,1000008.0,173.748,1000008.0,monitor_raw,monitor_controlled,ACQSTATE-02R-896f06c2a7c231ec,LAT-02R-517a9644e4f59287,UB-02R-c7cdba07fed2dfd7,1.999984000127999e-05,4.472100178198154e-06,Poisson_E_times_lambda,20.0,1000008.0,normal_rate_diagnostic,discovery
SCAN-02R-89614c0503a95275,2,23,FILE-02R-91cd9b689abe9b78,34,22.9976,32.0,1000004.0,168.747,1000004.0,monitor_raw,monitor_controlled,ACQSTATE-02R-896f06c2a7c231ec,LAT-02R-517a9644e4f59287,UB-02R-c7cdba07fed2dfd7,3.1999872000511996e-05,5.656831622165892e-06,Poisson_E_times_lambda,32.0,1000004.0,normal_rate_diagnostic,discovery
SCAN-02R-89614c0503a95275,1,24,FILE-02R-91cd9b689abe9b78,33,23.9984,23.0,1000007.0,166.841,1000007.0,monitor_raw,monitor_controlled,ACQSTATE-02R-896f06c2a7c231ec,LAT-02R-517a9644e4f59287,UB-02R-c7cdba07fed2dfd7,2.299983900112699e-05,4.79579795272705e-06,Poisson_E_times_lambda,23.0,1000007.0,normal_rate_diagnostic,discovery
SCAN-02R-89614c0503a95275,0,25,FILE-02R-91cd9b689abe9b78,32,24.9975,25.0,1000009.0,167.563,1000009.0,monitor_raw,monitor_controlled,ACQSTATE-02R-896f06c2a7c231ec,LAT-02R-517a9644e4f59287,UB-02R-c7cdba07fed2dfd7,2.499977500202498e-05,4.999955000404997e-06,Poisson_E_times_lambda,25.0,1000009.0,normal_rate_diagnostic,discovery
SCAN-02R-8ca6316615b8cbae,48,0,FILE-02R-1ac62a8e73779958,80,0.9987,182.0,240003.0,63.713,240003.0,monitor_raw,monitor_controlled,ACQSTATE-02R-76ff5c324efb0d8a,LAT-02R-ae4c74e47a033f66,UB-02R-1d710a6baa059bbb,0.0007583238542851548,5.621070387966834e-05,Poisson_E_times_lambda,182.0,240003.0,normal_rate_diagnostic,discovery
SCAN-02R-8ca6316615b8cbae,47,1,FILE-02R-1ac62a8e73779958,79,1.4987,150.0,240005.0,60.542,240005.0,monitor_raw,monitor_controlled,ACQSTATE-02R-76ff5c324efb0d8a,LAT-02R-ae4c74e47a033f66,UB-02R-1d710a6baa059bbb,0.0006249869794379283,5.1029973183541554e-05,Poisson_E_times_lambda,150.0,240005.0,normal_rate_diagnostic,discovery
SCAN-02R-8ca6316615b8cbae,46,2,FILE-02R-1ac62a8e73779958,78,1.9986,136.0,240000.0,55.986,240000.0,monitor_raw,monitor_controlled,ACQSTATE-02R-76ff5c324efb0d8a,LAT-02R-ae4c74e47a033f66,UB-02R-1d710a6baa059bbb,0.0005666666666666667,4.85912657903775e-05,Poisson_E_times_lambda,136.0,240000.0,normal_rate_diagnostic,discovery
SCAN-02R-8ca6316615b8cbae,45,3,FILE-02R-1ac62a8e73779958,77,2.4986,115.0,240003.0,55.675,240003.0,monitor_raw,monitor_controlled,ACQSTATE-02R-76ff5c324efb0d8a,LAT-02R-ae4c74e47a033f66,UB-02R-1d710a6baa059bbb,0.0004791606771582022,4.468196353697082e-05,Poisson_E_times_lambda,115.0,240003.0,normal_rate_diagnostic,discovery
SCAN-02R-8ca6316615b8cbae,44,4,FILE-02R-1ac62a8e73779958,76,2.9987,119.0,240000.0,55.28,240000.0,monitor_raw,monitor_controlled,ACQSTATE-02R-76ff5c324efb0d8a,LAT-02R-ae4c74e47a033f66,UB-02R-1d710a6baa059bbb,0.0004958333333333334,4.545296714431547e-05,Poisson_E_times_lambda,119.0,240000.0,normal_rate_diagnostic,discovery
SCAN-02R-8ca6316615b8cbae,43,5,FILE-02R-1ac62a8e73779958,75,3.4986,111.0,240002.0,54.073,240002.0,monitor_raw,monitor_controlled,ACQSTATE-02R-76ff5c324efb0d8a,LAT-02R-ae4c74e47a033f66,UB-02R-1d710a6baa059bbb,0.00046249614586545113,4.3898191485290696e-05,Poisson_E_times_lambda,111.0,240002.0,normal_rate_diagnostic,discovery
SCAN-02R-8ca6316615b8cbae,42,6,FILE-02R-1ac62a8e73779958,74,3.9984,100.0,240001.0,53.405,240001.0,monitor_raw,monitor_controlled,ACQSTATE-02R-76ff5c324efb0d8a,LAT-02R-ae4c74e47a033f66,UB-02R-1d710a6baa059bbb,0.00041666493056278934,4.1666493056278935e-05,Poisson_E_times_lambda,100.0,240001.0,normal_rate_diagnostic,discovery
SCAN-02R-8ca6316615b8cbae,41,7,FILE-02R-1ac62a8e73779958,73,4.4986,89.0,240003.0,52.921,240003.0,monitor_raw,monitor_controlled,ACQSTATE-02R-76ff5c324efb0d8a,LAT-02R-ae4c74e47a033f66,UB-02R-1d710a6baa059bbb,0.00037082869797460863,3.930776336986039e-05,Poisson_E_times_lambda,89.0,240003.0,normal_rate_diagnostic,discovery
SCAN-02R-8ca6316615b8cbae,40,8,FILE-02R-1ac62a8e73779958,72,4.9984,85.0,240003.0,54.107,240003.0,monitor_raw,monitor_controlled,ACQSTATE-02R-76ff5c324efb0d8a,LAT-02R-ae4c74e47a033f66,UB-02R-1d710a6baa059bbb,0.0003541622396386712,3.841428839344878e-05,Poisson_E_times_lambda,85.0,240003.0,normal_rate_diagnostic,discovery
SCAN-02R-8ca6316615b8cbae,39,9,FILE-02R-1ac62a8e73779958,71,5.4988,55.0,240003.0,51.304,240003.0,monitor_raw,monitor_controlled,ACQSTATE-02R-76ff5c324efb0d8a,LAT-02R-ae4c74e47a033f66,UB-02R-1d710a6baa059bbb,0.00022916380211914018,3.0900440774055586e-05,Poisson_E_times_lambda,55.0,240003.0,normal_rate_diagnostic,discovery
SCAN-02R-8ca6316615b8cbae,38,10,FILE-02R-1ac62a8e73779958,70,5.9983,75.0,240000.0,50.051,240000.0,monitor_raw,monitor_controlled,ACQSTATE-02R-76ff5c324efb0d8a,LAT-02R-ae4c74e47a033f66,UB-02R-1d710a6baa059bbb,0.0003125,3.608439182435161e-05,Poisson_E_times_lambda,75.0,240000.0,normal_rate_diagnostic,discovery
SCAN-02R-8ca6316615b8cbae,37,11,FILE-02R-1ac62a8e73779958,69,6.4982,81.0,240002.0,47.172,240002.0,monitor_raw,monitor_controlled,ACQSTATE-02R-76ff5c324efb0d8a,LAT-02R-ae4c74e47a033f66,UB-02R-1d710a6baa059bbb,0.0003374971875234373,3.7499687502604144e-05,Poisson_E_times_lambda,81.0,240002.0,normal_rate_diagnostic,discovery
SCAN-02R-8ca6316615b8cbae,36,12,FILE-02R-1ac62a8e73779958,68,6.9985,60.0,240006.0,46.187,240006.0,monitor_raw,monitor_controlled,ACQSTATE-02R-76ff5c324efb0d8a,LAT-02R-ae4c74e47a033f66,UB-02R-1d710a6baa059bbb,0.0002499937501562461,3.227405436703597e-05,Poisson_E_times_lambda,60.0,240006.0,normal_rate_diagnostic,discovery
SCAN-02R-8ca6316615b8cbae,35,13,FILE-02R-1ac62a8e73779958,67,7.4984,53.0,240006.0,45.231,240006.0,monitor_raw,monitor_controlled,ACQSTATE-02R-76ff5c324efb0d8a,LAT-02R-ae4c74e47a033f66,UB-02R-1d710a6baa059bbb,0.0002208278126380174,3.0333032879513503e-05,Poisson_E_times_lambda,53.0,240006.0,normal_rate_diagnostic,discovery
SCAN-02R-8ca6316615b8cbae,34,14,FILE-02R-1ac62a8e73779958,66,7.9984,71.0,240002.0,47.616,240002.0,monitor_raw,monitor_controlled,ACQSTATE-02R-76ff5c324efb0d8a,LAT-02R-ae4c74e47a033f66,UB-02R-1d710a6baa059bbb,0.00029583086807609936,3.510866481602803e-05,Poisson_E_times_lambda,71.0,240002.0,normal_rate_diagnostic,discovery
SCAN-02R-8ca6316615b8cbae,33,15,FILE-02R-1ac62a8e73779958,65,8.4984,65.0,240000.0,49.198,240000.0,monitor_raw,monitor_controlled,ACQSTATE-02R-76ff5c324efb0d8a,LAT-02R-ae4c74e47a033f66,UB-02R-1d710a6baa059bbb,0.0002708333333333333,3.359274061791062e-05,Poisson_E_times_lambda,65.0,240000.0,normal_rate_diagnostic,discovery
SCAN-02R-8ca6316615b8cbae,32,16,FILE-02R-1ac62a8e73779958,64,8.9982,61.0,240005.0,50.806,240005.0,monitor_raw,monitor_controlled,ACQSTATE-02R-76ff5c324efb0d8a,LAT-02R-ae4c74e47a033f66,UB-02R-1d710a6baa059bbb,0.0002541613716380909,3.254202902400639e-05,Poisson_E_times_lambda,61.0,240005.0,normal_rate_diagnostic,discovery
SCAN-02R-8ca6316615b8cbae,31,17,FILE-02R-1ac62a8e73779958,63,9.4982,61.0,240003.0,49.387,240003.0,monitor_raw,monitor_controlled,ACQSTATE-02R-76ff5c324efb0d8a,LAT-02R-ae4c74e47a033f66,UB-02R-1d710a6baa059bbb,0.0002541634896230464,3.254230020419184e-05,Poisson_E_times_lambda,61.0,240003.0,normal_rate_diagnostic,discovery
SCAN-02R-8ca6316615b8cbae,30,18,FILE-02R-1ac62a8e73779958,62,9.9982,59.0,240008.0,48.729,240008.0,monitor_raw,monitor_controlled,ACQSTATE-02R-76ff5c324efb0d8a,LAT-02R-ae4c74e47a033f66,UB-02R-1d710a6baa059bbb,0.00024582513916202796,3.2003707159213895e-05,Poisson_E_times_lambda,59.0,240008.0,normal_rate_diagnostic,discovery
SCAN-02R-8ca6316615b8cbae,29,19,FILE-02R-1ac62a8e73779958,61,10.4984,35.0,240001.0,46.51,240001.0,monitor_raw,monitor_controlled,ACQSTATE-02R-76ff5c324efb0d8a,LAT-02R-ae4c74e47a033f66,UB-02R-1d710a6baa059bbb,0.00014583272569697626,2.4650229720291234e-05,Poisson_E_times_lambda,35.0,240001.0,normal_rate_diagnostic,discovery
SCAN-02R-8ca6316615b8cbae,28,20,FILE-02R-1ac62a8e73779958,60,10.9985,50.0,240002.0,45.42,240002.0,monitor_raw,monitor_controlled,ACQSTATE-02R-76ff5c324efb0d8a,LAT-02R-ae4c74e47a033f66,UB-02R-1d710a6baa059bbb,0.0002083315972366897,2.9462537028297578e-05,Poisson_E_times_lambda,50.0,240002.0,normal_rate_diagnostic,discovery
SCAN-02R-8ca6316615b8cbae,27,21,FILE-02R-1ac62a8e73779958,59,11.4983,50.0,240004.0,43.847,240004.0,monitor_raw,monitor_controlled,ACQSTATE-02R-76ff5c324efb0d8a,LAT-02R-ae4c74e47a033f66,UB-02R-1d710a6baa059bbb,0.00020832986116898052,2.9462291511247626e-05,Poisson_E_times_lambda,50.0,240004.0,normal_rate_diagnostic,discovery
SCAN-02R-8ca6316615b8cbae,26,22,FILE-02R-1ac62a8e73779958,58,11.9985,42.0,240000.0,42.827,240000.0,monitor_raw,monitor_controlled,ACQSTATE-02R-76ff5c324efb0d8a,LAT-02R-ae4c74e47a033f66,UB-02R-1d710a6baa059bbb,0.000175,2.7003086243366085e-05,Poisson_E_times_lambda,42.0,240000.0,normal_rate_diagnostic,discovery
SCAN-02R-8ca6316615b8cbae,25,23,FILE-02R-1ac62a8e73779958,57,12.4984,45.0,240002.0,41.28,240002.0,monitor_raw,monitor_controlled,ACQSTATE-02R-76ff5c324efb0d8a,LAT-02R-ae4c74e47a033f66,UB-02R-1d710a6baa059bbb,0.0001874984375130207,2.795061679694073e-05,Poisson_E_times_lambda,45.0,240002.0,normal_rate_diagnostic,discovery
SCAN-02R-8ca6316615b8cbae,24,24,FILE-02R-1ac62a8e73779958,56,12.9985,49.0,240001.0,41.113,240001.0,monitor_raw,monitor_controlled,ACQSTATE-02R-76ff5c324efb0d8a,LAT-02R-ae4c74e47a033f66,UB-02R-1d710a6baa059bbb,0.00020416581597576677,2.9166545139395252e-05,Poisson_E_times_lambda,49.0,240001.0,normal_rate_diagnostic,discovery
SCAN-02R-8ca6316615b8cbae,23,25,FILE-02R-1ac62a8e73779958,55,13.4985,35.0,240001.0,40.391,240001.0,monitor_raw,monitor_controlled,ACQSTATE-02R-76ff5c324efb0d8a,LAT-02R-ae4c74e47a033f66,UB-02R-1d710a6baa059bbb,0.00014583272569697626,2.4650229720291234e-05,Poisson_E_times_lambda,35.0,240001.0,normal_rate_diagnostic,discovery
SCAN-02R-8ca6316615b8cbae,22,26,FILE-02R-1ac62a8e73779958,54,13.9982,53.0,240007.0,40.739,240007.0,monitor_raw,monitor_controlled,ACQSTATE-02R-76ff5c324efb0d8a,LAT-02R-ae4c74e47a033f66,UB-02R-1d710a6baa059bbb,0.00022082689254896733,3.0332906495562706e-05,Poisson_E_times_lambda,53.0,240007.0,normal_rate_diagnostic,discovery
SCAN-02R-8ca6316615b8cbae,21,27,FILE-02R-1ac62a8e73779958,53,14.4981,50.0,240005.0,40.082,240005.0,monitor_raw,monitor_controlled,ACQSTATE-02R-76ff5c324efb0d8a,LAT-02R-ae4c74e47a033f66,UB-02R-1d710a6baa059bbb,0.00020832899314597613,2.94621687542571e-05,Poisson_E_times_lambda,50.0,240005.0,normal_rate_diagnostic,discovery
SCAN-02R-8ca6316615b8cbae,20,28,FILE-02R-1ac62a8e73779958,52,14.9986,46.0,240003.0,40.437,240003.0,monitor_raw,monitor_controlled,ACQSTATE-02R-76ff5c324efb0d8a,LAT-02R-ae4c74e47a033f66,UB-02R-1d710a6baa059bbb,0.0001916642708632809,2.8259355021084188e-05,Poisson_E_times_lambda,46.0,240003.0,normal_rate_diagnostic,discovery
SCAN-02R-8ca6316615b8cbae,19,29,FILE-02R-1ac62a8e73779958,51,15.4986,23.0,240003.0,40.121,240003.0,monitor_raw,monitor_controlled,ACQSTATE-02R-76ff5c324efb0d8a,LAT-02R-ae4c74e47a033f66,UB-02R-1d710a6baa059bbb,9.583213543164044e-05,1.998238156736674e-05,Poisson_E_times_lambda,23.0,240003.0,normal_rate_diagnostic,discovery
SCAN-02R-8ca6316615b8cbae,18,30,FILE-02R-1ac62a8e73779958,50,15.9981,31.0,240000.0,40.622,240000.0,monitor_raw,monitor_controlled,ACQSTATE-02R-76ff5c324efb0d8a,LAT-02R-ae4c74e47a033f66,UB-02R-1d710a6baa059bbb,0.00012916666666666667,2.3199018178458423e-05,Poisson_E_times_lambda,31.0,240000.0,normal_rate_diagnostic,discovery
SCAN-02R-8ca6316615b8cbae,17,31,FILE-02R-1ac62a8e73779958,49,16.4982,52.0,240004.0,40.312,240004.0,monitor_raw,monitor_controlled,ACQSTATE-02R-76ff5c324efb0d8a,LAT-02R-ae4c74e47a033f66,UB-02R-1d710a6baa059bbb,0.00021666305561573974,3.004575986620214e-05,Poisson_E_times_lambda,52.0,240004.0,normal_rate_diagnostic,discovery
SCAN-02R-8ca6316615b8cbae,16,32,FILE-02R-1ac62a8e73779958,48,16.9985,39.0,240003.0,40.515,240003.0,monitor_raw,monitor_controlled,ACQSTATE-02R-76ff5c324efb0d8a,LAT-02R-ae4c74e47a033f66,UB-02R-1d710a6baa059bbb,0.0001624979687753903,2.6020499737079946e-05,Poisson_E_times_lambda,39.0,240003.0,normal_rate_diagnostic,discovery
SCAN-02R-8ca6316615b8cbae,15,33,FILE-02R-1ac62a8e73779958,47,17.4985,45.0,240005.0,40.438,240005.0,monitor_raw,monitor_controlled,ACQSTATE-02R-76ff5c324efb0d8a,LAT-02R-ae4c74e47a033f66,UB-02R-1d710a6baa059bbb,0.0001874960938313785,2.7950267421509424e-05,Poisson_E_times_lambda,45.0,240005.0,normal_rate_diagnostic,discovery
SCAN-02R-8ca6316615b8cbae,14,34,FILE-02R-1ac62a8e73779958,46,17.9987,43.0,240001.0,41.353,240001.0,monitor_raw,monitor_controlled,ACQSTATE-02R-76ff5c324efb0d8a,LAT-02R-ae4c74e47a033f66,UB-02R-1d710a6baa059bbb,0.00017916592014199942,2.7322546673980525e-05,Poisson_E_times_lambda,43.0,240001.0,normal_rate_diagnostic,discovery
SCAN-02R-8ca6316615b8cbae,13,35,FILE-02R-1ac62a8e73779958,45,18.4986,58.0,240015.0,41.926,240015.0,monitor_raw,monitor_controlled,ACQSTATE-02R-76ff5c324efb0d8a,LAT-02R-ae4c74e47a033f66,UB-02R-1d710a6baa059bbb,0.00024165156344395142,3.173040479080019e-05,Poisson_E_times_lambda,58.0,240015.0,normal_rate_diagnostic,discovery
SCAN-02R-8ca6316615b8cbae,12,36,FILE-02R-1ac62a8e73779958,44,18.9988,54.0,240001.0,43.21,240001.0,monitor_raw,monitor_controlled,ACQSTATE-02R-76ff5c324efb0d8a,LAT-02R-ae4c74e47a033f66,UB-02R-1d710a6baa059bbb,0.00022499906250390624,3.061849420773053e-05,Poisson_E_times_lambda,54.0,240001.0,normal_rate_diagnostic,discovery
SCAN-02R-8ca6316615b8cbae,11,37,FILE-02R-1ac62a8e73779958,43,19.4978,51.0,240001.0,43.733,240001.0,monitor_raw,monitor_controlled,ACQSTATE-02R-76ff5c324efb0d8a,LAT-02R-ae4c74e47a033f66,UB-02R-1d710a6baa059bbb,0.00021249911458702254,2.9755827802979365e-05,Poisson_E_times_lambda,51.0,240001.0,normal_rate_diagnostic,discovery
SCAN-02R-8ca6316615b8cbae,10,38,FILE-02R-1ac62a8e73779958,42,19.9984,59.0,240001.0,44.071,240001.0,monitor_raw,monitor_controlled,ACQSTATE-02R-76ff5c324efb0d8a,LAT-02R-ae4c74e47a033f66,UB-02R-1d710a6baa059bbb,0.0002458323090320457,3.2004640596783376e-05,Poisson_E_times_lambda,59.0,240001.0,normal_rate_diagnostic,discovery
SCAN-02R-8ca6316615b8cbae,9,39,FILE-02R-1ac62a8e73779958,41,20.4985,53.0,240003.0,43.745,240003.0,monitor_raw,monitor_controlled,ACQSTATE-02R-76ff5c324efb0d8a,LAT-02R-ae4c74e47a033f66,UB-02R-1d710a6baa059bbb,0.00022083057295117144,3.033341203768502e-05,Poisson_E_times_lambda,53.0,240003.0,normal_rate_diagnostic,discovery
SCAN-02R-8ca6316615b8cbae,8,40,FILE-02R-1ac62a8e73779958,40,20.9984,31.0,240001.0,43.627,240001.0,monitor_raw,monitor_controlled,ACQSTATE-02R-76ff5c324efb0d8a,LAT-02R-ae4c74e47a033f66,UB-02R-1d710a6baa059bbb,0.00012916612847446469,2.319892151628544e-05,Poisson_E_times_lambda,31.0,240001.0,normal_rate_diagnostic,discovery
SCAN-02R-8ca6316615b8cbae,7,41,FILE-02R-1ac62a8e73779958,39,21.4986,50.0,240000.0,42.684,240000.0,monitor_raw,monitor_controlled,ACQSTATE-02R-76ff5c324efb0d8a,LAT-02R-ae4c74e47a033f66,UB-02R-1d710a6baa059bbb,0.00020833333333333335,2.946278254943948e-05,Poisson_E_times_lambda,50.0,240000.0,normal_rate_diagnostic,discovery
SCAN-02R-8ca6316615b8cbae,6,42,FILE-02R-1ac62a8e73779958,38,21.9984,36.0,240004.0,42.031,240004.0,monitor_raw,monitor_controlled,ACQSTATE-02R-76ff5c324efb0d8a,LAT-02R-ae4c74e47a033f66,UB-02R-1d710a6baa059bbb,0.00014999750004166597,2.4999583340277662e-05,Poisson_E_times_lambda,36.0,240004.0,normal_rate_diagnostic,discovery
SCAN-02R-8ca6316615b8cbae,5,43,FILE-02R-1ac62a8e73779958,37,22.4984,54.0,240000.0,41.064,240000.0,monitor_raw,monitor_controlled,ACQSTATE-02R-76ff5c324efb0d8a,LAT-02R-ae4c74e47a033f66,UB-02R-1d710a6baa059bbb,0.000225,3.061862178478973e-05,Poisson_E_times_lambda,54.0,240000.0,normal_rate_diagnostic,discovery
SCAN-02R-8ca6316615b8cbae,4,44,FILE-02R-1ac62a8e73779958,36,22.9984,38.0,240000.0,40.889,240000.0,monitor_raw,monitor_controlled,ACQSTATE-02R-76ff5c324efb0d8a,LAT-02R-ae4c74e47a033f66,UB-02R-1d710a6baa059bbb,0.00015833333333333332,2.5685058345704067e-05,Poisson_E_times_lambda,38.0,240000.0,normal_rate_diagnostic,discovery
SCAN-02R-8ca6316615b8cbae,3,45,FILE-02R-1ac62a8e73779958,35,23.4985,48.0,240006.0,40.208,240006.0,monitor_raw,monitor_controlled,ACQSTATE-02R-76ff5c324efb0d8a,LAT-02R-ae4c74e47a033f66,UB-02R-1d710a6baa059bbb,0.00019999500012499687,2.8866791789686545e-05,Poisson_E_times_lambda,48.0,240006.0,normal_rate_diagnostic,discovery
SCAN-02R-8ca6316615b8cbae,2,46,FILE-02R-1ac62a8e73779958,34,23.9986,54.0,240005.0,40.203,240005.0,monitor_raw,monitor_controlled,ACQSTATE-02R-76ff5c324efb0d8a,LAT-02R-ae4c74e47a033f66,UB-02R-1d710a6baa059bbb,0.00022499531259765422,3.061798391012493e-05,Poisson_E_times_lambda,54.0,240005.0,normal_rate_diagnostic,discovery
SCAN-02R-8ca6316615b8cbae,1,47,FILE-02R-1ac62a8e73779958,33,24.4982,42.0,240003.0,40.19,240003.0,monitor_raw,monitor_controlled,ACQSTATE-02R-76ff5c324efb0d8a,LAT-02R-ae4c74e47a033f66,UB-02R-1d710a6baa059bbb,0.0001749978125273434,2.7002748709007224e-05,Poisson_E_times_lambda,42.0,240003.0,normal_rate_diagnostic,discovery
SCAN-02R-8ca6316615b8cbae,0,48,FILE-02R-1ac62a8e73779958,32,24.9984,44.0,240007.0,40.461,240007.0,monitor_raw,monitor_controlled,ACQSTATE-02R-76ff5c324efb0d8a,LAT-02R-ae4c74e47a033f66,UB-02R-1d710a6baa059bbb,0.0001833279862670672,2.763773381905861e-05,Poisson_E_times_lambda,44.0,240007.0,normal_rate_diagnostic,discovery
SCAN-02R-8dcd5041a8a4e044,24,0,FILE-02R-155f77862ca36b4b,56,0.9986,579.0,750002.0,207.725,750002.0,monitor_raw,monitor_controlled,ACQSTATE-02R-76ff5c324efb0d8a,LAT-02R-ae4c74e47a033f66,UB-02R-1d710a6baa059bbb,0.0007719979413388231,3.208313955300377e-05,Poisson_E_times_lambda,579.0,750002.0,normal_rate_diagnostic,discovery
SCAN-02R-8dcd5041a8a4e044,23,1,FILE-02R-155f77862ca36b4b,55,1.9987,403.0,750001.0,179.922,750001.0,monitor_raw,monitor_controlled,ACQSTATE-02R-76ff5c324efb0d8a,LAT-02R-ae4c74e47a033f66,UB-02R-1d710a6baa059bbb,0.0005373326168898442,2.676644417792074e-05,Poisson_E_times_lambda,403.0,750001.0,normal_rate_diagnostic,discovery
SCAN-02R-8dcd5041a8a4e044,22,2,FILE-02R-155f77862ca36b4b,54,2.9987,336.0,750001.0,173.092,750001.0,monitor_raw,monitor_controlled,ACQSTATE-02R-76ff5c324efb0d8a,LAT-02R-ae4c74e47a033f66,UB-02R-1d710a6baa059bbb,0.0004479994026674631,2.4440371119269654e-05,Poisson_E_times_lambda,336.0,750001.0,normal_rate_diagnostic,discovery
SCAN-02R-8dcd5041a8a4e044,21,3,FILE-02R-155f77862ca36b4b,53,3.9987,311.0,750007.0,167.658,750007.0,monitor_raw,monitor_controlled,ACQSTATE-02R-76ff5c324efb0d8a,LAT-02R-ae4c74e47a033f66,UB-02R-1d710a6baa059bbb,0.0004146627964805662,2.3513369993277925e-05,Poisson_E_times_lambda,311.0,750007.0,normal_rate_diagnostic,discovery
SCAN-02R-8dcd5041a8a4e044,20,4,FILE-02R-155f77862ca36b4b,52,4.9987,220.0,750000.0,168.979,750000.0,monitor_raw,monitor_controlled,ACQSTATE-02R-76ff5c324efb0d8a,LAT-02R-ae4c74e47a033f66,UB-02R-1d710a6baa059bbb,0.0002933333333333333,1.9776529298921768e-05,Poisson_E_times_lambda,220.0,750000.0,normal_rate_diagnostic,discovery
SCAN-02R-8dcd5041a8a4e044,19,5,FILE-02R-155f77862ca36b4b,51,5.9984,191.0,750001.0,156.358,750001.0,monitor_raw,monitor_controlled,ACQSTATE-02R-76ff5c324efb0d8a,LAT-02R-ae4c74e47a033f66,UB-02R-1d710a6baa059bbb,0.0002546663271115639,1.8427008712102056e-05,Poisson_E_times_lambda,191.0,750001.0,normal_rate_diagnostic,discovery
SCAN-02R-8dcd5041a8a4e044,18,6,FILE-02R-155f77862ca36b4b,50,6.9986,184.0,750001.0,144.481,750001.0,monitor_raw,monitor_controlled,ACQSTATE-02R-76ff5c324efb0d8a,LAT-02R-ae4c74e47a033f66,UB-02R-1d710a6baa059bbb,0.0002453330062226584,1.808618917341515e-05,Poisson_E_times_lambda,184.0,750001.0,normal_rate_diagnostic,discovery
SCAN-02R-8dcd5041a8a4e044,17,7,FILE-02R-155f77862ca36b4b,49,7.9988,156.0,750003.0,149.515,750003.0,monitor_raw,monitor_controlled,ACQSTATE-02R-76ff5c324efb0d8a,LAT-02R-ae4c74e47a033f66,UB-02R-1d710a6baa059bbb,0.000207999168003328,1.665326138268353e-05,Poisson_E_times_lambda,156.0,750003.0,normal_rate_diagnostic,discovery
SCAN-02R-8dcd5041a8a4e044,16,8,FILE-02R-155f77862ca36b4b,48,8.9985,173.0,750002.0,158.451,750002.0,monitor_raw,monitor_controlled,ACQSTATE-02R-76ff5c324efb0d8a,LAT-02R-ae4c74e47a033f66,UB-02R-1d710a6baa059bbb,0.00023066605155719585,1.7537215151380803e-05,Poisson_E_times_lambda,173.0,750002.0,normal_rate_diagnostic,discovery
SCAN-02R-8dcd5041a8a4e044,15,9,FILE-02R-155f77862ca36b4b,47,9.9981,144.0,750002.0,152.597,750002.0,monitor_raw,monitor_controlled,ACQSTATE-02R-76ff5c324efb0d8a,LAT-02R-ae4c74e47a033f66,UB-02R-1d710a6baa059bbb,0.00019199948800136533,1.599995733344711e-05,Poisson_E_times_lambda,144.0,750002.0,normal_rate_diagnostic,discovery
SCAN-02R-8dcd5041a8a4e044,14,10,FILE-02R-155f77862ca36b4b,46,10.9985,141.0,750000.0,143.036,750000.0,monitor_raw,monitor_controlled,ACQSTATE-02R-76ff5c324efb0d8a,LAT-02R-ae4c74e47a033f66,UB-02R-1d710a6baa059bbb,0.000188,1.5832456116050555e-05,Poisson_E_times_lambda,141.0,750000.0,normal_rate_diagnostic,discovery
SCAN-02R-8dcd5041a8a4e044,13,11,FILE-02R-155f77862ca36b4b,45,11.9985,135.0,750008.0,133.94,750008.0,monitor_raw,monitor_controlled,ACQSTATE-02R-76ff5c324efb0d8a,LAT-02R-ae4c74e47a033f66,UB-02R-1d710a6baa059bbb,0.00017999808002047978,1.5491768139302848e-05,Poisson_E_times_lambda,135.0,750008.0,normal_rate_diagnostic,discovery
SCAN-02R-8dcd5041a8a4e044,12,12,FILE-02R-155f77862ca36b4b,44,12.9986,131.0,750005.0,129.467,750005.0,monitor_raw,monitor_controlled,ACQSTATE-02R-76ff5c324efb0d8a,LAT-02R-ae4c74e47a033f66,UB-02R-1d710a6baa059bbb,0.00017466550222998512,1.526059578570756e-05,Poisson_E_times_lambda,131.0,750005.0,normal_rate_diagnostic,discovery
SCAN-02R-8dcd5041a8a4e044,11,13,FILE-02R-155f77862ca36b4b,43,13.9979,129.0,750003.0,126.695,750003.0,monitor_raw,monitor_controlled,ACQSTATE-02R-76ff5c324efb0d8a,LAT-02R-ae4c74e47a033f66,UB-02R-1d710a6baa059bbb,0.000171999312002752,1.5143695014020674e-05,Poisson_E_times_lambda,129.0,750003.0,normal_rate_diagnostic,discovery
SCAN-02R-8dcd5041a8a4e044,10,14,FILE-02R-155f77862ca36b4b,42,14.9986,113.0,750001.0,126.583,750001.0,monitor_raw,monitor_controlled,ACQSTATE-02R-76ff5c324efb0d8a,LAT-02R-ae4c74e47a033f66,UB-02R-1d710a6baa059bbb,0.00015066646577804562,1.4173508852301063e-05,Poisson_E_times_lambda,113.0,750001.0,normal_rate_diagnostic,discovery
SCAN-02R-8dcd5041a8a4e044,9,15,FILE-02R-155f77862ca36b4b,41,15.9981,116.0,750002.0,126.854,750002.0,monitor_raw,monitor_controlled,ACQSTATE-02R-76ff5c324efb0d8a,LAT-02R-ae4c74e47a033f66,UB-02R-1d710a6baa059bbb,0.00015466625422332208,1.4360401191288834e-05,Poisson_E_times_lambda,116.0,750002.0,normal_rate_diagnostic,discovery
SCAN-02R-8dcd5041a8a4e044,8,16,FILE-02R-155f77862ca36b4b,40,16.9975,157.0,750004.0,126.71,750004.0,monitor_raw,monitor_controlled,ACQSTATE-02R-76ff5c324efb0d8a,LAT-02R-ae4c74e47a033f66,UB-02R-1d710a6baa059bbb,0.00020933221689484324,1.6706529680030596e-05,Poisson_E_times_lambda,157.0,750004.0,normal_rate_diagnostic,discovery
SCAN-02R-8dcd5041a8a4e044,7,17,FILE-02R-155f77862ca36b4b,39,17.9981,171.0,750008.0,129.625,750008.0,monitor_raw,monitor_controlled,ACQSTATE-02R-76ff5c324efb0d8a,LAT-02R-ae4c74e47a033f66,UB-02R-1d710a6baa059bbb,0.00022799756802594105,1.74354097964582e-05,Poisson_E_times_lambda,171.0,750008.0,normal_rate_diagnostic,discovery
SCAN-02R-8dcd5041a8a4e044,6,18,FILE-02R-155f77862ca36b4b,38,18.9982,159.0,750000.0,135.393,750000.0,monitor_raw,monitor_controlled,ACQSTATE-02R-76ff5c324efb0d8a,LAT-02R-ae4c74e47a033f66,UB-02R-1d710a6baa059bbb,0.000212,1.6812693617224655e-05,Poisson_E_times_lambda,159.0,750000.0,normal_rate_diagnostic,discovery
SCAN-02R-8dcd5041a8a4e044,5,19,FILE-02R-155f77862ca36b4b,37,19.9982,137.0,750000.0,138.346,750000.0,monitor_raw,monitor_controlled,ACQSTATE-02R-76ff5c324efb0d8a,LAT-02R-ae4c74e47a033f66,UB-02R-1d710a6baa059bbb,0.00018266666666666667,1.5606266547626167e-05,Poisson_E_times_lambda,137.0,750000.0,normal_rate_diagnostic,discovery
SCAN-02R-8dcd5041a8a4e044,4,20,FILE-02R-155f77862ca36b4b,36,20.9982,130.0,750002.0,135.925,750002.0,monitor_raw,monitor_controlled,ACQSTATE-02R-76ff5c324efb0d8a,LAT-02R-ae4c74e47a033f66,UB-02R-1d710a6baa059bbb,0.0001733328711123437,1.5202298461859275e-05,Poisson_E_times_lambda,130.0,750002.0,normal_rate_diagnostic,discovery
SCAN-02R-8dcd5041a8a4e044,3,21,FILE-02R-155f77862ca36b4b,35,21.9981,135.0,750007.0,131.55,750007.0,monitor_raw,monitor_controlled,ACQSTATE-02R-76ff5c324efb0d8a,LAT-02R-ae4c74e47a033f66,UB-02R-1d710a6baa059bbb,0.00017999832001567984,1.5491788794800915e-05,Poisson_E_times_lambda,135.0,750007.0,normal_rate_diagnostic,discovery
SCAN-02R-8dcd5041a8a4e044,2,22,FILE-02R-155f77862ca36b4b,34,22.9982,135.0,750003.0,127.343,750003.0,monitor_raw,monitor_controlled,ACQSTATE-02R-76ff5c324efb0d8a,LAT-02R-ae4c74e47a033f66,UB-02R-1d710a6baa059bbb,0.00017999928000287998,1.5491871417343996e-05,Poisson_E_times_lambda,135.0,750003.0,normal_rate_diagnostic,discovery
SCAN-02R-8dcd5041a8a4e044,1,23,FILE-02R-155f77862ca36b4b,33,23.9985,129.0,750006.0,125.594,750006.0,monitor_raw,monitor_controlled,ACQSTATE-02R-76ff5c324efb0d8a,LAT-02R-ae4c74e47a033f66,UB-02R-1d710a6baa059bbb,0.0001719986240110079,1.5143634439725211e-05,Poisson_E_times_lambda,129.0,750006.0,normal_rate_diagnostic,discovery
SCAN-02R-8dcd5041a8a4e044,0,24,FILE-02R-155f77862ca36b4b,32,24.9983,136.0,750003.0,126.482,750003.0,monitor_raw,monitor_controlled,ACQSTATE-02R-76ff5c324efb0d8a,LAT-02R-ae4c74e47a033f66,UB-02R-1d710a6baa059bbb,0.0001813326080029013,1.5549142856349376e-05,Poisson_E_times_lambda,136.0,750003.0,normal_rate_diagnostic,discovery
SCAN-02R-8e62e3b1b9deee81,25,0,FILE-02R-fe9d4b2cadb887cb,57,-0.0009,3256.0,1000004.0,263.313,1000004.0,monitor_raw,monitor_controlled,ACQSTATE-02R-896f06c2a7c231ec,LAT-02R-517a9644e4f59287,UB-02R-c7cdba07fed2dfd7,0.0032559869760520957,5.706114222617952e-05,Poisson_E_times_lambda,3256.0,1000004.0,normal_rate_diagnostic,discovery
SCAN-02R-8e62e3b1b9deee81,24,1,FILE-02R-fe9d4b2cadb887cb,56,0.9988,68.0,1000001.0,273.326,1000001.0,monitor_raw,monitor_controlled,ACQSTATE-02R-896f06c2a7c231ec,LAT-02R-517a9644e4f59287,UB-02R-c7cdba07fed2dfd7,6.799993200006799e-05,8.246203005032317e-06,Poisson_E_times_lambda,68.0,1000001.0,normal_rate_diagnostic,discovery
SCAN-02R-8e62e3b1b9deee81,23,2,FILE-02R-fe9d4b2cadb887cb,55,1.9991,45.0,1000000.0,239.752,1000000.0,monitor_raw,monitor_controlled,ACQSTATE-02R-896f06c2a7c231ec,LAT-02R-517a9644e4f59287,UB-02R-c7cdba07fed2dfd7,4.5e-05,6.70820393249937e-06,Poisson_E_times_lambda,45.0,1000000.0,normal_rate_diagnostic,discovery
SCAN-02R-8e62e3b1b9deee81,22,3,FILE-02R-fe9d4b2cadb887cb,54,2.9987,55.0,1000003.0,229.773,1000003.0,monitor_raw,monitor_controlled,ACQSTATE-02R-896f06c2a7c231ec,LAT-02R-517a9644e4f59287,UB-02R-c7cdba07fed2dfd7,5.4999835000494996e-05,7.416176238566947e-06,Poisson_E_times_lambda,55.0,1000003.0,normal_rate_diagnostic,discovery
SCAN-02R-8e62e3b1b9deee81,21,4,FILE-02R-fe9d4b2cadb887cb,53,3.9989,64.0,1000004.0,222.0,1000004.0,monitor_raw,monitor_controlled,ACQSTATE-02R-896f06c2a7c231ec,LAT-02R-517a9644e4f59287,UB-02R-c7cdba07fed2dfd7,6.399974400102399e-05,7.999968000127999e-06,Poisson_E_times_lambda,64.0,1000004.0,normal_rate_diagnostic,discovery
SCAN-02R-8e62e3b1b9deee81,20,5,FILE-02R-fe9d4b2cadb887cb,52,4.9989,69.0,1000000.0,224.835,1000000.0,monitor_raw,monitor_controlled,ACQSTATE-02R-896f06c2a7c231ec,LAT-02R-517a9644e4f59287,UB-02R-c7cdba07fed2dfd7,6.9e-05,8.306623862918075e-06,Poisson_E_times_lambda,69.0,1000000.0,normal_rate_diagnostic,discovery
SCAN-02R-8e62e3b1b9deee81,19,6,FILE-02R-fe9d4b2cadb887cb,51,5.9988,40.0,1000000.0,207.19,1000000.0,monitor_raw,monitor_controlled,ACQSTATE-02R-896f06c2a7c231ec,LAT-02R-517a9644e4f59287,UB-02R-c7cdba07fed2dfd7,4e-05,6.324555320336759e-06,Poisson_E_times_lambda,40.0,1000000.0,normal_rate_diagnostic,discovery
SCAN-02R-8e62e3b1b9deee81,18,7,FILE-02R-fe9d4b2cadb887cb,50,6.9988,55.0,1000001.0,191.811,1000001.0,monitor_raw,monitor_controlled,ACQSTATE-02R-896f06c2a7c231ec,LAT-02R-517a9644e4f59287,UB-02R-c7cdba07fed2dfd7,5.4999945000055e-05,7.4161910709045925e-06,Poisson_E_times_lambda,55.0,1000001.0,normal_rate_diagnostic,discovery
SCAN-02R-8e62e3b1b9deee81,17,8,FILE-02R-fe9d4b2cadb887cb,49,7.9988,42.0,1000000.0,197.565,1000000.0,monitor_raw,monitor_controlled,ACQSTATE-02R-896f06c2a7c231ec,LAT-02R-517a9644e4f59287,UB-02R-c7cdba07fed2dfd7,4.2e-05,6.4807406984078604e-06,Poisson_E_times_lambda,42.0,1000000.0,normal_rate_diagnostic,discovery
SCAN-02R-8e62e3b1b9deee81,16,9,FILE-02R-fe9d4b2cadb887cb,48,8.9986,48.0,1000004.0,210.277,1000004.0,monitor_raw,monitor_controlled,ACQSTATE-02R-896f06c2a7c231ec,LAT-02R-517a9644e4f59287,UB-02R-c7cdba07fed2dfd7,4.7999808000768e-05,6.928175517573439e-06,Poisson_E_times_lambda,48.0,1000004.0,normal_rate_diagnostic,discovery
SCAN-02R-8e62e3b1b9deee81,15,10,FILE-02R-fe9d4b2cadb887cb,47,9.9986,46.0,1000003.0,201.288,1000003.0,monitor_raw,monitor_controlled,ACQSTATE-02R-896f06c2a7c231ec,LAT-02R-517a9644e4f59287,UB-02R-c7cdba07fed2dfd7,4.5999862000414e-05,6.782309636196359e-06,Poisson_E_times_lambda,46.0,1000003.0,normal_rate_diagnostic,discovery
SCAN-02R-8e62e3b1b9deee81,14,11,FILE-02R-fe9d4b2cadb887cb,46,10.9982,49.0,1000002.0,189.282,1000002.0,monitor_raw,monitor_controlled,ACQSTATE-02R-896f06c2a7c231ec,LAT-02R-517a9644e4f59287,UB-02R-c7cdba07fed2dfd7,4.8999902000196e-05,6.999986000028e-06,Poisson_E_times_lambda,49.0,1000002.0,normal_rate_diagnostic,discovery
SCAN-02R-8e62e3b1b9deee81,13,12,FILE-02R-fe9d4b2cadb887cb,45,11.9985,42.0,1000007.0,177.522,1000007.0,monitor_raw,monitor_controlled,ACQSTATE-02R-896f06c2a7c231ec,LAT-02R-517a9644e4f59287,UB-02R-c7cdba07fed2dfd7,4.1999706002057985e-05,6.480695333540526e-06,Poisson_E_times_lambda,42.0,1000007.0,normal_rate_diagnostic,discovery
SCAN-02R-8e62e3b1b9deee81,12,13,FILE-02R-fe9d4b2cadb887cb,44,12.9989,37.0,1000002.0,170.882,1000002.0,monitor_raw,monitor_controlled,ACQSTATE-02R-896f06c2a7c231ec,LAT-02R-517a9644e4f59287,UB-02R-c7cdba07fed2dfd7,3.6999926000148e-05,6.0827503647974895e-06,Poisson_E_times_lambda,37.0,1000002.0,normal_rate_diagnostic,discovery
SCAN-02R-8e62e3b1b9deee81,11,14,FILE-02R-fe9d4b2cadb887cb,43,13.9982,33.0,1000002.0,167.994,1000002.0,monitor_raw,monitor_controlled,ACQSTATE-02R-896f06c2a7c231ec,LAT-02R-517a9644e4f59287,UB-02R-c7cdba07fed2dfd7,3.2999934000132e-05,5.7445511574357135e-06,Poisson_E_times_lambda,33.0,1000002.0,normal_rate_diagnostic,discovery
SCAN-02R-8e62e3b1b9deee81,10,15,FILE-02R-fe9d4b2cadb887cb,42,14.9986,33.0,1000002.0,168.159,1000002.0,monitor_raw,monitor_controlled,ACQSTATE-02R-896f06c2a7c231ec,LAT-02R-517a9644e4f59287,UB-02R-c7cdba07fed2dfd7,3.2999934000132e-05,5.7445511574357135e-06,Poisson_E_times_lambda,33.0,1000002.0,normal_rate_diagnostic,discovery
SCAN-02R-8e62e3b1b9deee81,9,16,FILE-02R-fe9d4b2cadb887cb,41,15.9976,31.0,1000006.0,167.702,1000006.0,monitor_raw,monitor_controlled,ACQSTATE-02R-896f06c2a7c231ec,LAT-02R-517a9644e4f59287,UB-02R-c7cdba07fed2dfd7,3.0999814001115996e-05,5.5677309564442825e-06,Poisson_E_times_lambda,31.0,1000006.0,normal_rate_diagnostic,discovery
SCAN-02R-8e62e3b1b9deee81,8,17,FILE-02R-fe9d4b2cadb887cb,40,16.9984,24.0,1000001.0,168.136,1000001.0,monitor_raw,monitor_controlled,ACQSTATE-02R-896f06c2a7c231ec,LAT-02R-517a9644e4f59287,UB-02R-c7cdba07fed2dfd7,2.3999976000024e-05,4.898974586591769e-06,Poisson_E_times_lambda,24.0,1000001.0,normal_rate_diagnostic,discovery
SCAN-02R-8e62e3b1b9deee81,7,18,FILE-02R-fe9d4b2cadb887cb,39,17.9986,45.0,1000001.0,172.052,1000001.0,monitor_raw,monitor_controlled,ACQSTATE-02R-896f06c2a7c231ec,LAT-02R-517a9644e4f59287,UB-02R-c7cdba07fed2dfd7,4.4999955000045e-05,6.708197224302145e-06,Poisson_E_times_lambda,45.0,1000001.0,normal_rate_diagnostic,discovery
SCAN-02R-8e62e3b1b9deee81,6,19,FILE-02R-fe9d4b2cadb887cb,38,18.9988,34.0,1000004.0,179.638,1000004.0,monitor_raw,monitor_controlled,ACQSTATE-02R-896f06c2a7c231ec,LAT-02R-517a9644e4f59287,UB-02R-c7cdba07fed2dfd7,3.3999864000544e-05,5.8309285711310164e-06,Poisson_E_times_lambda,34.0,1000004.0,normal_rate_diagnostic,discovery
SCAN-02R-8e62e3b1b9deee81,5,20,FILE-02R-fe9d4b2cadb887cb,37,19.9984,16.0,1000002.0,183.883,1000002.0,monitor_raw,monitor_controlled,ACQSTATE-02R-896f06c2a7c231ec,LAT-02R-517a9644e4f59287,UB-02R-c7cdba07fed2dfd7,1.5999968000064e-05,3.999992000016e-06,Poisson_E_times_lambda,16.0,1000002.0,normal_rate_diagnostic,discovery
SCAN-02R-8e62e3b1b9deee81,4,21,FILE-02R-fe9d4b2cadb887cb,36,20.9982,28.0,1000005.0,180.528,1000005.0,monitor_raw,monitor_controlled,ACQSTATE-02R-896f06c2a7c231ec,LAT-02R-517a9644e4f59287,UB-02R-c7cdba07fed2dfd7,2.7999860000699998e-05,5.2914761647483574e-06,Poisson_E_times_lambda,28.0,1000005.0,normal_rate_diagnostic,discovery
SCAN-02R-8e62e3b1b9deee81,3,22,FILE-02R-fe9d4b2cadb887cb,35,21.9982,28.0,1000001.0,174.266,1000001.0,monitor_raw,monitor_controlled,ACQSTATE-02R-896f06c2a7c231ec,LAT-02R-517a9644e4f59287,UB-02R-c7cdba07fed2dfd7,2.7999972000028e-05,5.2914973306318505e-06,Poisson_E_times_lambda,28.0,1000001.0,normal_rate_diagnostic,discovery
SCAN-02R-8e62e3b1b9deee81,2,23,FILE-02R-fe9d4b2cadb887cb,34,22.9983,29.0,1000007.0,168.782,1000007.0,monitor_raw,monitor_controlled,ACQSTATE-02R-896f06c2a7c231ec,LAT-02R-517a9644e4f59287,UB-02R-c7cdba07fed2dfd7,2.899979700142099e-05,5.385127111244725e-06,Poisson_E_times_lambda,29.0,1000007.0,normal_rate_diagnostic,discovery
SCAN-02R-8e62e3b1b9deee81,1,24,FILE-02R-fe9d4b2cadb887cb,33,23.9985,22.0,1000005.0,166.023,1000005.0,monitor_raw,monitor_controlled,ACQSTATE-02R-896f06c2a7c231ec,LAT-02R-517a9644e4f59287,UB-02R-c7cdba07fed2dfd7,2.1999890000549997e-05,4.69039230786189e-06,Poisson_E_times_lambda,22.0,1000005.0,normal_rate_diagnostic,discovery
SCAN-02R-8e62e3b1b9deee81,0,25,FILE-02R-fe9d4b2cadb887cb,32,24.9975,27.0,1000005.0,166.725,1000005.0,monitor_raw,monitor_controlled,ACQSTATE-02R-896f06c2a7c231ec,LAT-02R-517a9644e4f59287,UB-02R-c7cdba07fed2dfd7,2.6999865000674997e-05,5.196126442074421e-06,Poisson_E_times_lambda,27.0,1000005.0,normal_rate_diagnostic,discovery
SCAN-02R-91de8f7a5ce6984b,24,0,FILE-02R-b3edfec0667b8f81,56,0.9986,439.0,750001.0,206.304,750001.0,monitor_raw,monitor_controlled,ACQSTATE-02R-76ff5c324efb0d8a,LAT-02R-ae4c74e47a033f66,UB-02R-1d710a6baa059bbb,0.0005853325528899295,2.7936398537811234e-05,Poisson_E_times_lambda,439.0,750001.0,normal_rate_diagnostic,discovery
SCAN-02R-91de8f7a5ce6984b,23,1,FILE-02R-b3edfec0667b8f81,55,1.9987,400.0,750007.0,179.412,750007.0,monitor_raw,monitor_controlled,ACQSTATE-02R-76ff5c324efb0d8a,LAT-02R-ae4c74e47a033f66,UB-02R-1d710a6baa059bbb,0.0005333283556020144,2.6666417780100718e-05,Poisson_E_times_lambda,400.0,750007.0,normal_rate_diagnostic,discovery
SCAN-02R-91de8f7a5ce6984b,22,2,FILE-02R-b3edfec0667b8f81,54,2.9987,337.0,750005.0,173.706,750005.0,monitor_raw,monitor_controlled,ACQSTATE-02R-76ff5c324efb0d8a,LAT-02R-ae4c74e47a033f66,UB-02R-1d710a6baa059bbb,0.000449330337797748,2.4476583157026714e-05,Poisson_E_times_lambda,337.0,750005.0,normal_rate_diagnostic,discovery
SCAN-02R-91de8f7a5ce6984b,21,3,FILE-02R-b3edfec0667b8f81,53,3.9987,327.0,750004.0,166.883,750004.0,monitor_raw,monitor_controlled,ACQSTATE-02R-76ff5c324efb0d8a,LAT-02R-ae4c74e47a033f66,UB-02R-1d710a6baa059bbb,0.0004359976746790684,2.4110726502825484e-05,Poisson_E_times_lambda,327.0,750004.0,normal_rate_diagnostic,discovery
SCAN-02R-91de8f7a5ce6984b,20,4,FILE-02R-b3edfec0667b8f81,52,4.9986,268.0,750001.0,169.124,750001.0,monitor_raw,monitor_controlled,ACQSTATE-02R-76ff5c324efb0d8a,LAT-02R-ae4c74e47a033f66,UB-02R-1d710a6baa059bbb,0.00035733285688952415,2.182757828822215e-05,Poisson_E_times_lambda,268.0,750001.0,normal_rate_diagnostic,discovery
SCAN-02R-91de8f7a5ce6984b,19,5,FILE-02R-b3edfec0667b8f81,51,5.9985,214.0,750003.0,156.769,750003.0,monitor_raw,monitor_controlled,ACQSTATE-02R-76ff5c324efb0d8a,LAT-02R-ae4c74e47a033f66,UB-02R-1d710a6baa059bbb,0.0002853321920045653,1.9504907098141997e-05,Poisson_E_times_lambda,214.0,750003.0,normal_rate_diagnostic,discovery
SCAN-02R-91de8f7a5ce6984b,18,6,FILE-02R-b3edfec0667b8f81,50,6.9985,188.0,750005.0,145.193,750005.0,monitor_raw,monitor_controlled,ACQSTATE-02R-76ff5c324efb0d8a,LAT-02R-ae4c74e47a033f66,UB-02R-1d710a6baa059bbb,0.00025066499556669625,1.828162372357796e-05,Poisson_E_times_lambda,188.0,750005.0,normal_rate_diagnostic,discovery
SCAN-02R-91de8f7a5ce6984b,17,7,FILE-02R-b3edfec0667b8f81,49,7.9981,190.0,750003.0,149.39,750003.0,monitor_raw,monitor_controlled,ACQSTATE-02R-76ff5c324efb0d8a,LAT-02R-ae4c74e47a033f66,UB-02R-1d710a6baa059bbb,0.0002533323200040533,1.837865815482101e-05,Poisson_E_times_lambda,190.0,750003.0,normal_rate_diagnostic,discovery
SCAN-02R-91de8f7a5ce6984b,16,8,FILE-02R-b3edfec0667b8f81,48,8.9982,150.0,750003.0,158.464,750003.0,monitor_raw,monitor_controlled,ACQSTATE-02R-76ff5c324efb0d8a,LAT-02R-ae4c74e47a033f66,UB-02R-1d710a6baa059bbb,0.00019999920000319998,1.6329866299089324e-05,Poisson_E_times_lambda,150.0,750003.0,normal_rate_diagnostic,discovery
SCAN-02R-91de8f7a5ce6984b,15,9,FILE-02R-b3edfec0667b8f81,47,9.9982,132.0,750001.0,151.897,750001.0,monitor_raw,monitor_controlled,ACQSTATE-02R-76ff5c324efb0d8a,LAT-02R-ae4c74e47a033f66,UB-02R-1d710a6baa059bbb,0.0001759997653336462,1.531881329901701e-05,Poisson_E_times_lambda,132.0,750001.0,normal_rate_diagnostic,discovery
SCAN-02R-91de8f7a5ce6984b,14,10,FILE-02R-b3edfec0667b8f81,46,10.9985,139.0,750003.0,142.508,750003.0,monitor_raw,monitor_controlled,ACQSTATE-02R-76ff5c324efb0d8a,LAT-02R-ae4c74e47a033f66,UB-02R-1d710a6baa059bbb,0.00018533259200296533,1.5719705284580988e-05,Poisson_E_times_lambda,139.0,750003.0,normal_rate_diagnostic,discovery
SCAN-02R-91de8f7a5ce6984b,13,11,FILE-02R-b3edfec0667b8f81,45,11.9985,132.0,750005.0,133.225,750005.0,monitor_raw,monitor_controlled,ACQSTATE-02R-76ff5c324efb0d8a,LAT-02R-ae4c74e47a033f66,UB-02R-1d710a6baa059bbb,0.00017599882667448884,1.531873159922408e-05,Poisson_E_times_lambda,132.0,750005.0,normal_rate_diagnostic,discovery
SCAN-02R-91de8f7a5ce6984b,12,12,FILE-02R-b3edfec0667b8f81,44,12.9982,126.0,750009.0,128.693,750009.0,monitor_raw,monitor_controlled,ACQSTATE-02R-76ff5c324efb0d8a,LAT-02R-ae4c74e47a033f66,UB-02R-1d710a6baa059bbb,0.00016799798402419172,1.496644994969637e-05,Poisson_E_times_lambda,126.0,750009.0,normal_rate_diagnostic,discovery
SCAN-02R-91de8f7a5ce6984b,11,13,FILE-02R-b3edfec0667b8f81,43,13.9974,139.0,750001.0,126.447,750001.0,monitor_raw,monitor_controlled,ACQSTATE-02R-76ff5c324efb0d8a,LAT-02R-ae4c74e47a033f66,UB-02R-1d710a6baa059bbb,0.0001853330862225517,1.571974720373919e-05,Poisson_E_times_lambda,139.0,750001.0,normal_rate_diagnostic,discovery
SCAN-02R-91de8f7a5ce6984b,10,14,FILE-02R-b3edfec0667b8f81,42,14.9981,125.0,750003.0,126.609,750003.0,monitor_raw,monitor_controlled,ACQSTATE-02R-76ff5c324efb0d8a,LAT-02R-ae4c74e47a033f66,UB-02R-1d710a6baa059bbb,0.00016666600000266667,1.4907060221757712e-05,Poisson_E_times_lambda,125.0,750003.0,normal_rate_diagnostic,discovery
SCAN-02R-91de8f7a5ce6984b,9,15,FILE-02R-b3edfec0667b8f81,41,15.9979,141.0,750005.0,126.138,750005.0,monitor_raw,monitor_controlled,ACQSTATE-02R-76ff5c324efb0d8a,LAT-02R-ae4c74e47a033f66,UB-02R-1d710a6baa059bbb,0.00018799874667502217,1.5832350567046777e-05,Poisson_E_times_lambda,141.0,750005.0,normal_rate_diagnostic,discovery
SCAN-02R-91de8f7a5ce6984b,8,16,FILE-02R-b3edfec0667b8f81,40,16.9979,153.0,750006.0,126.756,750006.0,monitor_raw,monitor_controlled,ACQSTATE-02R-76ff5c324efb0d8a,LAT-02R-ae4c74e47a033f66,UB-02R-1d710a6baa059bbb,0.0002039983680130559,1.649229056414613e-05,Poisson_E_times_lambda,153.0,750006.0,normal_rate_diagnostic,discovery
SCAN-02R-91de8f7a5ce6984b,7,17,FILE-02R-b3edfec0667b8f81,39,17.9976,139.0,750006.0,129.745,750006.0,monitor_raw,monitor_controlled,ACQSTATE-02R-76ff5c324efb0d8a,LAT-02R-ae4c74e47a033f66,UB-02R-1d710a6baa059bbb,0.0001853318506785279,1.5719642406262876e-05,Poisson_E_times_lambda,139.0,750006.0,normal_rate_diagnostic,discovery
SCAN-02R-91de8f7a5ce6984b,6,18,FILE-02R-b3edfec0667b8f81,38,18.9982,144.0,750004.0,135.772,750004.0,monitor_raw,monitor_controlled,ACQSTATE-02R-76ff5c324efb0d8a,LAT-02R-ae4c74e47a033f66,UB-02R-1d710a6baa059bbb,0.0001919989760054613,1.5999914667121774e-05,Poisson_E_times_lambda,144.0,750004.0,normal_rate_diagnostic,discovery
SCAN-02R-91de8f7a5ce6984b,5,19,FILE-02R-b3edfec0667b8f81,37,19.9983,143.0,750004.0,138.545,750004.0,monitor_raw,monitor_controlled,ACQSTATE-02R-76ff5c324efb0d8a,LAT-02R-ae4c74e47a033f66,UB-02R-1d710a6baa059bbb,0.00019066564978320117,1.5944262621401217e-05,Poisson_E_times_lambda,143.0,750004.0,normal_rate_diagnostic,discovery
SCAN-02R-91de8f7a5ce6984b,4,20,FILE-02R-b3edfec0667b8f81,36,20.9981,133.0,750005.0,136.213,750005.0,monitor_raw,monitor_controlled,ACQSTATE-02R-76ff5c324efb0d8a,LAT-02R-ae4c74e47a033f66,UB-02R-1d710a6baa059bbb,0.00017733215111899255,1.5376647615243628e-05,Poisson_E_times_lambda,133.0,750005.0,normal_rate_diagnostic,discovery
SCAN-02R-91de8f7a5ce6984b,3,21,FILE-02R-b3edfec0667b8f81,35,21.9981,136.0,750001.0,131.73,750001.0,monitor_raw,monitor_controlled,ACQSTATE-02R-76ff5c324efb0d8a,LAT-02R-ae4c74e47a033f66,UB-02R-1d710a6baa059bbb,0.00018133309155587792,1.5549184320675042e-05,Poisson_E_times_lambda,136.0,750001.0,normal_rate_diagnostic,discovery
SCAN-02R-91de8f7a5ce6984b,2,22,FILE-02R-b3edfec0667b8f81,34,22.9981,156.0,750001.0,127.637,750001.0,monitor_raw,monitor_controlled,ACQSTATE-02R-76ff5c324efb0d8a,LAT-02R-ae4c74e47a033f66,UB-02R-1d710a6baa059bbb,0.00020799972266703645,1.665330579132134e-05,Poisson_E_times_lambda,156.0,750001.0,normal_rate_diagnostic,discovery
SCAN-02R-91de8f7a5ce6984b,1,23,FILE-02R-b3edfec0667b8f81,33,23.9984,145.0,750000.0,125.515,750000.0,monitor_raw,monitor_controlled,ACQSTATE-02R-76ff5c324efb0d8a,LAT-02R-ae4c74e47a033f66,UB-02R-1d710a6baa059bbb,0.00019333333333333333,1.605545943838973e-05,Poisson_E_times_lambda,145.0,750000.0,normal_rate_diagnostic,discovery
SCAN-02R-91de8f7a5ce6984b,0,24,FILE-02R-b3edfec0667b8f81,32,24.9982,166.0,750003.0,125.869,750003.0,monitor_raw,monitor_controlled,ACQSTATE-02R-76ff5c324efb0d8a,LAT-02R-ae4c74e47a033f66,UB-02R-1d710a6baa059bbb,0.00022133244800354133,1.717872958738182e-05,Poisson_E_times_lambda,166.0,750003.0,normal_rate_diagnostic,discovery
SCAN-02R-91f840c137c7a43c,0,0,FILE-02R-7987b5c1b8836d69,32,-0.0006,9364.0,750003.0,198.055,750003.0,monitor_raw,monitor_controlled,ACQSTATE-02R-896f06c2a7c231ec,LAT-02R-517a9644e4f59287,UB-02R-c7cdba07fed2dfd7,0.012485283392199764,0.0001290231682102919,Poisson_E_times_lambda,9364.0,750003.0,normal_rate_diagnostic,discovery
SCAN-02R-91f840c137c7a43c,1,1,FILE-02R-7987b5c1b8836d69,33,0.9986,57.0,750000.0,203.937,750000.0,monitor_raw,monitor_controlled,ACQSTATE-02R-896f06c2a7c231ec,LAT-02R-517a9644e4f59287,UB-02R-c7cdba07fed2dfd7,7.6e-05,1.0066445913694332e-05,Poisson_E_times_lambda,57.0,750000.0,normal_rate_diagnostic,discovery
SCAN-02R-91f840c137c7a43c,2,2,FILE-02R-7987b5c1b8836d69,34,1.9986,35.0,750011.0,178.93,750011.0,monitor_raw,monitor_controlled,ACQSTATE-02R-896f06c2a7c231ec,LAT-02R-517a9644e4f59287,UB-02R-c7cdba07fed2dfd7,4.6665982232260596e-05,7.887990686936079e-06,Poisson_E_times_lambda,35.0,750011.0,normal_rate_diagnostic,discovery
SCAN-02R-91f840c137c7a43c,3,3,FILE-02R-7987b5c1b8836d69,35,2.9986,48.0,750000.0,171.993,750000.0,monitor_raw,monitor_controlled,ACQSTATE-02R-896f06c2a7c231ec,LAT-02R-517a9644e4f59287,UB-02R-c7cdba07fed2dfd7,6.4e-05,9.237604307034013e-06,Poisson_E_times_lambda,48.0,750000.0,normal_rate_diagnostic,discovery
SCAN-02R-91f840c137c7a43c,4,4,FILE-02R-7987b5c1b8836d69,36,3.9987,43.0,750004.0,166.875,750004.0,monitor_raw,monitor_controlled,ACQSTATE-02R-896f06c2a7c231ec,LAT-02R-517a9644e4f59287,UB-02R-c7cdba07fed2dfd7,5.733302755718636e-05,8.743204735310745e-06,Poisson_E_times_lambda,43.0,750004.0,normal_rate_diagnostic,discovery
SCAN-02R-91f840c137c7a43c,5,5,FILE-02R-7987b5c1b8836d69,37,4.9987,43.0,750001.0,168.459,750001.0,monitor_raw,monitor_controlled,ACQSTATE-02R-896f06c2a7c231ec,LAT-02R-517a9644e4f59287,UB-02R-c7cdba07fed2dfd7,5.7333256888990814e-05,8.743239708083057e-06,Poisson_E_times_lambda,43.0,750001.0,normal_rate_diagnostic,discovery
SCAN-02R-91f840c137c7a43c,6,6,FILE-02R-7987b5c1b8836d69,38,5.9985,50.0,750000.0,155.301,750000.0,monitor_raw,monitor_controlled,ACQSTATE-02R-896f06c2a7c231ec,LAT-02R-517a9644e4f59287,UB-02R-c7cdba07fed2dfd7,6.666666666666667e-05,9.428090415820634e-06,Poisson_E_times_lambda,50.0,750000.0,normal_rate_diagnostic,discovery
SCAN-02R-91f840c137c7a43c,7,7,FILE-02R-7987b5c1b8836d69,39,6.9986,48.0,750002.0,143.989,750002.0,monitor_raw,monitor_controlled,ACQSTATE-02R-896f06c2a7c231ec,LAT-02R-517a9644e4f59287,UB-02R-c7cdba07fed2dfd7,6.399982933378845e-05,9.237579673488216e-06,Poisson_E_times_lambda,48.0,750002.0,normal_rate_diagnostic,discovery
SCAN-02R-91f840c137c7a43c,8,8,FILE-02R-7987b5c1b8836d69,40,7.9986,35.0,750005.0,147.826,750005.0,monitor_raw,monitor_controlled,ACQSTATE-02R-896f06c2a7c231ec,LAT-02R-517a9644e4f59287,UB-02R-c7cdba07fed2dfd7,4.6666355557629614e-05,7.888053790440885e-06,Poisson_E_times_lambda,35.0,750005.0,normal_rate_diagnostic,discovery
SCAN-02R-91f840c137c7a43c,9,9,FILE-02R-7987b5c1b8836d69,41,8.9984,44.0,750004.0,157.038,750004.0,monitor_raw,monitor_controlled,ACQSTATE-02R-896f06c2a7c231ec,LAT-02R-517a9644e4f59287,UB-02R-c7cdba07fed2dfd7,5.866635377944651e-05,8.844285604757841e-06,Poisson_E_times_lambda,44.0,750004.0,normal_rate_diagnostic,discovery
SCAN-02R-91f840c137c7a43c,10,10,FILE-02R-7987b5c1b8836d69,42,9.9983,40.0,750000.0,151.085,750000.0,monitor_raw,monitor_controlled,ACQSTATE-02R-896f06c2a7c231ec,LAT-02R-517a9644e4f59287,UB-02R-c7cdba07fed2dfd7,5.333333333333333e-05,8.432740427115678e-06,Poisson_E_times_lambda,40.0,750000.0,normal_rate_diagnostic,discovery
SCAN-02R-91f840c137c7a43c,11,11,FILE-02R-7987b5c1b8836d69,43,10.9985,31.0,750010.0,141.853,750010.0,monitor_raw,monitor_controlled,ACQSTATE-02R-896f06c2a7c231ec,LAT-02R-517a9644e4f59287,UB-02R-c7cdba07fed2dfd7,4.133278222957027e-05,7.423586835948883e-06,Poisson_E_times_lambda,31.0,750010.0,normal_rate_diagnostic,discovery
SCAN-02R-91f840c137c7a43c,12,12,FILE-02R-7987b5c1b8836d69,44,11.9985,38.0,750003.0,132.931,750003.0,monitor_raw,monitor_controlled,ACQSTATE-02R-896f06c2a7c231ec,LAT-02R-517a9644e4f59287,UB-02R-c7cdba07fed2dfd7,5.0666464000810666e-05,8.219185793882126e-06,Poisson_E_times_lambda,38.0,750003.0,normal_rate_diagnostic,discovery
SCAN-02R-91f840c137c7a43c,13,13,FILE-02R-7987b5c1b8836d69,45,12.9981,40.0,750000.0,127.873,750000.0,monitor_raw,monitor_controlled,ACQSTATE-02R-896f06c2a7c231ec,LAT-02R-517a9644e4f59287,UB-02R-c7cdba07fed2dfd7,5.333333333333333e-05,8.432740427115678e-06,Poisson_E_times_lambda,40.0,750000.0,normal_rate_diagnostic,discovery
SCAN-02R-91f840c137c7a43c,14,14,FILE-02R-7987b5c1b8836d69,46,13.9986,31.0,750005.0,126.265,750005.0,monitor_raw,monitor_controlled,ACQSTATE-02R-896f06c2a7c231ec,LAT-02R-517a9644e4f59287,UB-02R-c7cdba07fed2dfd7,4.1333057779614805e-05,7.423636326197854e-06,Poisson_E_times_lambda,31.0,750005.0,normal_rate_diagnostic,discovery
SCAN-02R-91f840c137c7a43c,15,15,FILE-02R-7987b5c1b8836d69,47,14.9982,35.0,750007.0,125.903,750007.0,monitor_raw,monitor_controlled,ACQSTATE-02R-896f06c2a7c231ec,LAT-02R-517a9644e4f59287,UB-02R-c7cdba07fed2dfd7,4.6666231115176256e-05,7.8880327558271e-06,Poisson_E_times_lambda,35.0,750007.0,normal_rate_diagnostic,discovery
SCAN-02R-91f840c137c7a43c,16,16,FILE-02R-7987b5c1b8836d69,48,15.9985,32.0,750000.0,126.484,750000.0,monitor_raw,monitor_controlled,ACQSTATE-02R-896f06c2a7c231ec,LAT-02R-517a9644e4f59287,UB-02R-c7cdba07fed2dfd7,4.266666666666667e-05,7.5424723326565075e-06,Poisson_E_times_lambda,32.0,750000.0,normal_rate_diagnostic,discovery
SCAN-02R-91f840c137c7a43c,17,17,FILE-02R-7987b5c1b8836d69,49,16.998,41.0,750001.0,126.312,750001.0,monitor_raw,monitor_controlled,ACQSTATE-02R-896f06c2a7c231ec,LAT-02R-517a9644e4f59287,UB-02R-c7cdba07fed2dfd7,5.466659377787496e-05,8.537487599926998e-06,Poisson_E_times_lambda,41.0,750001.0,normal_rate_diagnostic,discovery
SCAN-02R-91f840c137c7a43c,18,18,FILE-02R-7987b5c1b8836d69,50,17.9987,33.0,750003.0,129.362,750003.0,monitor_raw,monitor_controlled,ACQSTATE-02R-896f06c2a7c231ec,LAT-02R-517a9644e4f59287,UB-02R-c7cdba07fed2dfd7,4.3999824000704e-05,7.659386224505806e-06,Poisson_E_times_lambda,33.0,750003.0,normal_rate_diagnostic,discovery
SCAN-02R-91f840c137c7a43c,19,19,FILE-02R-7987b5c1b8836d69,51,18.9983,38.0,750004.0,134.575,750004.0,monitor_raw,monitor_controlled,ACQSTATE-02R-896f06c2a7c231ec,LAT-02R-517a9644e4f59287,UB-02R-c7cdba07fed2dfd7,5.066639644588562e-05,8.21917483502618e-06,Poisson_E_times_lambda,38.0,750004.0,normal_rate_diagnostic,discovery
SCAN-02R-91f840c137c7a43c,20,20,FILE-02R-7987b5c1b8836d69,52,19.9983,40.0,750003.0,137.457,750003.0,monitor_raw,monitor_controlled,ACQSTATE-02R-896f06c2a7c231ec,LAT-02R-517a9644e4f59287,UB-02R-c7cdba07fed2dfd7,5.333312000085333e-05,8.432706696288894e-06,Poisson_E_times_lambda,40.0,750003.0,normal_rate_diagnostic,discovery
SCAN-02R-91f840c137c7a43c,21,21,FILE-02R-7987b5c1b8836d69,53,20.9983,29.0,750000.0,135.685,750000.0,monitor_raw,monitor_controlled,ACQSTATE-02R-896f06c2a7c231ec,LAT-02R-517a9644e4f59287,UB-02R-c7cdba07fed2dfd7,3.866666666666667e-05,7.180219742846005e-06,Poisson_E_times_lambda,29.0,750000.0,normal_rate_diagnostic,discovery
SCAN-02R-91f840c137c7a43c,22,22,FILE-02R-7987b5c1b8836d69,54,21.9983,32.0,750001.0,130.945,750001.0,monitor_raw,monitor_controlled,ACQSTATE-02R-896f06c2a7c231ec,LAT-02R-517a9644e4f59287,UB-02R-c7cdba07fed2dfd7,4.266660977785363e-05,7.542462276040139e-06,Poisson_E_times_lambda,32.0,750001.0,normal_rate_diagnostic,discovery
SCAN-02R-91f840c137c7a43c,23,23,FILE-02R-7987b5c1b8836d69,55,22.9983,38.0,750006.0,126.826,750006.0,monitor_raw,monitor_controlled,ACQSTATE-02R-896f06c2a7c231ec,LAT-02R-517a9644e4f59287,UB-02R-c7cdba07fed2dfd7,5.0666261336575975e-05,8.219152917401962e-06,Poisson_E_times_lambda,38.0,750006.0,normal_rate_diagnostic,discovery
SCAN-02R-91f840c137c7a43c,24,24,FILE-02R-7987b5c1b8836d69,56,23.9985,21.0,750003.0,124.773,750003.0,monitor_raw,monitor_controlled,ACQSTATE-02R-896f06c2a7c231ec,LAT-02R-517a9644e4f59287,UB-02R-c7cdba07fed2dfd7,2.7999888000448e-05,6.110076486301841e-06,Poisson_E_times_lambda,21.0,750003.0,normal_rate_diagnostic,discovery
SCAN-02R-91f840c137c7a43c,25,25,FILE-02R-7987b5c1b8836d69,57,24.9976,42.0,750006.0,125.091,750006.0,monitor_raw,monitor_controlled,ACQSTATE-02R-896f06c2a7c231ec,LAT-02R-517a9644e4f59287,UB-02R-c7cdba07fed2dfd7,5.599955200358397e-05,8.640918470529384e-06,Poisson_E_times_lambda,42.0,750006.0,normal_rate_diagnostic,discovery
SCAN-02R-91f840c137c7a43c,26,26,FILE-02R-7987b5c1b8836d69,58,25.9984,26.0,750003.0,128.666,750003.0,monitor_raw,monitor_controlled,ACQSTATE-02R-896f06c2a7c231ec,LAT-02R-517a9644e4f59287,UB-02R-c7cdba07fed2dfd7,3.4666528000554665e-05,6.7986654901284184e-06,Poisson_E_times_lambda,26.0,750003.0,normal_rate_diagnostic,discovery
SCAN-02R-91f840c137c7a43c,27,27,FILE-02R-7987b5c1b8836d69,59,26.9977,27.0,750006.0,133.619,750006.0,monitor_raw,monitor_controlled,ACQSTATE-02R-896f06c2a7c231ec,LAT-02R-517a9644e4f59287,UB-02R-c7cdba07fed2dfd7,3.5999712002303984e-05,6.928147805093069e-06,Poisson_E_times_lambda,27.0,750006.0,normal_rate_diagnostic,discovery
SCAN-02R-91f840c137c7a43c,28,28,FILE-02R-7987b5c1b8836d69,60,27.9989,35.0,750006.0,136.547,750006.0,monitor_raw,monitor_controlled,ACQSTATE-02R-896f06c2a7c231ec,LAT-02R-517a9644e4f59287,UB-02R-c7cdba07fed2dfd7,4.666629333631997e-05,7.88804327311997e-06,Poisson_E_times_lambda,35.0,750006.0,normal_rate_diagnostic,discovery
SCAN-02R-91f840c137c7a43c,29,29,FILE-02R-7987b5c1b8836d69,61,28.9984,30.0,750005.0,138.897,750005.0,monitor_raw,monitor_controlled,ACQSTATE-02R-896f06c2a7c231ec,LAT-02R-517a9644e4f59287,UB-02R-c7cdba07fed2dfd7,3.99997333351111e-05,7.302918747277233e-06,Poisson_E_times_lambda,30.0,750005.0,normal_rate_diagnostic,discovery
SCAN-02R-91f840c137c7a43c,30,30,FILE-02R-7987b5c1b8836d69,62,29.9987,29.0,750009.0,143.066,750009.0,monitor_raw,monitor_controlled,ACQSTATE-02R-896f06c2a7c231ec,LAT-02R-517a9644e4f59287,UB-02R-c7cdba07fed2dfd7,3.86662026722346e-05,7.18013358124303e-06,Poisson_E_times_lambda,29.0,750009.0,normal_rate_diagnostic,discovery
SCAN-02R-91f840c137c7a43c,31,31,FILE-02R-7987b5c1b8836d69,63,30.9985,31.0,750000.0,144.898,750000.0,monitor_raw,monitor_controlled,ACQSTATE-02R-896f06c2a7c231ec,LAT-02R-517a9644e4f59287,UB-02R-c7cdba07fed2dfd7,4.133333333333333e-05,7.423685817106695e-06,Poisson_E_times_lambda,31.0,750000.0,normal_rate_diagnostic,discovery
SCAN-02R-91f840c137c7a43c,32,32,FILE-02R-7987b5c1b8836d69,64,31.9988,29.0,750005.0,147.395,750005.0,monitor_raw,monitor_controlled,ACQSTATE-02R-896f06c2a7c231ec,LAT-02R-517a9644e4f59287,UB-02R-c7cdba07fed2dfd7,3.866640889060739e-05,7.180171875033504e-06,Poisson_E_times_lambda,29.0,750005.0,normal_rate_diagnostic,discovery
SCAN-02R-91f840c137c7a43c,33,33,FILE-02R-7987b5c1b8836d69,65,32.9981,31.0,750001.0,148.848,750001.0,monitor_raw,monitor_controlled,ACQSTATE-02R-896f06c2a7c231ec,LAT-02R-517a9644e4f59287,UB-02R-c7cdba07fed2dfd7,4.1333278222295705e-05,7.423675918872137e-06,Poisson_E_times_lambda,31.0,750001.0,normal_rate_diagnostic,discovery
SCAN-02R-91f840c137c7a43c,34,34,FILE-02R-7987b5c1b8836d69,66,33.9984,22.0,750000.0,151.918,750000.0,monitor_raw,monitor_controlled,ACQSTATE-02R-896f06c2a7c231ec,LAT-02R-517a9644e4f59287,UB-02R-c7cdba07fed2dfd7,2.9333333333333333e-05,6.253887679764573e-06,Poisson_E_times_lambda,22.0,750000.0,normal_rate_diagnostic,discovery
SCAN-02R-91f840c137c7a43c,35,35,FILE-02R-7987b5c1b8836d69,67,34.9979,40.0,750002.0,154.499,750002.0,monitor_raw,monitor_controlled,ACQSTATE-02R-896f06c2a7c231ec,LAT-02R-517a9644e4f59287,UB-02R-c7cdba07fed2dfd7,5.333319111149037e-05,8.43271793986784e-06,Poisson_E_times_lambda,40.0,750002.0,normal_rate_diagnostic,discovery
SCAN-02R-91f840c137c7a43c,36,36,FILE-02R-7987b5c1b8836d69,68,35.998,28.0,750001.0,158.741,750001.0,monitor_raw,monitor_controlled,ACQSTATE-02R-896f06c2a7c231ec,LAT-02R-517a9644e4f59287,UB-02R-c7cdba07fed2dfd7,3.7333283555621925e-05,7.0553274224023455e-06,Poisson_E_times_lambda,28.0,750001.0,normal_rate_diagnostic,discovery
SCAN-02R-91f840c137c7a43c,37,37,FILE-02R-7987b5c1b8836d69,69,36.998,26.0,750002.0,162.902,750002.0,monitor_raw,monitor_controlled,ACQSTATE-02R-896f06c2a7c231ec,LAT-02R-517a9644e4f59287,UB-02R-c7cdba07fed2dfd7,3.466657422246874e-05,6.798674554991566e-06,Poisson_E_times_lambda,26.0,750002.0,normal_rate_diagnostic,discovery
SCAN-02R-91f840c137c7a43c,38,38,FILE-02R-7987b5c1b8836d69,70,37.9985,28.0,750006.0,166.066,750006.0,monitor_raw,monitor_controlled,ACQSTATE-02R-896f06c2a7c231ec,LAT-02R-517a9644e4f59287,UB-02R-c7cdba07fed2dfd7,3.733303466905598e-05,7.055280387262477e-06,Poisson_E_times_lambda,28.0,750006.0,normal_rate_diagnostic,discovery
SCAN-02R-91f840c137c7a43c,39,39,FILE-02R-7987b5c1b8836d69,71,38.9981,33.0,750005.0,168.804,750005.0,monitor_raw,monitor_controlled,ACQSTATE-02R-896f06c2a7c231ec,LAT-02R-517a9644e4f59287,UB-02R-c7cdba07fed2dfd7,4.399970666862221e-05,7.65936579961204e-06,Poisson_E_times_lambda,33.0,750005.0,normal_rate_diagnostic,discovery
SCAN-02R-91f840c137c7a43c,40,40,FILE-02R-7987b5c1b8836d69,72,39.9985,34.0,750003.0,171.43,750003.0,monitor_raw,monitor_controlled,ACQSTATE-02R-896f06c2a7c231ec,LAT-02R-517a9644e4f59287,UB-02R-c7cdba07fed2dfd7,4.533315200072533e-05,7.774571428174688e-06,Poisson_E_times_lambda,34.0,750003.0,normal_rate_diagnostic,discovery
SCAN-02R-91f840c137c7a43c,41,41,FILE-02R-7987b5c1b8836d69,73,40.9984,36.0,750005.0,175.491,750005.0,monitor_raw,monitor_controlled,ACQSTATE-02R-896f06c2a7c231ec,LAT-02R-517a9644e4f59287,UB-02R-c7cdba07fed2dfd7,4.7999680002133316e-05,7.99994666702222e-06,Poisson_E_times_lambda,36.0,750005.0,normal_rate_diagnostic,discovery
SCAN-02R-91f840c137c7a43c,42,42,FILE-02R-7987b5c1b8836d69,74,41.9987,48.0,750003.0,180.068,750003.0,monitor_raw,monitor_controlled,ACQSTATE-02R-896f06c2a7c231ec,LAT-02R-517a9644e4f59287,UB-02R-c7cdba07fed2dfd7,6.399974400102399e-05,9.237567356764584e-06,Poisson_E_times_lambda,48.0,750003.0,normal_rate_diagnostic,discovery
SCAN-02R-91f840c137c7a43c,43,43,FILE-02R-7987b5c1b8836d69,75,42.9981,74.0,750000.0,185.054,750000.0,monitor_raw,monitor_controlled,ACQSTATE-02R-896f06c2a7c231ec,LAT-02R-517a9644e4f59287,UB-02R-c7cdba07fed2dfd7,9.866666666666666e-05,1.1469767022723502e-05,Poisson_E_times_lambda,74.0,750000.0,normal_rate_diagnostic,discovery
SCAN-02R-91f840c137c7a43c,44,44,FILE-02R-7987b5c1b8836d69,76,43.998,71.0,750002.0,191.909,750002.0,monitor_raw,monitor_controlled,ACQSTATE-02R-896f06c2a7c231ec,LAT-02R-517a9644e4f59287,UB-02R-c7cdba07fed2dfd7,9.466641422289541e-05,1.12348364046714e-05,Poisson_E_times_lambda,71.0,750002.0,normal_rate_diagnostic,discovery
SCAN-02R-91f840c137c7a43c,45,45,FILE-02R-7987b5c1b8836d69,77,44.9972,82.0,750004.0,199.27,750004.0,monitor_raw,monitor_controlled,ACQSTATE-02R-896f06c2a7c231ec,LAT-02R-517a9644e4f59287,UB-02R-c7cdba07fed2dfd7,0.00010933275022533214,1.2073782457343451e-05,Poisson_E_times_lambda,82.0,750004.0,normal_rate_diagnostic,discovery
SCAN-02R-91f840c137c7a43c,46,46,FILE-02R-7987b5c1b8836d69,78,45.9969,57.0,750001.0,206.878,750001.0,monitor_raw,monitor_controlled,ACQSTATE-02R-896f06c2a7c231ec,LAT-02R-517a9644e4f59287,UB-02R-c7cdba07fed2dfd7,7.599989866680178e-05,1.0066432491784344e-05,Poisson_E_times_lambda,57.0,750001.0,normal_rate_diagnostic,discovery
SCAN-02R-91f840c137c7a43c,47,47,FILE-02R-7987b5c1b8836d69,79,46.9975,59.0,750000.0,215.122,750000.0,monitor_raw,monitor_controlled,ACQSTATE-02R-896f06c2a7c231ec,LAT-02R-517a9644e4f59287,UB-02R-c7cdba07fed2dfd7,7.866666666666666e-05,1.024152766382481e-05,Poisson_E_times_lambda,59.0,750000.0,normal_rate_diagnostic,discovery
SCAN-02R-91f840c137c7a43c,48,48,FILE-02R-7987b5c1b8836d69,80,47.998,39.0,750001.0,221.005,750001.0,monitor_raw,monitor_controlled,ACQSTATE-02R-896f06c2a7c231ec,LAT-02R-517a9644e4f59287,UB-02R-c7cdba07fed2dfd7,5.1999930666759114e-05,8.32665289566067e-06,Poisson_E_times_lambda,39.0,750001.0,normal_rate_diagnostic,discovery
SCAN-02R-91f840c137c7a43c,49,49,FILE-02R-7987b5c1b8836d69,81,48.9972,25.0,750002.0,227.219,750002.0,monitor_raw,monitor_controlled,ACQSTATE-02R-896f06c2a7c231ec,LAT-02R-517a9644e4f59287,UB-02R-c7cdba07fed2dfd7,3.3333244444681484e-05,6.666648888936296e-06,Poisson_E_times_lambda,25.0,750002.0,normal_rate_diagnostic,discovery
SCAN-02R-91f840c137c7a43c,50,50,FILE-02R-7987b5c1b8836d69,82,49.9983,25.0,750001.0,230.049,750001.0,monitor_raw,monitor_controlled,ACQSTATE-02R-896f06c2a7c231ec,LAT-02R-517a9644e4f59287,UB-02R-c7cdba07fed2dfd7,3.333328888894815e-05,6.666657777789629e-06,Poisson_E_times_lambda,25.0,750001.0,normal_rate_diagnostic,discovery
SCAN-02R-91f840c137c7a43c,51,51,FILE-02R-7987b5c1b8836d69,83,50.9976,19.0,750001.0,232.698,750001.0,monitor_raw,monitor_controlled,ACQSTATE-02R-896f06c2a7c231ec,LAT-02R-517a9644e4f59287,UB-02R-c7cdba07fed2dfd7,2.5333299555600593e-05,5.811857508910886e-06,Poisson_E_times_lambda,19.0,750001.0,normal_rate_diagnostic,discovery
SCAN-02R-91f840c137c7a43c,52,52,FILE-02R-7987b5c1b8836d69,84,51.9972,25.0,750001.0,235.435,750001.0,monitor_raw,monitor_controlled,ACQSTATE-02R-896f06c2a7c231ec,LAT-02R-517a9644e4f59287,UB-02R-c7cdba07fed2dfd7,3.333328888894815e-05,6.666657777789629e-06,Poisson_E_times_lambda,25.0,750001.0,normal_rate_diagnostic,discovery
SCAN-02R-91f840c137c7a43c,53,53,FILE-02R-7987b5c1b8836d69,85,52.9975,21.0,750003.0,238.38,750003.0,monitor_raw,monitor_controlled,ACQSTATE-02R-896f06c2a7c231ec,LAT-02R-517a9644e4f59287,UB-02R-c7cdba07fed2dfd7,2.7999888000448e-05,6.110076486301841e-06,Poisson_E_times_lambda,21.0,750003.0,normal_rate_diagnostic,discovery
SCAN-02R-91f840c137c7a43c,54,54,FILE-02R-7987b5c1b8836d69,86,53.9961,20.0,750001.0,240.456,750001.0,monitor_raw,monitor_controlled,ACQSTATE-02R-896f06c2a7c231ec,LAT-02R-517a9644e4f59287,UB-02R-c7cdba07fed2dfd7,2.6666631111158517e-05,5.96283998954612e-06,Poisson_E_times_lambda,20.0,750001.0,normal_rate_diagnostic,discovery
SCAN-02R-91f840c137c7a43c,55,55,FILE-02R-7987b5c1b8836d69,87,54.9983,20.0,750000.0,244.632,750000.0,monitor_raw,monitor_controlled,ACQSTATE-02R-896f06c2a7c231ec,LAT-02R-517a9644e4f59287,UB-02R-c7cdba07fed2dfd7,2.6666666666666667e-05,5.96284793999944e-06,Poisson_E_times_lambda,20.0,750000.0,normal_rate_diagnostic,discovery
SCAN-02R-957a8834d758202b,25,0,FILE-02R-c53e15719794e79d,57,-0.0011,14970.0,950001.0,240.224,950001.0,monitor_raw,monitor_controlled,ACQSTATE-02R-896f06c2a7c231ec,LAT-02R-517a9644e4f59287,UB-02R-c7cdba07fed2dfd7,0.01575787814960195,0.00012879139217060012,Poisson_E_times_lambda,14970.0,950001.0,normal_rate_diagnostic,discovery
SCAN-02R-957a8834d758202b,24,1,FILE-02R-c53e15719794e79d,56,0.999,51.0,950001.0,251.399,950001.0,monitor_raw,monitor_controlled,ACQSTATE-02R-896f06c2a7c231ec,LAT-02R-517a9644e4f59287,UB-02R-c7cdba07fed2dfd7,5.368415401667998e-05,7.517285169744927e-06,Poisson_E_times_lambda,51.0,950001.0,normal_rate_diagnostic,discovery
SCAN-02R-957a8834d758202b,23,2,FILE-02R-c53e15719794e79d,55,1.9987,56.0,950004.0,220.639,950004.0,monitor_raw,monitor_controlled,ACQSTATE-02R-896f06c2a7c231ec,LAT-02R-517a9644e4f59287,UB-02R-c7cdba07fed2dfd7,5.8947120222651695e-05,7.877140278933439e-06,Poisson_E_times_lambda,56.0,950004.0,normal_rate_diagnostic,discovery
SCAN-02R-957a8834d758202b,22,3,FILE-02R-c53e15719794e79d,54,2.9987,47.0,950002.0,213.2,950002.0,monitor_raw,monitor_controlled,ACQSTATE-02R-896f06c2a7c231ec,LAT-02R-517a9644e4f59287,UB-02R-c7cdba07fed2dfd7,4.947358005562093e-05,7.216463334183553e-06,Poisson_E_times_lambda,47.0,950002.0,normal_rate_diagnostic,discovery
SCAN-02R-957a8834d758202b,21,4,FILE-02R-c53e15719794e79d,53,3.9986,52.0,950000.0,206.821,950000.0,monitor_raw,monitor_controlled,ACQSTATE-02R-896f06c2a7c231ec,LAT-02R-517a9644e4f59287,UB-02R-c7cdba07fed2dfd7,5.473684210526316e-05,7.590634264134714e-06,Poisson_E_times_lambda,52.0,950000.0,normal_rate_diagnostic,discovery
SCAN-02R-957a8834d758202b,20,5,FILE-02R-c53e15719794e79d,52,4.9987,51.0,950004.0,209.318,950004.0,monitor_raw,monitor_controlled,ACQSTATE-02R-896f06c2a7c231ec,LAT-02R-517a9644e4f59287,UB-02R-c7cdba07fed2dfd7,5.3683984488486366e-05,7.517261431049607e-06,Poisson_E_times_lambda,51.0,950004.0,normal_rate_diagnostic,discovery
SCAN-02R-957a8834d758202b,19,6,FILE-02R-c53e15719794e79d,51,5.9989,65.0,950002.0,193.626,950002.0,monitor_raw,monitor_controlled,ACQSTATE-02R-896f06c2a7c231ec,LAT-02R-517a9644e4f59287,UB-02R-c7cdba07fed2dfd7,6.842090858756087e-05,8.486569237010606e-06,Poisson_E_times_lambda,65.0,950002.0,normal_rate_diagnostic,discovery
SCAN-02R-957a8834d758202b,18,7,FILE-02R-c53e15719794e79d,50,6.9985,63.0,950000.0,179.184,950000.0,monitor_raw,monitor_controlled,ACQSTATE-02R-896f06c2a7c231ec,LAT-02R-517a9644e4f59287,UB-02R-c7cdba07fed2dfd7,6.631578947368421e-05,8.355004140203971e-06,Poisson_E_times_lambda,63.0,950000.0,normal_rate_diagnostic,discovery
SCAN-02R-957a8834d758202b,17,8,FILE-02R-c53e15719794e79d,49,7.9987,50.0,950002.0,185.452,950002.0,monitor_raw,monitor_controlled,ACQSTATE-02R-896f06c2a7c231ec,LAT-02R-517a9644e4f59287,UB-02R-c7cdba07fed2dfd7,5.2631468144277593e-05,7.443213605724489e-06,Poisson_E_times_lambda,50.0,950002.0,normal_rate_diagnostic,discovery
SCAN-02R-957a8834d758202b,16,9,FILE-02R-c53e15719794e79d,48,8.9985,46.0,950000.0,197.172,950000.0,monitor_raw,monitor_controlled,ACQSTATE-02R-896f06c2a7c231ec,LAT-02R-517a9644e4f59287,UB-02R-c7cdba07fed2dfd7,4.842105263157895e-05,7.139294719079229e-06,Poisson_E_times_lambda,46.0,950000.0,normal_rate_diagnostic,discovery
SCAN-02R-957a8834d758202b,15,10,FILE-02R-c53e15719794e79d,47,9.9986,43.0,950004.0,190.0,950004.0,monitor_raw,monitor_controlled,ACQSTATE-02R-896f06c2a7c231ec,LAT-02R-517a9644e4f59287,UB-02R-c7cdba07fed2dfd7,4.526296731382184e-05,6.902537804369245e-06,Poisson_E_times_lambda,43.0,950004.0,normal_rate_diagnostic,discovery
SCAN-02R-957a8834d758202b,14,11,FILE-02R-c53e15719794e79d,46,10.9986,48.0,950000.0,178.156,950000.0,monitor_raw,monitor_controlled,ACQSTATE-02R-896f06c2a7c231ec,LAT-02R-517a9644e4f59287,UB-02R-c7cdba07fed2dfd7,5.052631578947368e-05,7.292845505553167e-06,Poisson_E_times_lambda,48.0,950000.0,normal_rate_diagnostic,discovery
SCAN-02R-957a8834d758202b,13,12,FILE-02R-c53e15719794e79d,45,11.9985,46.0,950003.0,167.184,950003.0,monitor_raw,monitor_controlled,ACQSTATE-02R-896f06c2a7c231ec,LAT-02R-517a9644e4f59287,UB-02R-c7cdba07fed2dfd7,4.842089972347456e-05,7.139272174009206e-06,Poisson_E_times_lambda,46.0,950003.0,normal_rate_diagnostic,discovery
SCAN-02R-957a8834d758202b,12,13,FILE-02R-c53e15719794e79d,44,12.9986,40.0,950005.0,160.902,950005.0,monitor_raw,monitor_controlled,ACQSTATE-02R-896f06c2a7c231ec,LAT-02R-517a9644e4f59287,UB-02R-c7cdba07fed2dfd7,4.210504155241288e-05,6.65739161408283e-06,Poisson_E_times_lambda,40.0,950005.0,normal_rate_diagnostic,discovery
SCAN-02R-957a8834d758202b,11,14,FILE-02R-c53e15719794e79d,43,13.9978,34.0,950004.0,158.239,950004.0,monitor_raw,monitor_controlled,ACQSTATE-02R-896f06c2a7c231ec,LAT-02R-517a9644e4f59287,UB-02R-c7cdba07fed2dfd7,3.5789322992324244e-05,6.137818256391869e-06,Poisson_E_times_lambda,34.0,950004.0,normal_rate_diagnostic,discovery
SCAN-02R-957a8834d758202b,10,15,FILE-02R-c53e15719794e79d,42,14.9982,44.0,950001.0,158.379,950001.0,monitor_raw,monitor_controlled,ACQSTATE-02R-896f06c2a7c231ec,LAT-02R-517a9644e4f59287,UB-02R-c7cdba07fed2dfd7,4.6315740720272926e-05,6.982360629842284e-06,Poisson_E_times_lambda,44.0,950001.0,normal_rate_diagnostic,discovery
SCAN-02R-957a8834d758202b,9,16,FILE-02R-c53e15719794e79d,41,15.9981,36.0,950011.0,158.733,950011.0,monitor_raw,monitor_controlled,ACQSTATE-02R-896f06c2a7c231ec,LAT-02R-517a9644e4f59287,UB-02R-c7cdba07fed2dfd7,3.789429806602239e-05,6.315716344337065e-06,Poisson_E_times_lambda,36.0,950011.0,normal_rate_diagnostic,discovery
SCAN-02R-957a8834d758202b,8,17,FILE-02R-c53e15719794e79d,40,16.9985,45.0,950002.0,158.575,950002.0,monitor_raw,monitor_controlled,ACQSTATE-02R-896f06c2a7c231ec,LAT-02R-517a9644e4f59287,UB-02R-c7cdba07fed2dfd7,4.736832132984983e-05,7.061252431573165e-06,Poisson_E_times_lambda,45.0,950002.0,normal_rate_diagnostic,discovery
SCAN-02R-957a8834d758202b,7,18,FILE-02R-c53e15719794e79d,39,17.9982,34.0,950000.0,161.871,950000.0,monitor_raw,monitor_controlled,ACQSTATE-02R-896f06c2a7c231ec,LAT-02R-517a9644e4f59287,UB-02R-c7cdba07fed2dfd7,3.578947368421053e-05,6.137844099837159e-06,Poisson_E_times_lambda,34.0,950000.0,normal_rate_diagnostic,discovery
SCAN-02R-957a8834d758202b,6,19,FILE-02R-c53e15719794e79d,38,18.9983,26.0,950002.0,169.209,950002.0,monitor_raw,monitor_controlled,ACQSTATE-02R-896f06c2a7c231ec,LAT-02R-517a9644e4f59287,UB-02R-c7cdba07fed2dfd7,2.7368363435024347e-05,5.367377661934169e-06,Poisson_E_times_lambda,26.0,950002.0,normal_rate_diagnostic,discovery
SCAN-02R-957a8834d758202b,5,20,FILE-02R-c53e15719794e79d,37,19.9984,30.0,950001.0,172.369,950001.0,monitor_raw,monitor_controlled,ACQSTATE-02R-896f06c2a7c231ec,LAT-02R-517a9644e4f59287,UB-02R-c7cdba07fed2dfd7,3.1578914127458816e-05,5.765494536375921e-06,Poisson_E_times_lambda,30.0,950001.0,normal_rate_diagnostic,discovery
SCAN-02R-957a8834d758202b,4,21,FILE-02R-c53e15719794e79d,36,20.9984,24.0,950005.0,170.858,950005.0,monitor_raw,monitor_controlled,ACQSTATE-02R-896f06c2a7c231ec,LAT-02R-517a9644e4f59287,UB-02R-c7cdba07fed2dfd7,2.526302493144773e-05,5.156793370104742e-06,Poisson_E_times_lambda,24.0,950005.0,normal_rate_diagnostic,discovery
SCAN-02R-957a8834d758202b,3,22,FILE-02R-c53e15719794e79d,35,21.9984,24.0,950001.0,164.713,950001.0,monitor_raw,monitor_controlled,ACQSTATE-02R-896f06c2a7c231ec,LAT-02R-517a9644e4f59287,UB-02R-c7cdba07fed2dfd7,2.526313130196705e-05,5.156815082896077e-06,Poisson_E_times_lambda,24.0,950001.0,normal_rate_diagnostic,discovery
SCAN-02R-957a8834d758202b,2,23,FILE-02R-c53e15719794e79d,34,22.9983,30.0,950005.0,159.995,950005.0,monitor_raw,monitor_controlled,ACQSTATE-02R-896f06c2a7c231ec,LAT-02R-517a9644e4f59287,UB-02R-c7cdba07fed2dfd7,3.1578781164309665e-05,5.765470260737219e-06,Poisson_E_times_lambda,30.0,950005.0,normal_rate_diagnostic,discovery
SCAN-02R-957a8834d758202b,1,24,FILE-02R-c53e15719794e79d,33,23.9987,20.0,950001.0,157.554,950001.0,monitor_raw,monitor_controlled,ACQSTATE-02R-896f06c2a7c231ec,LAT-02R-517a9644e4f59287,UB-02R-c7cdba07fed2dfd7,2.1052609418305876e-05,4.7075065763084246e-06,Poisson_E_times_lambda,20.0,950001.0,normal_rate_diagnostic,discovery
SCAN-02R-957a8834d758202b,0,25,FILE-02R-c53e15719794e79d,32,24.9984,26.0,950002.0,158.96,950002.0,monitor_raw,monitor_controlled,ACQSTATE-02R-896f06c2a7c231ec,LAT-02R-517a9644e4f59287,UB-02R-c7cdba07fed2dfd7,2.7368363435024347e-05,5.367377661934169e-06,Poisson_E_times_lambda,26.0,950002.0,normal_rate_diagnostic,discovery
SCAN-02R-abcd8030795bc9cb,0,0,FILE-02R-8ed78b57325efbda,32,-0.0014,1621.0,750002.0,195.665,750002.0,monitor_raw,monitor_controlled,ACQSTATE-02R-896f06c2a7c231ec,LAT-02R-517a9644e4f59287,UB-02R-c7cdba07fed2dfd7,0.0021613275697931473,5.36820492190618e-05,Poisson_E_times_lambda,1621.0,750002.0,normal_rate_diagnostic,discovery
SCAN-02R-abcd8030795bc9cb,1,1,FILE-02R-8ed78b57325efbda,33,0.9986,39.0,750001.0,204.737,750001.0,monitor_raw,monitor_controlled,ACQSTATE-02R-896f06c2a7c231ec,LAT-02R-517a9644e4f59287,UB-02R-c7cdba07fed2dfd7,5.1999930666759114e-05,8.32665289566067e-06,Poisson_E_times_lambda,39.0,750001.0,normal_rate_diagnostic,discovery
SCAN-02R-abcd8030795bc9cb,2,2,FILE-02R-8ed78b57325efbda,34,1.9987,37.0,750006.0,179.563,750006.0,monitor_raw,monitor_controlled,ACQSTATE-02R-896f06c2a7c231ec,LAT-02R-517a9644e4f59287,UB-02R-c7cdba07fed2dfd7,4.933293866982397e-05,8.11028515811636e-06,Poisson_E_times_lambda,37.0,750006.0,normal_rate_diagnostic,discovery
SCAN-02R-abcd8030795bc9cb,3,3,FILE-02R-8ed78b57325efbda,35,2.9985,30.0,750002.0,172.753,750002.0,monitor_raw,monitor_controlled,ACQSTATE-02R-896f06c2a7c231ec,LAT-02R-517a9644e4f59287,UB-02R-c7cdba07fed2dfd7,3.9999893333617774e-05,7.302947958874325e-06,Poisson_E_times_lambda,30.0,750002.0,normal_rate_diagnostic,discovery
SCAN-02R-abcd8030795bc9cb,4,4,FILE-02R-8ed78b57325efbda,36,3.9987,31.0,750000.0,167.058,750000.0,monitor_raw,monitor_controlled,ACQSTATE-02R-896f06c2a7c231ec,LAT-02R-517a9644e4f59287,UB-02R-c7cdba07fed2dfd7,4.133333333333333e-05,7.423685817106695e-06,Poisson_E_times_lambda,31.0,750000.0,normal_rate_diagnostic,discovery
SCAN-02R-abcd8030795bc9cb,5,5,FILE-02R-8ed78b57325efbda,37,4.9985,38.0,750002.0,169.298,750002.0,monitor_raw,monitor_controlled,ACQSTATE-02R-896f06c2a7c231ec,LAT-02R-517a9644e4f59287,UB-02R-c7cdba07fed2dfd7,5.066653155591585e-05,8.219196752767294e-06,Poisson_E_times_lambda,38.0,750002.0,normal_rate_diagnostic,discovery
SCAN-02R-abcd8030795bc9cb,6,6,FILE-02R-8ed78b57325efbda,38,5.9986,30.0,750000.0,156.312,750000.0,monitor_raw,monitor_controlled,ACQSTATE-02R-896f06c2a7c231ec,LAT-02R-517a9644e4f59287,UB-02R-c7cdba07fed2dfd7,4e-05,7.3029674334022146e-06,Poisson_E_times_lambda,30.0,750000.0,normal_rate_diagnostic,discovery
SCAN-02R-abcd8030795bc9cb,7,7,FILE-02R-8ed78b57325efbda,39,6.9985,32.0,750001.0,144.766,750001.0,monitor_raw,monitor_controlled,ACQSTATE-02R-896f06c2a7c231ec,LAT-02R-517a9644e4f59287,UB-02R-c7cdba07fed2dfd7,4.266660977785363e-05,7.542462276040139e-06,Poisson_E_times_lambda,32.0,750001.0,normal_rate_diagnostic,discovery
SCAN-02R-abcd8030795bc9cb,8,8,FILE-02R-8ed78b57325efbda,40,7.9986,37.0,750004.0,148.869,750004.0,monitor_raw,monitor_controlled,ACQSTATE-02R-896f06c2a7c231ec,LAT-02R-517a9644e4f59287,UB-02R-c7cdba07fed2dfd7,4.9333070223625475e-05,8.110306785428103e-06,Poisson_E_times_lambda,37.0,750004.0,normal_rate_diagnostic,discovery
SCAN-02R-abcd8030795bc9cb,9,9,FILE-02R-8ed78b57325efbda,41,8.9985,38.0,750001.0,157.99,750001.0,monitor_raw,monitor_controlled,ACQSTATE-02R-896f06c2a7c231ec,LAT-02R-517a9644e4f59287,UB-02R-c7cdba07fed2dfd7,5.066659911120119e-05,8.219207711681685e-06,Poisson_E_times_lambda,38.0,750001.0,normal_rate_diagnostic,discovery
SCAN-02R-abcd8030795bc9cb,10,10,FILE-02R-8ed78b57325efbda,42,9.9985,26.0,750000.0,151.838,750000.0,monitor_raw,monitor_controlled,ACQSTATE-02R-896f06c2a7c231ec,LAT-02R-517a9644e4f59287,UB-02R-c7cdba07fed2dfd7,3.4666666666666665e-05,6.798692684790379e-06,Poisson_E_times_lambda,26.0,750000.0,normal_rate_diagnostic,discovery
SCAN-02R-abcd8030795bc9cb,11,11,FILE-02R-8ed78b57325efbda,43,10.9985,37.0,750008.0,142.607,750008.0,monitor_raw,monitor_controlled,ACQSTATE-02R-896f06c2a7c231ec,LAT-02R-517a9644e4f59287,UB-02R-c7cdba07fed2dfd7,4.933280711672409e-05,8.110263530919963e-06,Poisson_E_times_lambda,37.0,750008.0,normal_rate_diagnostic,discovery
SCAN-02R-abcd8030795bc9cb,12,12,FILE-02R-8ed78b57325efbda,44,11.9985,27.0,750005.0,133.0,750005.0,monitor_raw,monitor_controlled,ACQSTATE-02R-896f06c2a7c231ec,LAT-02R-517a9644e4f59287,UB-02R-c7cdba07fed2dfd7,3.599976000159999e-05,6.928157042561893e-06,Poisson_E_times_lambda,27.0,750005.0,normal_rate_diagnostic,discovery
SCAN-02R-abcd8030795bc9cb,13,13,FILE-02R-8ed78b57325efbda,45,12.9985,26.0,750001.0,128.356,750001.0,monitor_raw,monitor_controlled,ACQSTATE-02R-896f06c2a7c231ec,LAT-02R-517a9644e4f59287,UB-02R-c7cdba07fed2dfd7,3.466662044450607e-05,6.798683619878886e-06,Poisson_E_times_lambda,26.0,750001.0,normal_rate_diagnostic,discovery
SCAN-02R-abcd8030795bc9cb,14,14,FILE-02R-8ed78b57325efbda,46,13.9978,28.0,750005.0,126.372,750005.0,monitor_raw,monitor_controlled,ACQSTATE-02R-896f06c2a7c231ec,LAT-02R-517a9644e4f59287,UB-02R-c7cdba07fed2dfd7,3.733308444610369e-05,7.0552897942402804e-06,Poisson_E_times_lambda,28.0,750005.0,normal_rate_diagnostic,discovery
SCAN-02R-abcd8030795bc9cb,15,15,FILE-02R-8ed78b57325efbda,47,14.9985,24.0,750000.0,126.147,750000.0,monitor_raw,monitor_controlled,ACQSTATE-02R-896f06c2a7c231ec,LAT-02R-517a9644e4f59287,UB-02R-c7cdba07fed2dfd7,3.2e-05,6.531972647421808e-06,Poisson_E_times_lambda,24.0,750000.0,normal_rate_diagnostic,discovery
SCAN-02R-abcd8030795bc9cb,16,16,FILE-02R-8ed78b57325efbda,48,15.9985,27.0,750001.0,126.301,750001.0,monitor_raw,monitor_controlled,ACQSTATE-02R-896f06c2a7c231ec,LAT-02R-517a9644e4f59287,UB-02R-c7cdba07fed2dfd7,3.5999952000064e-05,6.928193992683519e-06,Poisson_E_times_lambda,27.0,750001.0,normal_rate_diagnostic,discovery
SCAN-02R-abcd8030795bc9cb,17,17,FILE-02R-8ed78b57325efbda,49,16.9984,24.0,750003.0,126.528,750003.0,monitor_raw,monitor_controlled,ACQSTATE-02R-896f06c2a7c231ec,LAT-02R-517a9644e4f59287,UB-02R-c7cdba07fed2dfd7,3.1999872000511996e-05,6.5319465196357295e-06,Poisson_E_times_lambda,24.0,750003.0,normal_rate_diagnostic,discovery
SCAN-02R-abcd8030795bc9cb,18,18,FILE-02R-8ed78b57325efbda,50,17.9985,15.0,750009.0,129.583,750009.0,monitor_raw,monitor_controlled,ACQSTATE-02R-896f06c2a7c231ec,LAT-02R-517a9644e4f59287,UB-02R-c7cdba07fed2dfd7,1.9999760002879965e-05,5.163915827953287e-06,Poisson_E_times_lambda,15.0,750009.0,normal_rate_diagnostic,discovery
SCAN-02R-abcd8030795bc9cb,19,19,FILE-02R-8ed78b57325efbda,51,18.9987,23.0,750002.0,134.658,750002.0,monitor_raw,monitor_controlled,ACQSTATE-02R-896f06c2a7c231ec,LAT-02R-517a9644e4f59287,UB-02R-c7cdba07fed2dfd7,3.066658488910696e-05,6.394424979283681e-06,Poisson_E_times_lambda,23.0,750002.0,normal_rate_diagnostic,discovery
SCAN-02R-abcd8030795bc9cb,20,20,FILE-02R-8ed78b57325efbda,52,19.9983,26.0,750002.0,137.453,750002.0,monitor_raw,monitor_controlled,ACQSTATE-02R-896f06c2a7c231ec,LAT-02R-517a9644e4f59287,UB-02R-c7cdba07fed2dfd7,3.466657422246874e-05,6.798674554991566e-06,Poisson_E_times_lambda,26.0,750002.0,normal_rate_diagnostic,discovery
SCAN-02R-abcd8030795bc9cb,21,21,FILE-02R-8ed78b57325efbda,53,20.9983,33.0,750009.0,135.528,750009.0,monitor_raw,monitor_controlled,ACQSTATE-02R-896f06c2a7c231ec,LAT-02R-517a9644e4f59287,UB-02R-c7cdba07fed2dfd7,4.399947200633592e-05,7.659324950151303e-06,Poisson_E_times_lambda,33.0,750009.0,normal_rate_diagnostic,discovery
SCAN-02R-abcd8030795bc9cb,22,22,FILE-02R-8ed78b57325efbda,54,21.9983,23.0,750001.0,131.176,750001.0,monitor_raw,monitor_controlled,ACQSTATE-02R-896f06c2a7c231ec,LAT-02R-517a9644e4f59287,UB-02R-c7cdba07fed2dfd7,3.06666257778323e-05,6.394433505172286e-06,Poisson_E_times_lambda,23.0,750001.0,normal_rate_diagnostic,discovery
SCAN-02R-abcd8030795bc9cb,23,23,FILE-02R-8ed78b57325efbda,55,22.9983,18.0,750003.0,127.43,750003.0,monitor_raw,monitor_controlled,ACQSTATE-02R-896f06c2a7c231ec,LAT-02R-517a9644e4f59287,UB-02R-c7cdba07fed2dfd7,2.3999904000384e-05,5.656831622165891e-06,Poisson_E_times_lambda,18.0,750003.0,normal_rate_diagnostic,discovery
SCAN-02R-abcd8030795bc9cb,24,24,FILE-02R-8ed78b57325efbda,56,23.9986,16.0,750005.0,125.381,750005.0,monitor_raw,monitor_controlled,ACQSTATE-02R-896f06c2a7c231ec,LAT-02R-517a9644e4f59287,UB-02R-c7cdba07fed2dfd7,2.1333191112059253e-05,5.333297778014813e-06,Poisson_E_times_lambda,16.0,750005.0,normal_rate_diagnostic,discovery
SCAN-02R-abcd8030795bc9cb,25,25,FILE-02R-8ed78b57325efbda,57,24.9983,9.0,750003.0,126.4,750003.0,monitor_raw,monitor_controlled,ACQSTATE-02R-896f06c2a7c231ec,LAT-02R-517a9644e4f59287,UB-02R-c7cdba07fed2dfd7,1.1999952000192e-05,3.9999840000639995e-06,Poisson_E_times_lambda,9.0,750003.0,normal_rate_diagnostic,discovery
SCAN-02R-abcd8030795bc9cb,26,26,FILE-02R-8ed78b57325efbda,58,25.9984,17.0,750001.0,129.285,750001.0,monitor_raw,monitor_controlled,ACQSTATE-02R-896f06c2a7c231ec,LAT-02R-517a9644e4f59287,UB-02R-c7cdba07fed2dfd7,2.266663644448474e-05,5.4974668375344305e-06,Poisson_E_times_lambda,17.0,750001.0,normal_rate_diagnostic,discovery
SCAN-02R-abcd8030795bc9cb,27,27,FILE-02R-8ed78b57325efbda,59,26.9983,18.0,750007.0,134.238,750007.0,monitor_raw,monitor_controlled,ACQSTATE-02R-896f06c2a7c231ec,LAT-02R-517a9644e4f59287,UB-02R-c7cdba07fed2dfd7,2.3999776002090648e-05,5.656801452678821e-06,Poisson_E_times_lambda,18.0,750007.0,normal_rate_diagnostic,discovery
SCAN-02R-abcd8030795bc9cb,28,28,FILE-02R-8ed78b57325efbda,60,27.9987,20.0,750005.0,137.915,750005.0,monitor_raw,monitor_controlled,ACQSTATE-02R-896f06c2a7c231ec,LAT-02R-517a9644e4f59287,UB-02R-c7cdba07fed2dfd7,2.6666488890074066e-05,5.9628081879448535e-06,Poisson_E_times_lambda,20.0,750005.0,normal_rate_diagnostic,discovery
SCAN-02R-abcd8030795bc9cb,29,29,FILE-02R-8ed78b57325efbda,61,28.9982,21.0,750001.0,140.733,750001.0,monitor_raw,monitor_controlled,ACQSTATE-02R-896f06c2a7c231ec,LAT-02R-517a9644e4f59287,UB-02R-c7cdba07fed2dfd7,2.7999962666716444e-05,6.110092779817413e-06,Poisson_E_times_lambda,21.0,750001.0,normal_rate_diagnostic,discovery
SCAN-02R-abcd8030795bc9cb,30,30,FILE-02R-8ed78b57325efbda,62,29.9985,21.0,750002.0,143.238,750002.0,monitor_raw,monitor_controlled,ACQSTATE-02R-896f06c2a7c231ec,LAT-02R-517a9644e4f59287,UB-02R-c7cdba07fed2dfd7,2.7999925333532445e-05,6.110084633048765e-06,Poisson_E_times_lambda,21.0,750002.0,normal_rate_diagnostic,discovery
SCAN-02R-abcd8030795bc9cb,31,31,FILE-02R-8ed78b57325efbda,63,30.9985,26.0,750002.0,145.435,750002.0,monitor_raw,monitor_controlled,ACQSTATE-02R-896f06c2a7c231ec,LAT-02R-517a9644e4f59287,UB-02R-c7cdba07fed2dfd7,3.466657422246874e-05,6.798674554991566e-06,Poisson_E_times_lambda,26.0,750002.0,normal_rate_diagnostic,discovery
SCAN-02R-abcd8030795bc9cb,32,32,FILE-02R-8ed78b57325efbda,64,31.9987,17.0,750004.0,147.666,750004.0,monitor_raw,monitor_controlled,ACQSTATE-02R-896f06c2a7c231ec,LAT-02R-517a9644e4f59287,UB-02R-c7cdba07fed2dfd7,2.2666545778422517e-05,5.497444847784359e-06,Poisson_E_times_lambda,17.0,750004.0,normal_rate_diagnostic,discovery
SCAN-02R-abcd8030795bc9cb,33,33,FILE-02R-8ed78b57325efbda,65,32.9981,22.0,750002.0,149.721,750002.0,monitor_raw,monitor_controlled,ACQSTATE-02R-896f06c2a7c231ec,LAT-02R-517a9644e4f59287,UB-02R-c7cdba07fed2dfd7,2.9333255111319702e-05,6.2538710027752325e-06,Poisson_E_times_lambda,22.0,750002.0,normal_rate_diagnostic,discovery
SCAN-02R-abcd8030795bc9cb,34,34,FILE-02R-8ed78b57325efbda,66,33.9984,24.0,750001.0,152.579,750001.0,monitor_raw,monitor_controlled,ACQSTATE-02R-896f06c2a7c231ec,LAT-02R-517a9644e4f59287,UB-02R-c7cdba07fed2dfd7,3.1999957333390224e-05,6.531963938136557e-06,Poisson_E_times_lambda,24.0,750001.0,normal_rate_diagnostic,discovery
SCAN-02R-abcd8030795bc9cb,35,35,FILE-02R-8ed78b57325efbda,67,34.9979,22.0,750002.0,155.927,750002.0,monitor_raw,monitor_controlled,ACQSTATE-02R-896f06c2a7c231ec,LAT-02R-517a9644e4f59287,UB-02R-c7cdba07fed2dfd7,2.9333255111319702e-05,6.2538710027752325e-06,Poisson_E_times_lambda,22.0,750002.0,normal_rate_diagnostic,discovery
SCAN-02R-abcd8030795bc9cb,36,36,FILE-02R-8ed78b57325efbda,68,35.998,25.0,750003.0,160.254,750003.0,monitor_raw,monitor_controlled,ACQSTATE-02R-896f06c2a7c231ec,LAT-02R-517a9644e4f59287,UB-02R-c7cdba07fed2dfd7,3.3333200000533334e-05,6.666640000106666e-06,Poisson_E_times_lambda,25.0,750003.0,normal_rate_diagnostic,discovery
SCAN-02R-abcd8030795bc9cb,37,37,FILE-02R-8ed78b57325efbda,69,36.998,28.0,750000.0,163.938,750000.0,monitor_raw,monitor_controlled,ACQSTATE-02R-896f06c2a7c231ec,LAT-02R-517a9644e4f59287,UB-02R-c7cdba07fed2dfd7,3.733333333333333e-05,7.055336829505575e-06,Poisson_E_times_lambda,28.0,750000.0,normal_rate_diagnostic,discovery
SCAN-02R-abcd8030795bc9cb,38,38,FILE-02R-8ed78b57325efbda,70,37.9986,24.0,750003.0,167.242,750003.0,monitor_raw,monitor_controlled,ACQSTATE-02R-896f06c2a7c231ec,LAT-02R-517a9644e4f59287,UB-02R-c7cdba07fed2dfd7,3.1999872000511996e-05,6.5319465196357295e-06,Poisson_E_times_lambda,24.0,750003.0,normal_rate_diagnostic,discovery
SCAN-02R-abcd8030795bc9cb,39,39,FILE-02R-8ed78b57325efbda,71,38.9981,33.0,750001.0,169.966,750001.0,monitor_raw,monitor_controlled,ACQSTATE-02R-896f06c2a7c231ec,LAT-02R-517a9644e4f59287,UB-02R-c7cdba07fed2dfd7,4.399994133341155e-05,7.659406649508506e-06,Poisson_E_times_lambda,33.0,750001.0,normal_rate_diagnostic,discovery
SCAN-02R-abcd8030795bc9cb,40,40,FILE-02R-8ed78b57325efbda,72,39.9984,35.0,750002.0,173.004,750002.0,monitor_raw,monitor_controlled,ACQSTATE-02R-896f06c2a7c231ec,LAT-02R-517a9644e4f59287,UB-02R-c7cdba07fed2dfd7,4.666654222255407e-05,7.888085342571908e-06,Poisson_E_times_lambda,35.0,750002.0,normal_rate_diagnostic,discovery
SCAN-02R-abcd8030795bc9cb,41,41,FILE-02R-8ed78b57325efbda,73,40.9983,35.0,750000.0,176.238,750000.0,monitor_raw,monitor_controlled,ACQSTATE-02R-896f06c2a7c231ec,LAT-02R-517a9644e4f59287,UB-02R-c7cdba07fed2dfd7,4.6666666666666665e-05,7.888106377466155e-06,Poisson_E_times_lambda,35.0,750000.0,normal_rate_diagnostic,discovery
SCAN-02R-abcd8030795bc9cb,42,42,FILE-02R-8ed78b57325efbda,74,41.9985,56.0,750006.0,181.303,750006.0,monitor_raw,monitor_controlled,ACQSTATE-02R-896f06c2a7c231ec,LAT-02R-517a9644e4f59287,UB-02R-c7cdba07fed2dfd7,7.466606933811196e-05,9.977673210011496e-06,Poisson_E_times_lambda,56.0,750006.0,normal_rate_diagnostic,discovery
SCAN-02R-abcd8030795bc9cb,43,43,FILE-02R-8ed78b57325efbda,75,42.9981,113.0,750004.0,186.733,750004.0,monitor_raw,monitor_controlled,ACQSTATE-02R-896f06c2a7c231ec,LAT-02R-517a9644e4f59287,UB-02R-c7cdba07fed2dfd7,0.00015066586311539672,1.4173452158568021e-05,Poisson_E_times_lambda,113.0,750004.0,normal_rate_diagnostic,discovery
SCAN-02R-abcd8030795bc9cb,44,44,FILE-02R-8ed78b57325efbda,76,43.998,92.0,750006.0,192.836,750006.0,monitor_raw,monitor_controlled,ACQSTATE-02R-896f06c2a7c231ec,LAT-02R-517a9644e4f59287,UB-02R-c7cdba07fed2dfd7,0.00012266568534118394,1.2788781751913236e-05,Poisson_E_times_lambda,92.0,750006.0,normal_rate_diagnostic,discovery
SCAN-02R-abcd8030795bc9cb,45,45,FILE-02R-8ed78b57325efbda,77,44.9971,75.0,750002.0,200.461,750002.0,monitor_raw,monitor_controlled,ACQSTATE-02R-896f06c2a7c231ec,LAT-02R-517a9644e4f59287,UB-02R-c7cdba07fed2dfd7,9.999973333404444e-05,1.154697459186027e-05,Poisson_E_times_lambda,75.0,750002.0,normal_rate_diagnostic,discovery
SCAN-02R-abcd8030795bc9cb,46,46,FILE-02R-8ed78b57325efbda,78,45.9982,65.0,750001.0,208.594,750001.0,monitor_raw,monitor_controlled,ACQSTATE-02R-896f06c2a7c231ec,LAT-02R-517a9644e4f59287,UB-02R-c7cdba07fed2dfd7,8.666655111126518e-05,1.0749662664847845e-05,Poisson_E_times_lambda,65.0,750001.0,normal_rate_diagnostic,discovery
SCAN-02R-abcd8030795bc9cb,47,47,FILE-02R-8ed78b57325efbda,79,46.9988,54.0,750002.0,216.047,750002.0,monitor_raw,monitor_controlled,ACQSTATE-02R-896f06c2a7c231ec,LAT-02R-517a9644e4f59287,UB-02R-c7cdba07fed2dfd7,7.1999808000512e-05,9.797932843311797e-06,Poisson_E_times_lambda,54.0,750002.0,normal_rate_diagnostic,discovery
SCAN-02R-abcd8030795bc9cb,48,48,FILE-02R-8ed78b57325efbda,80,47.998,54.0,750000.0,222.488,750000.0,monitor_raw,monitor_controlled,ACQSTATE-02R-896f06c2a7c231ec,LAT-02R-517a9644e4f59287,UB-02R-c7cdba07fed2dfd7,7.2e-05,9.797958971132714e-06,Poisson_E_times_lambda,54.0,750000.0,normal_rate_diagnostic,discovery
SCAN-02R-abcd8030795bc9cb,49,49,FILE-02R-8ed78b57325efbda,81,48.9984,31.0,750006.0,227.807,750006.0,monitor_raw,monitor_controlled,ACQSTATE-02R-896f06c2a7c231ec,LAT-02R-517a9644e4f59287,UB-02R-c7cdba07fed2dfd7,4.133300266931198e-05,7.423626428095271e-06,Poisson_E_times_lambda,31.0,750006.0,normal_rate_diagnostic,discovery
SCAN-02R-abcd8030795bc9cb,50,50,FILE-02R-8ed78b57325efbda,82,49.9982,25.0,750003.0,231.201,750003.0,monitor_raw,monitor_controlled,ACQSTATE-02R-896f06c2a7c231ec,LAT-02R-517a9644e4f59287,UB-02R-c7cdba07fed2dfd7,3.3333200000533334e-05,6.666640000106666e-06,Poisson_E_times_lambda,25.0,750003.0,normal_rate_diagnostic,discovery
SCAN-02R-abcd8030795bc9cb,51,51,FILE-02R-8ed78b57325efbda,83,50.9976,27.0,750000.0,234.485,750000.0,monitor_raw,monitor_controlled,ACQSTATE-02R-896f06c2a7c231ec,LAT-02R-517a9644e4f59287,UB-02R-c7cdba07fed2dfd7,3.6e-05,6.928203230275509e-06,Poisson_E_times_lambda,27.0,750000.0,normal_rate_diagnostic,discovery
SCAN-02R-abcd8030795bc9cb,52,52,FILE-02R-8ed78b57325efbda,84,51.9972,21.0,750003.0,236.141,750003.0,monitor_raw,monitor_controlled,ACQSTATE-02R-896f06c2a7c231ec,LAT-02R-517a9644e4f59287,UB-02R-c7cdba07fed2dfd7,2.7999888000448e-05,6.110076486301841e-06,Poisson_E_times_lambda,21.0,750003.0,normal_rate_diagnostic,discovery
SCAN-02R-abcd8030795bc9cb,53,53,FILE-02R-8ed78b57325efbda,85,52.9975,22.0,750005.0,239.654,750005.0,monitor_raw,monitor_controlled,ACQSTATE-02R-896f06c2a7c231ec,LAT-02R-517a9644e4f59287,UB-02R-c7cdba07fed2dfd7,2.9333137779081474e-05,6.25384598745799e-06,Poisson_E_times_lambda,22.0,750005.0,normal_rate_diagnostic,discovery
SCAN-02R-abcd8030795bc9cb,54,54,FILE-02R-8ed78b57325efbda,86,53.9975,18.0,750002.0,242.044,750002.0,monitor_raw,monitor_controlled,ACQSTATE-02R-896f06c2a7c231ec,LAT-02R-517a9644e4f59287,UB-02R-c7cdba07fed2dfd7,2.3999936000170666e-05,5.656839164587941e-06,Poisson_E_times_lambda,18.0,750002.0,normal_rate_diagnostic,discovery
SCAN-02R-abcd8030795bc9cb,55,55,FILE-02R-8ed78b57325efbda,87,54.9967,19.0,750000.0,246.925,750000.0,monitor_raw,monitor_controlled,ACQSTATE-02R-896f06c2a7c231ec,LAT-02R-517a9644e4f59287,UB-02R-c7cdba07fed2dfd7,2.5333333333333334e-05,5.811865258054232e-06,Poisson_E_times_lambda,19.0,750000.0,normal_rate_diagnostic,discovery
SCAN-02R-ae86f327e3ed5623,25,0,FILE-02R-805bf0b29dd5a40f,57,-0.0011,2998.0,950004.0,236.761,950004.0,monitor_raw,monitor_controlled,ACQSTATE-02R-896f06c2a7c231ec,LAT-02R-517a9644e4f59287,UB-02R-c7cdba07fed2dfd7,0.003155776186205532,5.7635541837734666e-05,Poisson_E_times_lambda,2998.0,950004.0,normal_rate_diagnostic,discovery
SCAN-02R-ae86f327e3ed5623,24,1,FILE-02R-805bf0b29dd5a40f,56,0.9988,56.0,950001.0,247.289,950001.0,monitor_raw,monitor_controlled,ACQSTATE-02R-896f06c2a7c231ec,LAT-02R-517a9644e4f59287,UB-02R-c7cdba07fed2dfd7,5.894730637125645e-05,7.877165154087083e-06,Poisson_E_times_lambda,56.0,950001.0,normal_rate_diagnostic,discovery
SCAN-02R-ae86f327e3ed5623,23,2,FILE-02R-805bf0b29dd5a40f,55,1.9989,39.0,950003.0,218.364,950003.0,monitor_raw,monitor_controlled,ACQSTATE-02R-896f06c2a7c231ec,LAT-02R-517a9644e4f59287,UB-02R-c7cdba07fed2dfd7,4.105250193946756e-05,6.573661344646699e-06,Poisson_E_times_lambda,39.0,950003.0,normal_rate_diagnostic,discovery
SCAN-02R-ae86f327e3ed5623,22,3,FILE-02R-805bf0b29dd5a40f,54,2.9985,47.0,950006.0,211.164,950006.0,monitor_raw,monitor_controlled,ACQSTATE-02R-896f06c2a7c231ec,LAT-02R-517a9644e4f59287,UB-02R-c7cdba07fed2dfd7,4.9473371747125805e-05,7.2164329492666824e-06,Poisson_E_times_lambda,47.0,950006.0,normal_rate_diagnostic,discovery
SCAN-02R-ae86f327e3ed5623,21,4,FILE-02R-805bf0b29dd5a40f,53,3.9987,55.0,950003.0,205.054,950003.0,monitor_raw,monitor_controlled,ACQSTATE-02R-896f06c2a7c231ec,LAT-02R-517a9644e4f59287,UB-02R-c7cdba07fed2dfd7,5.789455401719784e-05,7.806500071153104e-06,Poisson_E_times_lambda,55.0,950003.0,normal_rate_diagnostic,discovery
SCAN-02R-ae86f327e3ed5623,20,5,FILE-02R-805bf0b29dd5a40f,52,4.9984,40.0,950005.0,207.917,950005.0,monitor_raw,monitor_controlled,ACQSTATE-02R-896f06c2a7c231ec,LAT-02R-517a9644e4f59287,UB-02R-c7cdba07fed2dfd7,4.210504155241288e-05,6.65739161408283e-06,Poisson_E_times_lambda,40.0,950005.0,normal_rate_diagnostic,discovery
SCAN-02R-ae86f327e3ed5623,19,6,FILE-02R-805bf0b29dd5a40f,51,5.9985,56.0,950006.0,192.801,950006.0,monitor_raw,monitor_controlled,ACQSTATE-02R-896f06c2a7c231ec,LAT-02R-517a9644e4f59287,UB-02R-c7cdba07fed2dfd7,5.8946996124235006e-05,7.877123695584956e-06,Poisson_E_times_lambda,56.0,950006.0,normal_rate_diagnostic,discovery
SCAN-02R-ae86f327e3ed5623,18,7,FILE-02R-805bf0b29dd5a40f,50,6.9985,49.0,950002.0,178.988,950002.0,monitor_raw,monitor_controlled,ACQSTATE-02R-896f06c2a7c231ec,LAT-02R-517a9644e4f59287,UB-02R-c7cdba07fed2dfd7,5.157883878139204e-05,7.368405540198863e-06,Poisson_E_times_lambda,49.0,950002.0,normal_rate_diagnostic,discovery
SCAN-02R-ae86f327e3ed5623,17,8,FILE-02R-805bf0b29dd5a40f,49,7.9988,40.0,950004.0,184.633,950004.0,monitor_raw,monitor_controlled,ACQSTATE-02R-896f06c2a7c231ec,LAT-02R-517a9644e4f59287,UB-02R-c7cdba07fed2dfd7,4.210508587332264e-05,6.65739862183397e-06,Poisson_E_times_lambda,40.0,950004.0,normal_rate_diagnostic,discovery
SCAN-02R-ae86f327e3ed5623,16,9,FILE-02R-805bf0b29dd5a40f,48,8.9986,33.0,950005.0,196.422,950005.0,monitor_raw,monitor_controlled,ACQSTATE-02R-896f06c2a7c231ec,LAT-02R-517a9644e4f59287,UB-02R-c7cdba07fed2dfd7,3.473665928074063e-05,6.0468762233230655e-06,Poisson_E_times_lambda,33.0,950005.0,normal_rate_diagnostic,discovery
SCAN-02R-ae86f327e3ed5623,15,10,FILE-02R-805bf0b29dd5a40f,47,9.9983,36.0,950002.0,188.847,950002.0,monitor_raw,monitor_controlled,ACQSTATE-02R-896f06c2a7c231ec,LAT-02R-517a9644e4f59287,UB-02R-c7cdba07fed2dfd7,3.789465706387987e-05,6.315776177313311e-06,Poisson_E_times_lambda,36.0,950002.0,normal_rate_diagnostic,discovery
SCAN-02R-ae86f327e3ed5623,14,11,FILE-02R-805bf0b29dd5a40f,46,10.9985,50.0,950004.0,177.445,950004.0,monitor_raw,monitor_controlled,ACQSTATE-02R-896f06c2a7c231ec,LAT-02R-517a9644e4f59287,UB-02R-c7cdba07fed2dfd7,5.2631357341653295e-05,7.4431979358670864e-06,Poisson_E_times_lambda,50.0,950004.0,normal_rate_diagnostic,discovery
SCAN-02R-ae86f327e3ed5623,13,12,FILE-02R-805bf0b29dd5a40f,45,11.9985,31.0,950002.0,166.439,950002.0,monitor_raw,monitor_controlled,ACQSTATE-02R-896f06c2a7c231ec,LAT-02R-517a9644e4f59287,UB-02R-c7cdba07fed2dfd7,3.2631510249452106e-05,5.860792253942646e-06,Poisson_E_times_lambda,31.0,950002.0,normal_rate_diagnostic,discovery
SCAN-02R-ae86f327e3ed5623,12,13,FILE-02R-805bf0b29dd5a40f,44,12.9985,37.0,950001.0,160.512,950001.0,monitor_raw,monitor_controlled,ACQSTATE-02R-896f06c2a7c231ec,LAT-02R-517a9644e4f59287,UB-02R-c7cdba07fed2dfd7,3.894732742386587e-05,6.4029011867337186e-06,Poisson_E_times_lambda,37.0,950001.0,normal_rate_diagnostic,discovery
SCAN-02R-ae86f327e3ed5623,11,14,FILE-02R-805bf0b29dd5a40f,43,13.9982,29.0,950005.0,157.919,950005.0,monitor_raw,monitor_controlled,ACQSTATE-02R-896f06c2a7c231ec,LAT-02R-517a9644e4f59287,UB-02R-c7cdba07fed2dfd7,3.052615512549934e-05,5.668564699274745e-06,Poisson_E_times_lambda,29.0,950005.0,normal_rate_diagnostic,discovery
SCAN-02R-ae86f327e3ed5623,10,15,FILE-02R-805bf0b29dd5a40f,42,14.9986,25.0,950001.0,157.774,950001.0,monitor_raw,monitor_controlled,ACQSTATE-02R-896f06c2a7c231ec,LAT-02R-517a9644e4f59287,UB-02R-c7cdba07fed2dfd7,2.6315761772882344e-05,5.263152354576469e-06,Poisson_E_times_lambda,25.0,950001.0,normal_rate_diagnostic,discovery
SCAN-02R-ae86f327e3ed5623,9,16,FILE-02R-805bf0b29dd5a40f,41,15.998,30.0,950000.0,158.51,950000.0,monitor_raw,monitor_controlled,ACQSTATE-02R-896f06c2a7c231ec,LAT-02R-517a9644e4f59287,UB-02R-c7cdba07fed2dfd7,3.157894736842105e-05,5.765500605317538e-06,Poisson_E_times_lambda,30.0,950000.0,normal_rate_diagnostic,discovery
SCAN-02R-ae86f327e3ed5623,8,17,FILE-02R-805bf0b29dd5a40f,40,16.9984,22.0,950005.0,158.543,950005.0,monitor_raw,monitor_controlled,ACQSTATE-02R-896f06c2a7c231ec,LAT-02R-517a9644e4f59287,UB-02R-c7cdba07fed2dfd7,2.3157772853827084e-05,4.937253761636444e-06,Poisson_E_times_lambda,22.0,950005.0,normal_rate_diagnostic,discovery
SCAN-02R-ae86f327e3ed5623,7,18,FILE-02R-805bf0b29dd5a40f,39,17.9981,42.0,950009.0,162.282,950009.0,monitor_raw,monitor_controlled,ACQSTATE-02R-896f06c2a7c231ec,LAT-02R-517a9644e4f59287,UB-02R-c7cdba07fed2dfd7,4.421010748319227e-05,6.8217676868407144e-06,Poisson_E_times_lambda,42.0,950009.0,normal_rate_diagnostic,discovery
SCAN-02R-ae86f327e3ed5623,6,19,FILE-02R-805bf0b29dd5a40f,38,18.9983,39.0,950004.0,169.616,950004.0,monitor_raw,monitor_controlled,ACQSTATE-02R-896f06c2a7c231ec,LAT-02R-517a9644e4f59287,UB-02R-c7cdba07fed2dfd7,4.105245872648957e-05,6.573654425032314e-06,Poisson_E_times_lambda,39.0,950004.0,normal_rate_diagnostic,discovery
SCAN-02R-ae86f327e3ed5623,5,20,FILE-02R-805bf0b29dd5a40f,37,19.9984,25.0,950001.0,173.296,950001.0,monitor_raw,monitor_controlled,ACQSTATE-02R-896f06c2a7c231ec,LAT-02R-517a9644e4f59287,UB-02R-c7cdba07fed2dfd7,2.6315761772882344e-05,5.263152354576469e-06,Poisson_E_times_lambda,25.0,950001.0,normal_rate_diagnostic,discovery
SCAN-02R-ae86f327e3ed5623,4,21,FILE-02R-805bf0b29dd5a40f,36,20.9983,37.0,950001.0,170.352,950001.0,monitor_raw,monitor_controlled,ACQSTATE-02R-896f06c2a7c231ec,LAT-02R-517a9644e4f59287,UB-02R-c7cdba07fed2dfd7,3.894732742386587e-05,6.4029011867337186e-06,Poisson_E_times_lambda,37.0,950001.0,normal_rate_diagnostic,discovery
SCAN-02R-ae86f327e3ed5623,3,22,FILE-02R-805bf0b29dd5a40f,35,21.9982,24.0,950011.0,165.126,950011.0,monitor_raw,monitor_controlled,ACQSTATE-02R-896f06c2a7c231ec,LAT-02R-517a9644e4f59287,UB-02R-c7cdba07fed2dfd7,2.526286537734826e-05,5.15676080126057e-06,Poisson_E_times_lambda,24.0,950011.0,normal_rate_diagnostic,discovery
SCAN-02R-ae86f327e3ed5623,2,23,FILE-02R-805bf0b29dd5a40f,34,22.9982,30.0,950008.0,160.568,950008.0,monitor_raw,monitor_controlled,ACQSTATE-02R-896f06c2a7c231ec,LAT-02R-517a9644e4f59287,UB-02R-c7cdba07fed2dfd7,3.157868144268259e-05,5.765452054142346e-06,Poisson_E_times_lambda,30.0,950008.0,normal_rate_diagnostic,discovery
SCAN-02R-ae86f327e3ed5623,1,24,FILE-02R-805bf0b29dd5a40f,33,23.9985,25.0,950007.0,157.637,950007.0,monitor_raw,monitor_controlled,ACQSTATE-02R-896f06c2a7c231ec,LAT-02R-517a9644e4f59287,UB-02R-c7cdba07fed2dfd7,2.6315595569295806e-05,5.2631191138591614e-06,Poisson_E_times_lambda,25.0,950007.0,normal_rate_diagnostic,discovery
SCAN-02R-ae86f327e3ed5623,0,25,FILE-02R-805bf0b29dd5a40f,32,24.9983,25.0,950001.0,158.399,950001.0,monitor_raw,monitor_controlled,ACQSTATE-02R-896f06c2a7c231ec,LAT-02R-517a9644e4f59287,UB-02R-c7cdba07fed2dfd7,2.6315761772882344e-05,5.263152354576469e-06,Poisson_E_times_lambda,25.0,950001.0,normal_rate_diagnostic,discovery
SCAN-02R-b704f6a14f738619,0,0,FILE-02R-e45fe04d518b6e17,32,-0.0002,1923.0,750000.0,195.651,750000.0,monitor_raw,monitor_controlled,ACQSTATE-02R-896f06c2a7c231ec,LAT-02R-517a9644e4f59287,UB-02R-c7cdba07fed2dfd7,0.002564,5.8469365198081864e-05,Poisson_E_times_lambda,1923.0,750000.0,normal_rate_diagnostic,discovery
SCAN-02R-b704f6a14f738619,1,1,FILE-02R-e45fe04d518b6e17,33,0.9987,72.0,750000.0,204.43,750000.0,monitor_raw,monitor_controlled,ACQSTATE-02R-896f06c2a7c231ec,LAT-02R-517a9644e4f59287,UB-02R-c7cdba07fed2dfd7,9.6e-05,1.131370849898476e-05,Poisson_E_times_lambda,72.0,750000.0,normal_rate_diagnostic,discovery
SCAN-02R-b704f6a14f738619,2,2,FILE-02R-e45fe04d518b6e17,34,1.9989,35.0,750002.0,179.188,750002.0,monitor_raw,monitor_controlled,ACQSTATE-02R-896f06c2a7c231ec,LAT-02R-517a9644e4f59287,UB-02R-c7cdba07fed2dfd7,4.666654222255407e-05,7.888085342571908e-06,Poisson_E_times_lambda,35.0,750002.0,normal_rate_diagnostic,discovery
SCAN-02R-b704f6a14f738619,3,3,FILE-02R-e45fe04d518b6e17,35,2.999,51.0,750002.0,173.374,750002.0,monitor_raw,monitor_controlled,ACQSTATE-02R-896f06c2a7c231ec,LAT-02R-517a9644e4f59287,UB-02R-c7cdba07fed2dfd7,6.799981866715022e-05,9.521879179712655e-06,Poisson_E_times_lambda,51.0,750002.0,normal_rate_diagnostic,discovery
SCAN-02R-b704f6a14f738619,4,4,FILE-02R-e45fe04d518b6e17,36,3.9987,45.0,750000.0,167.31,750000.0,monitor_raw,monitor_controlled,ACQSTATE-02R-896f06c2a7c231ec,LAT-02R-517a9644e4f59287,UB-02R-c7cdba07fed2dfd7,6e-05,8.94427190999916e-06,Poisson_E_times_lambda,45.0,750000.0,normal_rate_diagnostic,discovery
SCAN-02R-b704f6a14f738619,5,5,FILE-02R-e45fe04d518b6e17,37,4.9983,48.0,750006.0,169.58,750006.0,monitor_raw,monitor_controlled,ACQSTATE-02R-896f06c2a7c231ec,LAT-02R-517a9644e4f59287,UB-02R-c7cdba07fed2dfd7,6.399948800409596e-05,9.237530406790757e-06,Poisson_E_times_lambda,48.0,750006.0,normal_rate_diagnostic,discovery
SCAN-02R-b704f6a14f738619,6,6,FILE-02R-e45fe04d518b6e17,38,5.9985,41.0,750005.0,155.538,750005.0,monitor_raw,monitor_controlled,ACQSTATE-02R-896f06c2a7c231ec,LAT-02R-517a9644e4f59287,UB-02R-c7cdba07fed2dfd7,5.4666302224651834e-05,8.537442066963352e-06,Poisson_E_times_lambda,41.0,750005.0,normal_rate_diagnostic,discovery
SCAN-02R-b704f6a14f738619,7,7,FILE-02R-e45fe04d518b6e17,39,6.9985,41.0,750001.0,144.486,750001.0,monitor_raw,monitor_controlled,ACQSTATE-02R-896f06c2a7c231ec,LAT-02R-517a9644e4f59287,UB-02R-c7cdba07fed2dfd7,5.466659377787496e-05,8.537487599926998e-06,Poisson_E_times_lambda,41.0,750001.0,normal_rate_diagnostic,discovery
SCAN-02R-b704f6a14f738619,8,8,FILE-02R-e45fe04d518b6e17,40,7.9985,45.0,750000.0,148.969,750000.0,monitor_raw,monitor_controlled,ACQSTATE-02R-896f06c2a7c231ec,LAT-02R-517a9644e4f59287,UB-02R-c7cdba07fed2dfd7,6e-05,8.94427190999916e-06,Poisson_E_times_lambda,45.0,750000.0,normal_rate_diagnostic,discovery
SCAN-02R-b704f6a14f738619,9,9,FILE-02R-e45fe04d518b6e17,41,8.9986,47.0,750008.0,157.787,750008.0,monitor_raw,monitor_controlled,ACQSTATE-02R-896f06c2a7c231ec,LAT-02R-517a9644e4f59287,UB-02R-c7cdba07fed2dfd7,6.266599822935222e-05,9.140775298931536e-06,Poisson_E_times_lambda,47.0,750008.0,normal_rate_diagnostic,discovery
SCAN-02R-b704f6a14f738619,10,10,FILE-02R-e45fe04d518b6e17,42,9.9983,54.0,750003.0,152.497,750003.0,monitor_raw,monitor_controlled,ACQSTATE-02R-896f06c2a7c231ec,LAT-02R-517a9644e4f59287,UB-02R-c7cdba07fed2dfd7,7.199971200115199e-05,9.797919779453594e-06,Poisson_E_times_lambda,54.0,750003.0,normal_rate_diagnostic,discovery
SCAN-02R-b704f6a14f738619,11,11,FILE-02R-e45fe04d518b6e17,43,10.9986,37.0,750004.0,142.627,750004.0,monitor_raw,monitor_controlled,ACQSTATE-02R-896f06c2a7c231ec,LAT-02R-517a9644e4f59287,UB-02R-c7cdba07fed2dfd7,4.9333070223625475e-05,8.110306785428103e-06,Poisson_E_times_lambda,37.0,750004.0,normal_rate_diagnostic,discovery
SCAN-02R-b704f6a14f738619,12,12,FILE-02R-e45fe04d518b6e17,44,11.9986,48.0,750006.0,133.967,750006.0,monitor_raw,monitor_controlled,ACQSTATE-02R-896f06c2a7c231ec,LAT-02R-517a9644e4f59287,UB-02R-c7cdba07fed2dfd7,6.399948800409596e-05,9.237530406790757e-06,Poisson_E_times_lambda,48.0,750006.0,normal_rate_diagnostic,discovery
SCAN-02R-b704f6a14f738619,13,13,FILE-02R-e45fe04d518b6e17,45,12.9987,36.0,750002.0,128.991,750002.0,monitor_raw,monitor_controlled,ACQSTATE-02R-896f06c2a7c231ec,LAT-02R-517a9644e4f59287,UB-02R-c7cdba07fed2dfd7,4.799987200034133e-05,7.999978666723556e-06,Poisson_E_times_lambda,36.0,750002.0,normal_rate_diagnostic,discovery
SCAN-02R-b704f6a14f738619,14,14,FILE-02R-e45fe04d518b6e17,46,13.9988,37.0,750004.0,126.679,750004.0,monitor_raw,monitor_controlled,ACQSTATE-02R-896f06c2a7c231ec,LAT-02R-517a9644e4f59287,UB-02R-c7cdba07fed2dfd7,4.9333070223625475e-05,8.110306785428103e-06,Poisson_E_times_lambda,37.0,750004.0,normal_rate_diagnostic,discovery
SCAN-02R-b704f6a14f738619,15,15,FILE-02R-e45fe04d518b6e17,47,14.9986,35.0,750001.0,126.8,750001.0,monitor_raw,monitor_controlled,ACQSTATE-02R-896f06c2a7c231ec,LAT-02R-517a9644e4f59287,UB-02R-c7cdba07fed2dfd7,4.6666604444527406e-05,7.888095860005007e-06,Poisson_E_times_lambda,35.0,750001.0,normal_rate_diagnostic,discovery
SCAN-02R-b704f6a14f738619,16,16,FILE-02R-e45fe04d518b6e17,48,15.9985,30.0,750002.0,127.07,750002.0,monitor_raw,monitor_controlled,ACQSTATE-02R-896f06c2a7c231ec,LAT-02R-517a9644e4f59287,UB-02R-c7cdba07fed2dfd7,3.9999893333617774e-05,7.302947958874325e-06,Poisson_E_times_lambda,30.0,750002.0,normal_rate_diagnostic,discovery
SCAN-02R-b704f6a14f738619,17,17,FILE-02R-e45fe04d518b6e17,49,16.9984,35.0,750008.0,127.076,750008.0,monitor_raw,monitor_controlled,ACQSTATE-02R-896f06c2a7c231ec,LAT-02R-517a9644e4f59287,UB-02R-c7cdba07fed2dfd7,4.666616889419846e-05,7.888022238562278e-06,Poisson_E_times_lambda,35.0,750008.0,normal_rate_diagnostic,discovery
SCAN-02R-b704f6a14f738619,18,18,FILE-02R-e45fe04d518b6e17,50,17.9986,41.0,750002.0,129.864,750002.0,monitor_raw,monitor_controlled,ACQSTATE-02R-896f06c2a7c231ec,LAT-02R-517a9644e4f59287,UB-02R-c7cdba07fed2dfd7,5.466652088927763e-05,8.537476216640554e-06,Poisson_E_times_lambda,41.0,750002.0,normal_rate_diagnostic,discovery
SCAN-02R-b704f6a14f738619,19,19,FILE-02R-e45fe04d518b6e17,51,18.9987,35.0,750004.0,136.398,750004.0,monitor_raw,monitor_controlled,ACQSTATE-02R-896f06c2a7c231ec,LAT-02R-517a9644e4f59287,UB-02R-c7cdba07fed2dfd7,4.666641777910518e-05,7.888064307789847e-06,Poisson_E_times_lambda,35.0,750004.0,normal_rate_diagnostic,discovery
SCAN-02R-c3dcce6e5bc72678,0,0,FILE-02R-a4f1d0ae9a0b3bf3,32,-0.0013,13622.0,750001.0,195.253,750001.0,monitor_raw,monitor_controlled,ACQSTATE-02R-896f06c2a7c231ec,LAT-02R-517a9644e4f59287,UB-02R-c7cdba07fed2dfd7,0.018162642449810067,0.0001556175578482315,Poisson_E_times_lambda,13622.0,750001.0,normal_rate_diagnostic,discovery
SCAN-02R-c3dcce6e5bc72678,1,1,FILE-02R-a4f1d0ae9a0b3bf3,33,1.9986,52.0,750001.0,180.015,750001.0,monitor_raw,monitor_controlled,ACQSTATE-02R-896f06c2a7c231ec,LAT-02R-517a9644e4f59287,UB-02R-c7cdba07fed2dfd7,6.933324088901214e-05,9.614790581516529e-06,Poisson_E_times_lambda,52.0,750001.0,normal_rate_diagnostic,discovery
SCAN-02R-c3dcce6e5bc72678,2,2,FILE-02R-a4f1d0ae9a0b3bf3,34,3.9986,72.0,750004.0,166.594,750004.0,monitor_raw,monitor_controlled,ACQSTATE-02R-896f06c2a7c231ec,LAT-02R-517a9644e4f59287,UB-02R-c7cdba07fed2dfd7,9.599948800273065e-05,1.131364815952791e-05,Poisson_E_times_lambda,72.0,750004.0,normal_rate_diagnostic,discovery
SCAN-02R-c3dcce6e5bc72678,3,3,FILE-02R-a4f1d0ae9a0b3bf3,35,5.9986,57.0,750002.0,155.23,750002.0,monitor_raw,monitor_controlled,ACQSTATE-02R-896f06c2a7c231ec,LAT-02R-517a9644e4f59287,UB-02R-c7cdba07fed2dfd7,7.599979733387377e-05,1.0066419069910147e-05,Poisson_E_times_lambda,57.0,750002.0,normal_rate_diagnostic,discovery
SCAN-02R-c3dcce6e5bc72678,4,4,FILE-02R-a4f1d0ae9a0b3bf3,36,7.9987,51.0,750000.0,148.471,750000.0,monitor_raw,monitor_controlled,ACQSTATE-02R-896f06c2a7c231ec,LAT-02R-517a9644e4f59287,UB-02R-c7cdba07fed2dfd7,6.8e-05,9.521904571390468e-06,Poisson_E_times_lambda,51.0,750000.0,normal_rate_diagnostic,discovery
SCAN-02R-c3dcce6e5bc72678,5,5,FILE-02R-a4f1d0ae9a0b3bf3,37,9.9985,35.0,750004.0,151.839,750004.0,monitor_raw,monitor_controlled,ACQSTATE-02R-896f06c2a7c231ec,LAT-02R-517a9644e4f59287,UB-02R-c7cdba07fed2dfd7,4.666641777910518e-05,7.888064307789847e-06,Poisson_E_times_lambda,35.0,750004.0,normal_rate_diagnostic,discovery
SCAN-02R-c3dcce6e5bc72678,6,6,FILE-02R-a4f1d0ae9a0b3bf3,38,11.9985,50.0,750004.0,133.154,750004.0,monitor_raw,monitor_controlled,ACQSTATE-02R-896f06c2a7c231ec,LAT-02R-517a9644e4f59287,UB-02R-c7cdba07fed2dfd7,6.66663111130074e-05,9.428040132939925e-06,Poisson_E_times_lambda,50.0,750004.0,normal_rate_diagnostic,discovery
SCAN-02R-c3dcce6e5bc72678,7,7,FILE-02R-a4f1d0ae9a0b3bf3,39,13.9981,30.0,750006.0,126.708,750006.0,monitor_raw,monitor_controlled,ACQSTATE-02R-896f06c2a7c231ec,LAT-02R-517a9644e4f59287,UB-02R-c7cdba07fed2dfd7,3.999968000255998e-05,7.302909010130134e-06,Poisson_E_times_lambda,30.0,750006.0,normal_rate_diagnostic,discovery
SCAN-02R-c3dcce6e5bc72678,8,8,FILE-02R-a4f1d0ae9a0b3bf3,40,15.9985,39.0,750002.0,126.877,750002.0,monitor_raw,monitor_controlled,ACQSTATE-02R-896f06c2a7c231ec,LAT-02R-517a9644e4f59287,UB-02R-c7cdba07fed2dfd7,5.199986133370311e-05,8.326641793486416e-06,Poisson_E_times_lambda,39.0,750002.0,normal_rate_diagnostic,discovery
SCAN-02R-c3dcce6e5bc72678,9,9,FILE-02R-a4f1d0ae9a0b3bf3,41,17.9986,38.0,750011.0,129.754,750011.0,monitor_raw,monitor_controlled,ACQSTATE-02R-896f06c2a7c231ec,LAT-02R-517a9644e4f59287,UB-02R-c7cdba07fed2dfd7,5.0665923566454356e-05,8.219098123852819e-06,Poisson_E_times_lambda,38.0,750011.0,normal_rate_diagnostic,discovery
SCAN-02R-c3dcce6e5bc72678,10,10,FILE-02R-a4f1d0ae9a0b3bf3,42,19.9984,30.0,750002.0,138.16,750002.0,monitor_raw,monitor_controlled,ACQSTATE-02R-896f06c2a7c231ec,LAT-02R-517a9644e4f59287,UB-02R-c7cdba07fed2dfd7,3.9999893333617774e-05,7.302947958874325e-06,Poisson_E_times_lambda,30.0,750002.0,normal_rate_diagnostic,discovery
SCAN-02R-c5843105fb81b54c,25,0,FILE-02R-63cb694c40fcbcba,57,-0.0013,3634.0,1000003.0,263.197,1000003.0,monitor_raw,monitor_controlled,ACQSTATE-02R-896f06c2a7c231ec,LAT-02R-517a9644e4f59287,UB-02R-c7cdba07fed2dfd7,0.003633989098032706,6.0282486644946206e-05,Poisson_E_times_lambda,3634.0,1000003.0,normal_rate_diagnostic,discovery
SCAN-02R-c5843105fb81b54c,24,1,FILE-02R-63cb694c40fcbcba,56,0.9987,83.0,1000000.0,273.898,1000000.0,monitor_raw,monitor_controlled,ACQSTATE-02R-896f06c2a7c231ec,LAT-02R-517a9644e4f59287,UB-02R-c7cdba07fed2dfd7,8.3e-05,9.110433579144299e-06,Poisson_E_times_lambda,83.0,1000000.0,normal_rate_diagnostic,discovery
SCAN-02R-c5843105fb81b54c,23,2,FILE-02R-63cb694c40fcbcba,55,1.9986,53.0,1000001.0,239.141,1000001.0,monitor_raw,monitor_controlled,ACQSTATE-02R-896f06c2a7c231ec,LAT-02R-517a9644e4f59287,UB-02R-c7cdba07fed2dfd7,5.2999947000053e-05,7.280102609177909e-06,Poisson_E_times_lambda,53.0,1000001.0,normal_rate_diagnostic,discovery
SCAN-02R-c5843105fb81b54c,22,3,FILE-02R-63cb694c40fcbcba,54,2.9986,44.0,1000000.0,229.917,1000000.0,monitor_raw,monitor_controlled,ACQSTATE-02R-896f06c2a7c231ec,LAT-02R-517a9644e4f59287,UB-02R-c7cdba07fed2dfd7,4.4e-05,6.6332495807108e-06,Poisson_E_times_lambda,44.0,1000000.0,normal_rate_diagnostic,discovery
SCAN-02R-c5843105fb81b54c,21,4,FILE-02R-63cb694c40fcbcba,53,3.9987,53.0,1000006.0,221.496,1000006.0,monitor_raw,monitor_controlled,ACQSTATE-02R-896f06c2a7c231ec,LAT-02R-517a9644e4f59287,UB-02R-c7cdba07fed2dfd7,5.299968200190799e-05,7.280066208883265e-06,Poisson_E_times_lambda,53.0,1000006.0,normal_rate_diagnostic,discovery
SCAN-02R-c5843105fb81b54c,20,5,FILE-02R-63cb694c40fcbcba,52,4.9987,62.0,1000005.0,223.478,1000005.0,monitor_raw,monitor_controlled,ACQSTATE-02R-896f06c2a7c231ec,LAT-02R-517a9644e4f59287,UB-02R-c7cdba07fed2dfd7,6.199969000155e-05,7.873968504169291e-06,Poisson_E_times_lambda,62.0,1000005.0,normal_rate_diagnostic,discovery
SCAN-02R-c5843105fb81b54c,19,6,FILE-02R-63cb694c40fcbcba,51,5.9984,54.0,1000004.0,206.414,1000004.0,monitor_raw,monitor_controlled,ACQSTATE-02R-896f06c2a7c231ec,LAT-02R-517a9644e4f59287,UB-02R-c7cdba07fed2dfd7,5.3999784000863994e-05,7.3484398345901966e-06,Poisson_E_times_lambda,54.0,1000004.0,normal_rate_diagnostic,discovery
SCAN-02R-c5843105fb81b54c,18,7,FILE-02R-63cb694c40fcbcba,50,6.9985,58.0,1000001.0,192.059,1000001.0,monitor_raw,monitor_controlled,ACQSTATE-02R-896f06c2a7c231ec,LAT-02R-517a9644e4f59287,UB-02R-c7cdba07fed2dfd7,5.7999942000058e-05,7.615765490098418e-06,Poisson_E_times_lambda,58.0,1000001.0,normal_rate_diagnostic,discovery
SCAN-02R-c5843105fb81b54c,17,8,FILE-02R-63cb694c40fcbcba,49,7.9984,60.0,1000003.0,197.71,1000003.0,monitor_raw,monitor_controlled,ACQSTATE-02R-896f06c2a7c231ec,LAT-02R-517a9644e4f59287,UB-02R-c7cdba07fed2dfd7,5.9999820000539996e-05,7.74594345458447e-06,Poisson_E_times_lambda,60.0,1000003.0,normal_rate_diagnostic,discovery
SCAN-02R-c5843105fb81b54c,16,9,FILE-02R-63cb694c40fcbcba,48,8.9985,66.0,1000004.0,209.944,1000004.0,monitor_raw,monitor_controlled,ACQSTATE-02R-896f06c2a7c231ec,LAT-02R-517a9644e4f59287,UB-02R-c7cdba07fed2dfd7,6.5999736001056e-05,8.124005908612326e-06,Poisson_E_times_lambda,66.0,1000004.0,normal_rate_diagnostic,discovery
SCAN-02R-c5843105fb81b54c,15,10,FILE-02R-63cb694c40fcbcba,47,9.9985,56.0,1000006.0,201.288,1000006.0,monitor_raw,monitor_controlled,ACQSTATE-02R-896f06c2a7c231ec,LAT-02R-517a9644e4f59287,UB-02R-c7cdba07fed2dfd7,5.5999664002015986e-05,7.483269873928639e-06,Poisson_E_times_lambda,56.0,1000006.0,normal_rate_diagnostic,discovery
SCAN-02R-c5843105fb81b54c,14,11,FILE-02R-63cb694c40fcbcba,46,10.9985,54.0,1000011.0,189.961,1000011.0,monitor_raw,monitor_controlled,ACQSTATE-02R-896f06c2a7c231ec,LAT-02R-517a9644e4f59287,UB-02R-c7cdba07fed2dfd7,5.399940600653393e-05,7.348388396077178e-06,Poisson_E_times_lambda,54.0,1000011.0,normal_rate_diagnostic,discovery
SCAN-02R-c5843105fb81b54c,13,12,FILE-02R-63cb694c40fcbcba,45,11.9985,42.0,1000001.0,177.946,1000001.0,monitor_raw,monitor_controlled,ACQSTATE-02R-896f06c2a7c231ec,LAT-02R-517a9644e4f59287,UB-02R-c7cdba07fed2dfd7,4.1999958000042e-05,6.480734217673642e-06,Poisson_E_times_lambda,42.0,1000001.0,normal_rate_diagnostic,discovery
SCAN-02R-c5843105fb81b54c,12,13,FILE-02R-63cb694c40fcbcba,44,12.9981,52.0,1000000.0,170.845,1000000.0,monitor_raw,monitor_controlled,ACQSTATE-02R-896f06c2a7c231ec,LAT-02R-517a9644e4f59287,UB-02R-c7cdba07fed2dfd7,5.2e-05,7.211102550927978e-06,Poisson_E_times_lambda,52.0,1000000.0,normal_rate_diagnostic,discovery
SCAN-02R-c5843105fb81b54c,11,14,FILE-02R-63cb694c40fcbcba,43,13.9978,43.0,1000004.0,168.288,1000004.0,monitor_raw,monitor_controlled,ACQSTATE-02R-896f06c2a7c231ec,LAT-02R-517a9644e4f59287,UB-02R-c7cdba07fed2dfd7,4.2999828000688e-05,6.557412294652822e-06,Poisson_E_times_lambda,43.0,1000004.0,normal_rate_diagnostic,discovery
SCAN-02R-c5843105fb81b54c,10,15,FILE-02R-63cb694c40fcbcba,42,14.9986,40.0,1000007.0,167.953,1000007.0,monitor_raw,monitor_controlled,ACQSTATE-02R-896f06c2a7c231ec,LAT-02R-517a9644e4f59287,UB-02R-c7cdba07fed2dfd7,3.9999720001959984e-05,6.324511048759418e-06,Poisson_E_times_lambda,40.0,1000007.0,normal_rate_diagnostic,discovery
SCAN-02R-c5843105fb81b54c,9,16,FILE-02R-63cb694c40fcbcba,41,15.9981,39.0,1000000.0,168.101,1000000.0,monitor_raw,monitor_controlled,ACQSTATE-02R-896f06c2a7c231ec,LAT-02R-517a9644e4f59287,UB-02R-c7cdba07fed2dfd7,3.9e-05,6.244997998398399e-06,Poisson_E_times_lambda,39.0,1000000.0,normal_rate_diagnostic,discovery
SCAN-02R-c5843105fb81b54c,8,17,FILE-02R-63cb694c40fcbcba,40,16.9979,45.0,1000001.0,167.978,1000001.0,monitor_raw,monitor_controlled,ACQSTATE-02R-896f06c2a7c231ec,LAT-02R-517a9644e4f59287,UB-02R-c7cdba07fed2dfd7,4.4999955000045e-05,6.708197224302145e-06,Poisson_E_times_lambda,45.0,1000001.0,normal_rate_diagnostic,discovery
SCAN-02R-c5843105fb81b54c,7,18,FILE-02R-63cb694c40fcbcba,39,17.9986,45.0,1000003.0,171.693,1000003.0,monitor_raw,monitor_controlled,ACQSTATE-02R-896f06c2a7c231ec,LAT-02R-517a9644e4f59287,UB-02R-c7cdba07fed2dfd7,4.4999865000405e-05,6.708183807947946e-06,Poisson_E_times_lambda,45.0,1000003.0,normal_rate_diagnostic,discovery
SCAN-02R-c5843105fb81b54c,6,19,FILE-02R-63cb694c40fcbcba,38,18.9983,43.0,1000001.0,179.562,1000001.0,monitor_raw,monitor_controlled,ACQSTATE-02R-896f06c2a7c231ec,LAT-02R-517a9644e4f59287,UB-02R-c7cdba07fed2dfd7,4.2999957000043e-05,6.5574319668700335e-06,Poisson_E_times_lambda,43.0,1000001.0,normal_rate_diagnostic,discovery
SCAN-02R-c5843105fb81b54c,5,20,FILE-02R-63cb694c40fcbcba,37,19.9984,39.0,1000002.0,182.706,1000002.0,monitor_raw,monitor_controlled,ACQSTATE-02R-896f06c2a7c231ec,LAT-02R-517a9644e4f59287,UB-02R-c7cdba07fed2dfd7,3.8999922000156e-05,6.244985508427381e-06,Poisson_E_times_lambda,39.0,1000002.0,normal_rate_diagnostic,discovery
SCAN-02R-c5843105fb81b54c,4,21,FILE-02R-63cb694c40fcbcba,36,20.9984,39.0,1000002.0,180.065,1000002.0,monitor_raw,monitor_controlled,ACQSTATE-02R-896f06c2a7c231ec,LAT-02R-517a9644e4f59287,UB-02R-c7cdba07fed2dfd7,3.8999922000156e-05,6.244985508427381e-06,Poisson_E_times_lambda,39.0,1000002.0,normal_rate_diagnostic,discovery
SCAN-02R-c5843105fb81b54c,3,22,FILE-02R-63cb694c40fcbcba,35,21.9984,28.0,1000008.0,174.511,1000008.0,monitor_raw,monitor_controlled,ACQSTATE-02R-896f06c2a7c231ec,LAT-02R-517a9644e4f59287,UB-02R-c7cdba07fed2dfd7,2.7999776001791986e-05,5.291460290446858e-06,Poisson_E_times_lambda,28.0,1000008.0,normal_rate_diagnostic,discovery
SCAN-02R-c5843105fb81b54c,2,23,FILE-02R-63cb694c40fcbcba,34,22.9984,23.0,1000007.0,168.922,1000007.0,monitor_raw,monitor_controlled,ACQSTATE-02R-896f06c2a7c231ec,LAT-02R-517a9644e4f59287,UB-02R-c7cdba07fed2dfd7,2.299983900112699e-05,4.79579795272705e-06,Poisson_E_times_lambda,23.0,1000007.0,normal_rate_diagnostic,discovery
SCAN-02R-c5843105fb81b54c,1,24,FILE-02R-63cb694c40fcbcba,33,23.998,29.0,1000002.0,166.096,1000002.0,monitor_raw,monitor_controlled,ACQSTATE-02R-896f06c2a7c231ec,LAT-02R-517a9644e4f59287,UB-02R-c7cdba07fed2dfd7,2.8999942000116e-05,5.38515403682643e-06,Poisson_E_times_lambda,29.0,1000002.0,normal_rate_diagnostic,discovery
SCAN-02R-c5843105fb81b54c,0,25,FILE-02R-63cb694c40fcbcba,32,24.9983,25.0,1000003.0,166.703,1000003.0,monitor_raw,monitor_controlled,ACQSTATE-02R-896f06c2a7c231ec,LAT-02R-517a9644e4f59287,UB-02R-c7cdba07fed2dfd7,2.4999925000225e-05,4.999985000045e-06,Poisson_E_times_lambda,25.0,1000003.0,normal_rate_diagnostic,discovery
SCAN-02R-c7a73b4824a01210,0,0,FILE-02R-e779a19e4e2249cb,32,-0.0015,2322.0,750004.0,195.879,750004.0,monitor_raw,monitor_controlled,ACQSTATE-02R-896f06c2a7c231ec,LAT-02R-517a9644e4f59287,UB-02R-c7cdba07fed2dfd7,0.0030959834880880635,6.424917095459095e-05,Poisson_E_times_lambda,2322.0,750004.0,normal_rate_diagnostic,discovery
SCAN-02R-c7a73b4824a01210,1,1,FILE-02R-e779a19e4e2249cb,33,0.9986,95.0,750001.0,204.335,750001.0,monitor_raw,monitor_controlled,ACQSTATE-02R-896f06c2a7c231ec,LAT-02R-517a9644e4f59287,UB-02R-c7cdba07fed2dfd7,0.00012666649777800295,1.299570846546733e-05,Poisson_E_times_lambda,95.0,750001.0,normal_rate_diagnostic,discovery
SCAN-02R-c7a73b4824a01210,2,2,FILE-02R-e779a19e4e2249cb,34,1.9989,34.0,750005.0,179.584,750005.0,monitor_raw,monitor_controlled,ACQSTATE-02R-896f06c2a7c231ec,LAT-02R-517a9644e4f59287,UB-02R-c7cdba07fed2dfd7,4.533303111312591e-05,7.774550696122427e-06,Poisson_E_times_lambda,34.0,750005.0,normal_rate_diagnostic,discovery
SCAN-02R-c7a73b4824a01210,3,3,FILE-02R-e779a19e4e2249cb,35,2.9988,54.0,750000.0,173.422,750000.0,monitor_raw,monitor_controlled,ACQSTATE-02R-896f06c2a7c231ec,LAT-02R-517a9644e4f59287,UB-02R-c7cdba07fed2dfd7,7.2e-05,9.797958971132714e-06,Poisson_E_times_lambda,54.0,750000.0,normal_rate_diagnostic,discovery
SCAN-02R-c7a73b4824a01210,4,4,FILE-02R-e779a19e4e2249cb,36,3.9987,34.0,750005.0,167.213,750005.0,monitor_raw,monitor_controlled,ACQSTATE-02R-896f06c2a7c231ec,LAT-02R-517a9644e4f59287,UB-02R-c7cdba07fed2dfd7,4.533303111312591e-05,7.774550696122427e-06,Poisson_E_times_lambda,34.0,750005.0,normal_rate_diagnostic,discovery
SCAN-02R-c7a73b4824a01210,5,5,FILE-02R-e779a19e4e2249cb,37,4.9986,49.0,750007.0,169.005,750007.0,monitor_raw,monitor_controlled,ACQSTATE-02R-896f06c2a7c231ec,LAT-02R-517a9644e4f59287,UB-02R-c7cdba07fed2dfd7,6.533272356124676e-05,9.333246223035252e-06,Poisson_E_times_lambda,49.0,750007.0,normal_rate_diagnostic,discovery
SCAN-02R-c7a73b4824a01210,6,6,FILE-02R-e779a19e4e2249cb,38,5.9987,64.0,750006.0,156.479,750006.0,monitor_raw,monitor_controlled,ACQSTATE-02R-896f06c2a7c231ec,LAT-02R-517a9644e4f59287,UB-02R-c7cdba07fed2dfd7,8.533265067212796e-05,1.0666581334015994e-05,Poisson_E_times_lambda,64.0,750006.0,normal_rate_diagnostic,discovery
SCAN-02R-c7a73b4824a01210,7,7,FILE-02R-e779a19e4e2249cb,39,6.9985,50.0,750000.0,144.655,750000.0,monitor_raw,monitor_controlled,ACQSTATE-02R-896f06c2a7c231ec,LAT-02R-517a9644e4f59287,UB-02R-c7cdba07fed2dfd7,6.666666666666667e-05,9.428090415820634e-06,Poisson_E_times_lambda,50.0,750000.0,normal_rate_diagnostic,discovery
SCAN-02R-c7a73b4824a01210,8,8,FILE-02R-e779a19e4e2249cb,40,7.9983,46.0,750001.0,149.009,750001.0,monitor_raw,monitor_controlled,ACQSTATE-02R-896f06c2a7c231ec,LAT-02R-517a9644e4f59287,UB-02R-c7cdba07fed2dfd7,6.13332515556646e-05,9.043094586707574e-06,Poisson_E_times_lambda,46.0,750001.0,normal_rate_diagnostic,discovery
SCAN-02R-c7a73b4824a01210,9,9,FILE-02R-e779a19e4e2249cb,41,8.9984,41.0,750004.0,158.364,750004.0,monitor_raw,monitor_controlled,ACQSTATE-02R-896f06c2a7c231ec,LAT-02R-517a9644e4f59287,UB-02R-c7cdba07fed2dfd7,5.466637511266607e-05,8.53745345015873e-06,Poisson_E_times_lambda,41.0,750004.0,normal_rate_diagnostic,discovery
SCAN-02R-c7a73b4824a01210,10,10,FILE-02R-e779a19e4e2249cb,42,9.9982,49.0,750004.0,152.207,750004.0,monitor_raw,monitor_controlled,ACQSTATE-02R-896f06c2a7c231ec,LAT-02R-517a9644e4f59287,UB-02R-c7cdba07fed2dfd7,6.533298489074725e-05,9.333283555821036e-06,Poisson_E_times_lambda,49.0,750004.0,normal_rate_diagnostic,discovery
SCAN-02R-c7a73b4824a01210,11,11,FILE-02R-e779a19e4e2249cb,43,10.9987,52.0,750003.0,142.536,750003.0,monitor_raw,monitor_controlled,ACQSTATE-02R-896f06c2a7c231ec,LAT-02R-517a9644e4f59287,UB-02R-c7cdba07fed2dfd7,6.933305600110933e-05,9.614764942177535e-06,Poisson_E_times_lambda,52.0,750003.0,normal_rate_diagnostic,discovery
SCAN-02R-c7a73b4824a01210,12,12,FILE-02R-e779a19e4e2249cb,44,11.9986,65.0,750007.0,133.207,750007.0,monitor_raw,monitor_controlled,ACQSTATE-02R-896f06c2a7c231ec,LAT-02R-517a9644e4f59287,UB-02R-c7cdba07fed2dfd7,8.666585778532733e-05,1.074957666834916e-05,Poisson_E_times_lambda,65.0,750007.0,normal_rate_diagnostic,discovery
SCAN-02R-c7a73b4824a01210,13,13,FILE-02R-e779a19e4e2249cb,45,12.9986,53.0,750010.0,128.555,750010.0,monitor_raw,monitor_controlled,ACQSTATE-02R-896f06c2a7c231ec,LAT-02R-517a9644e4f59287,UB-02R-c7cdba07fed2dfd7,7.066572445700724e-05,9.70668376325718e-06,Poisson_E_times_lambda,53.0,750010.0,normal_rate_diagnostic,discovery
SCAN-02R-c7a73b4824a01210,14,14,FILE-02R-e779a19e4e2249cb,46,13.9986,53.0,750000.0,126.731,750000.0,monitor_raw,monitor_controlled,ACQSTATE-02R-896f06c2a7c231ec,LAT-02R-517a9644e4f59287,UB-02R-c7cdba07fed2dfd7,7.066666666666667e-05,9.706813185707358e-06,Poisson_E_times_lambda,53.0,750000.0,normal_rate_diagnostic,discovery
SCAN-02R-c7a73b4824a01210,15,15,FILE-02R-e779a19e4e2249cb,47,14.9986,42.0,750005.0,126.654,750005.0,monitor_raw,monitor_controlled,ACQSTATE-02R-896f06c2a7c231ec,LAT-02R-517a9644e4f59287,UB-02R-c7cdba07fed2dfd7,5.5999626669155536e-05,8.640929991677203e-06,Poisson_E_times_lambda,42.0,750005.0,normal_rate_diagnostic,discovery
SCAN-02R-c7a73b4824a01210,16,16,FILE-02R-e779a19e4e2249cb,48,15.9984,45.0,750004.0,126.828,750004.0,monitor_raw,monitor_controlled,ACQSTATE-02R-896f06c2a7c231ec,LAT-02R-517a9644e4f59287,UB-02R-c7cdba07fed2dfd7,5.9999680001706656e-05,8.944224207470053e-06,Poisson_E_times_lambda,45.0,750004.0,normal_rate_diagnostic,discovery
SCAN-02R-c7a73b4824a01210,17,17,FILE-02R-e779a19e4e2249cb,49,16.9984,37.0,750001.0,126.941,750001.0,monitor_raw,monitor_controlled,ACQSTATE-02R-896f06c2a7c231ec,LAT-02R-517a9644e4f59287,UB-02R-c7cdba07fed2dfd7,4.933326755564326e-05,8.11033922661199e-06,Poisson_E_times_lambda,37.0,750001.0,normal_rate_diagnostic,discovery
SCAN-02R-c7a73b4824a01210,18,18,FILE-02R-e779a19e4e2249cb,50,17.9981,51.0,750001.0,129.879,750001.0,monitor_raw,monitor_controlled,ACQSTATE-02R-896f06c2a7c231ec,LAT-02R-517a9644e4f59287,UB-02R-c7cdba07fed2dfd7,6.799990933345422e-05,9.521891875534633e-06,Poisson_E_times_lambda,51.0,750001.0,normal_rate_diagnostic,discovery
SCAN-02R-c7a73b4824a01210,19,19,FILE-02R-e779a19e4e2249cb,51,18.9987,37.0,750000.0,135.91,750000.0,monitor_raw,monitor_controlled,ACQSTATE-02R-896f06c2a7c231ec,LAT-02R-517a9644e4f59287,UB-02R-c7cdba07fed2dfd7,4.933333333333333e-05,8.110350040397626e-06,Poisson_E_times_lambda,37.0,750000.0,normal_rate_diagnostic,discovery
SCAN-02R-d2b7e9ee069bd20e,30,0,FILE-02R-f05dcc227ab4790a,62,19.9983,70.0,750002.0,138.075,750002.0,monitor_raw,monitor_controlled,ACQSTATE-02R-896f06c2a7c231ec,LAT-02R-517a9644e4f59287,UB-02R-c7cdba07fed2dfd7,9.333308444510814e-05,1.1155437272621614e-05,Poisson_E_times_lambda,70.0,750002.0,normal_rate_diagnostic,discovery
SCAN-02R-d2b7e9ee069bd20e,29,1,FILE-02R-f05dcc227ab4790a,61,20.9982,52.0,750002.0,135.976,750002.0,monitor_raw,monitor_controlled,ACQSTATE-02R-896f06c2a7c231ec,LAT-02R-517a9644e4f59287,UB-02R-c7cdba07fed2dfd7,6.933314844493748e-05,9.614777761829939e-06,Poisson_E_times_lambda,52.0,750002.0,normal_rate_diagnostic,discovery
SCAN-02R-d2b7e9ee069bd20e,28,2,FILE-02R-f05dcc227ab4790a,60,21.9982,41.0,750002.0,131.715,750002.0,monitor_raw,monitor_controlled,ACQSTATE-02R-896f06c2a7c231ec,LAT-02R-517a9644e4f59287,UB-02R-c7cdba07fed2dfd7,5.466652088927763e-05,8.537476216640554e-06,Poisson_E_times_lambda,41.0,750002.0,normal_rate_diagnostic,discovery
SCAN-02R-d2b7e9ee069bd20e,27,3,FILE-02R-f05dcc227ab4790a,59,22.9982,41.0,750003.0,127.288,750003.0,monitor_raw,monitor_controlled,ACQSTATE-02R-896f06c2a7c231ec,LAT-02R-517a9644e4f59287,UB-02R-c7cdba07fed2dfd7,5.466644800087466e-05,8.537464833384464e-06,Poisson_E_times_lambda,41.0,750003.0,normal_rate_diagnostic,discovery
SCAN-02R-d2b7e9ee069bd20e,26,4,FILE-02R-f05dcc227ab4790a,58,23.9978,38.0,750002.0,125.56,750002.0,monitor_raw,monitor_controlled,ACQSTATE-02R-896f06c2a7c231ec,LAT-02R-517a9644e4f59287,UB-02R-c7cdba07fed2dfd7,5.066653155591585e-05,8.219196752767294e-06,Poisson_E_times_lambda,38.0,750002.0,normal_rate_diagnostic,discovery
SCAN-02R-d2b7e9ee069bd20e,25,5,FILE-02R-f05dcc227ab4790a,57,24.9983,36.0,750007.0,126.064,750007.0,monitor_raw,monitor_controlled,ACQSTATE-02R-896f06c2a7c231ec,LAT-02R-517a9644e4f59287,UB-02R-c7cdba07fed2dfd7,4.7999552004181296e-05,7.999925334030215e-06,Poisson_E_times_lambda,36.0,750007.0,normal_rate_diagnostic,discovery
SCAN-02R-d2b7e9ee069bd20e,24,6,FILE-02R-f05dcc227ab4790a,56,25.9984,52.0,750001.0,128.411,750001.0,monitor_raw,monitor_controlled,ACQSTATE-02R-896f06c2a7c231ec,LAT-02R-517a9644e4f59287,UB-02R-c7cdba07fed2dfd7,6.933324088901214e-05,9.614790581516529e-06,Poisson_E_times_lambda,52.0,750001.0,normal_rate_diagnostic,discovery
SCAN-02R-d2b7e9ee069bd20e,23,7,FILE-02R-f05dcc227ab4790a,55,26.9976,37.0,750001.0,133.829,750001.0,monitor_raw,monitor_controlled,ACQSTATE-02R-896f06c2a7c231ec,LAT-02R-517a9644e4f59287,UB-02R-c7cdba07fed2dfd7,4.933326755564326e-05,8.11033922661199e-06,Poisson_E_times_lambda,37.0,750001.0,normal_rate_diagnostic,discovery
SCAN-02R-d2b7e9ee069bd20e,22,8,FILE-02R-f05dcc227ab4790a,54,27.9988,34.0,750006.0,137.46,750006.0,monitor_raw,monitor_controlled,ACQSTATE-02R-896f06c2a7c231ec,LAT-02R-517a9644e4f59287,UB-02R-c7cdba07fed2dfd7,4.533297066956798e-05,7.77454033013776e-06,Poisson_E_times_lambda,34.0,750006.0,normal_rate_diagnostic,discovery
SCAN-02R-d2b7e9ee069bd20e,21,9,FILE-02R-f05dcc227ab4790a,53,28.9983,44.0,750000.0,141.395,750000.0,monitor_raw,monitor_controlled,ACQSTATE-02R-896f06c2a7c231ec,LAT-02R-517a9644e4f59287,UB-02R-c7cdba07fed2dfd7,5.8666666666666665e-05,8.844332774281066e-06,Poisson_E_times_lambda,44.0,750000.0,normal_rate_diagnostic,discovery
SCAN-02R-d2b7e9ee069bd20e,20,10,FILE-02R-f05dcc227ab4790a,52,29.9986,43.0,750001.0,144.471,750001.0,monitor_raw,monitor_controlled,ACQSTATE-02R-896f06c2a7c231ec,LAT-02R-517a9644e4f59287,UB-02R-c7cdba07fed2dfd7,5.7333256888990814e-05,8.743239708083057e-06,Poisson_E_times_lambda,43.0,750001.0,normal_rate_diagnostic,discovery
SCAN-02R-d2b7e9ee069bd20e,19,11,FILE-02R-f05dcc227ab4790a,51,30.9978,33.0,750010.0,146.537,750010.0,monitor_raw,monitor_controlled,ACQSTATE-02R-896f06c2a7c231ec,LAT-02R-517a9644e4f59287,UB-02R-c7cdba07fed2dfd7,4.399941334115545e-05,7.6593147378542e-06,Poisson_E_times_lambda,33.0,750010.0,normal_rate_diagnostic,discovery
SCAN-02R-d2b7e9ee069bd20e,18,12,FILE-02R-f05dcc227ab4790a,50,31.9979,27.0,750004.0,149.202,750004.0,monitor_raw,monitor_controlled,ACQSTATE-02R-896f06c2a7c231ec,LAT-02R-517a9644e4f59287,UB-02R-c7cdba07fed2dfd7,3.5999808001024e-05,6.928166280055349e-06,Poisson_E_times_lambda,27.0,750004.0,normal_rate_diagnostic,discovery
SCAN-02R-d2b7e9ee069bd20e,17,13,FILE-02R-f05dcc227ab4790a,49,32.998,32.0,750005.0,151.163,750005.0,monitor_raw,monitor_controlled,ACQSTATE-02R-896f06c2a7c231ec,LAT-02R-517a9644e4f59287,UB-02R-c7cdba07fed2dfd7,4.266638222411851e-05,7.542422049842842e-06,Poisson_E_times_lambda,32.0,750005.0,normal_rate_diagnostic,discovery
SCAN-02R-d2b7e9ee069bd20e,16,14,FILE-02R-f05dcc227ab4790a,48,33.9974,40.0,750003.0,151.993,750003.0,monitor_raw,monitor_controlled,ACQSTATE-02R-896f06c2a7c231ec,LAT-02R-517a9644e4f59287,UB-02R-c7cdba07fed2dfd7,5.333312000085333e-05,8.432706696288894e-06,Poisson_E_times_lambda,40.0,750003.0,normal_rate_diagnostic,discovery
SCAN-02R-d2b7e9ee069bd20e,15,15,FILE-02R-f05dcc227ab4790a,47,34.9969,29.0,750004.0,156.73,750004.0,monitor_raw,monitor_controlled,ACQSTATE-02R-896f06c2a7c231ec,LAT-02R-517a9644e4f59287,UB-02R-c7cdba07fed2dfd7,3.866646044554429e-05,7.180181448544946e-06,Poisson_E_times_lambda,29.0,750004.0,normal_rate_diagnostic,discovery
SCAN-02R-d2b7e9ee069bd20e,14,16,FILE-02R-f05dcc227ab4790a,46,35.997,45.0,750002.0,161.012,750002.0,monitor_raw,monitor_controlled,ACQSTATE-02R-896f06c2a7c231ec,LAT-02R-517a9644e4f59287,UB-02R-c7cdba07fed2dfd7,5.9999840000426665e-05,8.944248058671002e-06,Poisson_E_times_lambda,45.0,750002.0,normal_rate_diagnostic,discovery
SCAN-02R-d2b7e9ee069bd20e,13,17,FILE-02R-f05dcc227ab4790a,45,36.996,31.0,750001.0,163.434,750001.0,monitor_raw,monitor_controlled,ACQSTATE-02R-896f06c2a7c231ec,LAT-02R-517a9644e4f59287,UB-02R-c7cdba07fed2dfd7,4.1333278222295705e-05,7.423675918872137e-06,Poisson_E_times_lambda,31.0,750001.0,normal_rate_diagnostic,discovery
SCAN-02R-d2b7e9ee069bd20e,12,18,FILE-02R-f05dcc227ab4790a,44,37.9985,34.0,750002.0,168.508,750002.0,monitor_raw,monitor_controlled,ACQSTATE-02R-896f06c2a7c231ec,LAT-02R-517a9644e4f59287,UB-02R-c7cdba07fed2dfd7,4.533321244476682e-05,7.774581794242283e-06,Poisson_E_times_lambda,34.0,750002.0,normal_rate_diagnostic,discovery
SCAN-02R-d2b7e9ee069bd20e,11,19,FILE-02R-f05dcc227ab4790a,43,38.997,46.0,750000.0,169.784,750000.0,monitor_raw,monitor_controlled,ACQSTATE-02R-896f06c2a7c231ec,LAT-02R-517a9644e4f59287,UB-02R-c7cdba07fed2dfd7,6.133333333333334e-05,9.043106644167025e-06,Poisson_E_times_lambda,46.0,750000.0,normal_rate_diagnostic,discovery
SCAN-02R-d2b7e9ee069bd20e,10,20,FILE-02R-f05dcc227ab4790a,42,39.9974,57.0,750002.0,174.025,750002.0,monitor_raw,monitor_controlled,ACQSTATE-02R-896f06c2a7c231ec,LAT-02R-517a9644e4f59287,UB-02R-c7cdba07fed2dfd7,7.599979733387377e-05,1.0066419069910147e-05,Poisson_E_times_lambda,57.0,750002.0,normal_rate_diagnostic,discovery
SCAN-02R-d2b7e9ee069bd20e,9,21,FILE-02R-f05dcc227ab4790a,41,40.9972,64.0,750002.0,176.615,750002.0,monitor_raw,monitor_controlled,ACQSTATE-02R-896f06c2a7c231ec,LAT-02R-517a9644e4f59287,UB-02R-c7cdba07fed2dfd7,8.533310577838459e-05,1.0666638222298074e-05,Poisson_E_times_lambda,64.0,750002.0,normal_rate_diagnostic,discovery
SCAN-02R-d2b7e9ee069bd20e,8,22,FILE-02R-f05dcc227ab4790a,40,41.9974,79.0,750004.0,182.413,750004.0,monitor_raw,monitor_controlled,ACQSTATE-02R-896f06c2a7c231ec,LAT-02R-517a9644e4f59287,UB-02R-c7cdba07fed2dfd7,0.00010533277155855168,1.1850862685153131e-05,Poisson_E_times_lambda,79.0,750004.0,normal_rate_diagnostic,discovery
SCAN-02R-d2b7e9ee069bd20e,7,23,FILE-02R-f05dcc227ab4790a,39,42.997,104.0,750002.0,185.664,750002.0,monitor_raw,monitor_controlled,ACQSTATE-02R-896f06c2a7c231ec,LAT-02R-517a9644e4f59287,UB-02R-c7cdba07fed2dfd7,0.00013866629688987495,1.3597349109983132e-05,Poisson_E_times_lambda,104.0,750002.0,normal_rate_diagnostic,discovery
SCAN-02R-d2b7e9ee069bd20e,6,24,FILE-02R-f05dcc227ab4790a,38,43.9968,93.0,750001.0,194.529,750001.0,monitor_raw,monitor_controlled,ACQSTATE-02R-896f06c2a7c231ec,LAT-02R-517a9644e4f59287,UB-02R-c7cdba07fed2dfd7,0.0001239998346668871,1.2858183870412112e-05,Poisson_E_times_lambda,93.0,750001.0,normal_rate_diagnostic,discovery
SCAN-02R-d2b7e9ee069bd20e,5,25,FILE-02R-f05dcc227ab4790a,37,44.9971,119.0,750001.0,199.835,750001.0,monitor_raw,monitor_controlled,ACQSTATE-02R-896f06c2a7c231ec,LAT-02R-517a9644e4f59287,UB-02R-c7cdba07fed2dfd7,0.0001586664551113932,1.4544930092940828e-05,Poisson_E_times_lambda,119.0,750001.0,normal_rate_diagnostic,discovery
SCAN-02R-d2b7e9ee069bd20e,4,26,FILE-02R-f05dcc227ab4790a,36,45.9981,115.0,750004.0,209.552,750004.0,monitor_raw,monitor_controlled,ACQSTATE-02R-896f06c2a7c231ec,LAT-02R-517a9644e4f59287,UB-02R-c7cdba07fed2dfd7,0.00015333251555991703,1.4298330801920534e-05,Poisson_E_times_lambda,115.0,750004.0,normal_rate_diagnostic,discovery
SCAN-02R-d2b7e9ee069bd20e,3,27,FILE-02R-f05dcc227ab4790a,35,46.9987,187.0,750002.0,215.191,750002.0,monitor_raw,monitor_controlled,ACQSTATE-02R-896f06c2a7c231ec,LAT-02R-517a9644e4f59287,UB-02R-c7cdba07fed2dfd7,0.0002493326684462175,1.823301048687516e-05,Poisson_E_times_lambda,187.0,750002.0,normal_rate_diagnostic,discovery
SCAN-02R-d2b7e9ee069bd20e,2,28,FILE-02R-f05dcc227ab4790a,34,47.9979,73.0,750000.0,222.87,750000.0,monitor_raw,monitor_controlled,ACQSTATE-02R-896f06c2a7c231ec,LAT-02R-517a9644e4f59287,UB-02R-c7cdba07fed2dfd7,9.733333333333333e-05,1.1392004993756707e-05,Poisson_E_times_lambda,73.0,750000.0,normal_rate_diagnostic,discovery
SCAN-02R-d2b7e9ee069bd20e,1,29,FILE-02R-f05dcc227ab4790a,33,48.9958,33.0,750002.0,224.984,750002.0,monitor_raw,monitor_controlled,ACQSTATE-02R-896f06c2a7c231ec,LAT-02R-517a9644e4f59287,UB-02R-c7cdba07fed2dfd7,4.3999882666979556e-05,7.65939643699354e-06,Poisson_E_times_lambda,33.0,750002.0,normal_rate_diagnostic,discovery
SCAN-02R-d2b7e9ee069bd20e,0,30,FILE-02R-f05dcc227ab4790a,32,49.9968,33.0,750005.0,230.257,750005.0,monitor_raw,monitor_controlled,ACQSTATE-02R-896f06c2a7c231ec,LAT-02R-517a9644e4f59287,UB-02R-c7cdba07fed2dfd7,4.399970666862221e-05,7.65936579961204e-06,Poisson_E_times_lambda,33.0,750005.0,normal_rate_diagnostic,discovery
SCAN-02R-ebc55d8b20e3cec0,0,0,FILE-02R-79943ebb90eea890,32,-0.0012,1791.0,750003.0,199.961,750003.0,monitor_raw,monitor_controlled,ACQSTATE-02R-896f06c2a7c231ec,LAT-02R-517a9644e4f59287,UB-02R-c7cdba07fed2dfd7,0.0023879904480382077,5.642671821179069e-05,Poisson_E_times_lambda,1791.0,750003.0,normal_rate_diagnostic,discovery
SCAN-02R-ebc55d8b20e3cec0,1,1,FILE-02R-79943ebb90eea890,33,0.9988,41.0,750000.0,205.26,750000.0,monitor_raw,monitor_controlled,ACQSTATE-02R-896f06c2a7c231ec,LAT-02R-517a9644e4f59287,UB-02R-c7cdba07fed2dfd7,5.466666666666667e-05,8.537498983243797e-06,Poisson_E_times_lambda,41.0,750000.0,normal_rate_diagnostic,discovery
SCAN-02R-ebc55d8b20e3cec0,2,2,FILE-02R-79943ebb90eea890,34,1.9988,34.0,750000.0,180.104,750000.0,monitor_raw,monitor_controlled,ACQSTATE-02R-896f06c2a7c231ec,LAT-02R-517a9644e4f59287,UB-02R-c7cdba07fed2dfd7,4.5333333333333335e-05,7.774602526460401e-06,Poisson_E_times_lambda,34.0,750000.0,normal_rate_diagnostic,discovery
SCAN-02R-ebc55d8b20e3cec0,3,3,FILE-02R-79943ebb90eea890,35,2.9987,45.0,750002.0,173.533,750002.0,monitor_raw,monitor_controlled,ACQSTATE-02R-896f06c2a7c231ec,LAT-02R-517a9644e4f59287,UB-02R-c7cdba07fed2dfd7,5.9999840000426665e-05,8.944248058671002e-06,Poisson_E_times_lambda,45.0,750002.0,normal_rate_diagnostic,discovery
SCAN-02R-ebc55d8b20e3cec0,4,4,FILE-02R-79943ebb90eea890,36,3.9987,39.0,750002.0,167.393,750002.0,monitor_raw,monitor_controlled,ACQSTATE-02R-896f06c2a7c231ec,LAT-02R-517a9644e4f59287,UB-02R-c7cdba07fed2dfd7,5.199986133370311e-05,8.326641793486416e-06,Poisson_E_times_lambda,39.0,750002.0,normal_rate_diagnostic,discovery
SCAN-02R-ebc55d8b20e3cec0,5,5,FILE-02R-79943ebb90eea890,37,4.9987,28.0,750004.0,169.107,750004.0,monitor_raw,monitor_controlled,ACQSTATE-02R-896f06c2a7c231ec,LAT-02R-517a9644e4f59287,UB-02R-c7cdba07fed2dfd7,3.733313422328414e-05,7.055299201243169e-06,Poisson_E_times_lambda,28.0,750004.0,normal_rate_diagnostic,discovery
SCAN-02R-ebc55d8b20e3cec0,6,6,FILE-02R-79943ebb90eea890,38,5.9987,41.0,750007.0,156.342,750007.0,monitor_raw,monitor_controlled,ACQSTATE-02R-896f06c2a7c231ec,LAT-02R-517a9644e4f59287,UB-02R-c7cdba07fed2dfd7,5.4666156449206476e-05,8.537419300663658e-06,Poisson_E_times_lambda,41.0,750007.0,normal_rate_diagnostic,discovery
SCAN-02R-ebc55d8b20e3cec0,7,7,FILE-02R-79943ebb90eea890,39,6.9987,44.0,750003.0,144.343,750003.0,monitor_raw,monitor_controlled,ACQSTATE-02R-896f06c2a7c231ec,LAT-02R-517a9644e4f59287,UB-02R-c7cdba07fed2dfd7,5.866643200093866e-05,8.844297397091478e-06,Poisson_E_times_lambda,44.0,750003.0,normal_rate_diagnostic,discovery
SCAN-02R-ebc55d8b20e3cec0,8,8,FILE-02R-79943ebb90eea890,40,7.9986,27.0,750008.0,149.185,750008.0,monitor_raw,monitor_controlled,ACQSTATE-02R-896f06c2a7c231ec,LAT-02R-517a9644e4f59287,UB-02R-c7cdba07fed2dfd7,3.599961600409596e-05,6.92812933022932e-06,Poisson_E_times_lambda,27.0,750008.0,normal_rate_diagnostic,discovery
SCAN-02R-ebc55d8b20e3cec0,9,9,FILE-02R-79943ebb90eea890,41,8.9985,28.0,750004.0,158.097,750004.0,monitor_raw,monitor_controlled,ACQSTATE-02R-896f06c2a7c231ec,LAT-02R-517a9644e4f59287,UB-02R-c7cdba07fed2dfd7,3.733313422328414e-05,7.055299201243169e-06,Poisson_E_times_lambda,28.0,750004.0,normal_rate_diagnostic,discovery
SCAN-02R-ebc55d8b20e3cec0,10,10,FILE-02R-79943ebb90eea890,42,9.9987,37.0,750000.0,152.004,750000.0,monitor_raw,monitor_controlled,ACQSTATE-02R-896f06c2a7c231ec,LAT-02R-517a9644e4f59287,UB-02R-c7cdba07fed2dfd7,4.933333333333333e-05,8.110350040397626e-06,Poisson_E_times_lambda,37.0,750000.0,normal_rate_diagnostic,discovery
SCAN-02R-ebc55d8b20e3cec0,11,11,FILE-02R-79943ebb90eea890,43,10.9987,27.0,750010.0,142.918,750010.0,monitor_raw,monitor_controlled,ACQSTATE-02R-896f06c2a7c231ec,LAT-02R-517a9644e4f59287,UB-02R-c7cdba07fed2dfd7,3.599952000639992e-05,6.928110855464103e-06,Poisson_E_times_lambda,27.0,750010.0,normal_rate_diagnostic,discovery
SCAN-02R-ebc55d8b20e3cec0,12,12,FILE-02R-79943ebb90eea890,44,11.9982,32.0,750003.0,133.472,750003.0,monitor_raw,monitor_controlled,ACQSTATE-02R-896f06c2a7c231ec,LAT-02R-517a9644e4f59287,UB-02R-c7cdba07fed2dfd7,4.2666496000682666e-05,7.542442162887856e-06,Poisson_E_times_lambda,32.0,750003.0,normal_rate_diagnostic,discovery
SCAN-02R-ebc55d8b20e3cec0,13,13,FILE-02R-79943ebb90eea890,45,12.9987,31.0,750004.0,128.598,750004.0,monitor_raw,monitor_controlled,ACQSTATE-02R-896f06c2a7c231ec,LAT-02R-517a9644e4f59287,UB-02R-c7cdba07fed2dfd7,4.1333112890064584e-05,7.423646224326832e-06,Poisson_E_times_lambda,31.0,750004.0,normal_rate_diagnostic,discovery
SCAN-02R-ebc55d8b20e3cec0,14,14,FILE-02R-79943ebb90eea890,46,13.9988,30.0,750005.0,126.773,750005.0,monitor_raw,monitor_controlled,ACQSTATE-02R-896f06c2a7c231ec,LAT-02R-517a9644e4f59287,UB-02R-c7cdba07fed2dfd7,3.99997333351111e-05,7.302918747277233e-06,Poisson_E_times_lambda,30.0,750005.0,normal_rate_diagnostic,discovery
SCAN-02R-ebc55d8b20e3cec0,15,15,FILE-02R-79943ebb90eea890,47,14.9988,24.0,750007.0,126.799,750007.0,monitor_raw,monitor_controlled,ACQSTATE-02R-896f06c2a7c231ec,LAT-02R-517a9644e4f59287,UB-02R-c7cdba07fed2dfd7,3.199970133612086e-05,6.531911682912767e-06,Poisson_E_times_lambda,24.0,750007.0,normal_rate_diagnostic,discovery
SCAN-02R-ebc55d8b20e3cec0,16,16,FILE-02R-79943ebb90eea890,48,15.9981,22.0,750004.0,126.898,750004.0,monitor_raw,monitor_controlled,ACQSTATE-02R-896f06c2a7c231ec,LAT-02R-517a9644e4f59287,UB-02R-c7cdba07fed2dfd7,2.9333176889723255e-05,6.253854325874835e-06,Poisson_E_times_lambda,22.0,750004.0,normal_rate_diagnostic,discovery
SCAN-02R-ebc55d8b20e3cec0,17,17,FILE-02R-79943ebb90eea890,49,16.9986,42.0,750002.0,126.712,750002.0,monitor_raw,monitor_controlled,ACQSTATE-02R-896f06c2a7c231ec,LAT-02R-517a9644e4f59287,UB-02R-c7cdba07fed2dfd7,5.599985066706489e-05,8.640964555304999e-06,Poisson_E_times_lambda,42.0,750002.0,normal_rate_diagnostic,discovery
SCAN-02R-ebc55d8b20e3cec0,18,18,FILE-02R-79943ebb90eea890,50,17.9987,29.0,750001.0,129.664,750001.0,monitor_raw,monitor_controlled,ACQSTATE-02R-896f06c2a7c231ec,LAT-02R-517a9644e4f59287,UB-02R-c7cdba07fed2dfd7,3.866661511117985e-05,7.180210169232446e-06,Poisson_E_times_lambda,29.0,750001.0,normal_rate_diagnostic,discovery
SCAN-02R-ebc55d8b20e3cec0,19,19,FILE-02R-79943ebb90eea890,51,18.9988,35.0,750003.0,135.583,750003.0,monitor_raw,monitor_controlled,ACQSTATE-02R-896f06c2a7c231ec,LAT-02R-517a9644e4f59287,UB-02R-c7cdba07fed2dfd7,4.6666480000746666e-05,7.888074825166855e-06,Poisson_E_times_lambda,35.0,750003.0,normal_rate_diagnostic,discovery
SCAN-02R-ebc55d8b20e3cec0,20,20,FILE-02R-79943ebb90eea890,52,19.9983,34.0,750006.0,138.03,750006.0,monitor_raw,monitor_controlled,ACQSTATE-02R-896f06c2a7c231ec,LAT-02R-517a9644e4f59287,UB-02R-c7cdba07fed2dfd7,4.533297066956798e-05,7.77454033013776e-06,Poisson_E_times_lambda,34.0,750006.0,normal_rate_diagnostic,discovery
SCAN-02R-ebc55d8b20e3cec0,21,21,FILE-02R-79943ebb90eea890,53,20.9983,29.0,750003.0,136.309,750003.0,monitor_raw,monitor_controlled,ACQSTATE-02R-896f06c2a7c231ec,LAT-02R-517a9644e4f59287,UB-02R-c7cdba07fed2dfd7,3.8666512000618665e-05,7.180191022081917e-06,Poisson_E_times_lambda,29.0,750003.0,normal_rate_diagnostic,discovery
SCAN-02R-ebc55d8b20e3cec0,22,22,FILE-02R-79943ebb90eea890,54,21.9983,26.0,750007.0,131.717,750007.0,monitor_raw,monitor_controlled,ACQSTATE-02R-896f06c2a7c231ec,LAT-02R-517a9644e4f59287,UB-02R-c7cdba07fed2dfd7,3.4666343114130935e-05,6.798629230917558e-06,Poisson_E_times_lambda,26.0,750007.0,normal_rate_diagnostic,discovery
SCAN-02R-ebc55d8b20e3cec0,23,23,FILE-02R-79943ebb90eea890,55,22.9982,30.0,750003.0,127.464,750003.0,monitor_raw,monitor_controlled,ACQSTATE-02R-896f06c2a7c231ec,LAT-02R-517a9644e4f59287,UB-02R-c7cdba07fed2dfd7,3.999984000064e-05,7.302938221649328e-06,Poisson_E_times_lambda,30.0,750003.0,normal_rate_diagnostic,discovery
SCAN-02R-ebc55d8b20e3cec0,24,24,FILE-02R-79943ebb90eea890,56,23.9985,27.0,750011.0,125.456,750011.0,monitor_raw,monitor_controlled,ACQSTATE-02R-896f06c2a7c231ec,LAT-02R-517a9644e4f59287,UB-02R-c7cdba07fed2dfd7,3.5999472007743883e-05,6.9281016181184435e-06,Poisson_E_times_lambda,27.0,750011.0,normal_rate_diagnostic,discovery
SCAN-02R-ebc55d8b20e3cec0,25,25,FILE-02R-79943ebb90eea890,57,24.9983,22.0,750000.0,126.027,750000.0,monitor_raw,monitor_controlled,ACQSTATE-02R-896f06c2a7c231ec,LAT-02R-517a9644e4f59287,UB-02R-c7cdba07fed2dfd7,2.9333333333333333e-05,6.253887679764573e-06,Poisson_E_times_lambda,22.0,750000.0,normal_rate_diagnostic,discovery
SCAN-02R-ebc55d8b20e3cec0,26,26,FILE-02R-79943ebb90eea890,58,25.9983,21.0,750001.0,129.894,750001.0,monitor_raw,monitor_controlled,ACQSTATE-02R-896f06c2a7c231ec,LAT-02R-517a9644e4f59287,UB-02R-c7cdba07fed2dfd7,2.7999962666716444e-05,6.110092779817413e-06,Poisson_E_times_lambda,21.0,750001.0,normal_rate_diagnostic,discovery
SCAN-02R-ebc55d8b20e3cec0,27,27,FILE-02R-79943ebb90eea890,59,26.9982,21.0,750003.0,134.704,750003.0,monitor_raw,monitor_controlled,ACQSTATE-02R-896f06c2a7c231ec,LAT-02R-517a9644e4f59287,UB-02R-c7cdba07fed2dfd7,2.7999888000448e-05,6.110076486301841e-06,Poisson_E_times_lambda,21.0,750003.0,normal_rate_diagnostic,discovery
SCAN-02R-ebc55d8b20e3cec0,28,28,FILE-02R-79943ebb90eea890,60,27.9979,28.0,750002.0,137.771,750002.0,monitor_raw,monitor_controlled,ACQSTATE-02R-896f06c2a7c231ec,LAT-02R-517a9644e4f59287,UB-02R-c7cdba07fed2dfd7,3.733323377804326e-05,7.055318015324201e-06,Poisson_E_times_lambda,28.0,750002.0,normal_rate_diagnostic,discovery
SCAN-02R-ebc55d8b20e3cec0,29,29,FILE-02R-79943ebb90eea890,61,28.9982,17.0,750002.0,142.039,750002.0,monitor_raw,monitor_controlled,ACQSTATE-02R-896f06c2a7c231ec,LAT-02R-517a9644e4f59287,UB-02R-c7cdba07fed2dfd7,2.266660622238341e-05,5.497459507598194e-06,Poisson_E_times_lambda,17.0,750002.0,normal_rate_diagnostic,discovery
SCAN-02R-ebc55d8b20e3cec0,30,30,FILE-02R-79943ebb90eea890,62,29.9986,30.0,750001.0,143.566,750001.0,monitor_raw,monitor_controlled,ACQSTATE-02R-896f06c2a7c231ec,LAT-02R-517a9644e4f59287,UB-02R-c7cdba07fed2dfd7,3.999994666673778e-05,7.302957696125286e-06,Poisson_E_times_lambda,30.0,750001.0,normal_rate_diagnostic,discovery
SCAN-02R-ebc55d8b20e3cec0,31,31,FILE-02R-79943ebb90eea890,63,30.9985,22.0,750005.0,145.628,750005.0,monitor_raw,monitor_controlled,ACQSTATE-02R-896f06c2a7c231ec,LAT-02R-517a9644e4f59287,UB-02R-c7cdba07fed2dfd7,2.9333137779081474e-05,6.25384598745799e-06,Poisson_E_times_lambda,22.0,750005.0,normal_rate_diagnostic,discovery
SCAN-02R-ebc55d8b20e3cec0,32,32,FILE-02R-79943ebb90eea890,64,31.9979,29.0,750001.0,147.608,750001.0,monitor_raw,monitor_controlled,ACQSTATE-02R-896f06c2a7c231ec,LAT-02R-517a9644e4f59287,UB-02R-c7cdba07fed2dfd7,3.866661511117985e-05,7.180210169232446e-06,Poisson_E_times_lambda,29.0,750001.0,normal_rate_diagnostic,discovery
SCAN-02R-ebc55d8b20e3cec0,33,33,FILE-02R-79943ebb90eea890,65,32.9981,23.0,750004.0,150.237,750004.0,monitor_raw,monitor_controlled,ACQSTATE-02R-896f06c2a7c231ec,LAT-02R-517a9644e4f59287,UB-02R-c7cdba07fed2dfd7,3.0666503111983404e-05,6.394407927574679e-06,Poisson_E_times_lambda,23.0,750004.0,normal_rate_diagnostic,discovery
SCAN-02R-ebc55d8b20e3cec0,34,34,FILE-02R-79943ebb90eea890,66,33.9984,17.0,750003.0,152.436,750003.0,monitor_raw,monitor_controlled,ACQSTATE-02R-896f06c2a7c231ec,LAT-02R-517a9644e4f59287,UB-02R-c7cdba07fed2dfd7,2.2666576000362664e-05,5.497452177681503e-06,Poisson_E_times_lambda,17.0,750003.0,normal_rate_diagnostic,discovery
SCAN-02R-ebc55d8b20e3cec0,35,35,FILE-02R-79943ebb90eea890,67,34.998,27.0,750009.0,155.79,750009.0,monitor_raw,monitor_controlled,ACQSTATE-02R-896f06c2a7c231ec,LAT-02R-517a9644e4f59287,UB-02R-c7cdba07fed2dfd7,3.5999568005183936e-05,6.9281200928343955e-06,Poisson_E_times_lambda,27.0,750009.0,normal_rate_diagnostic,discovery
SCAN-02R-ebc55d8b20e3cec0,36,36,FILE-02R-79943ebb90eea890,68,35.9981,22.0,750001.0,160.277,750001.0,monitor_raw,monitor_controlled,ACQSTATE-02R-896f06c2a7c231ec,LAT-02R-517a9644e4f59287,UB-02R-c7cdba07fed2dfd7,2.933329422227437e-05,6.2538793412587845e-06,Poisson_E_times_lambda,22.0,750001.0,normal_rate_diagnostic,discovery
SCAN-02R-ebc55d8b20e3cec0,37,37,FILE-02R-79943ebb90eea890,69,36.9981,25.0,750000.0,163.579,750000.0,monitor_raw,monitor_controlled,ACQSTATE-02R-896f06c2a7c231ec,LAT-02R-517a9644e4f59287,UB-02R-c7cdba07fed2dfd7,3.3333333333333335e-05,6.666666666666667e-06,Poisson_E_times_lambda,25.0,750000.0,normal_rate_diagnostic,discovery
SCAN-02R-ebc55d8b20e3cec0,38,38,FILE-02R-79943ebb90eea890,70,37.9985,26.0,750000.0,167.06,750000.0,monitor_raw,monitor_controlled,ACQSTATE-02R-896f06c2a7c231ec,LAT-02R-517a9644e4f59287,UB-02R-c7cdba07fed2dfd7,3.4666666666666665e-05,6.798692684790379e-06,Poisson_E_times_lambda,26.0,750000.0,normal_rate_diagnostic,discovery
SCAN-02R-ebc55d8b20e3cec0,39,39,FILE-02R-79943ebb90eea890,71,38.9981,26.0,750001.0,169.744,750001.0,monitor_raw,monitor_controlled,ACQSTATE-02R-896f06c2a7c231ec,LAT-02R-517a9644e4f59287,UB-02R-c7cdba07fed2dfd7,3.466662044450607e-05,6.798683619878886e-06,Poisson_E_times_lambda,26.0,750001.0,normal_rate_diagnostic,discovery
SCAN-02R-ebc55d8b20e3cec0,40,40,FILE-02R-79943ebb90eea890,72,39.9984,30.0,750004.0,172.862,750004.0,monitor_raw,monitor_controlled,ACQSTATE-02R-896f06c2a7c231ec,LAT-02R-517a9644e4f59287,UB-02R-c7cdba07fed2dfd7,3.999978666780444e-05,7.3029284844502975e-06,Poisson_E_times_lambda,30.0,750004.0,normal_rate_diagnostic,discovery
SCAN-02R-ebc55d8b20e3cec0,41,41,FILE-02R-79943ebb90eea890,73,40.9983,37.0,750000.0,176.5,750000.0,monitor_raw,monitor_controlled,ACQSTATE-02R-896f06c2a7c231ec,LAT-02R-517a9644e4f59287,UB-02R-c7cdba07fed2dfd7,4.933333333333333e-05,8.110350040397626e-06,Poisson_E_times_lambda,37.0,750000.0,normal_rate_diagnostic,discovery
SCAN-02R-ebc55d8b20e3cec0,42,42,FILE-02R-79943ebb90eea890,74,41.9986,54.0,750001.0,181.052,750001.0,monitor_raw,monitor_controlled,ACQSTATE-02R-896f06c2a7c231ec,LAT-02R-517a9644e4f59287,UB-02R-c7cdba07fed2dfd7,7.1999904000128e-05,9.797945907204836e-06,Poisson_E_times_lambda,54.0,750001.0,normal_rate_diagnostic,discovery
SCAN-02R-ebc55d8b20e3cec0,43,43,FILE-02R-79943ebb90eea890,75,42.9982,62.0,750002.0,185.991,750002.0,monitor_raw,monitor_controlled,ACQSTATE-02R-896f06c2a7c231ec,LAT-02R-517a9644e4f59287,UB-02R-c7cdba07fed2dfd7,8.266644622281007e-05,1.0498649168951298e-05,Poisson_E_times_lambda,62.0,750002.0,normal_rate_diagnostic,discovery
SCAN-02R-ebc55d8b20e3cec0,44,44,FILE-02R-79943ebb90eea890,76,43.9969,62.0,750000.0,193.061,750000.0,monitor_raw,monitor_controlled,ACQSTATE-02R-896f06c2a7c231ec,LAT-02R-517a9644e4f59287,UB-02R-c7cdba07fed2dfd7,8.266666666666667e-05,1.0498677165349082e-05,Poisson_E_times_lambda,62.0,750000.0,normal_rate_diagnostic,discovery
SCAN-02R-ebc55d8b20e3cec0,45,45,FILE-02R-79943ebb90eea890,77,44.9986,71.0,750000.0,200.643,750000.0,monitor_raw,monitor_controlled,ACQSTATE-02R-896f06c2a7c231ec,LAT-02R-517a9644e4f59287,UB-02R-c7cdba07fed2dfd7,9.466666666666667e-05,1.1234866364235145e-05,Poisson_E_times_lambda,71.0,750000.0,normal_rate_diagnostic,discovery
SCAN-02R-ebc55d8b20e3cec0,46,46,FILE-02R-79943ebb90eea890,78,45.9984,53.0,750001.0,208.511,750001.0,monitor_raw,monitor_controlled,ACQSTATE-02R-896f06c2a7c231ec,LAT-02R-517a9644e4f59287,UB-02R-c7cdba07fed2dfd7,7.066657244457008e-05,9.706800243307033e-06,Poisson_E_times_lambda,53.0,750001.0,normal_rate_diagnostic,discovery
SCAN-02R-ebc55d8b20e3cec0,47,47,FILE-02R-79943ebb90eea890,79,46.9976,36.0,750003.0,215.199,750003.0,monitor_raw,monitor_controlled,ACQSTATE-02R-896f06c2a7c231ec,LAT-02R-517a9644e4f59287,UB-02R-c7cdba07fed2dfd7,4.7999808000768e-05,7.999968000127999e-06,Poisson_E_times_lambda,36.0,750003.0,normal_rate_diagnostic,discovery
SCAN-02R-ebc55d8b20e3cec0,48,48,FILE-02R-79943ebb90eea890,80,47.9978,26.0,750001.0,222.676,750001.0,monitor_raw,monitor_controlled,ACQSTATE-02R-896f06c2a7c231ec,LAT-02R-517a9644e4f59287,UB-02R-c7cdba07fed2dfd7,3.466662044450607e-05,6.798683619878886e-06,Poisson_E_times_lambda,26.0,750001.0,normal_rate_diagnostic,discovery
SCAN-02R-ebc55d8b20e3cec0,49,49,FILE-02R-79943ebb90eea890,81,48.9971,37.0,750005.0,227.654,750005.0,monitor_raw,monitor_controlled,ACQSTATE-02R-896f06c2a7c231ec,LAT-02R-517a9644e4f59287,UB-02R-c7cdba07fed2dfd7,4.9333004446637025e-05,8.110295971757814e-06,Poisson_E_times_lambda,37.0,750005.0,normal_rate_diagnostic,discovery
SCAN-02R-ebc55d8b20e3cec0,50,50,FILE-02R-79943ebb90eea890,82,49.9983,21.0,750000.0,231.345,750000.0,monitor_raw,monitor_controlled,ACQSTATE-02R-896f06c2a7c231ec,LAT-02R-517a9644e4f59287,UB-02R-c7cdba07fed2dfd7,2.8e-05,6.110100926607786e-06,Poisson_E_times_lambda,21.0,750000.0,normal_rate_diagnostic,discovery
SCAN-02R-ebc55d8b20e3cec0,51,51,FILE-02R-79943ebb90eea890,83,50.9976,21.0,750000.0,234.472,750000.0,monitor_raw,monitor_controlled,ACQSTATE-02R-896f06c2a7c231ec,LAT-02R-517a9644e4f59287,UB-02R-c7cdba07fed2dfd7,2.8e-05,6.110100926607786e-06,Poisson_E_times_lambda,21.0,750000.0,normal_rate_diagnostic,discovery
SCAN-02R-ebc55d8b20e3cec0,52,52,FILE-02R-79943ebb90eea890,84,51.9986,26.0,750000.0,237.343,750000.0,monitor_raw,monitor_controlled,ACQSTATE-02R-896f06c2a7c231ec,LAT-02R-517a9644e4f59287,UB-02R-c7cdba07fed2dfd7,3.4666666666666665e-05,6.798692684790379e-06,Poisson_E_times_lambda,26.0,750000.0,normal_rate_diagnostic,discovery
SCAN-02R-ebc55d8b20e3cec0,53,53,FILE-02R-79943ebb90eea890,85,52.9974,22.0,750001.0,239.398,750001.0,monitor_raw,monitor_controlled,ACQSTATE-02R-896f06c2a7c231ec,LAT-02R-517a9644e4f59287,UB-02R-c7cdba07fed2dfd7,2.933329422227437e-05,6.2538793412587845e-06,Poisson_E_times_lambda,22.0,750001.0,normal_rate_diagnostic,discovery
SCAN-02R-ebc55d8b20e3cec0,54,54,FILE-02R-79943ebb90eea890,86,53.9975,23.0,750002.0,243.092,750002.0,monitor_raw,monitor_controlled,ACQSTATE-02R-896f06c2a7c231ec,LAT-02R-517a9644e4f59287,UB-02R-c7cdba07fed2dfd7,3.066658488910696e-05,6.394424979283681e-06,Poisson_E_times_lambda,23.0,750002.0,normal_rate_diagnostic,discovery
SCAN-02R-ebc55d8b20e3cec0,55,55,FILE-02R-79943ebb90eea890,87,54.9982,24.0,750002.0,246.505,750002.0,monitor_raw,monitor_controlled,ACQSTATE-02R-896f06c2a7c231ec,LAT-02R-517a9644e4f59287,UB-02R-c7cdba07fed2dfd7,3.199991466689422e-05,6.53195522887453e-06,Poisson_E_times_lambda,24.0,750002.0,normal_rate_diagnostic,discovery
SCAN-02R-eea1fadd4abbd144,25,0,FILE-02R-b730d75fdfeddc6e,57,-0.0012,3032.0,950000.0,234.264,950000.0,monitor_raw,monitor_controlled,ACQSTATE-02R-896f06c2a7c231ec,LAT-02R-517a9644e4f59287,UB-02R-c7cdba07fed2dfd7,0.003191578947368421,5.796168378078402e-05,Poisson_E_times_lambda,3032.0,950000.0,normal_rate_diagnostic,discovery
SCAN-02R-eea1fadd4abbd144,24,1,FILE-02R-b730d75fdfeddc6e,56,0.9986,56.0,950000.0,244.818,950000.0,monitor_raw,monitor_controlled,ACQSTATE-02R-896f06c2a7c231ec,LAT-02R-517a9644e4f59287,UB-02R-c7cdba07fed2dfd7,5.8947368421052634e-05,7.877173445839877e-06,Poisson_E_times_lambda,56.0,950000.0,normal_rate_diagnostic,discovery
SCAN-02R-eea1fadd4abbd144,23,2,FILE-02R-b730d75fdfeddc6e,55,1.9987,51.0,950006.0,215.075,950006.0,monitor_raw,monitor_controlled,ACQSTATE-02R-896f06c2a7c231ec,LAT-02R-517a9644e4f59287,UB-02R-c7cdba07fed2dfd7,5.368387147028545e-05,7.51724560533602e-06,Poisson_E_times_lambda,51.0,950006.0,normal_rate_diagnostic,discovery
SCAN-02R-eea1fadd4abbd144,22,3,FILE-02R-b730d75fdfeddc6e,54,2.9987,60.0,950001.0,208.483,950001.0,monitor_raw,monitor_controlled,ACQSTATE-02R-896f06c2a7c231ec,LAT-02R-517a9644e4f59287,UB-02R-c7cdba07fed2dfd7,6.315782825491763e-05,8.153640567130807e-06,Poisson_E_times_lambda,60.0,950001.0,normal_rate_diagnostic,discovery
SCAN-02R-eea1fadd4abbd144,21,4,FILE-02R-b730d75fdfeddc6e,53,3.9987,36.0,950001.0,202.938,950001.0,monitor_raw,monitor_controlled,ACQSTATE-02R-896f06c2a7c231ec,LAT-02R-517a9644e4f59287,UB-02R-c7cdba07fed2dfd7,3.789469695295058e-05,6.315782825491762e-06,Poisson_E_times_lambda,36.0,950001.0,normal_rate_diagnostic,discovery
SCAN-02R-eea1fadd4abbd144,20,5,FILE-02R-b730d75fdfeddc6e,52,4.9985,54.0,950007.0,205.138,950007.0,monitor_raw,monitor_controlled,ACQSTATE-02R-896f06c2a7c231ec,LAT-02R-517a9644e4f59287,UB-02R-c7cdba07fed2dfd7,5.684168642967894e-05,7.735173770666464e-06,Poisson_E_times_lambda,54.0,950007.0,normal_rate_diagnostic,discovery
SCAN-02R-eea1fadd4abbd144,19,6,FILE-02R-b730d75fdfeddc6e,51,5.9984,42.0,950000.0,190.633,950000.0,monitor_raw,monitor_controlled,ACQSTATE-02R-896f06c2a7c231ec,LAT-02R-517a9644e4f59287,UB-02R-c7cdba07fed2dfd7,4.421052631578947e-05,6.821832314113537e-06,Poisson_E_times_lambda,42.0,950000.0,normal_rate_diagnostic,discovery
SCAN-02R-eea1fadd4abbd144,18,7,FILE-02R-b730d75fdfeddc6e,50,6.9986,51.0,950007.0,177.49,950007.0,monitor_raw,monitor_controlled,ACQSTATE-02R-896f06c2a7c231ec,LAT-02R-517a9644e4f59287,UB-02R-c7cdba07fed2dfd7,5.368381496136344e-05,7.517237692504214e-06,Poisson_E_times_lambda,51.0,950007.0,normal_rate_diagnostic,discovery
SCAN-02R-eea1fadd4abbd144,17,8,FILE-02R-b730d75fdfeddc6e,49,7.9985,42.0,950004.0,183.144,950004.0,monitor_raw,monitor_controlled,ACQSTATE-02R-896f06c2a7c231ec,LAT-02R-517a9644e4f59287,UB-02R-c7cdba07fed2dfd7,4.421034016698877e-05,6.821803590729998e-06,Poisson_E_times_lambda,42.0,950004.0,normal_rate_diagnostic,discovery
SCAN-02R-eea1fadd4abbd144,16,9,FILE-02R-b730d75fdfeddc6e,48,8.9982,44.0,950000.0,195.232,950000.0,monitor_raw,monitor_controlled,ACQSTATE-02R-896f06c2a7c231ec,LAT-02R-517a9644e4f59287,UB-02R-c7cdba07fed2dfd7,4.6315789473684214e-05,6.982367979695579e-06,Poisson_E_times_lambda,44.0,950000.0,normal_rate_diagnostic,discovery
SCAN-02R-eea1fadd4abbd144,15,10,FILE-02R-b730d75fdfeddc6e,47,9.9986,31.0,950003.0,188.016,950003.0,monitor_raw,monitor_controlled,ACQSTATE-02R-896f06c2a7c231ec,LAT-02R-517a9644e4f59287,UB-02R-c7cdba07fed2dfd7,3.263147590060242e-05,5.860786084707123e-06,Poisson_E_times_lambda,31.0,950003.0,normal_rate_diagnostic,discovery
SCAN-02R-eea1fadd4abbd144,14,11,FILE-02R-b730d75fdfeddc6e,46,10.9985,37.0,950001.0,176.839,950001.0,monitor_raw,monitor_controlled,ACQSTATE-02R-896f06c2a7c231ec,LAT-02R-517a9644e4f59287,UB-02R-c7cdba07fed2dfd7,3.894732742386587e-05,6.4029011867337186e-06,Poisson_E_times_lambda,37.0,950001.0,normal_rate_diagnostic,discovery
SCAN-02R-eea1fadd4abbd144,13,12,FILE-02R-b730d75fdfeddc6e,45,11.9985,43.0,950006.0,166.191,950006.0,monitor_raw,monitor_controlled,ACQSTATE-02R-896f06c2a7c231ec,LAT-02R-517a9644e4f59287,UB-02R-c7cdba07fed2dfd7,4.526287202396617e-05,6.902523272802488e-06,Poisson_E_times_lambda,43.0,950006.0,normal_rate_diagnostic,discovery
SCAN-02R-eea1fadd4abbd144,12,13,FILE-02R-b730d75fdfeddc6e,44,12.9986,30.0,950006.0,160.569,950006.0,monitor_raw,monitor_controlled,ACQSTATE-02R-896f06c2a7c231ec,LAT-02R-517a9644e4f59287,UB-02R-c7cdba07fed2dfd7,3.157874792369732e-05,5.765464191859484e-06,Poisson_E_times_lambda,30.0,950006.0,normal_rate_diagnostic,discovery
SCAN-02R-eea1fadd4abbd144,11,14,FILE-02R-b730d75fdfeddc6e,43,13.9983,32.0,950006.0,157.904,950006.0,monitor_raw,monitor_controlled,ACQSTATE-02R-896f06c2a7c231ec,LAT-02R-517a9644e4f59287,UB-02R-c7cdba07fed2dfd7,3.368399778527715e-05,5.95454581286053e-06,Poisson_E_times_lambda,32.0,950006.0,normal_rate_diagnostic,discovery
SCAN-02R-eea1fadd4abbd144,10,15,FILE-02R-b730d75fdfeddc6e,42,14.9982,37.0,950005.0,158.094,950005.0,monitor_raw,monitor_controlled,ACQSTATE-02R-896f06c2a7c231ec,LAT-02R-517a9644e4f59287,UB-02R-c7cdba07fed2dfd7,3.8947163435981916e-05,6.402874227291666e-06,Poisson_E_times_lambda,37.0,950005.0,normal_rate_diagnostic,discovery
SCAN-02R-eea1fadd4abbd144,9,16,FILE-02R-b730d75fdfeddc6e,41,15.9981,29.0,950003.0,158.338,950003.0,monitor_raw,monitor_controlled,ACQSTATE-02R-896f06c2a7c231ec,LAT-02R-517a9644e4f59287,UB-02R-c7cdba07fed2dfd7,3.052621939088613e-05,5.6685766330574785e-06,Poisson_E_times_lambda,29.0,950003.0,normal_rate_diagnostic,discovery
SCAN-02R-eea1fadd4abbd144,8,17,FILE-02R-b730d75fdfeddc6e,40,16.9979,40.0,950002.0,158.201,950002.0,monitor_raw,monitor_controlled,ACQSTATE-02R-896f06c2a7c231ec,LAT-02R-517a9644e4f59287,UB-02R-c7cdba07fed2dfd7,4.2105174515422076e-05,6.65741263738051e-06,Poisson_E_times_lambda,40.0,950002.0,normal_rate_diagnostic,discovery
SCAN-02R-eea1fadd4abbd144,7,18,FILE-02R-b730d75fdfeddc6e,39,17.9976,38.0,950004.0,162.018,950004.0,monitor_raw,monitor_controlled,ACQSTATE-02R-896f06c2a7c231ec,LAT-02R-517a9644e4f59287,UB-02R-c7cdba07fed2dfd7,3.999983157965651e-05,6.4888295238430325e-06,Poisson_E_times_lambda,38.0,950004.0,normal_rate_diagnostic,discovery
SCAN-02R-eea1fadd4abbd144,6,19,FILE-02R-b730d75fdfeddc6e,38,18.9982,41.0,950003.0,169.293,950003.0,monitor_raw,monitor_controlled,ACQSTATE-02R-896f06c2a7c231ec,LAT-02R-517a9644e4f59287,UB-02R-c7cdba07fed2dfd7,4.315775844918384e-05,6.740109491688814e-06,Poisson_E_times_lambda,41.0,950003.0,normal_rate_diagnostic,discovery
SCAN-02R-eea1fadd4abbd144,5,20,FILE-02R-b730d75fdfeddc6e,37,19.9984,36.0,950006.0,172.747,950006.0,monitor_raw,monitor_controlled,ACQSTATE-02R-896f06c2a7c231ec,LAT-02R-517a9644e4f59287,UB-02R-c7cdba07fed2dfd7,3.789449750843679e-05,6.315749584739465e-06,Poisson_E_times_lambda,36.0,950006.0,normal_rate_diagnostic,discovery
SCAN-02R-eea1fadd4abbd144,4,21,FILE-02R-b730d75fdfeddc6e,36,20.9984,18.0,950004.0,170.66,950004.0,monitor_raw,monitor_controlled,ACQSTATE-02R-896f06c2a7c231ec,LAT-02R-517a9644e4f59287,UB-02R-c7cdba07fed2dfd7,1.8947288642995187e-05,4.4659187615202515e-06,Poisson_E_times_lambda,18.0,950004.0,normal_rate_diagnostic,discovery
SCAN-02R-eea1fadd4abbd144,3,22,FILE-02R-b730d75fdfeddc6e,35,21.9983,33.0,950005.0,165.301,950005.0,monitor_raw,monitor_controlled,ACQSTATE-02R-896f06c2a7c231ec,LAT-02R-517a9644e4f59287,UB-02R-c7cdba07fed2dfd7,3.473665928074063e-05,6.0468762233230655e-06,Poisson_E_times_lambda,33.0,950005.0,normal_rate_diagnostic,discovery
SCAN-02R-eea1fadd4abbd144,2,23,FILE-02R-b730d75fdfeddc6e,34,22.9983,24.0,950003.0,160.367,950003.0,monitor_raw,monitor_controlled,ACQSTATE-02R-896f06c2a7c231ec,LAT-02R-517a9644e4f59287,UB-02R-c7cdba07fed2dfd7,2.5263078116595422e-05,5.156804226477554e-06,Poisson_E_times_lambda,24.0,950003.0,normal_rate_diagnostic,discovery
SCAN-02R-eea1fadd4abbd144,1,24,FILE-02R-b730d75fdfeddc6e,33,23.9979,27.0,950002.0,155.834,950002.0,monitor_raw,monitor_controlled,ACQSTATE-02R-896f06c2a7c231ec,LAT-02R-517a9644e4f59287,UB-02R-c7cdba07fed2dfd7,2.8420992797909898e-05,5.469622614169899e-06,Poisson_E_times_lambda,27.0,950002.0,normal_rate_diagnostic,discovery
SCAN-02R-eea1fadd4abbd144,0,25,FILE-02R-b730d75fdfeddc6e,32,24.9982,20.0,950000.0,159.233,950000.0,monitor_raw,monitor_controlled,ACQSTATE-02R-896f06c2a7c231ec,LAT-02R-517a9644e4f59287,UB-02R-c7cdba07fed2dfd7,2.105263157894737e-05,4.707511531578505e-06,Poisson_E_times_lambda,20.0,950000.0,normal_rate_diagnostic,discovery
SCAN-02R-ef6a11424f751d3f,30,0,FILE-02R-05fe96ea32344287,62,19.9983,23.0,750004.0,137.783,750004.0,monitor_raw,monitor_controlled,ACQSTATE-02R-896f06c2a7c231ec,LAT-02R-517a9644e4f59287,UB-02R-c7cdba07fed2dfd7,3.0666503111983404e-05,6.394407927574679e-06,Poisson_E_times_lambda,23.0,750004.0,normal_rate_diagnostic,discovery
SCAN-02R-ef6a11424f751d3f,29,1,FILE-02R-05fe96ea32344287,61,20.9982,29.0,750002.0,135.877,750002.0,monitor_raw,monitor_controlled,ACQSTATE-02R-896f06c2a7c231ec,LAT-02R-517a9644e4f59287,UB-02R-c7cdba07fed2dfd7,3.866656355583052e-05,7.180200595644417e-06,Poisson_E_times_lambda,29.0,750002.0,normal_rate_diagnostic,discovery
SCAN-02R-ef6a11424f751d3f,28,2,FILE-02R-05fe96ea32344287,60,21.9983,31.0,750000.0,131.014,750000.0,monitor_raw,monitor_controlled,ACQSTATE-02R-896f06c2a7c231ec,LAT-02R-517a9644e4f59287,UB-02R-c7cdba07fed2dfd7,4.133333333333333e-05,7.423685817106695e-06,Poisson_E_times_lambda,31.0,750000.0,normal_rate_diagnostic,discovery
SCAN-02R-ef6a11424f751d3f,27,3,FILE-02R-05fe96ea32344287,59,22.9982,24.0,750000.0,127.099,750000.0,monitor_raw,monitor_controlled,ACQSTATE-02R-896f06c2a7c231ec,LAT-02R-517a9644e4f59287,UB-02R-c7cdba07fed2dfd7,3.2e-05,6.531972647421808e-06,Poisson_E_times_lambda,24.0,750000.0,normal_rate_diagnostic,discovery
SCAN-02R-ef6a11424f751d3f,26,4,FILE-02R-05fe96ea32344287,58,23.9985,27.0,750004.0,125.076,750004.0,monitor_raw,monitor_controlled,ACQSTATE-02R-896f06c2a7c231ec,LAT-02R-517a9644e4f59287,UB-02R-c7cdba07fed2dfd7,3.5999808001024e-05,6.928166280055349e-06,Poisson_E_times_lambda,27.0,750004.0,normal_rate_diagnostic,discovery
SCAN-02R-ef6a11424f751d3f,25,5,FILE-02R-05fe96ea32344287,57,24.9977,31.0,750000.0,125.65,750000.0,monitor_raw,monitor_controlled,ACQSTATE-02R-896f06c2a7c231ec,LAT-02R-517a9644e4f59287,UB-02R-c7cdba07fed2dfd7,4.133333333333333e-05,7.423685817106695e-06,Poisson_E_times_lambda,31.0,750000.0,normal_rate_diagnostic,discovery
SCAN-02R-ef6a11424f751d3f,24,6,FILE-02R-05fe96ea32344287,56,25.9976,29.0,750001.0,128.852,750001.0,monitor_raw,monitor_controlled,ACQSTATE-02R-896f06c2a7c231ec,LAT-02R-517a9644e4f59287,UB-02R-c7cdba07fed2dfd7,3.866661511117985e-05,7.180210169232446e-06,Poisson_E_times_lambda,29.0,750001.0,normal_rate_diagnostic,discovery
SCAN-02R-ef6a11424f751d3f,23,7,FILE-02R-05fe96ea32344287,55,26.9984,30.0,750006.0,133.845,750006.0,monitor_raw,monitor_controlled,ACQSTATE-02R-896f06c2a7c231ec,LAT-02R-517a9644e4f59287,UB-02R-c7cdba07fed2dfd7,3.999968000255998e-05,7.302909010130134e-06,Poisson_E_times_lambda,30.0,750006.0,normal_rate_diagnostic,discovery
SCAN-02R-ef6a11424f751d3f,22,8,FILE-02R-05fe96ea32344287,54,27.9973,21.0,750001.0,137.365,750001.0,monitor_raw,monitor_controlled,ACQSTATE-02R-896f06c2a7c231ec,LAT-02R-517a9644e4f59287,UB-02R-c7cdba07fed2dfd7,2.7999962666716444e-05,6.110092779817413e-06,Poisson_E_times_lambda,21.0,750001.0,normal_rate_diagnostic,discovery
SCAN-02R-ef6a11424f751d3f,21,9,FILE-02R-05fe96ea32344287,53,28.9984,23.0,750000.0,140.688,750000.0,monitor_raw,monitor_controlled,ACQSTATE-02R-896f06c2a7c231ec,LAT-02R-517a9644e4f59287,UB-02R-c7cdba07fed2dfd7,3.066666666666667e-05,6.394442031083626e-06,Poisson_E_times_lambda,23.0,750000.0,normal_rate_diagnostic,discovery
SCAN-02R-ef6a11424f751d3f,20,10,FILE-02R-05fe96ea32344287,52,29.9988,20.0,750005.0,144.482,750005.0,monitor_raw,monitor_controlled,ACQSTATE-02R-896f06c2a7c231ec,LAT-02R-517a9644e4f59287,UB-02R-c7cdba07fed2dfd7,2.6666488890074066e-05,5.9628081879448535e-06,Poisson_E_times_lambda,20.0,750005.0,normal_rate_diagnostic,discovery
SCAN-02R-ef6a11424f751d3f,19,11,FILE-02R-05fe96ea32344287,51,30.9979,35.0,750010.0,147.19,750010.0,monitor_raw,monitor_controlled,ACQSTATE-02R-896f06c2a7c231ec,LAT-02R-517a9644e4f59287,UB-02R-c7cdba07fed2dfd7,4.666604445274063e-05,7.888001204116767e-06,Poisson_E_times_lambda,35.0,750010.0,normal_rate_diagnostic,discovery
SCAN-02R-ef6a11424f751d3f,18,12,FILE-02R-05fe96ea32344287,50,31.9979,28.0,750003.0,149.669,750003.0,monitor_raw,monitor_controlled,ACQSTATE-02R-896f06c2a7c231ec,LAT-02R-517a9644e4f59287,UB-02R-c7cdba07fed2dfd7,3.7333184000597334e-05,7.055308608271142e-06,Poisson_E_times_lambda,28.0,750003.0,normal_rate_diagnostic,discovery
SCAN-02R-ef6a11424f751d3f,17,13,FILE-02R-05fe96ea32344287,49,32.9971,21.0,750000.0,150.845,750000.0,monitor_raw,monitor_controlled,ACQSTATE-02R-896f06c2a7c231ec,LAT-02R-517a9644e4f59287,UB-02R-c7cdba07fed2dfd7,2.8e-05,6.110100926607786e-06,Poisson_E_times_lambda,21.0,750000.0,normal_rate_diagnostic,discovery
SCAN-02R-ef6a11424f751d3f,16,14,FILE-02R-05fe96ea32344287,48,33.9974,27.0,750000.0,153.415,750000.0,monitor_raw,monitor_controlled,ACQSTATE-02R-896f06c2a7c231ec,LAT-02R-517a9644e4f59287,UB-02R-c7cdba07fed2dfd7,3.6e-05,6.928203230275509e-06,Poisson_E_times_lambda,27.0,750000.0,normal_rate_diagnostic,discovery
SCAN-02R-ef6a11424f751d3f,15,15,FILE-02R-05fe96ea32344287,47,34.996,32.0,750005.0,157.093,750005.0,monitor_raw,monitor_controlled,ACQSTATE-02R-896f06c2a7c231ec,LAT-02R-517a9644e4f59287,UB-02R-c7cdba07fed2dfd7,4.266638222411851e-05,7.542422049842842e-06,Poisson_E_times_lambda,32.0,750005.0,normal_rate_diagnostic,discovery
SCAN-02R-ef6a11424f751d3f,14,16,FILE-02R-05fe96ea32344287,46,35.9961,32.0,750002.0,160.473,750002.0,monitor_raw,monitor_controlled,ACQSTATE-02R-896f06c2a7c231ec,LAT-02R-517a9644e4f59287,UB-02R-c7cdba07fed2dfd7,4.2666552889192296e-05,7.542452219450589e-06,Poisson_E_times_lambda,32.0,750002.0,normal_rate_diagnostic,discovery
SCAN-02R-ef6a11424f751d3f,13,17,FILE-02R-05fe96ea32344287,45,36.9951,26.0,750004.0,165.693,750004.0,monitor_raw,monitor_controlled,ACQSTATE-02R-896f06c2a7c231ec,LAT-02R-517a9644e4f59287,UB-02R-c7cdba07fed2dfd7,3.4666481778763846e-05,6.798656425289444e-06,Poisson_E_times_lambda,26.0,750004.0,normal_rate_diagnostic,discovery
SCAN-02R-ef6a11424f751d3f,12,18,FILE-02R-05fe96ea32344287,44,37.9965,31.0,750003.0,168.865,750003.0,monitor_raw,monitor_controlled,ACQSTATE-02R-896f06c2a7c231ec,LAT-02R-517a9644e4f59287,UB-02R-c7cdba07fed2dfd7,4.133316800066133e-05,7.423656122482205e-06,Poisson_E_times_lambda,31.0,750003.0,normal_rate_diagnostic,discovery
SCAN-02R-ef6a11424f751d3f,11,19,FILE-02R-05fe96ea32344287,43,38.9959,37.0,750005.0,170.342,750005.0,monitor_raw,monitor_controlled,ACQSTATE-02R-896f06c2a7c231ec,LAT-02R-517a9644e4f59287,UB-02R-c7cdba07fed2dfd7,4.9333004446637025e-05,8.110295971757814e-06,Poisson_E_times_lambda,37.0,750005.0,normal_rate_diagnostic,discovery
SCAN-02R-ef6a11424f751d3f,10,20,FILE-02R-05fe96ea32344287,42,39.9951,40.0,750005.0,174.296,750005.0,monitor_raw,monitor_controlled,ACQSTATE-02R-896f06c2a7c231ec,LAT-02R-517a9644e4f59287,UB-02R-c7cdba07fed2dfd7,5.333297778014813e-05,8.43268420922095e-06,Poisson_E_times_lambda,40.0,750005.0,normal_rate_diagnostic,discovery
SCAN-02R-ef6a11424f751d3f,9,21,FILE-02R-05fe96ea32344287,41,40.996,57.0,750002.0,175.981,750002.0,monitor_raw,monitor_controlled,ACQSTATE-02R-896f06c2a7c231ec,LAT-02R-517a9644e4f59287,UB-02R-c7cdba07fed2dfd7,7.599979733387377e-05,1.0066419069910147e-05,Poisson_E_times_lambda,57.0,750002.0,normal_rate_diagnostic,discovery
SCAN-02R-ef6a11424f751d3f,8,22,FILE-02R-05fe96ea32344287,40,41.9951,57.0,750000.0,182.182,750000.0,monitor_raw,monitor_controlled,ACQSTATE-02R-896f06c2a7c231ec,LAT-02R-517a9644e4f59287,UB-02R-c7cdba07fed2dfd7,7.6e-05,1.0066445913694332e-05,Poisson_E_times_lambda,57.0,750000.0,normal_rate_diagnostic,discovery
SCAN-02R-ef6a11424f751d3f,7,23,FILE-02R-05fe96ea32344287,39,42.9957,74.0,750000.0,185.857,750000.0,monitor_raw,monitor_controlled,ACQSTATE-02R-896f06c2a7c231ec,LAT-02R-517a9644e4f59287,UB-02R-c7cdba07fed2dfd7,9.866666666666666e-05,1.1469767022723502e-05,Poisson_E_times_lambda,74.0,750000.0,normal_rate_diagnostic,discovery
SCAN-02R-ef6a11424f751d3f,6,24,FILE-02R-05fe96ea32344287,38,43.998,103.0,750001.0,193.795,750001.0,monitor_raw,monitor_controlled,ACQSTATE-02R-896f06c2a7c231ec,LAT-02R-517a9644e4f59287,UB-02R-c7cdba07fed2dfd7,0.00013733315022246636,1.3531837377673122e-05,Poisson_E_times_lambda,103.0,750001.0,normal_rate_diagnostic,discovery
SCAN-02R-ef6a11424f751d3f,5,25,FILE-02R-05fe96ea32344287,37,44.9959,172.0,750003.0,199.763,750003.0,monitor_raw,monitor_controlled,ACQSTATE-02R-896f06c2a7c231ec,LAT-02R-517a9644e4f59287,UB-02R-c7cdba07fed2dfd7,0.00022933241600366932,1.7486432785740857e-05,Poisson_E_times_lambda,172.0,750003.0,normal_rate_diagnostic,discovery
SCAN-02R-ef6a11424f751d3f,4,26,FILE-02R-05fe96ea32344287,36,45.9981,120.0,750004.0,209.308,750004.0,monitor_raw,monitor_controlled,ACQSTATE-02R-896f06c2a7c231ec,LAT-02R-517a9644e4f59287,UB-02R-c7cdba07fed2dfd7,0.00015999914667121776,1.4605856968900595e-05,Poisson_E_times_lambda,120.0,750004.0,normal_rate_diagnostic,discovery
SCAN-02R-ef6a11424f751d3f,3,27,FILE-02R-05fe96ea32344287,35,46.9974,70.0,750008.0,214.929,750008.0,monitor_raw,monitor_controlled,ACQSTATE-02R-896f06c2a7c231ec,LAT-02R-517a9644e4f59287,UB-02R-c7cdba07fed2dfd7,9.333233778839692e-05,1.1155348030075353e-05,Poisson_E_times_lambda,70.0,750008.0,normal_rate_diagnostic,discovery
SCAN-02R-ef6a11424f751d3f,2,28,FILE-02R-05fe96ea32344287,34,47.9978,60.0,750005.0,223.563,750005.0,monitor_raw,monitor_controlled,ACQSTATE-02R-896f06c2a7c231ec,LAT-02R-517a9644e4f59287,UB-02R-c7cdba07fed2dfd7,7.99994666702222e-05,1.0327886737308197e-05,Poisson_E_times_lambda,60.0,750005.0,normal_rate_diagnostic,discovery
SCAN-02R-ef6a11424f751d3f,1,29,FILE-02R-05fe96ea32344287,33,48.9945,43.0,750003.0,225.675,750003.0,monitor_raw,monitor_controlled,ACQSTATE-02R-896f06c2a7c231ec,LAT-02R-517a9644e4f59287,UB-02R-c7cdba07fed2dfd7,5.733310400091733e-05,8.743216392870429e-06,Poisson_E_times_lambda,43.0,750003.0,normal_rate_diagnostic,discovery
SCAN-02R-ef6a11424f751d3f,0,30,FILE-02R-05fe96ea32344287,32,49.9984,90.0,750001.0,230.779,750001.0,monitor_raw,monitor_controlled,ACQSTATE-02R-896f06c2a7c231ec,LAT-02R-517a9644e4f59287,UB-02R-c7cdba07fed2dfd7,0.00011999984000021334,1.2649093775215151e-05,Poisson_E_times_lambda,90.0,750001.0,normal_rate_diagnostic,discovery
SCAN-02R-f36bb8e354cf21b7,25,0,FILE-02R-cc89eb40bfc37a5e,57,-0.0013,3368.0,1000000.0,264.025,1000000.0,monitor_raw,monitor_controlled,ACQSTATE-02R-896f06c2a7c231ec,LAT-02R-517a9644e4f59287,UB-02R-c7cdba07fed2dfd7,0.003368,5.8034472514187635e-05,Poisson_E_times_lambda,3368.0,1000000.0,normal_rate_diagnostic,discovery
SCAN-02R-f36bb8e354cf21b7,24,1,FILE-02R-cc89eb40bfc37a5e,56,0.9986,62.0,1000003.0,274.397,1000003.0,monitor_raw,monitor_controlled,ACQSTATE-02R-896f06c2a7c231ec,LAT-02R-517a9644e4f59287,UB-02R-c7cdba07fed2dfd7,6.1999814000558e-05,7.873984252059056e-06,Poisson_E_times_lambda,62.0,1000003.0,normal_rate_diagnostic,discovery
SCAN-02R-f36bb8e354cf21b7,23,2,FILE-02R-cc89eb40bfc37a5e,55,1.9987,47.0,1000001.0,239.509,1000001.0,monitor_raw,monitor_controlled,ACQSTATE-02R-896f06c2a7c231ec,LAT-02R-517a9644e4f59287,UB-02R-c7cdba07fed2dfd7,4.6999953000047e-05,6.855647744753299e-06,Poisson_E_times_lambda,47.0,1000001.0,normal_rate_diagnostic,discovery
SCAN-02R-f36bb8e354cf21b7,22,3,FILE-02R-cc89eb40bfc37a5e,54,2.9986,53.0,1000000.0,230.238,1000000.0,monitor_raw,monitor_controlled,ACQSTATE-02R-896f06c2a7c231ec,LAT-02R-517a9644e4f59287,UB-02R-c7cdba07fed2dfd7,5.3e-05,7.280109889280518e-06,Poisson_E_times_lambda,53.0,1000000.0,normal_rate_diagnostic,discovery
SCAN-02R-f36bb8e354cf21b7,21,4,FILE-02R-cc89eb40bfc37a5e,53,3.9987,55.0,1000008.0,222.299,1000008.0,monitor_raw,monitor_controlled,ACQSTATE-02R-896f06c2a7c231ec,LAT-02R-517a9644e4f59287,UB-02R-c7cdba07fed2dfd7,5.499956000351997e-05,7.4161391579823995e-06,Poisson_E_times_lambda,55.0,1000008.0,normal_rate_diagnostic,discovery
SCAN-02R-f36bb8e354cf21b7,20,5,FILE-02R-cc89eb40bfc37a5e,52,4.9985,55.0,1000000.0,224.62,1000000.0,monitor_raw,monitor_controlled,ACQSTATE-02R-896f06c2a7c231ec,LAT-02R-517a9644e4f59287,UB-02R-c7cdba07fed2dfd7,5.5e-05,7.416198487095663e-06,Poisson_E_times_lambda,55.0,1000000.0,normal_rate_diagnostic,discovery
SCAN-02R-f36bb8e354cf21b7,19,6,FILE-02R-cc89eb40bfc37a5e,51,5.9986,44.0,1000007.0,206.792,1000007.0,monitor_raw,monitor_controlled,ACQSTATE-02R-896f06c2a7c231ec,LAT-02R-517a9644e4f59287,UB-02R-c7cdba07fed2dfd7,4.3999692002155987e-05,6.6332031482887614e-06,Poisson_E_times_lambda,44.0,1000007.0,normal_rate_diagnostic,discovery
SCAN-02R-f36bb8e354cf21b7,18,7,FILE-02R-cc89eb40bfc37a5e,50,6.9986,47.0,1000002.0,191.962,1000002.0,monitor_raw,monitor_controlled,ACQSTATE-02R-896f06c2a7c231ec,LAT-02R-517a9644e4f59287,UB-02R-c7cdba07fed2dfd7,4.6999906000188e-05,6.855640889119265e-06,Poisson_E_times_lambda,47.0,1000002.0,normal_rate_diagnostic,discovery
SCAN-02R-f36bb8e354cf21b7,17,8,FILE-02R-cc89eb40bfc37a5e,49,7.9984,58.0,1000000.0,197.28,1000000.0,monitor_raw,monitor_controlled,ACQSTATE-02R-896f06c2a7c231ec,LAT-02R-517a9644e4f59287,UB-02R-c7cdba07fed2dfd7,5.8e-05,7.6157731058639085e-06,Poisson_E_times_lambda,58.0,1000000.0,normal_rate_diagnostic,discovery
SCAN-02R-f36bb8e354cf21b7,16,9,FILE-02R-cc89eb40bfc37a5e,48,8.9985,44.0,1000002.0,210.034,1000002.0,monitor_raw,monitor_controlled,ACQSTATE-02R-896f06c2a7c231ec,LAT-02R-517a9644e4f59287,UB-02R-c7cdba07fed2dfd7,4.3999912000176e-05,6.633236314238171e-06,Poisson_E_times_lambda,44.0,1000002.0,normal_rate_diagnostic,discovery
SCAN-02R-f36bb8e354cf21b7,15,10,FILE-02R-cc89eb40bfc37a5e,47,9.9983,61.0,1000005.0,202.019,1000005.0,monitor_raw,monitor_controlled,ACQSTATE-02R-896f06c2a7c231ec,LAT-02R-517a9644e4f59287,UB-02R-c7cdba07fed2dfd7,6.099969500152499e-05,7.81021062485353e-06,Poisson_E_times_lambda,61.0,1000005.0,normal_rate_diagnostic,discovery
SCAN-02R-f36bb8e354cf21b7,14,11,FILE-02R-cc89eb40bfc37a5e,46,10.9985,37.0,1000003.0,189.744,1000003.0,monitor_raw,monitor_controlled,ACQSTATE-02R-896f06c2a7c231ec,LAT-02R-517a9644e4f59287,UB-02R-c7cdba07fed2dfd7,3.6999889000333e-05,6.082744282065373e-06,Poisson_E_times_lambda,37.0,1000003.0,normal_rate_diagnostic,discovery
SCAN-02R-f36bb8e354cf21b7,13,12,FILE-02R-cc89eb40bfc37a5e,45,11.9985,40.0,1000001.0,177.196,1000001.0,monitor_raw,monitor_controlled,ACQSTATE-02R-896f06c2a7c231ec,LAT-02R-517a9644e4f59287,UB-02R-c7cdba07fed2dfd7,3.999996000004e-05,6.324548995787764e-06,Poisson_E_times_lambda,40.0,1000001.0,normal_rate_diagnostic,discovery
SCAN-02R-f36bb8e354cf21b7,12,13,FILE-02R-cc89eb40bfc37a5e,44,12.9982,49.0,1000002.0,171.14,1000002.0,monitor_raw,monitor_controlled,ACQSTATE-02R-896f06c2a7c231ec,LAT-02R-517a9644e4f59287,UB-02R-c7cdba07fed2dfd7,4.8999902000196e-05,6.999986000028e-06,Poisson_E_times_lambda,49.0,1000002.0,normal_rate_diagnostic,discovery
SCAN-02R-f36bb8e354cf21b7,11,14,FILE-02R-cc89eb40bfc37a5e,43,13.9978,46.0,1000010.0,168.608,1000010.0,monitor_raw,monitor_controlled,ACQSTATE-02R-896f06c2a7c231ec,LAT-02R-517a9644e4f59287,UB-02R-c7cdba07fed2dfd7,4.599954000459995e-05,6.782262160503663e-06,Poisson_E_times_lambda,46.0,1000010.0,normal_rate_diagnostic,discovery
SCAN-02R-f36bb8e354cf21b7,10,15,FILE-02R-cc89eb40bfc37a5e,42,14.9982,35.0,1000004.0,167.686,1000004.0,monitor_raw,monitor_controlled,ACQSTATE-02R-896f06c2a7c231ec,LAT-02R-517a9644e4f59287,UB-02R-c7cdba07fed2dfd7,3.499986000056e-05,5.91605611887514e-06,Poisson_E_times_lambda,35.0,1000004.0,normal_rate_diagnostic,discovery
SCAN-02R-f36bb8e354cf21b7,9,16,FILE-02R-cc89eb40bfc37a5e,41,15.9986,42.0,1000008.0,168.167,1000008.0,monitor_raw,monitor_controlled,ACQSTATE-02R-896f06c2a7c231ec,LAT-02R-517a9644e4f59287,UB-02R-c7cdba07fed2dfd7,4.199966400268798e-05,6.480688852897037e-06,Poisson_E_times_lambda,42.0,1000008.0,normal_rate_diagnostic,discovery
SCAN-02R-f36bb8e354cf21b7,8,17,FILE-02R-cc89eb40bfc37a5e,40,16.9979,42.0,1000002.0,167.799,1000002.0,monitor_raw,monitor_controlled,ACQSTATE-02R-896f06c2a7c231ec,LAT-02R-517a9644e4f59287,UB-02R-c7cdba07fed2dfd7,4.1999916000168e-05,6.480727736952386e-06,Poisson_E_times_lambda,42.0,1000002.0,normal_rate_diagnostic,discovery
SCAN-02R-f36bb8e354cf21b7,7,18,FILE-02R-cc89eb40bfc37a5e,39,17.9981,42.0,1000003.0,171.79,1000003.0,monitor_raw,monitor_controlled,ACQSTATE-02R-896f06c2a7c231ec,LAT-02R-517a9644e4f59287,UB-02R-c7cdba07fed2dfd7,4.1999874000378e-05,6.480721256244092e-06,Poisson_E_times_lambda,42.0,1000003.0,normal_rate_diagnostic,discovery
SCAN-02R-f36bb8e354cf21b7,6,19,FILE-02R-cc89eb40bfc37a5e,38,18.9983,33.0,1000003.0,179.55,1000003.0,monitor_raw,monitor_controlled,ACQSTATE-02R-896f06c2a7c231ec,LAT-02R-517a9644e4f59287,UB-02R-c7cdba07fed2dfd7,3.2999901000297e-05,5.74454541290179e-06,Poisson_E_times_lambda,33.0,1000003.0,normal_rate_diagnostic,discovery
SCAN-02R-f36bb8e354cf21b7,5,20,FILE-02R-cc89eb40bfc37a5e,37,19.9984,32.0,1000000.0,182.927,1000000.0,monitor_raw,monitor_controlled,ACQSTATE-02R-896f06c2a7c231ec,LAT-02R-517a9644e4f59287,UB-02R-c7cdba07fed2dfd7,3.2e-05,5.656854249492381e-06,Poisson_E_times_lambda,32.0,1000000.0,normal_rate_diagnostic,discovery
SCAN-02R-f36bb8e354cf21b7,4,21,FILE-02R-cc89eb40bfc37a5e,36,20.9983,35.0,1000002.0,180.408,1000002.0,monitor_raw,monitor_controlled,ACQSTATE-02R-896f06c2a7c231ec,LAT-02R-517a9644e4f59287,UB-02R-c7cdba07fed2dfd7,3.4999930000139996e-05,5.916067950963714e-06,Poisson_E_times_lambda,35.0,1000002.0,normal_rate_diagnostic,discovery
SCAN-02R-f36bb8e354cf21b7,3,22,FILE-02R-cc89eb40bfc37a5e,35,21.9983,36.0,1000003.0,174.207,1000003.0,monitor_raw,monitor_controlled,ACQSTATE-02R-896f06c2a7c231ec,LAT-02R-517a9644e4f59287,UB-02R-c7cdba07fed2dfd7,3.5999892000324e-05,5.999982000054e-06,Poisson_E_times_lambda,36.0,1000003.0,normal_rate_diagnostic,discovery
SCAN-02R-f36bb8e354cf21b7,2,23,FILE-02R-cc89eb40bfc37a5e,34,22.9983,23.0,1000001.0,168.624,1000001.0,monitor_raw,monitor_controlled,ACQSTATE-02R-896f06c2a7c231ec,LAT-02R-517a9644e4f59287,UB-02R-c7cdba07fed2dfd7,2.2999977000023e-05,4.795826727485992e-06,Poisson_E_times_lambda,23.0,1000001.0,normal_rate_diagnostic,discovery
SCAN-02R-f36bb8e354cf21b7,1,24,FILE-02R-cc89eb40bfc37a5e,33,23.9979,24.0,1000003.0,166.179,1000003.0,monitor_raw,monitor_controlled,ACQSTATE-02R-896f06c2a7c231ec,LAT-02R-517a9644e4f59287,UB-02R-c7cdba07fed2dfd7,2.3999928000216e-05,4.89896478867199e-06,Poisson_E_times_lambda,24.0,1000003.0,normal_rate_diagnostic,discovery
SCAN-02R-f36bb8e354cf21b7,0,25,FILE-02R-cc89eb40bfc37a5e,32,24.9983,28.0,1000005.0,166.959,1000005.0,monitor_raw,monitor_controlled,ACQSTATE-02R-896f06c2a7c231ec,LAT-02R-517a9644e4f59287,UB-02R-c7cdba07fed2dfd7,2.7999860000699998e-05,5.2914761647483574e-06,Poisson_E_times_lambda,28.0,1000005.0,normal_rate_diagnostic,discovery
SCAN-02R-f380a5a0600b447a,25,0,FILE-02R-d967318e4569c881,57,-0.0013,3428.0,1000002.0,264.232,1000002.0,monitor_raw,monitor_controlled,ACQSTATE-02R-896f06c2a7c231ec,LAT-02R-517a9644e4f59287,UB-02R-c7cdba07fed2dfd7,0.003427993144013712,5.8549007575202636e-05,Poisson_E_times_lambda,3428.0,1000002.0,normal_rate_diagnostic,discovery
SCAN-02R-f380a5a0600b447a,24,1,FILE-02R-d967318e4569c881,56,0.9988,66.0,1000003.0,274.589,1000003.0,monitor_raw,monitor_controlled,ACQSTATE-02R-896f06c2a7c231ec,LAT-02R-517a9644e4f59287,UB-02R-c7cdba07fed2dfd7,6.5999802000594e-05,8.124014032593864e-06,Poisson_E_times_lambda,66.0,1000003.0,normal_rate_diagnostic,discovery
SCAN-02R-f380a5a0600b447a,23,2,FILE-02R-d967318e4569c881,55,1.9987,52.0,1000007.0,239.506,1000007.0,monitor_raw,monitor_controlled,ACQSTATE-02R-896f06c2a7c231ec,LAT-02R-517a9644e4f59287,UB-02R-c7cdba07fed2dfd7,5.1999636002547985e-05,7.211052073563464e-06,Poisson_E_times_lambda,52.0,1000007.0,normal_rate_diagnostic,discovery
SCAN-02R-f380a5a0600b447a,22,3,FILE-02R-d967318e4569c881,54,2.9987,51.0,1000005.0,229.845,1000005.0,monitor_raw,monitor_controlled,ACQSTATE-02R-896f06c2a7c231ec,LAT-02R-517a9644e4f59287,UB-02R-c7cdba07fed2dfd7,5.0999745001275e-05,7.141392721579243e-06,Poisson_E_times_lambda,51.0,1000005.0,normal_rate_diagnostic,discovery
SCAN-02R-f380a5a0600b447a,21,4,FILE-02R-d967318e4569c881,53,3.9987,51.0,1000006.0,221.83,1000006.0,monitor_raw,monitor_controlled,ACQSTATE-02R-896f06c2a7c231ec,LAT-02R-517a9644e4f59287,UB-02R-c7cdba07fed2dfd7,5.099969400183599e-05,7.1413855802293695e-06,Poisson_E_times_lambda,51.0,1000006.0,normal_rate_diagnostic,discovery
SCAN-02R-f380a5a0600b447a,20,5,FILE-02R-d967318e4569c881,52,4.9987,54.0,1000003.0,224.202,1000003.0,monitor_raw,monitor_controlled,ACQSTATE-02R-896f06c2a7c231ec,LAT-02R-517a9644e4f59287,UB-02R-c7cdba07fed2dfd7,5.3999838000485995e-05,7.348447183007985e-06,Poisson_E_times_lambda,54.0,1000003.0,normal_rate_diagnostic,discovery
SCAN-02R-f380a5a0600b447a,19,6,FILE-02R-d967318e4569c881,51,5.9989,48.0,1000001.0,207.225,1000001.0,monitor_raw,monitor_controlled,ACQSTATE-02R-896f06c2a7c231ec,LAT-02R-517a9644e4f59287,UB-02R-c7cdba07fed2dfd7,4.7999952000048e-05,6.928196302079206e-06,Poisson_E_times_lambda,48.0,1000001.0,normal_rate_diagnostic,discovery
SCAN-02R-f380a5a0600b447a,18,7,FILE-02R-d967318e4569c881,50,6.9986,44.0,1000001.0,191.533,1000001.0,monitor_raw,monitor_controlled,ACQSTATE-02R-896f06c2a7c231ec,LAT-02R-517a9644e4f59287,UB-02R-c7cdba07fed2dfd7,4.3999956000044e-05,6.633242947467852e-06,Poisson_E_times_lambda,44.0,1000001.0,normal_rate_diagnostic,discovery
SCAN-02R-f380a5a0600b447a,17,8,FILE-02R-d967318e4569c881,49,7.9987,43.0,1000000.0,197.754,1000000.0,monitor_raw,monitor_controlled,ACQSTATE-02R-896f06c2a7c231ec,LAT-02R-517a9644e4f59287,UB-02R-c7cdba07fed2dfd7,4.3e-05,6.557438524302e-06,Poisson_E_times_lambda,43.0,1000000.0,normal_rate_diagnostic,discovery
SCAN-02R-f380a5a0600b447a,16,9,FILE-02R-d967318e4569c881,48,8.9985,49.0,1000003.0,209.771,1000003.0,monitor_raw,monitor_controlled,ACQSTATE-02R-896f06c2a7c231ec,LAT-02R-517a9644e4f59287,UB-02R-c7cdba07fed2dfd7,4.8999853000440995e-05,6.999979000063e-06,Poisson_E_times_lambda,49.0,1000003.0,normal_rate_diagnostic,discovery
SCAN-02R-f380a5a0600b447a,15,10,FILE-02R-d967318e4569c881,47,9.9986,55.0,1000002.0,201.118,1000002.0,monitor_raw,monitor_controlled,ACQSTATE-02R-896f06c2a7c231ec,LAT-02R-517a9644e4f59287,UB-02R-c7cdba07fed2dfd7,5.499989000022e-05,7.416183654728354e-06,Poisson_E_times_lambda,55.0,1000002.0,normal_rate_diagnostic,discovery
SCAN-02R-f380a5a0600b447a,14,11,FILE-02R-d967318e4569c881,46,10.9985,47.0,1000004.0,188.309,1000004.0,monitor_raw,monitor_controlled,ACQSTATE-02R-896f06c2a7c231ec,LAT-02R-517a9644e4f59287,UB-02R-c7cdba07fed2dfd7,4.6999812000752e-05,6.855627177892332e-06,Poisson_E_times_lambda,47.0,1000004.0,normal_rate_diagnostic,discovery
SCAN-02R-f380a5a0600b447a,13,12,FILE-02R-d967318e4569c881,45,11.9989,35.0,1000007.0,176.827,1000007.0,monitor_raw,monitor_controlled,ACQSTATE-02R-896f06c2a7c231ec,LAT-02R-517a9644e4f59287,UB-02R-c7cdba07fed2dfd7,3.499975500171499e-05,5.9160383708310205e-06,Poisson_E_times_lambda,35.0,1000007.0,normal_rate_diagnostic,discovery
SCAN-02R-f380a5a0600b447a,12,13,FILE-02R-d967318e4569c881,44,12.9982,35.0,1000010.0,170.766,1000010.0,monitor_raw,monitor_controlled,ACQSTATE-02R-896f06c2a7c231ec,LAT-02R-517a9644e4f59287,UB-02R-c7cdba07fed2dfd7,3.499965000349997e-05,5.916020622893387e-06,Poisson_E_times_lambda,35.0,1000010.0,normal_rate_diagnostic,discovery
SCAN-02R-f380a5a0600b447a,11,14,FILE-02R-d967318e4569c881,43,13.9982,35.0,1000006.0,167.835,1000006.0,monitor_raw,monitor_controlled,ACQSTATE-02R-896f06c2a7c231ec,LAT-02R-517a9644e4f59287,UB-02R-c7cdba07fed2dfd7,3.4999790001259995e-05,5.916044286833895e-06,Poisson_E_times_lambda,35.0,1000006.0,normal_rate_diagnostic,discovery
SCAN-02R-f380a5a0600b447a,10,15,FILE-02R-d967318e4569c881,42,14.9986,40.0,1000001.0,167.782,1000001.0,monitor_raw,monitor_controlled,ACQSTATE-02R-896f06c2a7c231ec,LAT-02R-517a9644e4f59287,UB-02R-c7cdba07fed2dfd7,3.999996000004e-05,6.324548995787764e-06,Poisson_E_times_lambda,40.0,1000001.0,normal_rate_diagnostic,discovery
SCAN-02R-f380a5a0600b447a,9,16,FILE-02R-d967318e4569c881,41,15.9981,36.0,1000002.0,168.204,1000002.0,monitor_raw,monitor_controlled,ACQSTATE-02R-896f06c2a7c231ec,LAT-02R-517a9644e4f59287,UB-02R-c7cdba07fed2dfd7,3.5999928000144e-05,5.999988000024e-06,Poisson_E_times_lambda,36.0,1000002.0,normal_rate_diagnostic,discovery
SCAN-02R-f380a5a0600b447a,8,17,FILE-02R-d967318e4569c881,40,16.9984,35.0,1000009.0,167.821,1000009.0,monitor_raw,monitor_controlled,ACQSTATE-02R-896f06c2a7c231ec,LAT-02R-517a9644e4f59287,UB-02R-c7cdba07fed2dfd7,3.4999685002834974e-05,5.916026538860766e-06,Poisson_E_times_lambda,35.0,1000009.0,normal_rate_diagnostic,discovery
SCAN-02R-f380a5a0600b447a,7,18,FILE-02R-d967318e4569c881,39,17.9986,50.0,1000006.0,171.962,1000006.0,monitor_raw,monitor_controlled,ACQSTATE-02R-896f06c2a7c231ec,LAT-02R-517a9644e4f59287,UB-02R-c7cdba07fed2dfd7,4.999970000179999e-05,7.071025385713161e-06,Poisson_E_times_lambda,50.0,1000006.0,normal_rate_diagnostic,discovery
SCAN-02R-f380a5a0600b447a,6,19,FILE-02R-d967318e4569c881,38,18.9982,41.0,1000002.0,179.22,1000002.0,monitor_raw,monitor_controlled,ACQSTATE-02R-896f06c2a7c231ec,LAT-02R-517a9644e4f59287,UB-02R-c7cdba07fed2dfd7,4.0999918000164e-05,6.4031114312099865e-06,Poisson_E_times_lambda,41.0,1000002.0,normal_rate_diagnostic,discovery
SCAN-02R-f380a5a0600b447a,5,20,FILE-02R-d967318e4569c881,37,19.9984,44.0,1000005.0,183.214,1000005.0,monitor_raw,monitor_controlled,ACQSTATE-02R-896f06c2a7c231ec,LAT-02R-517a9644e4f59287,UB-02R-c7cdba07fed2dfd7,4.3999780001099995e-05,6.633216414628726e-06,Poisson_E_times_lambda,44.0,1000005.0,normal_rate_diagnostic,discovery
SCAN-02R-f380a5a0600b447a,4,21,FILE-02R-d967318e4569c881,36,20.9983,33.0,1000000.0,180.375,1000000.0,monitor_raw,monitor_controlled,ACQSTATE-02R-896f06c2a7c231ec,LAT-02R-517a9644e4f59287,UB-02R-c7cdba07fed2dfd7,3.3e-05,5.744562646538029e-06,Poisson_E_times_lambda,33.0,1000000.0,normal_rate_diagnostic,discovery
SCAN-02R-f380a5a0600b447a,3,22,FILE-02R-d967318e4569c881,35,21.9983,25.0,1000002.0,174.456,1000002.0,monitor_raw,monitor_controlled,ACQSTATE-02R-896f06c2a7c231ec,LAT-02R-517a9644e4f59287,UB-02R-c7cdba07fed2dfd7,2.49999500001e-05,4.99999000002e-06,Poisson_E_times_lambda,25.0,1000002.0,normal_rate_diagnostic,discovery
SCAN-02R-f380a5a0600b447a,2,23,FILE-02R-d967318e4569c881,34,22.9983,43.0,1000005.0,169.037,1000005.0,monitor_raw,monitor_controlled,ACQSTATE-02R-896f06c2a7c231ec,LAT-02R-517a9644e4f59287,UB-02R-c7cdba07fed2dfd7,4.2999785001074993e-05,6.557405737273314e-06,Poisson_E_times_lambda,43.0,1000005.0,normal_rate_diagnostic,discovery
SCAN-02R-f380a5a0600b447a,1,24,FILE-02R-d967318e4569c881,33,23.9979,11.0,1000006.0,166.375,1000006.0,monitor_raw,monitor_controlled,ACQSTATE-02R-896f06c2a7c231ec,LAT-02R-517a9644e4f59287,UB-02R-c7cdba07fed2dfd7,1.0999934000395997e-05,3.3166048907260554e-06,Poisson_E_times_lambda,11.0,1000006.0,normal_rate_diagnostic,discovery
SCAN-02R-f380a5a0600b447a,0,25,FILE-02R-d967318e4569c881,32,24.9983,30.0,1000004.0,167.244,1000004.0,monitor_raw,monitor_controlled,ACQSTATE-02R-896f06c2a7c231ec,LAT-02R-517a9644e4f59287,UB-02R-c7cdba07fed2dfd7,2.999988000048e-05,5.477203666236997e-06,Poisson_E_times_lambda,30.0,1000004.0,normal_rate_diagnostic,discovery
SCAN-02R-f56f915bc229d6aa,25,0,FILE-02R-d5b9b7d27e8a1098,57,-0.0007,3170.0,1000002.0,263.373,1000002.0,monitor_raw,monitor_controlled,ACQSTATE-02R-896f06c2a7c231ec,LAT-02R-517a9644e4f59287,UB-02R-c7cdba07fed2dfd7,0.0031699936600126798,5.6302640435756115e-05,Poisson_E_times_lambda,3170.0,1000002.0,normal_rate_diagnostic,discovery
SCAN-02R-f56f915bc229d6aa,24,1,FILE-02R-d5b9b7d27e8a1098,56,0.9992,66.0,1000003.0,274.636,1000003.0,monitor_raw,monitor_controlled,ACQSTATE-02R-896f06c2a7c231ec,LAT-02R-517a9644e4f59287,UB-02R-c7cdba07fed2dfd7,6.5999802000594e-05,8.124014032593864e-06,Poisson_E_times_lambda,66.0,1000003.0,normal_rate_diagnostic,discovery
SCAN-02R-f56f915bc229d6aa,23,2,FILE-02R-d5b9b7d27e8a1098,55,1.9994,40.0,1000001.0,240.44,1000001.0,monitor_raw,monitor_controlled,ACQSTATE-02R-896f06c2a7c231ec,LAT-02R-517a9644e4f59287,UB-02R-c7cdba07fed2dfd7,3.999996000004e-05,6.324548995787764e-06,Poisson_E_times_lambda,40.0,1000001.0,normal_rate_diagnostic,discovery
SCAN-02R-f56f915bc229d6aa,22,3,FILE-02R-d5b9b7d27e8a1098,54,2.9992,56.0,1000002.0,230.967,1000002.0,monitor_raw,monitor_controlled,ACQSTATE-02R-896f06c2a7c231ec,LAT-02R-517a9644e4f59287,UB-02R-c7cdba07fed2dfd7,5.5999888000224e-05,7.483299806948269e-06,Poisson_E_times_lambda,56.0,1000002.0,normal_rate_diagnostic,discovery
SCAN-02R-f56f915bc229d6aa,21,4,FILE-02R-d5b9b7d27e8a1098,53,3.999,49.0,1000002.0,221.984,1000002.0,monitor_raw,monitor_controlled,ACQSTATE-02R-896f06c2a7c231ec,LAT-02R-517a9644e4f59287,UB-02R-c7cdba07fed2dfd7,4.8999902000196e-05,6.999986000028e-06,Poisson_E_times_lambda,49.0,1000002.0,normal_rate_diagnostic,discovery
SCAN-02R-f56f915bc229d6aa,20,5,FILE-02R-d5b9b7d27e8a1098,52,4.9989,38.0,1000005.0,224.055,1000005.0,monitor_raw,monitor_controlled,ACQSTATE-02R-896f06c2a7c231ec,LAT-02R-517a9644e4f59287,UB-02R-c7cdba07fed2dfd7,3.7999810000949994e-05,6.1643831810530705e-06,Poisson_E_times_lambda,38.0,1000005.0,normal_rate_diagnostic,discovery
SCAN-02R-f56f915bc229d6aa,19,6,FILE-02R-d5b9b7d27e8a1098,51,5.9988,45.0,1000001.0,207.143,1000001.0,monitor_raw,monitor_controlled,ACQSTATE-02R-896f06c2a7c231ec,LAT-02R-517a9644e4f59287,UB-02R-c7cdba07fed2dfd7,4.4999955000045e-05,6.708197224302145e-06,Poisson_E_times_lambda,45.0,1000001.0,normal_rate_diagnostic,discovery
SCAN-02R-f56f915bc229d6aa,18,7,FILE-02R-d5b9b7d27e8a1098,50,6.9987,53.0,1000006.0,191.355,1000006.0,monitor_raw,monitor_controlled,ACQSTATE-02R-896f06c2a7c231ec,LAT-02R-517a9644e4f59287,UB-02R-c7cdba07fed2dfd7,5.299968200190799e-05,7.280066208883265e-06,Poisson_E_times_lambda,53.0,1000006.0,normal_rate_diagnostic,discovery
SCAN-02R-f56f915bc229d6aa,17,8,FILE-02R-d5b9b7d27e8a1098,49,7.9987,48.0,1000000.0,198.004,1000000.0,monitor_raw,monitor_controlled,ACQSTATE-02R-896f06c2a7c231ec,LAT-02R-517a9644e4f59287,UB-02R-c7cdba07fed2dfd7,4.8e-05,6.9282032302755086e-06,Poisson_E_times_lambda,48.0,1000000.0,normal_rate_diagnostic,discovery
SCAN-02R-f56f915bc229d6aa,16,9,FILE-02R-d5b9b7d27e8a1098,48,8.9986,41.0,1000003.0,210.653,1000003.0,monitor_raw,monitor_controlled,ACQSTATE-02R-896f06c2a7c231ec,LAT-02R-517a9644e4f59287,UB-02R-c7cdba07fed2dfd7,4.0999877000369e-05,6.4031050281177644e-06,Poisson_E_times_lambda,41.0,1000003.0,normal_rate_diagnostic,discovery
SCAN-02R-f56f915bc229d6aa,15,10,FILE-02R-d5b9b7d27e8a1098,47,9.9988,54.0,1000002.0,202.443,1000002.0,monitor_raw,monitor_controlled,ACQSTATE-02R-896f06c2a7c231ec,LAT-02R-517a9644e4f59287,UB-02R-c7cdba07fed2dfd7,5.3999892000216e-05,7.348454531440472e-06,Poisson_E_times_lambda,54.0,1000002.0,normal_rate_diagnostic,discovery
SCAN-02R-f56f915bc229d6aa,14,11,FILE-02R-d5b9b7d27e8a1098,46,10.9987,38.0,1000006.0,190.277,1000006.0,monitor_raw,monitor_controlled,ACQSTATE-02R-896f06c2a7c231ec,LAT-02R-517a9644e4f59287,UB-02R-c7cdba07fed2dfd7,3.799977200136799e-05,6.1643770167068755e-06,Poisson_E_times_lambda,38.0,1000006.0,normal_rate_diagnostic,discovery
SCAN-02R-f56f915bc229d6aa,13,12,FILE-02R-d5b9b7d27e8a1098,45,11.9987,32.0,1000003.0,177.288,1000003.0,monitor_raw,monitor_controlled,ACQSTATE-02R-896f06c2a7c231ec,LAT-02R-517a9644e4f59287,UB-02R-c7cdba07fed2dfd7,3.1999904000288e-05,5.656837278980544e-06,Poisson_E_times_lambda,32.0,1000003.0,normal_rate_diagnostic,discovery
SCAN-02R-f56f915bc229d6aa,12,13,FILE-02R-d5b9b7d27e8a1098,44,12.9987,41.0,1000007.0,171.332,1000007.0,monitor_raw,monitor_controlled,ACQSTATE-02R-896f06c2a7c231ec,LAT-02R-517a9644e4f59287,UB-02R-c7cdba07fed2dfd7,4.099971300200899e-05,6.4030794158769376e-06,Poisson_E_times_lambda,41.0,1000007.0,normal_rate_diagnostic,discovery
SCAN-02R-f56f915bc229d6aa,11,14,FILE-02R-d5b9b7d27e8a1098,43,13.9979,47.0,1000001.0,167.785,1000001.0,monitor_raw,monitor_controlled,ACQSTATE-02R-896f06c2a7c231ec,LAT-02R-517a9644e4f59287,UB-02R-c7cdba07fed2dfd7,4.6999953000047e-05,6.855647744753299e-06,Poisson_E_times_lambda,47.0,1000001.0,normal_rate_diagnostic,discovery
SCAN-02R-f56f915bc229d6aa,10,15,FILE-02R-d5b9b7d27e8a1098,42,14.9983,28.0,1000001.0,168.126,1000001.0,monitor_raw,monitor_controlled,ACQSTATE-02R-896f06c2a7c231ec,LAT-02R-517a9644e4f59287,UB-02R-c7cdba07fed2dfd7,2.7999972000028e-05,5.2914973306318505e-06,Poisson_E_times_lambda,28.0,1000001.0,normal_rate_diagnostic,discovery
SCAN-02R-f56f915bc229d6aa,9,16,FILE-02R-d5b9b7d27e8a1098,41,15.9981,30.0,1000002.0,167.808,1000002.0,monitor_raw,monitor_controlled,ACQSTATE-02R-896f06c2a7c231ec,LAT-02R-517a9644e4f59287,UB-02R-c7cdba07fed2dfd7,2.999994000012e-05,5.47721462062242e-06,Poisson_E_times_lambda,30.0,1000002.0,normal_rate_diagnostic,discovery
SCAN-02R-f56f915bc229d6aa,8,17,FILE-02R-d5b9b7d27e8a1098,40,16.9984,38.0,1000001.0,168.08,1000001.0,monitor_raw,monitor_controlled,ACQSTATE-02R-896f06c2a7c231ec,LAT-02R-517a9644e4f59287,UB-02R-c7cdba07fed2dfd7,3.7999962000038e-05,6.164407838561138e-06,Poisson_E_times_lambda,38.0,1000001.0,normal_rate_diagnostic,discovery
SCAN-02R-f56f915bc229d6aa,7,18,FILE-02R-d5b9b7d27e8a1098,39,17.9982,57.0,1000000.0,171.879,1000000.0,monitor_raw,monitor_controlled,ACQSTATE-02R-896f06c2a7c231ec,LAT-02R-517a9644e4f59287,UB-02R-c7cdba07fed2dfd7,5.7e-05,7.54983443527075e-06,Poisson_E_times_lambda,57.0,1000000.0,normal_rate_diagnostic,discovery
SCAN-02R-f56f915bc229d6aa,6,19,FILE-02R-d5b9b7d27e8a1098,38,18.9983,44.0,1000005.0,180.437,1000005.0,monitor_raw,monitor_controlled,ACQSTATE-02R-896f06c2a7c231ec,LAT-02R-517a9644e4f59287,UB-02R-c7cdba07fed2dfd7,4.3999780001099995e-05,6.633216414628726e-06,Poisson_E_times_lambda,44.0,1000005.0,normal_rate_diagnostic,discovery
SCAN-02R-f56f915bc229d6aa,5,20,FILE-02R-d5b9b7d27e8a1098,37,19.9984,43.0,1000000.0,183.297,1000000.0,monitor_raw,monitor_controlled,ACQSTATE-02R-896f06c2a7c231ec,LAT-02R-517a9644e4f59287,UB-02R-c7cdba07fed2dfd7,4.3e-05,6.557438524302e-06,Poisson_E_times_lambda,43.0,1000000.0,normal_rate_diagnostic,discovery
SCAN-02R-f56f915bc229d6aa,4,21,FILE-02R-d5b9b7d27e8a1098,36,20.9983,19.0,1000003.0,180.479,1000003.0,monitor_raw,monitor_controlled,ACQSTATE-02R-896f06c2a7c231ec,LAT-02R-517a9644e4f59287,UB-02R-c7cdba07fed2dfd7,1.8999943000171e-05,4.3588858668830734e-06,Poisson_E_times_lambda,19.0,1000003.0,normal_rate_diagnostic,discovery
SCAN-02R-f56f915bc229d6aa,3,22,FILE-02R-d5b9b7d27e8a1098,35,21.9982,34.0,1000004.0,173.952,1000004.0,monitor_raw,monitor_controlled,ACQSTATE-02R-896f06c2a7c231ec,LAT-02R-517a9644e4f59287,UB-02R-c7cdba07fed2dfd7,3.3999864000544e-05,5.8309285711310164e-06,Poisson_E_times_lambda,34.0,1000004.0,normal_rate_diagnostic,discovery
SCAN-02R-f56f915bc229d6aa,2,23,FILE-02R-d5b9b7d27e8a1098,34,22.9982,33.0,1000006.0,168.93,1000006.0,monitor_raw,monitor_controlled,ACQSTATE-02R-896f06c2a7c231ec,LAT-02R-517a9644e4f59287,UB-02R-c7cdba07fed2dfd7,3.2999802001187995e-05,5.744528179368953e-06,Poisson_E_times_lambda,33.0,1000006.0,normal_rate_diagnostic,discovery
SCAN-02R-f56f915bc229d6aa,1,24,FILE-02R-d5b9b7d27e8a1098,33,23.9985,37.0,1000002.0,166.391,1000002.0,monitor_raw,monitor_controlled,ACQSTATE-02R-896f06c2a7c231ec,LAT-02R-517a9644e4f59287,UB-02R-c7cdba07fed2dfd7,3.6999926000148e-05,6.0827503647974895e-06,Poisson_E_times_lambda,37.0,1000002.0,normal_rate_diagnostic,discovery
SCAN-02R-f56f915bc229d6aa,0,25,FILE-02R-d5b9b7d27e8a1098,32,24.9983,33.0,1000003.0,166.782,1000003.0,monitor_raw,monitor_controlled,ACQSTATE-02R-896f06c2a7c231ec,LAT-02R-517a9644e4f59287,UB-02R-c7cdba07fed2dfd7,3.2999901000297e-05,5.74454541290179e-06,Poisson_E_times_lambda,33.0,1000003.0,normal_rate_diagnostic,discovery
SCAN-02R-f71173d3ec0c732c,30,0,FILE-02R-4228d41a4d290624,62,19.9983,32.0,750000.0,137.684,750000.0,monitor_raw,monitor_controlled,ACQSTATE-02R-896f06c2a7c231ec,LAT-02R-517a9644e4f59287,UB-02R-c7cdba07fed2dfd7,4.266666666666667e-05,7.5424723326565075e-06,Poisson_E_times_lambda,32.0,750000.0,normal_rate_diagnostic,discovery
SCAN-02R-f71173d3ec0c732c,29,1,FILE-02R-4228d41a4d290624,61,20.9983,32.0,750001.0,135.778,750001.0,monitor_raw,monitor_controlled,ACQSTATE-02R-896f06c2a7c231ec,LAT-02R-517a9644e4f59287,UB-02R-c7cdba07fed2dfd7,4.266660977785363e-05,7.542462276040139e-06,Poisson_E_times_lambda,32.0,750001.0,normal_rate_diagnostic,discovery
SCAN-02R-f71173d3ec0c732c,28,2,FILE-02R-4228d41a4d290624,60,21.9983,23.0,750003.0,131.56,750003.0,monitor_raw,monitor_controlled,ACQSTATE-02R-896f06c2a7c231ec,LAT-02R-517a9644e4f59287,UB-02R-c7cdba07fed2dfd7,3.0666544000490665e-05,6.394416453417812e-06,Poisson_E_times_lambda,23.0,750003.0,normal_rate_diagnostic,discovery
SCAN-02R-f71173d3ec0c732c,27,3,FILE-02R-4228d41a4d290624,59,22.9983,23.0,750004.0,127.109,750004.0,monitor_raw,monitor_controlled,ACQSTATE-02R-896f06c2a7c231ec,LAT-02R-517a9644e4f59287,UB-02R-c7cdba07fed2dfd7,3.0666503111983404e-05,6.394407927574679e-06,Poisson_E_times_lambda,23.0,750004.0,normal_rate_diagnostic,discovery
SCAN-02R-f71173d3ec0c732c,26,4,FILE-02R-4228d41a4d290624,58,23.9985,27.0,750000.0,125.301,750000.0,monitor_raw,monitor_controlled,ACQSTATE-02R-896f06c2a7c231ec,LAT-02R-517a9644e4f59287,UB-02R-c7cdba07fed2dfd7,3.6e-05,6.928203230275509e-06,Poisson_E_times_lambda,27.0,750000.0,normal_rate_diagnostic,discovery
SCAN-02R-f71173d3ec0c732c,25,5,FILE-02R-4228d41a4d290624,57,24.9982,20.0,750011.0,126.209,750011.0,monitor_raw,monitor_controlled,ACQSTATE-02R-896f06c2a7c231ec,LAT-02R-517a9644e4f59287,UB-02R-c7cdba07fed2dfd7,2.6666275561291767e-05,5.9627604861789754e-06,Poisson_E_times_lambda,20.0,750011.0,normal_rate_diagnostic,discovery
SCAN-02R-f71173d3ec0c732c,24,6,FILE-02R-4228d41a4d290624,56,25.9969,25.0,750000.0,129.004,750000.0,monitor_raw,monitor_controlled,ACQSTATE-02R-896f06c2a7c231ec,LAT-02R-517a9644e4f59287,UB-02R-c7cdba07fed2dfd7,3.3333333333333335e-05,6.666666666666667e-06,Poisson_E_times_lambda,25.0,750000.0,normal_rate_diagnostic,discovery
SCAN-02R-f71173d3ec0c732c,23,7,FILE-02R-4228d41a4d290624,55,26.9975,17.0,750000.0,133.497,750000.0,monitor_raw,monitor_controlled,ACQSTATE-02R-896f06c2a7c231ec,LAT-02R-517a9644e4f59287,UB-02R-c7cdba07fed2dfd7,2.2666666666666668e-05,5.497474167490214e-06,Poisson_E_times_lambda,17.0,750000.0,normal_rate_diagnostic,discovery
SCAN-02R-f71173d3ec0c732c,22,8,FILE-02R-4228d41a4d290624,54,27.9972,24.0,750003.0,137.667,750003.0,monitor_raw,monitor_controlled,ACQSTATE-02R-896f06c2a7c231ec,LAT-02R-517a9644e4f59287,UB-02R-c7cdba07fed2dfd7,3.1999872000511996e-05,6.5319465196357295e-06,Poisson_E_times_lambda,24.0,750003.0,normal_rate_diagnostic,discovery
SCAN-02R-f71173d3ec0c732c,21,9,FILE-02R-4228d41a4d290624,53,28.9975,37.0,750008.0,140.735,750008.0,monitor_raw,monitor_controlled,ACQSTATE-02R-896f06c2a7c231ec,LAT-02R-517a9644e4f59287,UB-02R-c7cdba07fed2dfd7,4.933280711672409e-05,8.110263530919963e-06,Poisson_E_times_lambda,37.0,750008.0,normal_rate_diagnostic,discovery
SCAN-02R-f71173d3ec0c732c,20,10,FILE-02R-4228d41a4d290624,52,29.9977,29.0,750004.0,144.589,750004.0,monitor_raw,monitor_controlled,ACQSTATE-02R-896f06c2a7c231ec,LAT-02R-517a9644e4f59287,UB-02R-c7cdba07fed2dfd7,3.866646044554429e-05,7.180181448544946e-06,Poisson_E_times_lambda,29.0,750004.0,normal_rate_diagnostic,discovery
SCAN-02R-f71173d3ec0c732c,19,11,FILE-02R-4228d41a4d290624,51,30.9977,31.0,750001.0,147.144,750001.0,monitor_raw,monitor_controlled,ACQSTATE-02R-896f06c2a7c231ec,LAT-02R-517a9644e4f59287,UB-02R-c7cdba07fed2dfd7,4.1333278222295705e-05,7.423675918872137e-06,Poisson_E_times_lambda,31.0,750001.0,normal_rate_diagnostic,discovery
SCAN-02R-f71173d3ec0c732c,18,12,FILE-02R-4228d41a4d290624,50,31.9978,19.0,750000.0,149.263,750000.0,monitor_raw,monitor_controlled,ACQSTATE-02R-896f06c2a7c231ec,LAT-02R-517a9644e4f59287,UB-02R-c7cdba07fed2dfd7,2.5333333333333334e-05,5.811865258054232e-06,Poisson_E_times_lambda,19.0,750000.0,normal_rate_diagnostic,discovery
SCAN-02R-f71173d3ec0c732c,17,13,FILE-02R-4228d41a4d290624,49,32.9971,30.0,750004.0,151.106,750004.0,monitor_raw,monitor_controlled,ACQSTATE-02R-896f06c2a7c231ec,LAT-02R-517a9644e4f59287,UB-02R-c7cdba07fed2dfd7,3.999978666780444e-05,7.3029284844502975e-06,Poisson_E_times_lambda,30.0,750004.0,normal_rate_diagnostic,discovery
SCAN-02R-f71173d3ec0c732c,16,14,FILE-02R-4228d41a4d290624,48,33.9974,25.0,750000.0,153.581,750000.0,monitor_raw,monitor_controlled,ACQSTATE-02R-896f06c2a7c231ec,LAT-02R-517a9644e4f59287,UB-02R-c7cdba07fed2dfd7,3.3333333333333335e-05,6.666666666666667e-06,Poisson_E_times_lambda,25.0,750000.0,normal_rate_diagnostic,discovery
SCAN-02R-f71173d3ec0c732c,15,15,FILE-02R-4228d41a4d290624,47,34.996,26.0,750003.0,156.401,750003.0,monitor_raw,monitor_controlled,ACQSTATE-02R-896f06c2a7c231ec,LAT-02R-517a9644e4f59287,UB-02R-c7cdba07fed2dfd7,3.4666528000554665e-05,6.7986654901284184e-06,Poisson_E_times_lambda,26.0,750003.0,normal_rate_diagnostic,discovery
SCAN-02R-f71173d3ec0c732c,14,16,FILE-02R-4228d41a4d290624,46,35.9951,38.0,750001.0,161.05,750001.0,monitor_raw,monitor_controlled,ACQSTATE-02R-896f06c2a7c231ec,LAT-02R-517a9644e4f59287,UB-02R-c7cdba07fed2dfd7,5.066659911120119e-05,8.219207711681685e-06,Poisson_E_times_lambda,38.0,750001.0,normal_rate_diagnostic,discovery
SCAN-02R-f71173d3ec0c732c,13,17,FILE-02R-4228d41a4d290624,45,36.996,36.0,750000.0,165.228,750000.0,monitor_raw,monitor_controlled,ACQSTATE-02R-896f06c2a7c231ec,LAT-02R-517a9644e4f59287,UB-02R-c7cdba07fed2dfd7,4.8e-05,8e-06,Poisson_E_times_lambda,36.0,750000.0,normal_rate_diagnostic,discovery
SCAN-02R-f71173d3ec0c732c,12,18,FILE-02R-4228d41a4d290624,44,37.9965,27.0,750000.0,167.281,750000.0,monitor_raw,monitor_controlled,ACQSTATE-02R-896f06c2a7c231ec,LAT-02R-517a9644e4f59287,UB-02R-c7cdba07fed2dfd7,3.6e-05,6.928203230275509e-06,Poisson_E_times_lambda,27.0,750000.0,normal_rate_diagnostic,discovery
SCAN-02R-f71173d3ec0c732c,11,19,FILE-02R-4228d41a4d290624,43,38.9948,33.0,750004.0,171.581,750004.0,monitor_raw,monitor_controlled,ACQSTATE-02R-896f06c2a7c231ec,LAT-02R-517a9644e4f59287,UB-02R-c7cdba07fed2dfd7,4.399976533458488e-05,7.659376012045307e-06,Poisson_E_times_lambda,33.0,750004.0,normal_rate_diagnostic,discovery
SCAN-02R-f71173d3ec0c732c,10,20,FILE-02R-4228d41a4d290624,42,39.9951,28.0,750006.0,174.078,750006.0,monitor_raw,monitor_controlled,ACQSTATE-02R-896f06c2a7c231ec,LAT-02R-517a9644e4f59287,UB-02R-c7cdba07fed2dfd7,3.733303466905598e-05,7.055280387262477e-06,Poisson_E_times_lambda,28.0,750006.0,normal_rate_diagnostic,discovery
SCAN-02R-f71173d3ec0c732c,9,21,FILE-02R-4228d41a4d290624,41,40.9982,227.0,750005.0,176.406,750005.0,monitor_raw,monitor_controlled,ACQSTATE-02R-896f06c2a7c231ec,LAT-02R-517a9644e4f59287,UB-02R-c7cdba07fed2dfd7,0.0003026646489023407,2.0088558307370436e-05,Poisson_E_times_lambda,227.0,750005.0,normal_rate_diagnostic,discovery
SCAN-02R-f71173d3ec0c732c,8,22,FILE-02R-4228d41a4d290624,40,41.9985,101.0,750004.0,182.485,750004.0,monitor_raw,monitor_controlled,ACQSTATE-02R-896f06c2a7c231ec,LAT-02R-517a9644e4f59287,UB-02R-c7cdba07fed2dfd7,0.00013466594844827495,1.3399762696093475e-05,Poisson_E_times_lambda,101.0,750004.0,normal_rate_diagnostic,discovery
SCAN-02R-f71173d3ec0c732c,7,23,FILE-02R-4228d41a4d290624,39,42.9969,112.0,750004.0,185.997,750004.0,monitor_raw,monitor_controlled,ACQSTATE-02R-896f06c2a7c231ec,LAT-02R-517a9644e4f59287,UB-02R-c7cdba07fed2dfd7,0.00014933253689313657,1.4110598402486337e-05,Poisson_E_times_lambda,112.0,750004.0,normal_rate_diagnostic,discovery
SCAN-02R-f71173d3ec0c732c,6,24,FILE-02R-4228d41a4d290624,38,43.9957,131.0,750000.0,194.188,750000.0,monitor_raw,monitor_controlled,ACQSTATE-02R-896f06c2a7c231ec,LAT-02R-517a9644e4f59287,UB-02R-c7cdba07fed2dfd7,0.00017466666666666667,1.5260697523012795e-05,Poisson_E_times_lambda,131.0,750000.0,normal_rate_diagnostic,discovery
SCAN-02R-f71173d3ec0c732c,5,25,FILE-02R-4228d41a4d290624,37,44.996,114.0,750001.0,199.642,750001.0,monitor_raw,monitor_controlled,ACQSTATE-02R-896f06c2a7c231ec,LAT-02R-517a9644e4f59287,UB-02R-c7cdba07fed2dfd7,0.00015199979733360357,1.4236085354594609e-05,Poisson_E_times_lambda,114.0,750001.0,normal_rate_diagnostic,discovery
SCAN-02R-f71173d3ec0c732c,4,26,FILE-02R-4228d41a4d290624,36,45.9969,250.0,750001.0,208.92,750001.0,monitor_raw,monitor_controlled,ACQSTATE-02R-896f06c2a7c231ec,LAT-02R-517a9644e4f59287,UB-02R-c7cdba07fed2dfd7,0.0003333328888894815,2.1081822958691916e-05,Poisson_E_times_lambda,250.0,750001.0,normal_rate_diagnostic,discovery
SCAN-02R-f71173d3ec0c732c,3,27,FILE-02R-4228d41a4d290624,35,46.9973,79.0,750001.0,214.654,750001.0,monitor_raw,monitor_controlled,ACQSTATE-02R-896f06c2a7c231ec,LAT-02R-517a9644e4f59287,UB-02R-c7cdba07fed2dfd7,0.00010533319288907615,1.1850910088540667e-05,Poisson_E_times_lambda,79.0,750001.0,normal_rate_diagnostic,discovery
SCAN-02R-f71173d3ec0c732c,2,28,FILE-02R-4228d41a4d290624,34,47.9978,44.0,750000.0,223.131,750000.0,monitor_raw,monitor_controlled,ACQSTATE-02R-896f06c2a7c231ec,LAT-02R-517a9644e4f59287,UB-02R-c7cdba07fed2dfd7,5.8666666666666665e-05,8.844332774281066e-06,Poisson_E_times_lambda,44.0,750000.0,normal_rate_diagnostic,discovery
SCAN-02R-f71173d3ec0c732c,1,29,FILE-02R-4228d41a4d290624,33,48.993,51.0,750001.0,225.368,750001.0,monitor_raw,monitor_controlled,ACQSTATE-02R-896f06c2a7c231ec,LAT-02R-517a9644e4f59287,UB-02R-c7cdba07fed2dfd7,6.799990933345422e-05,9.521891875534633e-06,Poisson_E_times_lambda,51.0,750001.0,normal_rate_diagnostic,discovery
SCAN-02R-f71173d3ec0c732c,0,30,FILE-02R-4228d41a4d290624,32,49.9982,30.0,750005.0,230.417,750005.0,monitor_raw,monitor_controlled,ACQSTATE-02R-896f06c2a7c231ec,LAT-02R-517a9644e4f59287,UB-02R-c7cdba07fed2dfd7,3.99997333351111e-05,7.302918747277233e-06,Poisson_E_times_lambda,30.0,750005.0,normal_rate_diagnostic,discovery
SCAN-02R-f87c8c3cd06321c2,25,0,FILE-02R-f68cbbca810eefa6,57,-0.0009,3114.0,1000000.0,262.339,1000000.0,monitor_raw,monitor_controlled,ACQSTATE-02R-896f06c2a7c231ec,LAT-02R-517a9644e4f59287,UB-02R-c7cdba07fed2dfd7,0.003114,5.580322571321482e-05,Poisson_E_times_lambda,3114.0,1000000.0,normal_rate_diagnostic,discovery
SCAN-02R-f87c8c3cd06321c2,24,1,FILE-02R-f68cbbca810eefa6,56,0.9991,74.0,1000003.0,274.46,1000003.0,monitor_raw,monitor_controlled,ACQSTATE-02R-896f06c2a7c231ec,LAT-02R-517a9644e4f59287,UB-02R-c7cdba07fed2dfd7,7.3999778000666e-05,8.602299460144246e-06,Poisson_E_times_lambda,74.0,1000003.0,normal_rate_diagnostic,discovery
SCAN-02R-f87c8c3cd06321c2,23,2,FILE-02R-f68cbbca810eefa6,55,1.9991,48.0,1000001.0,238.748,1000001.0,monitor_raw,monitor_controlled,ACQSTATE-02R-896f06c2a7c231ec,LAT-02R-517a9644e4f59287,UB-02R-c7cdba07fed2dfd7,4.7999952000048e-05,6.928196302079206e-06,Poisson_E_times_lambda,48.0,1000001.0,normal_rate_diagnostic,discovery
SCAN-02R-f87c8c3cd06321c2,22,3,FILE-02R-f68cbbca810eefa6,54,2.999,58.0,1000004.0,229.325,1000004.0,monitor_raw,monitor_controlled,ACQSTATE-02R-896f06c2a7c231ec,LAT-02R-517a9644e4f59287,UB-02R-c7cdba07fed2dfd7,5.7999768000927995e-05,7.615742642893337e-06,Poisson_E_times_lambda,58.0,1000004.0,normal_rate_diagnostic,discovery
SCAN-02R-f87c8c3cd06321c2,21,4,FILE-02R-f68cbbca810eefa6,53,3.9987,61.0,1000003.0,220.887,1000003.0,monitor_raw,monitor_controlled,ACQSTATE-02R-896f06c2a7c231ec,LAT-02R-517a9644e4f59287,UB-02R-c7cdba07fed2dfd7,6.0999817000549e-05,7.810226245227918e-06,Poisson_E_times_lambda,61.0,1000003.0,normal_rate_diagnostic,discovery
SCAN-02R-f87c8c3cd06321c2,20,5,FILE-02R-f68cbbca810eefa6,52,4.9986,57.0,1000004.0,224.213,1000004.0,monitor_raw,monitor_controlled,ACQSTATE-02R-896f06c2a7c231ec,LAT-02R-517a9644e4f59287,UB-02R-c7cdba07fed2dfd7,5.6999772000911996e-05,7.549804236053806e-06,Poisson_E_times_lambda,57.0,1000004.0,normal_rate_diagnostic,discovery
SCAN-02R-f87c8c3cd06321c2,19,6,FILE-02R-f68cbbca810eefa6,51,5.9986,51.0,1000000.0,206.533,1000000.0,monitor_raw,monitor_controlled,ACQSTATE-02R-896f06c2a7c231ec,LAT-02R-517a9644e4f59287,UB-02R-c7cdba07fed2dfd7,5.1e-05,7.141428428542851e-06,Poisson_E_times_lambda,51.0,1000000.0,normal_rate_diagnostic,discovery
SCAN-02R-f87c8c3cd06321c2,18,7,FILE-02R-f68cbbca810eefa6,50,6.9986,48.0,1000004.0,191.359,1000004.0,monitor_raw,monitor_controlled,ACQSTATE-02R-896f06c2a7c231ec,LAT-02R-517a9644e4f59287,UB-02R-c7cdba07fed2dfd7,4.7999808000768e-05,6.928175517573439e-06,Poisson_E_times_lambda,48.0,1000004.0,normal_rate_diagnostic,discovery
SCAN-02R-f87c8c3cd06321c2,17,8,FILE-02R-f68cbbca810eefa6,49,7.9989,57.0,1000004.0,197.168,1000004.0,monitor_raw,monitor_controlled,ACQSTATE-02R-896f06c2a7c231ec,LAT-02R-517a9644e4f59287,UB-02R-c7cdba07fed2dfd7,5.6999772000911996e-05,7.549804236053806e-06,Poisson_E_times_lambda,57.0,1000004.0,normal_rate_diagnostic,discovery
SCAN-02R-f87c8c3cd06321c2,16,9,FILE-02R-f68cbbca810eefa6,48,8.9987,41.0,1000000.0,209.72,1000000.0,monitor_raw,monitor_controlled,ACQSTATE-02R-896f06c2a7c231ec,LAT-02R-517a9644e4f59287,UB-02R-c7cdba07fed2dfd7,4.1e-05,6.4031242374328485e-06,Poisson_E_times_lambda,41.0,1000000.0,normal_rate_diagnostic,discovery
SCAN-02R-f87c8c3cd06321c2,15,10,FILE-02R-f68cbbca810eefa6,47,9.9987,51.0,1000008.0,201.8,1000008.0,monitor_raw,monitor_controlled,ACQSTATE-02R-896f06c2a7c231ec,LAT-02R-517a9644e4f59287,UB-02R-c7cdba07fed2dfd7,5.0999592003263974e-05,7.14137129757247e-06,Poisson_E_times_lambda,51.0,1000008.0,normal_rate_diagnostic,discovery
SCAN-02R-f87c8c3cd06321c2,14,11,FILE-02R-f68cbbca810eefa6,46,10.9987,51.0,1000005.0,189.018,1000005.0,monitor_raw,monitor_controlled,ACQSTATE-02R-896f06c2a7c231ec,LAT-02R-517a9644e4f59287,UB-02R-c7cdba07fed2dfd7,5.0999745001275e-05,7.141392721579243e-06,Poisson_E_times_lambda,51.0,1000005.0,normal_rate_diagnostic,discovery
SCAN-02R-f87c8c3cd06321c2,13,12,FILE-02R-f68cbbca810eefa6,45,11.9983,39.0,1000001.0,177.213,1000001.0,monitor_raw,monitor_controlled,ACQSTATE-02R-896f06c2a7c231ec,LAT-02R-517a9644e4f59287,UB-02R-c7cdba07fed2dfd7,3.8999961000039e-05,6.244991753406645e-06,Poisson_E_times_lambda,39.0,1000001.0,normal_rate_diagnostic,discovery
SCAN-02R-f87c8c3cd06321c2,12,13,FILE-02R-f68cbbca810eefa6,44,12.9984,49.0,1000008.0,170.802,1000008.0,monitor_raw,monitor_controlled,ACQSTATE-02R-896f06c2a7c231ec,LAT-02R-517a9644e4f59287,UB-02R-c7cdba07fed2dfd7,4.899960800313597e-05,6.999944000447997e-06,Poisson_E_times_lambda,49.0,1000008.0,normal_rate_diagnostic,discovery
SCAN-02R-f87c8c3cd06321c2,11,14,FILE-02R-f68cbbca810eefa6,43,13.9988,54.0,1000001.0,167.362,1000001.0,monitor_raw,monitor_controlled,ACQSTATE-02R-896f06c2a7c231ec,LAT-02R-517a9644e4f59287,UB-02R-c7cdba07fed2dfd7,5.3999946000054e-05,7.3484618798876544e-06,Poisson_E_times_lambda,54.0,1000001.0,normal_rate_diagnostic,discovery
SCAN-02R-f87c8c3cd06321c2,10,15,FILE-02R-f68cbbca810eefa6,42,14.9987,37.0,1000001.0,167.638,1000001.0,monitor_raw,monitor_controlled,ACQSTATE-02R-896f06c2a7c231ec,LAT-02R-517a9644e4f59287,UB-02R-c7cdba07fed2dfd7,3.6999963000037e-05,6.082756447541772e-06,Poisson_E_times_lambda,37.0,1000001.0,normal_rate_diagnostic,discovery
SCAN-02R-f87c8c3cd06321c2,9,16,FILE-02R-f68cbbca810eefa6,41,15.9985,46.0,1000002.0,167.61,1000002.0,monitor_raw,monitor_controlled,ACQSTATE-02R-896f06c2a7c231ec,LAT-02R-517a9644e4f59287,UB-02R-c7cdba07fed2dfd7,4.5999908000184e-05,6.782316418492431e-06,Poisson_E_times_lambda,46.0,1000002.0,normal_rate_diagnostic,discovery
SCAN-02R-f87c8c3cd06321c2,8,17,FILE-02R-f68cbbca810eefa6,40,16.9985,46.0,1000005.0,168.605,1000005.0,monitor_raw,monitor_controlled,ACQSTATE-02R-896f06c2a7c231ec,LAT-02R-517a9644e4f59287,UB-02R-c7cdba07fed2dfd7,4.599977000115e-05,6.78229607164491e-06,Poisson_E_times_lambda,46.0,1000005.0,normal_rate_diagnostic,discovery
SCAN-02R-f87c8c3cd06321c2,7,18,FILE-02R-f68cbbca810eefa6,39,17.9986,59.0,1000005.0,171.684,1000005.0,monitor_raw,monitor_controlled,ACQSTATE-02R-896f06c2a7c231ec,LAT-02R-517a9644e4f59287,UB-02R-c7cdba07fed2dfd7,5.899970500147499e-05,7.681107342331897e-06,Poisson_E_times_lambda,59.0,1000005.0,normal_rate_diagnostic,discovery
SCAN-02R-f87c8c3cd06321c2,6,19,FILE-02R-f68cbbca810eefa6,38,18.9982,29.0,1000005.0,179.807,1000005.0,monitor_raw,monitor_controlled,ACQSTATE-02R-896f06c2a7c231ec,LAT-02R-517a9644e4f59287,UB-02R-c7cdba07fed2dfd7,2.8999855000724996e-05,5.385137881445096e-06,Poisson_E_times_lambda,29.0,1000005.0,normal_rate_diagnostic,discovery
SCAN-02R-f87c8c3cd06321c2,5,20,FILE-02R-f68cbbca810eefa6,37,19.9978,37.0,1000004.0,183.042,1000004.0,monitor_raw,monitor_controlled,ACQSTATE-02R-896f06c2a7c231ec,LAT-02R-517a9644e4f59287,UB-02R-c7cdba07fed2dfd7,3.6999852000591995e-05,6.082738199345422e-06,Poisson_E_times_lambda,37.0,1000004.0,normal_rate_diagnostic,discovery
SCAN-02R-f87c8c3cd06321c2,4,21,FILE-02R-f68cbbca810eefa6,36,20.9983,27.0,1000000.0,180.703,1000000.0,monitor_raw,monitor_controlled,ACQSTATE-02R-896f06c2a7c231ec,LAT-02R-517a9644e4f59287,UB-02R-c7cdba07fed2dfd7,2.7e-05,5.196152422706632e-06,Poisson_E_times_lambda,27.0,1000000.0,normal_rate_diagnostic,discovery
SCAN-02R-f87c8c3cd06321c2,3,22,FILE-02R-f68cbbca810eefa6,35,21.9982,29.0,1000006.0,174.298,1000006.0,monitor_raw,monitor_controlled,ACQSTATE-02R-896f06c2a7c231ec,LAT-02R-517a9644e4f59287,UB-02R-c7cdba07fed2dfd7,2.8999826001043993e-05,5.385132496339526e-06,Poisson_E_times_lambda,29.0,1000006.0,normal_rate_diagnostic,discovery
SCAN-02R-f87c8c3cd06321c2,2,23,FILE-02R-f68cbbca810eefa6,34,22.9983,22.0,1000001.0,169.448,1000001.0,monitor_raw,monitor_controlled,ACQSTATE-02R-896f06c2a7c231ec,LAT-02R-517a9644e4f59287,UB-02R-c7cdba07fed2dfd7,2.1999978000022e-05,4.6904110694123605e-06,Poisson_E_times_lambda,22.0,1000001.0,normal_rate_diagnostic,discovery
SCAN-02R-f87c8c3cd06321c2,1,24,FILE-02R-f68cbbca810eefa6,33,23.9985,32.0,1000002.0,166.533,1000002.0,monitor_raw,monitor_controlled,ACQSTATE-02R-896f06c2a7c231ec,LAT-02R-517a9644e4f59287,UB-02R-c7cdba07fed2dfd7,3.1999936000128e-05,5.6568429358065086e-06,Poisson_E_times_lambda,32.0,1000002.0,normal_rate_diagnostic,discovery
SCAN-02R-f87c8c3cd06321c2,0,25,FILE-02R-f68cbbca810eefa6,32,24.9982,35.0,1000007.0,167.456,1000007.0,monitor_raw,monitor_controlled,ACQSTATE-02R-896f06c2a7c231ec,LAT-02R-517a9644e4f59287,UB-02R-c7cdba07fed2dfd7,3.499975500171499e-05,5.9160383708310205e-06,Poisson_E_times_lambda,35.0,1000007.0,normal_rate_diagnostic,discovery
SCAN-02R-fb62d31e5c3c1dbf,0,0,FILE-02R-b8d95c80bf59904b,32,-0.0009,5043.0,750003.0,195.339,750003.0,monitor_raw,monitor_controlled,ACQSTATE-02R-896f06c2a7c231ec,LAT-02R-517a9644e4f59287,UB-02R-c7cdba07fed2dfd7,0.006723973104107584,9.468506540683699e-05,Poisson_E_times_lambda,5043.0,750003.0,normal_rate_diagnostic,discovery
SCAN-02R-fb62d31e5c3c1dbf,1,1,FILE-02R-b8d95c80bf59904b,33,0.9985,94.0,750001.0,205.342,750001.0,monitor_raw,monitor_controlled,ACQSTATE-02R-896f06c2a7c231ec,LAT-02R-517a9644e4f59287,UB-02R-c7cdba07fed2dfd7,0.00012533316622244503,1.2927129050271478e-05,Poisson_E_times_lambda,94.0,750001.0,normal_rate_diagnostic,discovery
SCAN-02R-fb62d31e5c3c1dbf,2,2,FILE-02R-b8d95c80bf59904b,34,1.9987,55.0,750003.0,179.909,750003.0,monitor_raw,monitor_controlled,ACQSTATE-02R-896f06c2a7c231ec,LAT-02R-517a9644e4f59287,UB-02R-c7cdba07fed2dfd7,7.333304000117332e-05,9.888225096560497e-06,Poisson_E_times_lambda,55.0,750003.0,normal_rate_diagnostic,discovery
SCAN-02R-fb62d31e5c3c1dbf,3,3,FILE-02R-b8d95c80bf59904b,35,2.9986,49.0,750000.0,173.99,750000.0,monitor_raw,monitor_controlled,ACQSTATE-02R-896f06c2a7c231ec,LAT-02R-517a9644e4f59287,UB-02R-c7cdba07fed2dfd7,6.533333333333333e-05,9.333333333333333e-06,Poisson_E_times_lambda,49.0,750000.0,normal_rate_diagnostic,discovery
SCAN-02R-fb62d31e5c3c1dbf,4,4,FILE-02R-b8d95c80bf59904b,36,3.9985,48.0,750005.0,167.165,750005.0,monitor_raw,monitor_controlled,ACQSTATE-02R-896f06c2a7c231ec,LAT-02R-517a9644e4f59287,UB-02R-c7cdba07fed2dfd7,6.399957333617776e-05,9.237542723415855e-06,Poisson_E_times_lambda,48.0,750005.0,normal_rate_diagnostic,discovery
SCAN-02R-fb62d31e5c3c1dbf,5,5,FILE-02R-b8d95c80bf59904b,37,4.9985,59.0,750000.0,169.818,750000.0,monitor_raw,monitor_controlled,ACQSTATE-02R-896f06c2a7c231ec,LAT-02R-517a9644e4f59287,UB-02R-c7cdba07fed2dfd7,7.866666666666666e-05,1.024152766382481e-05,Poisson_E_times_lambda,59.0,750000.0,normal_rate_diagnostic,discovery
SCAN-02R-fb62d31e5c3c1dbf,6,6,FILE-02R-b8d95c80bf59904b,38,5.9985,39.0,750000.0,156.064,750000.0,monitor_raw,monitor_controlled,ACQSTATE-02R-896f06c2a7c231ec,LAT-02R-517a9644e4f59287,UB-02R-c7cdba07fed2dfd7,5.2e-05,8.326663997864531e-06,Poisson_E_times_lambda,39.0,750000.0,normal_rate_diagnostic,discovery
SCAN-02R-fb62d31e5c3c1dbf,7,7,FILE-02R-b8d95c80bf59904b,39,6.9987,43.0,750001.0,144.313,750001.0,monitor_raw,monitor_controlled,ACQSTATE-02R-896f06c2a7c231ec,LAT-02R-517a9644e4f59287,UB-02R-c7cdba07fed2dfd7,5.7333256888990814e-05,8.743239708083057e-06,Poisson_E_times_lambda,43.0,750001.0,normal_rate_diagnostic,discovery
SCAN-02R-fb62d31e5c3c1dbf,8,8,FILE-02R-b8d95c80bf59904b,40,7.9988,50.0,750006.0,149.235,750006.0,monitor_raw,monitor_controlled,ACQSTATE-02R-896f06c2a7c231ec,LAT-02R-517a9644e4f59287,UB-02R-c7cdba07fed2dfd7,6.666613333759997e-05,9.4280149917007e-06,Poisson_E_times_lambda,50.0,750006.0,normal_rate_diagnostic,discovery
SCAN-02R-fb62d31e5c3c1dbf,9,9,FILE-02R-b8d95c80bf59904b,41,8.9986,52.0,750001.0,157.92,750001.0,monitor_raw,monitor_controlled,ACQSTATE-02R-896f06c2a7c231ec,LAT-02R-517a9644e4f59287,UB-02R-c7cdba07fed2dfd7,6.933324088901214e-05,9.614790581516529e-06,Poisson_E_times_lambda,52.0,750001.0,normal_rate_diagnostic,discovery
SCAN-02R-fb62d31e5c3c1dbf,10,10,FILE-02R-b8d95c80bf59904b,42,9.9983,46.0,750008.0,152.386,750008.0,monitor_raw,monitor_controlled,ACQSTATE-02R-896f06c2a7c231ec,LAT-02R-517a9644e4f59287,UB-02R-c7cdba07fed2dfd7,6.13326791180894e-05,9.043010185391713e-06,Poisson_E_times_lambda,46.0,750008.0,normal_rate_diagnostic,discovery
SCAN-02R-fb62d31e5c3c1dbf,11,11,FILE-02R-b8d95c80bf59904b,43,10.9985,59.0,750002.0,142.274,750002.0,monitor_raw,monitor_controlled,ACQSTATE-02R-896f06c2a7c231ec,LAT-02R-517a9644e4f59287,UB-02R-c7cdba07fed2dfd7,7.86664568894483e-05,1.0241500353157203e-05,Poisson_E_times_lambda,59.0,750002.0,normal_rate_diagnostic,discovery
SCAN-02R-fb62d31e5c3c1dbf,12,12,FILE-02R-b8d95c80bf59904b,44,11.9981,44.0,750000.0,133.957,750000.0,monitor_raw,monitor_controlled,ACQSTATE-02R-896f06c2a7c231ec,LAT-02R-517a9644e4f59287,UB-02R-c7cdba07fed2dfd7,5.8666666666666665e-05,8.844332774281066e-06,Poisson_E_times_lambda,44.0,750000.0,normal_rate_diagnostic,discovery
SCAN-02R-fb62d31e5c3c1dbf,13,13,FILE-02R-b8d95c80bf59904b,45,12.9986,39.0,750001.0,129.267,750001.0,monitor_raw,monitor_controlled,ACQSTATE-02R-896f06c2a7c231ec,LAT-02R-517a9644e4f59287,UB-02R-c7cdba07fed2dfd7,5.1999930666759114e-05,8.32665289566067e-06,Poisson_E_times_lambda,39.0,750001.0,normal_rate_diagnostic,discovery
SCAN-02R-fb62d31e5c3c1dbf,14,14,FILE-02R-b8d95c80bf59904b,46,13.9984,38.0,750002.0,126.874,750002.0,monitor_raw,monitor_controlled,ACQSTATE-02R-896f06c2a7c231ec,LAT-02R-517a9644e4f59287,UB-02R-c7cdba07fed2dfd7,5.066653155591585e-05,8.219196752767294e-06,Poisson_E_times_lambda,38.0,750002.0,normal_rate_diagnostic,discovery
SCAN-02R-fb62d31e5c3c1dbf,15,15,FILE-02R-b8d95c80bf59904b,47,14.9986,35.0,750000.0,126.814,750000.0,monitor_raw,monitor_controlled,ACQSTATE-02R-896f06c2a7c231ec,LAT-02R-517a9644e4f59287,UB-02R-c7cdba07fed2dfd7,4.6666666666666665e-05,7.888106377466155e-06,Poisson_E_times_lambda,35.0,750000.0,normal_rate_diagnostic,discovery
SCAN-02R-fb62d31e5c3c1dbf,16,16,FILE-02R-b8d95c80bf59904b,48,15.9984,40.0,750005.0,126.989,750005.0,monitor_raw,monitor_controlled,ACQSTATE-02R-896f06c2a7c231ec,LAT-02R-517a9644e4f59287,UB-02R-c7cdba07fed2dfd7,5.333297778014813e-05,8.43268420922095e-06,Poisson_E_times_lambda,40.0,750005.0,normal_rate_diagnostic,discovery
SCAN-02R-fb62d31e5c3c1dbf,17,17,FILE-02R-b8d95c80bf59904b,49,16.9983,40.0,750006.0,126.528,750006.0,monitor_raw,monitor_controlled,ACQSTATE-02R-896f06c2a7c231ec,LAT-02R-517a9644e4f59287,UB-02R-c7cdba07fed2dfd7,5.3332906670079974e-05,8.432672965731953e-06,Poisson_E_times_lambda,40.0,750006.0,normal_rate_diagnostic,discovery
SCAN-02R-fb62d31e5c3c1dbf,18,18,FILE-02R-b8d95c80bf59904b,50,17.9986,39.0,750000.0,129.896,750000.0,monitor_raw,monitor_controlled,ACQSTATE-02R-896f06c2a7c231ec,LAT-02R-517a9644e4f59287,UB-02R-c7cdba07fed2dfd7,5.2e-05,8.326663997864531e-06,Poisson_E_times_lambda,39.0,750000.0,normal_rate_diagnostic,discovery
SCAN-02R-fb62d31e5c3c1dbf,19,19,FILE-02R-b8d95c80bf59904b,51,18.9987,42.0,750006.0,135.427,750006.0,monitor_raw,monitor_controlled,ACQSTATE-02R-896f06c2a7c231ec,LAT-02R-517a9644e4f59287,UB-02R-c7cdba07fed2dfd7,5.599955200358397e-05,8.640918470529384e-06,Poisson_E_times_lambda,42.0,750006.0,normal_rate_diagnostic,discovery
SCAN-02R-fede66c26a275769,25,0,FILE-02R-f937bff285ebc9d0,57,-0.0011,3015.0,950001.0,248.77,950001.0,monitor_raw,monitor_controlled,ACQSTATE-02R-896f06c2a7c231ec,LAT-02R-517a9644e4f59287,UB-02R-c7cdba07fed2dfd7,0.0031736808698096105,5.779890300449092e-05,Poisson_E_times_lambda,3015.0,950001.0,normal_rate_diagnostic,discovery
SCAN-02R-fede66c26a275769,24,1,FILE-02R-f937bff285ebc9d0,56,0.999,68.0,950006.0,259.315,950006.0,monitor_raw,monitor_controlled,ACQSTATE-02R-896f06c2a7c231ec,LAT-02R-517a9644e4f59287,UB-02R-c7cdba07fed2dfd7,7.157849529371393e-05,8.680167547610563e-06,Poisson_E_times_lambda,68.0,950006.0,normal_rate_diagnostic,discovery
SCAN-02R-fede66c26a275769,23,2,FILE-02R-f937bff285ebc9d0,55,1.9991,45.0,950004.0,224.158,950004.0,monitor_raw,monitor_controlled,ACQSTATE-02R-896f06c2a7c231ec,LAT-02R-517a9644e4f59287,UB-02R-c7cdba07fed2dfd7,4.7368221607487966e-05,7.061237565841164e-06,Poisson_E_times_lambda,45.0,950004.0,normal_rate_diagnostic,discovery
SCAN-02R-fede66c26a275769,22,3,FILE-02R-f937bff285ebc9d0,54,2.9988,65.0,950001.0,215.972,950001.0,monitor_raw,monitor_controlled,ACQSTATE-02R-896f06c2a7c231ec,LAT-02R-517a9644e4f59287,UB-02R-c7cdba07fed2dfd7,6.842098060949409e-05,8.486578170231978e-06,Poisson_E_times_lambda,65.0,950001.0,normal_rate_diagnostic,discovery
SCAN-02R-fede66c26a275769,21,4,FILE-02R-f937bff285ebc9d0,53,3.9987,48.0,950000.0,208.804,950000.0,monitor_raw,monitor_controlled,ACQSTATE-02R-896f06c2a7c231ec,LAT-02R-517a9644e4f59287,UB-02R-c7cdba07fed2dfd7,5.052631578947368e-05,7.292845505553167e-06,Poisson_E_times_lambda,48.0,950000.0,normal_rate_diagnostic,discovery
SCAN-02R-fede66c26a275769,20,5,FILE-02R-f937bff285ebc9d0,52,4.9987,41.0,950000.0,211.209,950000.0,monitor_raw,monitor_controlled,ACQSTATE-02R-896f06c2a7c231ec,LAT-02R-517a9644e4f59287,UB-02R-c7cdba07fed2dfd7,4.3157894736842105e-05,6.740130776245104e-06,Poisson_E_times_lambda,41.0,950000.0,normal_rate_diagnostic,discovery
SCAN-02R-fede66c26a275769,19,6,FILE-02R-f937bff285ebc9d0,51,5.9988,56.0,950004.0,195.375,950004.0,monitor_raw,monitor_controlled,ACQSTATE-02R-896f06c2a7c231ec,LAT-02R-517a9644e4f59287,UB-02R-c7cdba07fed2dfd7,5.8947120222651695e-05,7.877140278933439e-06,Poisson_E_times_lambda,56.0,950004.0,normal_rate_diagnostic,discovery
SCAN-02R-fede66c26a275769,18,7,FILE-02R-f937bff285ebc9d0,50,6.9988,44.0,950001.0,180.563,950001.0,monitor_raw,monitor_controlled,ACQSTATE-02R-896f06c2a7c231ec,LAT-02R-517a9644e4f59287,UB-02R-c7cdba07fed2dfd7,4.6315740720272926e-05,6.982360629842284e-06,Poisson_E_times_lambda,44.0,950001.0,normal_rate_diagnostic,discovery
SCAN-02R-fede66c26a275769,17,8,FILE-02R-f937bff285ebc9d0,49,7.9986,46.0,950001.0,186.295,950001.0,monitor_raw,monitor_controlled,ACQSTATE-02R-896f06c2a7c231ec,LAT-02R-517a9644e4f59287,UB-02R-c7cdba07fed2dfd7,4.8421001662103516e-05,7.139287204040067e-06,Poisson_E_times_lambda,46.0,950001.0,normal_rate_diagnostic,discovery
SCAN-02R-fede66c26a275769,16,9,FILE-02R-f937bff285ebc9d0,48,8.9982,44.0,950006.0,198.164,950006.0,monitor_raw,monitor_controlled,ACQSTATE-02R-896f06c2a7c231ec,LAT-02R-517a9644e4f59287,UB-02R-c7cdba07fed2dfd7,4.631549695475607e-05,6.9823238808079105e-06,Poisson_E_times_lambda,44.0,950006.0,normal_rate_diagnostic,discovery
SCAN-02R-fede66c26a275769,15,10,FILE-02R-f937bff285ebc9d0,47,9.9987,41.0,950002.0,190.608,950002.0,monitor_raw,monitor_controlled,ACQSTATE-02R-896f06c2a7c231ec,LAT-02R-517a9644e4f59287,UB-02R-c7cdba07fed2dfd7,4.315780387830762e-05,6.740116586525974e-06,Poisson_E_times_lambda,41.0,950002.0,normal_rate_diagnostic,discovery
SCAN-02R-fede66c26a275769,14,11,FILE-02R-f937bff285ebc9d0,46,10.9988,29.0,950000.0,178.986,950000.0,monitor_raw,monitor_controlled,ACQSTATE-02R-896f06c2a7c231ec,LAT-02R-517a9644e4f59287,UB-02R-c7cdba07fed2dfd7,3.0526315789473684e-05,5.668594533825793e-06,Poisson_E_times_lambda,29.0,950000.0,normal_rate_diagnostic,discovery
SCAN-02R-fede66c26a275769,13,12,FILE-02R-f937bff285ebc9d0,45,11.9987,31.0,950006.0,167.593,950006.0,monitor_raw,monitor_controlled,ACQSTATE-02R-896f06c2a7c231ec,LAT-02R-517a9644e4f59287,UB-02R-c7cdba07fed2dfd7,3.2631372854487234e-05,5.860767577078483e-06,Poisson_E_times_lambda,31.0,950006.0,normal_rate_diagnostic,discovery
SCAN-02R-fede66c26a275769,12,13,FILE-02R-f937bff285ebc9d0,44,12.9988,40.0,950001.0,161.54,950001.0,monitor_raw,monitor_controlled,ACQSTATE-02R-896f06c2a7c231ec,LAT-02R-517a9644e4f59287,UB-02R-c7cdba07fed2dfd7,4.210521883661175e-05,6.657419645175909e-06,Poisson_E_times_lambda,40.0,950001.0,normal_rate_diagnostic,discovery
SCAN-02R-fede66c26a275769,11,14,FILE-02R-f937bff285ebc9d0,43,13.998,43.0,950003.0,158.985,950003.0,monitor_raw,monitor_controlled,ACQSTATE-02R-896f06c2a7c231ec,LAT-02R-517a9644e4f59287,UB-02R-c7cdba07fed2dfd7,4.526301495890013e-05,6.9025450701755685e-06,Poisson_E_times_lambda,43.0,950003.0,normal_rate_diagnostic,discovery
SCAN-02R-fede66c26a275769,10,15,FILE-02R-f937bff285ebc9d0,42,14.9987,42.0,950006.0,158.954,950006.0,monitor_raw,monitor_controlled,ACQSTATE-02R-896f06c2a7c231ec,LAT-02R-517a9644e4f59287,UB-02R-c7cdba07fed2dfd7,4.4210247093176254e-05,6.821789229128932e-06,Poisson_E_times_lambda,42.0,950006.0,normal_rate_diagnostic,discovery
SCAN-02R-fede66c26a275769,9,16,FILE-02R-f937bff285ebc9d0,41,15.9981,32.0,950002.0,159.239,950002.0,monitor_raw,monitor_controlled,ACQSTATE-02R-896f06c2a7c231ec,LAT-02R-517a9644e4f59287,UB-02R-c7cdba07fed2dfd7,3.368413961233766e-05,5.954570884579591e-06,Poisson_E_times_lambda,32.0,950002.0,normal_rate_diagnostic,discovery
SCAN-02R-fede66c26a275769,8,17,FILE-02R-f937bff285ebc9d0,40,16.998,39.0,950002.0,159.033,950002.0,monitor_raw,monitor_controlled,ACQSTATE-02R-896f06c2a7c231ec,LAT-02R-517a9644e4f59287,UB-02R-c7cdba07fed2dfd7,4.105254515253652e-05,6.573668264275652e-06,Poisson_E_times_lambda,39.0,950002.0,normal_rate_diagnostic,discovery
SCAN-02R-fede66c26a275769,7,18,FILE-02R-f937bff285ebc9d0,39,17.9982,43.0,950000.0,162.752,950000.0,monitor_raw,monitor_controlled,ACQSTATE-02R-896f06c2a7c231ec,LAT-02R-517a9644e4f59287,UB-02R-c7cdba07fed2dfd7,4.526315789473684e-05,6.902566867686316e-06,Poisson_E_times_lambda,43.0,950000.0,normal_rate_diagnostic,discovery
SCAN-02R-fede66c26a275769,6,19,FILE-02R-f937bff285ebc9d0,38,18.9978,49.0,950000.0,169.843,950000.0,monitor_raw,monitor_controlled,ACQSTATE-02R-896f06c2a7c231ec,LAT-02R-517a9644e4f59287,UB-02R-c7cdba07fed2dfd7,5.157894736842105e-05,7.368421052631579e-06,Poisson_E_times_lambda,49.0,950000.0,normal_rate_diagnostic,discovery
SCAN-02R-fede66c26a275769,5,20,FILE-02R-f937bff285ebc9d0,37,19.9984,34.0,950007.0,173.099,950007.0,monitor_raw,monitor_controlled,ACQSTATE-02R-896f06c2a7c231ec,LAT-02R-517a9644e4f59287,UB-02R-c7cdba07fed2dfd7,3.57892099742423e-05,6.137798873950719e-06,Poisson_E_times_lambda,34.0,950007.0,normal_rate_diagnostic,discovery
SCAN-02R-fede66c26a275769,4,21,FILE-02R-f937bff285ebc9d0,36,20.9983,36.0,950001.0,171.04,950001.0,monitor_raw,monitor_controlled,ACQSTATE-02R-896f06c2a7c231ec,LAT-02R-517a9644e4f59287,UB-02R-c7cdba07fed2dfd7,3.789469695295058e-05,6.315782825491762e-06,Poisson_E_times_lambda,36.0,950001.0,normal_rate_diagnostic,discovery
SCAN-02R-fede66c26a275769,3,22,FILE-02R-f937bff285ebc9d0,35,21.9983,27.0,950001.0,164.834,950001.0,monitor_raw,monitor_controlled,ACQSTATE-02R-896f06c2a7c231ec,LAT-02R-517a9644e4f59287,UB-02R-c7cdba07fed2dfd7,2.842102271471293e-05,5.469628371661327e-06,Poisson_E_times_lambda,27.0,950001.0,normal_rate_diagnostic,discovery
SCAN-02R-fede66c26a275769,2,23,FILE-02R-f937bff285ebc9d0,34,22.9983,28.0,950002.0,159.96,950002.0,monitor_raw,monitor_controlled,ACQSTATE-02R-896f06c2a7c231ec,LAT-02R-517a9644e4f59287,UB-02R-c7cdba07fed2dfd7,2.947362216079545e-05,5.5699910338390675e-06,Poisson_E_times_lambda,28.0,950002.0,normal_rate_diagnostic,discovery
SCAN-02R-fede66c26a275769,1,24,FILE-02R-f937bff285ebc9d0,33,23.9985,21.0,950004.0,157.576,950004.0,monitor_raw,monitor_controlled,ACQSTATE-02R-896f06c2a7c231ec,LAT-02R-517a9644e4f59287,UB-02R-c7cdba07fed2dfd7,2.2105170083494387e-05,4.82374357892792e-06,Poisson_E_times_lambda,21.0,950004.0,normal_rate_diagnostic,discovery
SCAN-02R-fede66c26a275769,0,25,FILE-02R-f937bff285ebc9d0,32,24.9982,30.0,950001.0,158.392,950001.0,monitor_raw,monitor_controlled,ACQSTATE-02R-896f06c2a7c231ec,LAT-02R-517a9644e4f59287,UB-02R-c7cdba07fed2dfd7,3.1578914127458816e-05,5.765494536375921e-06,Poisson_E_times_lambda,30.0,950001.0,normal_rate_diagnostic,discovery
